customer_id,similar_customer_id,cosine_similarity,common_products,customer_purchase_count,similar_customer_purchase_count
4cba4382020c8e217faee72173ecb0fc,fdc58370af81e72cd02ee17ff0e3164d,1.0,3,3,3
0f8758e5b1c6c6b2156a9dddce128558,94b9a50e7c20bb52bb4e7d4f174fc3b6,1.0,3,3,3
0f8758e5b1c6c6b2156a9dddce128558,98ac019a5eae363963d9b119e5e080ae,1.0,3,3,3
94b9a50e7c20bb52bb4e7d4f174fc3b6,98ac019a5eae363963d9b119e5e080ae,1.0,3,3,3
894fa561f54fa10de0bc4db8b581947e,ff3f73a459eaabfa22e12955b7415112,1.0,3,3,3
aeb60b971e54df6473d586ada758ca72,fb8038205a1b4f9a90cb981e074e9be2,1.0,2,5,5
3d5ff67987bbd3820ca1cf5e7a468131,7101512429309e75acf4faaee55e5af0,1.0,2,6,2
0ddba04798f1c085d0ca93af0e91f6c1,a4669a28dd126c93ca64ddf49a15e496,1.0,2,2,6
200d8b1f16d0cc9600022fdc99987a7f,a4669a28dd126c93ca64ddf49a15e496,1.0,2,2,6
210bec49b9e200df48dd3f31310d606e,a4669a28dd126c93ca64ddf49a15e496,1.0,2,2,6
237dfb57ee5ac9e68310bfd4bd816149,a4669a28dd126c93ca64ddf49a15e496,1.0,2,2,6
2708339a3f5355f56983737d54fbce59,a4669a28dd126c93ca64ddf49a15e496,1.0,2,2,6
2c03431d52e6ae4479a2a2310fb2e481,a4669a28dd126c93ca64ddf49a15e496,1.0,2,2,6
3578707d5fbfaaad05a3862a179bf76d,a4669a28dd126c93ca64ddf49a15e496,1.0,2,2,6
399699e87adec3391203291418de34d1,a4669a28dd126c93ca64ddf49a15e496,1.0,2,2,6
3af5f7534be6d2d2d81562ee1dc98af2,a4669a28dd126c93ca64ddf49a15e496,1.0,2,2,6
3e5dd5efb71f831fffee3735c9e41e87,a4669a28dd126c93ca64ddf49a15e496,1.0,2,2,6
4279e2fb7de9c27f439fdb82e4f1281f,a4669a28dd126c93ca64ddf49a15e496,1.0,2,2,6
4e32c2752aeaa8d8b99da2b145a1c826,a4669a28dd126c93ca64ddf49a15e496,1.0,2,2,6
4f4a4c713a7892d9db23f694fc647d13,a4669a28dd126c93ca64ddf49a15e496,1.0,2,2,6
5261961eeb22ad480eafeb8829cddacf,a4669a28dd126c93ca64ddf49a15e496,1.0,2,2,6
5dda09ed137461608be539348c1dac39,a4669a28dd126c93ca64ddf49a15e496,1.0,2,2,6
65942a39d31e4aa627f0f65e0298ba2f,a4669a28dd126c93ca64ddf49a15e496,1.0,2,2,6
698a9cafcc15cac8cdbaee64adc6efbe,a4669a28dd126c93ca64ddf49a15e496,1.0,2,2,6
6d9cdc2c73e65c443351811fb9039bfa,a4669a28dd126c93ca64ddf49a15e496,1.0,2,2,6
6ff4f4fcdadf8410fcae5bad48d7044d,a4669a28dd126c93ca64ddf49a15e496,1.0,2,2,6
8418b8ecfc9702b5eacddc5e75a4dcca,a4669a28dd126c93ca64ddf49a15e496,1.0,2,2,6
87a305c45891600e0244ee26c0bf1fa9,a4669a28dd126c93ca64ddf49a15e496,1.0,2,2,6
90c312d2299d36c16bbaa3d717b3dfba,a4669a28dd126c93ca64ddf49a15e496,1.0,2,2,6
91da289fa4deba62c108246d150a8f4e,a4669a28dd126c93ca64ddf49a15e496,1.0,2,2,6
97ba9c6276256eca910e8d36e78abfa8,a4669a28dd126c93ca64ddf49a15e496,1.0,2,2,6
a231b02134665d0d59438a0008e6e082,a4669a28dd126c93ca64ddf49a15e496,1.0,2,2,6
a4669a28dd126c93ca64ddf49a15e496,a57efc75b64a030eb02c4ebe7f48e45f,1.0,2,6,2
a4669a28dd126c93ca64ddf49a15e496,a8953e3d7677addada63eee79b91e7ff,1.0,2,6,2
a4669a28dd126c93ca64ddf49a15e496,aab579a39b1b5c223c2e1a4bbf8ff977,1.0,2,6,2
a4669a28dd126c93ca64ddf49a15e496,aebd72416330dcdb02e8d478fd81c9f6,1.0,2,6,2
a4669a28dd126c93ca64ddf49a15e496,b0b219d68cb80e8440a7fccd3dab3851,1.0,2,6,2
a4669a28dd126c93ca64ddf49a15e496,b84dbaedbe3ea55d7cc0894fbea73910,1.0,2,6,2
a4669a28dd126c93ca64ddf49a15e496,bd6c1c99a4f6c28c98927351eb226e80,1.0,2,6,2
a4669a28dd126c93ca64ddf49a15e496,be4eb163762cf164f26f81021c4a5e97,1.0,2,6,2
a4669a28dd126c93ca64ddf49a15e496,bf257f507db19138f5bc4065313c1f87,1.0,2,6,2
a4669a28dd126c93ca64ddf49a15e496,c4ba227e9593faaf28a4ea8e5ec6c93f,1.0,2,6,2
a4669a28dd126c93ca64ddf49a15e496,cf4935767b14a8312de405de5d5bbdb5,1.0,2,6,2
a4669a28dd126c93ca64ddf49a15e496,dfbebe96520c2a101d602c7d003764ba,1.0,2,6,2
a4669a28dd126c93ca64ddf49a15e496,e225b3c270984a8097a136089a11aea9,1.0,2,6,2
a4669a28dd126c93ca64ddf49a15e496,e301216623168d227eb0b0a3aabb1e62,1.0,2,6,2
a4669a28dd126c93ca64ddf49a15e496,e8b4b9cf7e6a2e6e13371f3439a4a1ba,1.0,2,6,2
a4669a28dd126c93ca64ddf49a15e496,ea77749bef0ca28ab93f391cda660f71,1.0,2,6,2
a4669a28dd126c93ca64ddf49a15e496,f64075e7fa628bdc6c3e7c3108d7c624,1.0,2,6,2
5a6b37816cefa8497b74b1ef78dbb202,88a830a14a479075c655c2f9d3ba3934,1.0,2,2,6
88a830a14a479075c655c2f9d3ba3934,9ccfff93c79f3dd996cce15f26480c5b,1.0,2,6,2
88a830a14a479075c655c2f9d3ba3934,a3c776e946f1056964f85942ce783c40,1.0,2,6,2
88a830a14a479075c655c2f9d3ba3934,c7b577de54cb78d5d8f60f78f0476a52,1.0,2,6,2
88a830a14a479075c655c2f9d3ba3934,fe1a0586d9ca0876528af23f3219ce3b,1.0,2,6,2
3729f8f3dacbb68f393d2d6ad2b3dc91,ab6a9070b1a32a6ded0bf6410399ab55,1.0,2,2,6
ab6a9070b1a32a6ded0bf6410399ab55,c7b4749501147c8b69fd551ac98b3a6e,1.0,2,6,2
ab6a9070b1a32a6ded0bf6410399ab55,e03684ee60e4f8113ddbe25a1a33d4a3,1.0,2,6,2
1e51a6a24372a8bedea3519f13f80e91,96b482d81d31251add90a9fe63fbbcec,1.0,2,3,3
1e51a6a24372a8bedea3519f13f80e91,c4a5dbcdc7c33758cf5efff999c6203c,1.0,2,3,3
1e51a6a24372a8bedea3519f13f80e91,ca505f00e361296c5d92e01d245671e6,1.0,2,3,3
70115d0e9a0d564ff0bb0315ccaae0eb,83476105a4e9a12fcddd09081dc6cefe,1.0,2,2,4
83476105a4e9a12fcddd09081dc6cefe,a58c3fb6af3c545575b2d93dd050aec9,1.0,2,4,2
96b482d81d31251add90a9fe63fbbcec,c4a5dbcdc7c33758cf5efff999c6203c,1.0,2,3,3
96b482d81d31251add90a9fe63fbbcec,ca505f00e361296c5d92e01d245671e6,1.0,2,3,3
c4a5dbcdc7c33758cf5efff999c6203c,ca505f00e361296c5d92e01d245671e6,1.0,2,3,3
7a5a23b53277ee5e9d10a9d4b6a3b462,9099c659f8cd764e87a1482d258fcec9,1.0,2,2,4
284e36d78d3a3a395cae7fe335fc8371,65290fc39fc326193c8a5b9c71aee62f,1.0,2,4,2
81db097ffce4bd958cfffeca7c41e301,d792207a143bca423ba1685b30e34557,1.0,2,3,3
5733010674adc0076bd5d41eb3703955,b4da3c8deec3e1c31023d39ba20bb40e,1.0,2,3,3
7228928ea2429a6e7ccd7efd24789266,763537fbd8173d949ea5b3da1d1461b7,1.0,2,3,3
89468b8994a62cb344e62ab6981a6451,af4a0bb895d2c8c821bd955648aca24e,1.0,2,4,2
2de521d3fd097acfbd5bed9c7b9ed0d0,58b9df3491d94885a911b85e507c75d1,1.0,2,2,2
7b0c9f0a6a8fa1274c38050fc3f57c8d,e53454696deadacfdbaffb91e29b1ca9,1.0,2,2,2
2b5c14b7e1a3d88ff7e0c46e15851f5f,46f15c2526277c2f9cfa6b239dfb11b3,1.0,2,2,2
2b5c14b7e1a3d88ff7e0c46e15851f5f,65d7c0904b51f5b432e71a14b25121dc,1.0,2,2,2
2b5c14b7e1a3d88ff7e0c46e15851f5f,6e6fdec52c6dbf58721bf7a4eaf5b679,1.0,2,2,2
2b5c14b7e1a3d88ff7e0c46e15851f5f,7973a6ba9c81ecaeb3d628c33c7c7c48,1.0,2,2,2
2b5c14b7e1a3d88ff7e0c46e15851f5f,7b32049d8495d56c8b27eae575921a60,1.0,2,2,2
2b5c14b7e1a3d88ff7e0c46e15851f5f,b65b4e0ccf23f096b3eb8bce350a400a,1.0,2,2,2
2b5c14b7e1a3d88ff7e0c46e15851f5f,d7c6bdf20c4ec9c9cda815dde58e778a,1.0,2,2,2
2b5c14b7e1a3d88ff7e0c46e15851f5f,df9bd60da4a8f8945d2b862aebd3d418,1.0,2,2,2
2b5c14b7e1a3d88ff7e0c46e15851f5f,e8fee231a8a4901e2b0b5a2324eb1405,1.0,2,2,2
2b5c14b7e1a3d88ff7e0c46e15851f5f,fda3a3eb3370c1295a4fc3f6cd3d7604,1.0,2,2,2
46f15c2526277c2f9cfa6b239dfb11b3,65d7c0904b51f5b432e71a14b25121dc,1.0,2,2,2
46f15c2526277c2f9cfa6b239dfb11b3,6e6fdec52c6dbf58721bf7a4eaf5b679,1.0,2,2,2
46f15c2526277c2f9cfa6b239dfb11b3,7973a6ba9c81ecaeb3d628c33c7c7c48,1.0,2,2,2
46f15c2526277c2f9cfa6b239dfb11b3,7b32049d8495d56c8b27eae575921a60,1.0,2,2,2
46f15c2526277c2f9cfa6b239dfb11b3,b65b4e0ccf23f096b3eb8bce350a400a,1.0,2,2,2
46f15c2526277c2f9cfa6b239dfb11b3,d7c6bdf20c4ec9c9cda815dde58e778a,1.0,2,2,2
46f15c2526277c2f9cfa6b239dfb11b3,df9bd60da4a8f8945d2b862aebd3d418,1.0,2,2,2
46f15c2526277c2f9cfa6b239dfb11b3,e8fee231a8a4901e2b0b5a2324eb1405,1.0,2,2,2
46f15c2526277c2f9cfa6b239dfb11b3,fda3a3eb3370c1295a4fc3f6cd3d7604,1.0,2,2,2
65d7c0904b51f5b432e71a14b25121dc,6e6fdec52c6dbf58721bf7a4eaf5b679,1.0,2,2,2
65d7c0904b51f5b432e71a14b25121dc,7973a6ba9c81ecaeb3d628c33c7c7c48,1.0,2,2,2
65d7c0904b51f5b432e71a14b25121dc,7b32049d8495d56c8b27eae575921a60,1.0,2,2,2
65d7c0904b51f5b432e71a14b25121dc,b65b4e0ccf23f096b3eb8bce350a400a,1.0,2,2,2
65d7c0904b51f5b432e71a14b25121dc,d7c6bdf20c4ec9c9cda815dde58e778a,1.0,2,2,2
65d7c0904b51f5b432e71a14b25121dc,df9bd60da4a8f8945d2b862aebd3d418,1.0,2,2,2
65d7c0904b51f5b432e71a14b25121dc,e8fee231a8a4901e2b0b5a2324eb1405,1.0,2,2,2
65d7c0904b51f5b432e71a14b25121dc,fda3a3eb3370c1295a4fc3f6cd3d7604,1.0,2,2,2
6a64e2cf94a5779760698c1e25a2852a,ae52fa61f27bd494a25bc4c101fa29d0,1.0,2,2,2
6a64e2cf94a5779760698c1e25a2852a,e8569c57efe3adf347b3e92ec04d1f91,1.0,2,2,2
6a64e2cf94a5779760698c1e25a2852a,fa0cf5b25732a933725b83d2f716000a,1.0,2,2,2
6e6fdec52c6dbf58721bf7a4eaf5b679,7973a6ba9c81ecaeb3d628c33c7c7c48,1.0,2,2,2
6e6fdec52c6dbf58721bf7a4eaf5b679,7b32049d8495d56c8b27eae575921a60,1.0,2,2,2
6e6fdec52c6dbf58721bf7a4eaf5b679,b65b4e0ccf23f096b3eb8bce350a400a,1.0,2,2,2
6e6fdec52c6dbf58721bf7a4eaf5b679,d7c6bdf20c4ec9c9cda815dde58e778a,1.0,2,2,2
6e6fdec52c6dbf58721bf7a4eaf5b679,df9bd60da4a8f8945d2b862aebd3d418,1.0,2,2,2
6e6fdec52c6dbf58721bf7a4eaf5b679,e8fee231a8a4901e2b0b5a2324eb1405,1.0,2,2,2
6e6fdec52c6dbf58721bf7a4eaf5b679,fda3a3eb3370c1295a4fc3f6cd3d7604,1.0,2,2,2
7973a6ba9c81ecaeb3d628c33c7c7c48,7b32049d8495d56c8b27eae575921a60,1.0,2,2,2
7973a6ba9c81ecaeb3d628c33c7c7c48,b65b4e0ccf23f096b3eb8bce350a400a,1.0,2,2,2
7973a6ba9c81ecaeb3d628c33c7c7c48,d7c6bdf20c4ec9c9cda815dde58e778a,1.0,2,2,2
7973a6ba9c81ecaeb3d628c33c7c7c48,df9bd60da4a8f8945d2b862aebd3d418,1.0,2,2,2
7973a6ba9c81ecaeb3d628c33c7c7c48,e8fee231a8a4901e2b0b5a2324eb1405,1.0,2,2,2
7973a6ba9c81ecaeb3d628c33c7c7c48,fda3a3eb3370c1295a4fc3f6cd3d7604,1.0,2,2,2
7b32049d8495d56c8b27eae575921a60,b65b4e0ccf23f096b3eb8bce350a400a,1.0,2,2,2
7b32049d8495d56c8b27eae575921a60,d7c6bdf20c4ec9c9cda815dde58e778a,1.0,2,2,2
7b32049d8495d56c8b27eae575921a60,df9bd60da4a8f8945d2b862aebd3d418,1.0,2,2,2
7b32049d8495d56c8b27eae575921a60,e8fee231a8a4901e2b0b5a2324eb1405,1.0,2,2,2
7b32049d8495d56c8b27eae575921a60,fda3a3eb3370c1295a4fc3f6cd3d7604,1.0,2,2,2
ae52fa61f27bd494a25bc4c101fa29d0,e8569c57efe3adf347b3e92ec04d1f91,1.0,2,2,2
ae52fa61f27bd494a25bc4c101fa29d0,fa0cf5b25732a933725b83d2f716000a,1.0,2,2,2
b65b4e0ccf23f096b3eb8bce350a400a,d7c6bdf20c4ec9c9cda815dde58e778a,1.0,2,2,2
b65b4e0ccf23f096b3eb8bce350a400a,df9bd60da4a8f8945d2b862aebd3d418,1.0,2,2,2
b65b4e0ccf23f096b3eb8bce350a400a,e8fee231a8a4901e2b0b5a2324eb1405,1.0,2,2,2
b65b4e0ccf23f096b3eb8bce350a400a,fda3a3eb3370c1295a4fc3f6cd3d7604,1.0,2,2,2
d7c6bdf20c4ec9c9cda815dde58e778a,df9bd60da4a8f8945d2b862aebd3d418,1.0,2,2,2
d7c6bdf20c4ec9c9cda815dde58e778a,e8fee231a8a4901e2b0b5a2324eb1405,1.0,2,2,2
d7c6bdf20c4ec9c9cda815dde58e778a,fda3a3eb3370c1295a4fc3f6cd3d7604,1.0,2,2,2
df9bd60da4a8f8945d2b862aebd3d418,e8fee231a8a4901e2b0b5a2324eb1405,1.0,2,2,2
df9bd60da4a8f8945d2b862aebd3d418,fda3a3eb3370c1295a4fc3f6cd3d7604,1.0,2,2,2
e8569c57efe3adf347b3e92ec04d1f91,fa0cf5b25732a933725b83d2f716000a,1.0,2,2,2
e8fee231a8a4901e2b0b5a2324eb1405,fda3a3eb3370c1295a4fc3f6cd3d7604,1.0,2,2,2
06f289b98b5b10b7d7692548624cb616,1803287d1e7138aec6ea9d3c963ed87d,1.0,2,2,2
06f289b98b5b10b7d7692548624cb616,39ae2ab725be4a0db66896735a49dac7,1.0,2,2,2
06f289b98b5b10b7d7692548624cb616,70755e5b9df5988f592f3dec6279f1be,1.0,2,2,2
06f289b98b5b10b7d7692548624cb616,75bbb6b481a1df1689bb769e63ec3acb,1.0,2,2,2
06f289b98b5b10b7d7692548624cb616,78c5f76b60a3a2588635aadc70e34df7,1.0,2,2,2
06f289b98b5b10b7d7692548624cb616,8ef9add628931053f28350c0ad4bc7f7,1.0,2,2,2
06f289b98b5b10b7d7692548624cb616,92fc4892f11581ee802e8e2fa4296433,1.0,2,2,2
06f289b98b5b10b7d7692548624cb616,e0ec2e3c3f6e06839e8fb986be65c7c5,1.0,2,2,2
06f289b98b5b10b7d7692548624cb616,e5b6fb6c5e7e4adc25a5e400c0104508,1.0,2,2,2
06f289b98b5b10b7d7692548624cb616,e89bab624ed1d8c75012bf52bacc654c,1.0,2,2,2
06f289b98b5b10b7d7692548624cb616,ec99f30f38afadbfbae32d5883734ded,1.0,2,2,2
06f289b98b5b10b7d7692548624cb616,ee9d97a7d28183a3d93aefb807e48524,1.0,2,2,2
06f289b98b5b10b7d7692548624cb616,eed42da7ee2f3ce26ab52758e63d855f,1.0,2,2,2
06f289b98b5b10b7d7692548624cb616,ef3e32f1b8658891add797672f995cc5,1.0,2,2,2
06f289b98b5b10b7d7692548624cb616,fb5e89c121d9569d1a58e0afb54da971,1.0,2,2,2
1803287d1e7138aec6ea9d3c963ed87d,39ae2ab725be4a0db66896735a49dac7,1.0,2,2,2
1803287d1e7138aec6ea9d3c963ed87d,70755e5b9df5988f592f3dec6279f1be,1.0,2,2,2
1803287d1e7138aec6ea9d3c963ed87d,75bbb6b481a1df1689bb769e63ec3acb,1.0,2,2,2
1803287d1e7138aec6ea9d3c963ed87d,78c5f76b60a3a2588635aadc70e34df7,1.0,2,2,2
1803287d1e7138aec6ea9d3c963ed87d,8ef9add628931053f28350c0ad4bc7f7,1.0,2,2,2
1803287d1e7138aec6ea9d3c963ed87d,92fc4892f11581ee802e8e2fa4296433,1.0,2,2,2
1803287d1e7138aec6ea9d3c963ed87d,e0ec2e3c3f6e06839e8fb986be65c7c5,1.0,2,2,2
1803287d1e7138aec6ea9d3c963ed87d,e5b6fb6c5e7e4adc25a5e400c0104508,1.0,2,2,2
1803287d1e7138aec6ea9d3c963ed87d,e89bab624ed1d8c75012bf52bacc654c,1.0,2,2,2
1803287d1e7138aec6ea9d3c963ed87d,ec99f30f38afadbfbae32d5883734ded,1.0,2,2,2
1803287d1e7138aec6ea9d3c963ed87d,ee9d97a7d28183a3d93aefb807e48524,1.0,2,2,2
1803287d1e7138aec6ea9d3c963ed87d,eed42da7ee2f3ce26ab52758e63d855f,1.0,2,2,2
1803287d1e7138aec6ea9d3c963ed87d,ef3e32f1b8658891add797672f995cc5,1.0,2,2,2
1803287d1e7138aec6ea9d3c963ed87d,fb5e89c121d9569d1a58e0afb54da971,1.0,2,2,2
39ae2ab725be4a0db66896735a49dac7,70755e5b9df5988f592f3dec6279f1be,1.0,2,2,2
39ae2ab725be4a0db66896735a49dac7,75bbb6b481a1df1689bb769e63ec3acb,1.0,2,2,2
39ae2ab725be4a0db66896735a49dac7,78c5f76b60a3a2588635aadc70e34df7,1.0,2,2,2
39ae2ab725be4a0db66896735a49dac7,8ef9add628931053f28350c0ad4bc7f7,1.0,2,2,2
39ae2ab725be4a0db66896735a49dac7,92fc4892f11581ee802e8e2fa4296433,1.0,2,2,2
39ae2ab725be4a0db66896735a49dac7,e0ec2e3c3f6e06839e8fb986be65c7c5,1.0,2,2,2
39ae2ab725be4a0db66896735a49dac7,e5b6fb6c5e7e4adc25a5e400c0104508,1.0,2,2,2
39ae2ab725be4a0db66896735a49dac7,e89bab624ed1d8c75012bf52bacc654c,1.0,2,2,2
39ae2ab725be4a0db66896735a49dac7,ec99f30f38afadbfbae32d5883734ded,1.0,2,2,2
39ae2ab725be4a0db66896735a49dac7,ee9d97a7d28183a3d93aefb807e48524,1.0,2,2,2
39ae2ab725be4a0db66896735a49dac7,eed42da7ee2f3ce26ab52758e63d855f,1.0,2,2,2
39ae2ab725be4a0db66896735a49dac7,ef3e32f1b8658891add797672f995cc5,1.0,2,2,2
39ae2ab725be4a0db66896735a49dac7,fb5e89c121d9569d1a58e0afb54da971,1.0,2,2,2
70755e5b9df5988f592f3dec6279f1be,75bbb6b481a1df1689bb769e63ec3acb,1.0,2,2,2
70755e5b9df5988f592f3dec6279f1be,78c5f76b60a3a2588635aadc70e34df7,1.0,2,2,2
70755e5b9df5988f592f3dec6279f1be,8ef9add628931053f28350c0ad4bc7f7,1.0,2,2,2
70755e5b9df5988f592f3dec6279f1be,92fc4892f11581ee802e8e2fa4296433,1.0,2,2,2
70755e5b9df5988f592f3dec6279f1be,e0ec2e3c3f6e06839e8fb986be65c7c5,1.0,2,2,2
70755e5b9df5988f592f3dec6279f1be,e5b6fb6c5e7e4adc25a5e400c0104508,1.0,2,2,2
70755e5b9df5988f592f3dec6279f1be,e89bab624ed1d8c75012bf52bacc654c,1.0,2,2,2
70755e5b9df5988f592f3dec6279f1be,ec99f30f38afadbfbae32d5883734ded,1.0,2,2,2
70755e5b9df5988f592f3dec6279f1be,ee9d97a7d28183a3d93aefb807e48524,1.0,2,2,2
70755e5b9df5988f592f3dec6279f1be,eed42da7ee2f3ce26ab52758e63d855f,1.0,2,2,2
70755e5b9df5988f592f3dec6279f1be,ef3e32f1b8658891add797672f995cc5,1.0,2,2,2
70755e5b9df5988f592f3dec6279f1be,fb5e89c121d9569d1a58e0afb54da971,1.0,2,2,2
75bbb6b481a1df1689bb769e63ec3acb,78c5f76b60a3a2588635aadc70e34df7,1.0,2,2,2
75bbb6b481a1df1689bb769e63ec3acb,8ef9add628931053f28350c0ad4bc7f7,1.0,2,2,2
75bbb6b481a1df1689bb769e63ec3acb,92fc4892f11581ee802e8e2fa4296433,1.0,2,2,2
75bbb6b481a1df1689bb769e63ec3acb,e0ec2e3c3f6e06839e8fb986be65c7c5,1.0,2,2,2
75bbb6b481a1df1689bb769e63ec3acb,e5b6fb6c5e7e4adc25a5e400c0104508,1.0,2,2,2
75bbb6b481a1df1689bb769e63ec3acb,e89bab624ed1d8c75012bf52bacc654c,1.0,2,2,2
75bbb6b481a1df1689bb769e63ec3acb,ec99f30f38afadbfbae32d5883734ded,1.0,2,2,2
75bbb6b481a1df1689bb769e63ec3acb,ee9d97a7d28183a3d93aefb807e48524,1.0,2,2,2
75bbb6b481a1df1689bb769e63ec3acb,eed42da7ee2f3ce26ab52758e63d855f,1.0,2,2,2
75bbb6b481a1df1689bb769e63ec3acb,ef3e32f1b8658891add797672f995cc5,1.0,2,2,2
75bbb6b481a1df1689bb769e63ec3acb,fb5e89c121d9569d1a58e0afb54da971,1.0,2,2,2
78c5f76b60a3a2588635aadc70e34df7,8ef9add628931053f28350c0ad4bc7f7,1.0,2,2,2
78c5f76b60a3a2588635aadc70e34df7,92fc4892f11581ee802e8e2fa4296433,1.0,2,2,2
78c5f76b60a3a2588635aadc70e34df7,e0ec2e3c3f6e06839e8fb986be65c7c5,1.0,2,2,2
78c5f76b60a3a2588635aadc70e34df7,e5b6fb6c5e7e4adc25a5e400c0104508,1.0,2,2,2
78c5f76b60a3a2588635aadc70e34df7,e89bab624ed1d8c75012bf52bacc654c,1.0,2,2,2
78c5f76b60a3a2588635aadc70e34df7,ec99f30f38afadbfbae32d5883734ded,1.0,2,2,2
78c5f76b60a3a2588635aadc70e34df7,ee9d97a7d28183a3d93aefb807e48524,1.0,2,2,2
78c5f76b60a3a2588635aadc70e34df7,eed42da7ee2f3ce26ab52758e63d855f,1.0,2,2,2
78c5f76b60a3a2588635aadc70e34df7,ef3e32f1b8658891add797672f995cc5,1.0,2,2,2
78c5f76b60a3a2588635aadc70e34df7,fb5e89c121d9569d1a58e0afb54da971,1.0,2,2,2
8ef9add628931053f28350c0ad4bc7f7,92fc4892f11581ee802e8e2fa4296433,1.0,2,2,2
8ef9add628931053f28350c0ad4bc7f7,e0ec2e3c3f6e06839e8fb986be65c7c5,1.0,2,2,2
8ef9add628931053f28350c0ad4bc7f7,e5b6fb6c5e7e4adc25a5e400c0104508,1.0,2,2,2
8ef9add628931053f28350c0ad4bc7f7,e89bab624ed1d8c75012bf52bacc654c,1.0,2,2,2
8ef9add628931053f28350c0ad4bc7f7,ec99f30f38afadbfbae32d5883734ded,1.0,2,2,2
8ef9add628931053f28350c0ad4bc7f7,ee9d97a7d28183a3d93aefb807e48524,1.0,2,2,2
8ef9add628931053f28350c0ad4bc7f7,eed42da7ee2f3ce26ab52758e63d855f,1.0,2,2,2
8ef9add628931053f28350c0ad4bc7f7,ef3e32f1b8658891add797672f995cc5,1.0,2,2,2
8ef9add628931053f28350c0ad4bc7f7,fb5e89c121d9569d1a58e0afb54da971,1.0,2,2,2
92fc4892f11581ee802e8e2fa4296433,e0ec2e3c3f6e06839e8fb986be65c7c5,1.0,2,2,2
92fc4892f11581ee802e8e2fa4296433,e5b6fb6c5e7e4adc25a5e400c0104508,1.0,2,2,2
92fc4892f11581ee802e8e2fa4296433,e89bab624ed1d8c75012bf52bacc654c,1.0,2,2,2
92fc4892f11581ee802e8e2fa4296433,ec99f30f38afadbfbae32d5883734ded,1.0,2,2,2
92fc4892f11581ee802e8e2fa4296433,ee9d97a7d28183a3d93aefb807e48524,1.0,2,2,2
92fc4892f11581ee802e8e2fa4296433,eed42da7ee2f3ce26ab52758e63d855f,1.0,2,2,2
92fc4892f11581ee802e8e2fa4296433,ef3e32f1b8658891add797672f995cc5,1.0,2,2,2
92fc4892f11581ee802e8e2fa4296433,fb5e89c121d9569d1a58e0afb54da971,1.0,2,2,2
e0ec2e3c3f6e06839e8fb986be65c7c5,e5b6fb6c5e7e4adc25a5e400c0104508,1.0,2,2,2
e0ec2e3c3f6e06839e8fb986be65c7c5,e89bab624ed1d8c75012bf52bacc654c,1.0,2,2,2
e0ec2e3c3f6e06839e8fb986be65c7c5,ec99f30f38afadbfbae32d5883734ded,1.0,2,2,2
e0ec2e3c3f6e06839e8fb986be65c7c5,ee9d97a7d28183a3d93aefb807e48524,1.0,2,2,2
e0ec2e3c3f6e06839e8fb986be65c7c5,eed42da7ee2f3ce26ab52758e63d855f,1.0,2,2,2
e0ec2e3c3f6e06839e8fb986be65c7c5,ef3e32f1b8658891add797672f995cc5,1.0,2,2,2
e0ec2e3c3f6e06839e8fb986be65c7c5,fb5e89c121d9569d1a58e0afb54da971,1.0,2,2,2
e5b6fb6c5e7e4adc25a5e400c0104508,e89bab624ed1d8c75012bf52bacc654c,1.0,2,2,2
e5b6fb6c5e7e4adc25a5e400c0104508,ec99f30f38afadbfbae32d5883734ded,1.0,2,2,2
e5b6fb6c5e7e4adc25a5e400c0104508,ee9d97a7d28183a3d93aefb807e48524,1.0,2,2,2
e5b6fb6c5e7e4adc25a5e400c0104508,eed42da7ee2f3ce26ab52758e63d855f,1.0,2,2,2
e5b6fb6c5e7e4adc25a5e400c0104508,ef3e32f1b8658891add797672f995cc5,1.0,2,2,2
e5b6fb6c5e7e4adc25a5e400c0104508,fb5e89c121d9569d1a58e0afb54da971,1.0,2,2,2
e89bab624ed1d8c75012bf52bacc654c,ec99f30f38afadbfbae32d5883734ded,1.0,2,2,2
e89bab624ed1d8c75012bf52bacc654c,ee9d97a7d28183a3d93aefb807e48524,1.0,2,2,2
e89bab624ed1d8c75012bf52bacc654c,eed42da7ee2f3ce26ab52758e63d855f,1.0,2,2,2
e89bab624ed1d8c75012bf52bacc654c,ef3e32f1b8658891add797672f995cc5,1.0,2,2,2
e89bab624ed1d8c75012bf52bacc654c,fb5e89c121d9569d1a58e0afb54da971,1.0,2,2,2
ec99f30f38afadbfbae32d5883734ded,ee9d97a7d28183a3d93aefb807e48524,1.0,2,2,2
ec99f30f38afadbfbae32d5883734ded,eed42da7ee2f3ce26ab52758e63d855f,1.0,2,2,2
ec99f30f38afadbfbae32d5883734ded,ef3e32f1b8658891add797672f995cc5,1.0,2,2,2
ec99f30f38afadbfbae32d5883734ded,fb5e89c121d9569d1a58e0afb54da971,1.0,2,2,2
ee9d97a7d28183a3d93aefb807e48524,eed42da7ee2f3ce26ab52758e63d855f,1.0,2,2,2
ee9d97a7d28183a3d93aefb807e48524,ef3e32f1b8658891add797672f995cc5,1.0,2,2,2
ee9d97a7d28183a3d93aefb807e48524,fb5e89c121d9569d1a58e0afb54da971,1.0,2,2,2
eed42da7ee2f3ce26ab52758e63d855f,ef3e32f1b8658891add797672f995cc5,1.0,2,2,2
eed42da7ee2f3ce26ab52758e63d855f,fb5e89c121d9569d1a58e0afb54da971,1.0,2,2,2
ef3e32f1b8658891add797672f995cc5,fb5e89c121d9569d1a58e0afb54da971,1.0,2,2,2
0a3d4f596bd69fa0b5f599c4b66b9dc5,cad3d0a8ce32033e32792a268e38fe03,1.0,2,2,2
0a3d4f596bd69fa0b5f599c4b66b9dc5,f2e6b49d4c29d9ea50b3551892f2cd36,1.0,2,2,2
cad3d0a8ce32033e32792a268e38fe03,f2e6b49d4c29d9ea50b3551892f2cd36,1.0,2,2,2
1a185a8b307a1add1f201001877f6f6c,4e7da8460a307b63a7a4d98750f3a95a,1.0,2,2,2
1a185a8b307a1add1f201001877f6f6c,747a3bde8936cc5b862993e65c1b5a48,1.0,2,2,2
1a185a8b307a1add1f201001877f6f6c,7a8afce0fdb6cd5e748818e19f1e223a,1.0,2,2,2
36cfec707344b75d20e6c7ef583c3b8c,5692f45005b99d929b723b96408957ec,1.0,2,2,2
36cfec707344b75d20e6c7ef583c3b8c,73b78f75df448f01b52aee67c38e1b4d,1.0,2,2,2
36cfec707344b75d20e6c7ef583c3b8c,a4aade0ce7988cd421340d39d0fba92d,1.0,2,2,2
4e7da8460a307b63a7a4d98750f3a95a,747a3bde8936cc5b862993e65c1b5a48,1.0,2,2,2
4e7da8460a307b63a7a4d98750f3a95a,7a8afce0fdb6cd5e748818e19f1e223a,1.0,2,2,2
5692f45005b99d929b723b96408957ec,73b78f75df448f01b52aee67c38e1b4d,1.0,2,2,2
5692f45005b99d929b723b96408957ec,a4aade0ce7988cd421340d39d0fba92d,1.0,2,2,2
5c418501b87e13cd0dfdb50fe6f1d96d,5ebc16fa8e8f7628425904c85c99760a,1.0,2,2,2
73b78f75df448f01b52aee67c38e1b4d,a4aade0ce7988cd421340d39d0fba92d,1.0,2,2,2
747a3bde8936cc5b862993e65c1b5a48,7a8afce0fdb6cd5e748818e19f1e223a,1.0,2,2,2
c5d3ed7ec11b725a565192292bb411cc,fac47e384fef9ddc9c3cad97ed3192e0,1.0,2,2,2
ce15104baabb5bf543c7aabb9d607072,df76d1efc22b15300619dd981a0c3d1c,1.0,2,2,2
0063817060d662048ed08bccecaf45d5,46a84f706aa22bdb63379610a77af307,1.0,2,2,2
38c82315266557c3d9c4312643d1717c,507d34ab7a9f465f7a023cf256e524da,1.0,2,2,2
38c82315266557c3d9c4312643d1717c,7d2e246c38946e89eda0c9c1288fc0e3,1.0,2,2,2
38c82315266557c3d9c4312643d1717c,bb7a29428a71e286a02f1377d42d6a35,1.0,2,2,2
38c82315266557c3d9c4312643d1717c,d46f0f655659cbeb210db2a746b2554f,1.0,2,2,2
507d34ab7a9f465f7a023cf256e524da,7d2e246c38946e89eda0c9c1288fc0e3,1.0,2,2,2
507d34ab7a9f465f7a023cf256e524da,bb7a29428a71e286a02f1377d42d6a35,1.0,2,2,2
507d34ab7a9f465f7a023cf256e524da,d46f0f655659cbeb210db2a746b2554f,1.0,2,2,2
70115d0e9a0d564ff0bb0315ccaae0eb,a58c3fb6af3c545575b2d93dd050aec9,1.0,2,2,2
7d2e246c38946e89eda0c9c1288fc0e3,bb7a29428a71e286a02f1377d42d6a35,1.0,2,2,2
7d2e246c38946e89eda0c9c1288fc0e3,d46f0f655659cbeb210db2a746b2554f,1.0,2,2,2
bb7a29428a71e286a02f1377d42d6a35,d46f0f655659cbeb210db2a746b2554f,1.0,2,2,2
0570089e1e1b3cf57b7f7d545cb204aa,06c0ea6ee892364d1608ee47aa9f56a0,1.0,2,2,2
36d9cc02c910d8c59caa1674f53c3ffb,79fa3eb416c3933311c949121225649f,1.0,2,2,2
aecfcfbdbed5deaea72b8f500f5bd071,b8939dbecf0659982b0e7d21c3731f7b,1.0,2,2,2
03cccac05d316dc60827fa7abedd608e,16f8c97e3a58560cfd64cff33dd78515,1.0,2,2,2
03cccac05d316dc60827fa7abedd608e,1e6b20395bc9690fe6735e6b6e0d2791,1.0,2,2,2
03cccac05d316dc60827fa7abedd608e,28e3b4a14a28881ebbdf5384e004d6fb,1.0,2,2,2
03cccac05d316dc60827fa7abedd608e,3052fa07cdb3c836b158402ea4ee6fb8,1.0,2,2,2
03cccac05d316dc60827fa7abedd608e,318dd674b6e789249337a1edca1b0cc1,1.0,2,2,2
03cccac05d316dc60827fa7abedd608e,3ad84abcfa9a58f9ede403889421500b,1.0,2,2,2
03cccac05d316dc60827fa7abedd608e,48c1b34a2d23e13b8967caa478d9c428,1.0,2,2,2
03cccac05d316dc60827fa7abedd608e,5182c0939da37d2f3acd9f2fb8b60d4f,1.0,2,2,2
03cccac05d316dc60827fa7abedd608e,7647c15a4f2e66304c91fcf86573a2a3,1.0,2,2,2
03cccac05d316dc60827fa7abedd608e,7989d259bdf69447ee8e00970c3f3228,1.0,2,2,2
03cccac05d316dc60827fa7abedd608e,7de1536dfbeaacfb971b48c2c93c16cc,1.0,2,2,2
03cccac05d316dc60827fa7abedd608e,7e69734dad7cfcbe95aa59f38095057d,1.0,2,2,2
03cccac05d316dc60827fa7abedd608e,8b88f64495d95d12a12c0d71534d0faa,1.0,2,2,2
03cccac05d316dc60827fa7abedd608e,9a56d30e286ddea1374c143d111de34d,1.0,2,2,2
03cccac05d316dc60827fa7abedd608e,9ccd3694bf9d11a53846dcc5c105e7b6,1.0,2,2,2
03cccac05d316dc60827fa7abedd608e,9f5b78334246addf67c6b0545bc7dd2b,1.0,2,2,2
03cccac05d316dc60827fa7abedd608e,a6ddea592cbc5da9970a9a9803c07347,1.0,2,2,2
03cccac05d316dc60827fa7abedd608e,ae4040757eb5b3be43a7c0ea27260d50,1.0,2,2,2
03cccac05d316dc60827fa7abedd608e,af417df88fa589d65603e559ee80a22c,1.0,2,2,2
03cccac05d316dc60827fa7abedd608e,c4295b913119b04f3c9d28a7bfd524f1,1.0,2,2,2
03cccac05d316dc60827fa7abedd608e,d9752ac494a2b97507fd2faa478cabd9,1.0,2,2,2
03cccac05d316dc60827fa7abedd608e,e1015df046a6e086818dc851b65c2392,1.0,2,2,2
03cccac05d316dc60827fa7abedd608e,e238fba997eec80e48bf8d8689877d89,1.0,2,2,2
03cccac05d316dc60827fa7abedd608e,ec8cf19822473555370553d399f7a654,1.0,2,2,2
16f8c97e3a58560cfd64cff33dd78515,1e6b20395bc9690fe6735e6b6e0d2791,1.0,2,2,2
16f8c97e3a58560cfd64cff33dd78515,28e3b4a14a28881ebbdf5384e004d6fb,1.0,2,2,2
16f8c97e3a58560cfd64cff33dd78515,3052fa07cdb3c836b158402ea4ee6fb8,1.0,2,2,2
16f8c97e3a58560cfd64cff33dd78515,318dd674b6e789249337a1edca1b0cc1,1.0,2,2,2
16f8c97e3a58560cfd64cff33dd78515,3ad84abcfa9a58f9ede403889421500b,1.0,2,2,2
16f8c97e3a58560cfd64cff33dd78515,48c1b34a2d23e13b8967caa478d9c428,1.0,2,2,2
16f8c97e3a58560cfd64cff33dd78515,5182c0939da37d2f3acd9f2fb8b60d4f,1.0,2,2,2
16f8c97e3a58560cfd64cff33dd78515,7647c15a4f2e66304c91fcf86573a2a3,1.0,2,2,2
16f8c97e3a58560cfd64cff33dd78515,7989d259bdf69447ee8e00970c3f3228,1.0,2,2,2
16f8c97e3a58560cfd64cff33dd78515,7de1536dfbeaacfb971b48c2c93c16cc,1.0,2,2,2
16f8c97e3a58560cfd64cff33dd78515,7e69734dad7cfcbe95aa59f38095057d,1.0,2,2,2
16f8c97e3a58560cfd64cff33dd78515,8b88f64495d95d12a12c0d71534d0faa,1.0,2,2,2
16f8c97e3a58560cfd64cff33dd78515,9a56d30e286ddea1374c143d111de34d,1.0,2,2,2
16f8c97e3a58560cfd64cff33dd78515,9ccd3694bf9d11a53846dcc5c105e7b6,1.0,2,2,2
16f8c97e3a58560cfd64cff33dd78515,9f5b78334246addf67c6b0545bc7dd2b,1.0,2,2,2
16f8c97e3a58560cfd64cff33dd78515,a6ddea592cbc5da9970a9a9803c07347,1.0,2,2,2
16f8c97e3a58560cfd64cff33dd78515,ae4040757eb5b3be43a7c0ea27260d50,1.0,2,2,2
16f8c97e3a58560cfd64cff33dd78515,af417df88fa589d65603e559ee80a22c,1.0,2,2,2
16f8c97e3a58560cfd64cff33dd78515,c4295b913119b04f3c9d28a7bfd524f1,1.0,2,2,2
16f8c97e3a58560cfd64cff33dd78515,d9752ac494a2b97507fd2faa478cabd9,1.0,2,2,2
16f8c97e3a58560cfd64cff33dd78515,e1015df046a6e086818dc851b65c2392,1.0,2,2,2
16f8c97e3a58560cfd64cff33dd78515,e238fba997eec80e48bf8d8689877d89,1.0,2,2,2
16f8c97e3a58560cfd64cff33dd78515,ec8cf19822473555370553d399f7a654,1.0,2,2,2
1e6b20395bc9690fe6735e6b6e0d2791,28e3b4a14a28881ebbdf5384e004d6fb,1.0,2,2,2
1e6b20395bc9690fe6735e6b6e0d2791,3052fa07cdb3c836b158402ea4ee6fb8,1.0,2,2,2
1e6b20395bc9690fe6735e6b6e0d2791,318dd674b6e789249337a1edca1b0cc1,1.0,2,2,2
1e6b20395bc9690fe6735e6b6e0d2791,3ad84abcfa9a58f9ede403889421500b,1.0,2,2,2
1e6b20395bc9690fe6735e6b6e0d2791,48c1b34a2d23e13b8967caa478d9c428,1.0,2,2,2
1e6b20395bc9690fe6735e6b6e0d2791,5182c0939da37d2f3acd9f2fb8b60d4f,1.0,2,2,2
1e6b20395bc9690fe6735e6b6e0d2791,7647c15a4f2e66304c91fcf86573a2a3,1.0,2,2,2
1e6b20395bc9690fe6735e6b6e0d2791,7989d259bdf69447ee8e00970c3f3228,1.0,2,2,2
1e6b20395bc9690fe6735e6b6e0d2791,7de1536dfbeaacfb971b48c2c93c16cc,1.0,2,2,2
1e6b20395bc9690fe6735e6b6e0d2791,7e69734dad7cfcbe95aa59f38095057d,1.0,2,2,2
1e6b20395bc9690fe6735e6b6e0d2791,8b88f64495d95d12a12c0d71534d0faa,1.0,2,2,2
1e6b20395bc9690fe6735e6b6e0d2791,9a56d30e286ddea1374c143d111de34d,1.0,2,2,2
1e6b20395bc9690fe6735e6b6e0d2791,9ccd3694bf9d11a53846dcc5c105e7b6,1.0,2,2,2
1e6b20395bc9690fe6735e6b6e0d2791,9f5b78334246addf67c6b0545bc7dd2b,1.0,2,2,2
1e6b20395bc9690fe6735e6b6e0d2791,a6ddea592cbc5da9970a9a9803c07347,1.0,2,2,2
1e6b20395bc9690fe6735e6b6e0d2791,ae4040757eb5b3be43a7c0ea27260d50,1.0,2,2,2
1e6b20395bc9690fe6735e6b6e0d2791,af417df88fa589d65603e559ee80a22c,1.0,2,2,2
1e6b20395bc9690fe6735e6b6e0d2791,c4295b913119b04f3c9d28a7bfd524f1,1.0,2,2,2
1e6b20395bc9690fe6735e6b6e0d2791,d9752ac494a2b97507fd2faa478cabd9,1.0,2,2,2
1e6b20395bc9690fe6735e6b6e0d2791,e1015df046a6e086818dc851b65c2392,1.0,2,2,2
1e6b20395bc9690fe6735e6b6e0d2791,e238fba997eec80e48bf8d8689877d89,1.0,2,2,2
1e6b20395bc9690fe6735e6b6e0d2791,ec8cf19822473555370553d399f7a654,1.0,2,2,2
28e3b4a14a28881ebbdf5384e004d6fb,3052fa07cdb3c836b158402ea4ee6fb8,1.0,2,2,2
28e3b4a14a28881ebbdf5384e004d6fb,318dd674b6e789249337a1edca1b0cc1,1.0,2,2,2
28e3b4a14a28881ebbdf5384e004d6fb,3ad84abcfa9a58f9ede403889421500b,1.0,2,2,2
28e3b4a14a28881ebbdf5384e004d6fb,48c1b34a2d23e13b8967caa478d9c428,1.0,2,2,2
28e3b4a14a28881ebbdf5384e004d6fb,5182c0939da37d2f3acd9f2fb8b60d4f,1.0,2,2,2
28e3b4a14a28881ebbdf5384e004d6fb,7647c15a4f2e66304c91fcf86573a2a3,1.0,2,2,2
28e3b4a14a28881ebbdf5384e004d6fb,7989d259bdf69447ee8e00970c3f3228,1.0,2,2,2
28e3b4a14a28881ebbdf5384e004d6fb,7de1536dfbeaacfb971b48c2c93c16cc,1.0,2,2,2
28e3b4a14a28881ebbdf5384e004d6fb,7e69734dad7cfcbe95aa59f38095057d,1.0,2,2,2
28e3b4a14a28881ebbdf5384e004d6fb,8b88f64495d95d12a12c0d71534d0faa,1.0,2,2,2
28e3b4a14a28881ebbdf5384e004d6fb,9a56d30e286ddea1374c143d111de34d,1.0,2,2,2
28e3b4a14a28881ebbdf5384e004d6fb,9ccd3694bf9d11a53846dcc5c105e7b6,1.0,2,2,2
28e3b4a14a28881ebbdf5384e004d6fb,9f5b78334246addf67c6b0545bc7dd2b,1.0,2,2,2
28e3b4a14a28881ebbdf5384e004d6fb,a6ddea592cbc5da9970a9a9803c07347,1.0,2,2,2
28e3b4a14a28881ebbdf5384e004d6fb,ae4040757eb5b3be43a7c0ea27260d50,1.0,2,2,2
28e3b4a14a28881ebbdf5384e004d6fb,af417df88fa589d65603e559ee80a22c,1.0,2,2,2
28e3b4a14a28881ebbdf5384e004d6fb,c4295b913119b04f3c9d28a7bfd524f1,1.0,2,2,2
28e3b4a14a28881ebbdf5384e004d6fb,d9752ac494a2b97507fd2faa478cabd9,1.0,2,2,2
28e3b4a14a28881ebbdf5384e004d6fb,e1015df046a6e086818dc851b65c2392,1.0,2,2,2
28e3b4a14a28881ebbdf5384e004d6fb,e238fba997eec80e48bf8d8689877d89,1.0,2,2,2
28e3b4a14a28881ebbdf5384e004d6fb,ec8cf19822473555370553d399f7a654,1.0,2,2,2
3052fa07cdb3c836b158402ea4ee6fb8,318dd674b6e789249337a1edca1b0cc1,1.0,2,2,2
3052fa07cdb3c836b158402ea4ee6fb8,3ad84abcfa9a58f9ede403889421500b,1.0,2,2,2
3052fa07cdb3c836b158402ea4ee6fb8,48c1b34a2d23e13b8967caa478d9c428,1.0,2,2,2
3052fa07cdb3c836b158402ea4ee6fb8,5182c0939da37d2f3acd9f2fb8b60d4f,1.0,2,2,2
3052fa07cdb3c836b158402ea4ee6fb8,7647c15a4f2e66304c91fcf86573a2a3,1.0,2,2,2
3052fa07cdb3c836b158402ea4ee6fb8,7989d259bdf69447ee8e00970c3f3228,1.0,2,2,2
3052fa07cdb3c836b158402ea4ee6fb8,7de1536dfbeaacfb971b48c2c93c16cc,1.0,2,2,2
3052fa07cdb3c836b158402ea4ee6fb8,7e69734dad7cfcbe95aa59f38095057d,1.0,2,2,2
3052fa07cdb3c836b158402ea4ee6fb8,8b88f64495d95d12a12c0d71534d0faa,1.0,2,2,2
3052fa07cdb3c836b158402ea4ee6fb8,9a56d30e286ddea1374c143d111de34d,1.0,2,2,2
3052fa07cdb3c836b158402ea4ee6fb8,9ccd3694bf9d11a53846dcc5c105e7b6,1.0,2,2,2
3052fa07cdb3c836b158402ea4ee6fb8,9f5b78334246addf67c6b0545bc7dd2b,1.0,2,2,2
3052fa07cdb3c836b158402ea4ee6fb8,a6ddea592cbc5da9970a9a9803c07347,1.0,2,2,2
3052fa07cdb3c836b158402ea4ee6fb8,ae4040757eb5b3be43a7c0ea27260d50,1.0,2,2,2
3052fa07cdb3c836b158402ea4ee6fb8,af417df88fa589d65603e559ee80a22c,1.0,2,2,2
3052fa07cdb3c836b158402ea4ee6fb8,c4295b913119b04f3c9d28a7bfd524f1,1.0,2,2,2
3052fa07cdb3c836b158402ea4ee6fb8,d9752ac494a2b97507fd2faa478cabd9,1.0,2,2,2
3052fa07cdb3c836b158402ea4ee6fb8,e1015df046a6e086818dc851b65c2392,1.0,2,2,2
3052fa07cdb3c836b158402ea4ee6fb8,e238fba997eec80e48bf8d8689877d89,1.0,2,2,2
3052fa07cdb3c836b158402ea4ee6fb8,ec8cf19822473555370553d399f7a654,1.0,2,2,2
318dd674b6e789249337a1edca1b0cc1,3ad84abcfa9a58f9ede403889421500b,1.0,2,2,2
318dd674b6e789249337a1edca1b0cc1,48c1b34a2d23e13b8967caa478d9c428,1.0,2,2,2
318dd674b6e789249337a1edca1b0cc1,5182c0939da37d2f3acd9f2fb8b60d4f,1.0,2,2,2
318dd674b6e789249337a1edca1b0cc1,7647c15a4f2e66304c91fcf86573a2a3,1.0,2,2,2
318dd674b6e789249337a1edca1b0cc1,7989d259bdf69447ee8e00970c3f3228,1.0,2,2,2
318dd674b6e789249337a1edca1b0cc1,7de1536dfbeaacfb971b48c2c93c16cc,1.0,2,2,2
318dd674b6e789249337a1edca1b0cc1,7e69734dad7cfcbe95aa59f38095057d,1.0,2,2,2
318dd674b6e789249337a1edca1b0cc1,8b88f64495d95d12a12c0d71534d0faa,1.0,2,2,2
318dd674b6e789249337a1edca1b0cc1,9a56d30e286ddea1374c143d111de34d,1.0,2,2,2
318dd674b6e789249337a1edca1b0cc1,9ccd3694bf9d11a53846dcc5c105e7b6,1.0,2,2,2
318dd674b6e789249337a1edca1b0cc1,9f5b78334246addf67c6b0545bc7dd2b,1.0,2,2,2
318dd674b6e789249337a1edca1b0cc1,a6ddea592cbc5da9970a9a9803c07347,1.0,2,2,2
318dd674b6e789249337a1edca1b0cc1,ae4040757eb5b3be43a7c0ea27260d50,1.0,2,2,2
318dd674b6e789249337a1edca1b0cc1,af417df88fa589d65603e559ee80a22c,1.0,2,2,2
318dd674b6e789249337a1edca1b0cc1,c4295b913119b04f3c9d28a7bfd524f1,1.0,2,2,2
318dd674b6e789249337a1edca1b0cc1,d9752ac494a2b97507fd2faa478cabd9,1.0,2,2,2
318dd674b6e789249337a1edca1b0cc1,e1015df046a6e086818dc851b65c2392,1.0,2,2,2
318dd674b6e789249337a1edca1b0cc1,e238fba997eec80e48bf8d8689877d89,1.0,2,2,2
318dd674b6e789249337a1edca1b0cc1,ec8cf19822473555370553d399f7a654,1.0,2,2,2
3ad84abcfa9a58f9ede403889421500b,48c1b34a2d23e13b8967caa478d9c428,1.0,2,2,2
3ad84abcfa9a58f9ede403889421500b,5182c0939da37d2f3acd9f2fb8b60d4f,1.0,2,2,2
3ad84abcfa9a58f9ede403889421500b,7647c15a4f2e66304c91fcf86573a2a3,1.0,2,2,2
3ad84abcfa9a58f9ede403889421500b,7989d259bdf69447ee8e00970c3f3228,1.0,2,2,2
3ad84abcfa9a58f9ede403889421500b,7de1536dfbeaacfb971b48c2c93c16cc,1.0,2,2,2
3ad84abcfa9a58f9ede403889421500b,7e69734dad7cfcbe95aa59f38095057d,1.0,2,2,2
3ad84abcfa9a58f9ede403889421500b,8b88f64495d95d12a12c0d71534d0faa,1.0,2,2,2
3ad84abcfa9a58f9ede403889421500b,9a56d30e286ddea1374c143d111de34d,1.0,2,2,2
3ad84abcfa9a58f9ede403889421500b,9ccd3694bf9d11a53846dcc5c105e7b6,1.0,2,2,2
3ad84abcfa9a58f9ede403889421500b,9f5b78334246addf67c6b0545bc7dd2b,1.0,2,2,2
3ad84abcfa9a58f9ede403889421500b,a6ddea592cbc5da9970a9a9803c07347,1.0,2,2,2
3ad84abcfa9a58f9ede403889421500b,ae4040757eb5b3be43a7c0ea27260d50,1.0,2,2,2
3ad84abcfa9a58f9ede403889421500b,af417df88fa589d65603e559ee80a22c,1.0,2,2,2
3ad84abcfa9a58f9ede403889421500b,c4295b913119b04f3c9d28a7bfd524f1,1.0,2,2,2
3ad84abcfa9a58f9ede403889421500b,d9752ac494a2b97507fd2faa478cabd9,1.0,2,2,2
3ad84abcfa9a58f9ede403889421500b,e1015df046a6e086818dc851b65c2392,1.0,2,2,2
3ad84abcfa9a58f9ede403889421500b,e238fba997eec80e48bf8d8689877d89,1.0,2,2,2
3ad84abcfa9a58f9ede403889421500b,ec8cf19822473555370553d399f7a654,1.0,2,2,2
44a4a7cc2c0e9890778117619bdc7a96,b654c99744f2fa112d4f7a7762ecfdfe,1.0,2,2,2
48c1b34a2d23e13b8967caa478d9c428,5182c0939da37d2f3acd9f2fb8b60d4f,1.0,2,2,2
48c1b34a2d23e13b8967caa478d9c428,7647c15a4f2e66304c91fcf86573a2a3,1.0,2,2,2
48c1b34a2d23e13b8967caa478d9c428,7989d259bdf69447ee8e00970c3f3228,1.0,2,2,2
48c1b34a2d23e13b8967caa478d9c428,7de1536dfbeaacfb971b48c2c93c16cc,1.0,2,2,2
48c1b34a2d23e13b8967caa478d9c428,7e69734dad7cfcbe95aa59f38095057d,1.0,2,2,2
48c1b34a2d23e13b8967caa478d9c428,8b88f64495d95d12a12c0d71534d0faa,1.0,2,2,2
48c1b34a2d23e13b8967caa478d9c428,9a56d30e286ddea1374c143d111de34d,1.0,2,2,2
48c1b34a2d23e13b8967caa478d9c428,9ccd3694bf9d11a53846dcc5c105e7b6,1.0,2,2,2
48c1b34a2d23e13b8967caa478d9c428,9f5b78334246addf67c6b0545bc7dd2b,1.0,2,2,2
48c1b34a2d23e13b8967caa478d9c428,a6ddea592cbc5da9970a9a9803c07347,1.0,2,2,2
48c1b34a2d23e13b8967caa478d9c428,ae4040757eb5b3be43a7c0ea27260d50,1.0,2,2,2
48c1b34a2d23e13b8967caa478d9c428,af417df88fa589d65603e559ee80a22c,1.0,2,2,2
48c1b34a2d23e13b8967caa478d9c428,c4295b913119b04f3c9d28a7bfd524f1,1.0,2,2,2
48c1b34a2d23e13b8967caa478d9c428,d9752ac494a2b97507fd2faa478cabd9,1.0,2,2,2
48c1b34a2d23e13b8967caa478d9c428,e1015df046a6e086818dc851b65c2392,1.0,2,2,2
48c1b34a2d23e13b8967caa478d9c428,e238fba997eec80e48bf8d8689877d89,1.0,2,2,2
48c1b34a2d23e13b8967caa478d9c428,ec8cf19822473555370553d399f7a654,1.0,2,2,2
5182c0939da37d2f3acd9f2fb8b60d4f,7647c15a4f2e66304c91fcf86573a2a3,1.0,2,2,2
5182c0939da37d2f3acd9f2fb8b60d4f,7989d259bdf69447ee8e00970c3f3228,1.0,2,2,2
5182c0939da37d2f3acd9f2fb8b60d4f,7de1536dfbeaacfb971b48c2c93c16cc,1.0,2,2,2
5182c0939da37d2f3acd9f2fb8b60d4f,7e69734dad7cfcbe95aa59f38095057d,1.0,2,2,2
5182c0939da37d2f3acd9f2fb8b60d4f,8b88f64495d95d12a12c0d71534d0faa,1.0,2,2,2
5182c0939da37d2f3acd9f2fb8b60d4f,9a56d30e286ddea1374c143d111de34d,1.0,2,2,2
5182c0939da37d2f3acd9f2fb8b60d4f,9ccd3694bf9d11a53846dcc5c105e7b6,1.0,2,2,2
5182c0939da37d2f3acd9f2fb8b60d4f,9f5b78334246addf67c6b0545bc7dd2b,1.0,2,2,2
5182c0939da37d2f3acd9f2fb8b60d4f,a6ddea592cbc5da9970a9a9803c07347,1.0,2,2,2
5182c0939da37d2f3acd9f2fb8b60d4f,ae4040757eb5b3be43a7c0ea27260d50,1.0,2,2,2
5182c0939da37d2f3acd9f2fb8b60d4f,af417df88fa589d65603e559ee80a22c,1.0,2,2,2
5182c0939da37d2f3acd9f2fb8b60d4f,c4295b913119b04f3c9d28a7bfd524f1,1.0,2,2,2
5182c0939da37d2f3acd9f2fb8b60d4f,d9752ac494a2b97507fd2faa478cabd9,1.0,2,2,2
5182c0939da37d2f3acd9f2fb8b60d4f,e1015df046a6e086818dc851b65c2392,1.0,2,2,2
5182c0939da37d2f3acd9f2fb8b60d4f,e238fba997eec80e48bf8d8689877d89,1.0,2,2,2
5182c0939da37d2f3acd9f2fb8b60d4f,ec8cf19822473555370553d399f7a654,1.0,2,2,2
7647c15a4f2e66304c91fcf86573a2a3,7989d259bdf69447ee8e00970c3f3228,1.0,2,2,2
7647c15a4f2e66304c91fcf86573a2a3,7de1536dfbeaacfb971b48c2c93c16cc,1.0,2,2,2
7647c15a4f2e66304c91fcf86573a2a3,7e69734dad7cfcbe95aa59f38095057d,1.0,2,2,2
7647c15a4f2e66304c91fcf86573a2a3,8b88f64495d95d12a12c0d71534d0faa,1.0,2,2,2
7647c15a4f2e66304c91fcf86573a2a3,9a56d30e286ddea1374c143d111de34d,1.0,2,2,2
7647c15a4f2e66304c91fcf86573a2a3,9ccd3694bf9d11a53846dcc5c105e7b6,1.0,2,2,2
7647c15a4f2e66304c91fcf86573a2a3,9f5b78334246addf67c6b0545bc7dd2b,1.0,2,2,2
7647c15a4f2e66304c91fcf86573a2a3,a6ddea592cbc5da9970a9a9803c07347,1.0,2,2,2
7647c15a4f2e66304c91fcf86573a2a3,ae4040757eb5b3be43a7c0ea27260d50,1.0,2,2,2
7647c15a4f2e66304c91fcf86573a2a3,af417df88fa589d65603e559ee80a22c,1.0,2,2,2
7647c15a4f2e66304c91fcf86573a2a3,c4295b913119b04f3c9d28a7bfd524f1,1.0,2,2,2
7647c15a4f2e66304c91fcf86573a2a3,d9752ac494a2b97507fd2faa478cabd9,1.0,2,2,2
7647c15a4f2e66304c91fcf86573a2a3,e1015df046a6e086818dc851b65c2392,1.0,2,2,2
7647c15a4f2e66304c91fcf86573a2a3,e238fba997eec80e48bf8d8689877d89,1.0,2,2,2
7647c15a4f2e66304c91fcf86573a2a3,ec8cf19822473555370553d399f7a654,1.0,2,2,2
7989d259bdf69447ee8e00970c3f3228,7de1536dfbeaacfb971b48c2c93c16cc,1.0,2,2,2
7989d259bdf69447ee8e00970c3f3228,7e69734dad7cfcbe95aa59f38095057d,1.0,2,2,2
7989d259bdf69447ee8e00970c3f3228,8b88f64495d95d12a12c0d71534d0faa,1.0,2,2,2
7989d259bdf69447ee8e00970c3f3228,9a56d30e286ddea1374c143d111de34d,1.0,2,2,2
7989d259bdf69447ee8e00970c3f3228,9ccd3694bf9d11a53846dcc5c105e7b6,1.0,2,2,2
7989d259bdf69447ee8e00970c3f3228,9f5b78334246addf67c6b0545bc7dd2b,1.0,2,2,2
7989d259bdf69447ee8e00970c3f3228,a6ddea592cbc5da9970a9a9803c07347,1.0,2,2,2
7989d259bdf69447ee8e00970c3f3228,ae4040757eb5b3be43a7c0ea27260d50,1.0,2,2,2
7989d259bdf69447ee8e00970c3f3228,af417df88fa589d65603e559ee80a22c,1.0,2,2,2
7989d259bdf69447ee8e00970c3f3228,c4295b913119b04f3c9d28a7bfd524f1,1.0,2,2,2
7989d259bdf69447ee8e00970c3f3228,d9752ac494a2b97507fd2faa478cabd9,1.0,2,2,2
7989d259bdf69447ee8e00970c3f3228,e1015df046a6e086818dc851b65c2392,1.0,2,2,2
7989d259bdf69447ee8e00970c3f3228,e238fba997eec80e48bf8d8689877d89,1.0,2,2,2
7989d259bdf69447ee8e00970c3f3228,ec8cf19822473555370553d399f7a654,1.0,2,2,2
7de1536dfbeaacfb971b48c2c93c16cc,7e69734dad7cfcbe95aa59f38095057d,1.0,2,2,2
7de1536dfbeaacfb971b48c2c93c16cc,8b88f64495d95d12a12c0d71534d0faa,1.0,2,2,2
7de1536dfbeaacfb971b48c2c93c16cc,9a56d30e286ddea1374c143d111de34d,1.0,2,2,2
7de1536dfbeaacfb971b48c2c93c16cc,9ccd3694bf9d11a53846dcc5c105e7b6,1.0,2,2,2
7de1536dfbeaacfb971b48c2c93c16cc,9f5b78334246addf67c6b0545bc7dd2b,1.0,2,2,2
7de1536dfbeaacfb971b48c2c93c16cc,a6ddea592cbc5da9970a9a9803c07347,1.0,2,2,2
7de1536dfbeaacfb971b48c2c93c16cc,ae4040757eb5b3be43a7c0ea27260d50,1.0,2,2,2
7de1536dfbeaacfb971b48c2c93c16cc,af417df88fa589d65603e559ee80a22c,1.0,2,2,2
7de1536dfbeaacfb971b48c2c93c16cc,c4295b913119b04f3c9d28a7bfd524f1,1.0,2,2,2
7de1536dfbeaacfb971b48c2c93c16cc,d9752ac494a2b97507fd2faa478cabd9,1.0,2,2,2
7de1536dfbeaacfb971b48c2c93c16cc,e1015df046a6e086818dc851b65c2392,1.0,2,2,2
7de1536dfbeaacfb971b48c2c93c16cc,e238fba997eec80e48bf8d8689877d89,1.0,2,2,2
7de1536dfbeaacfb971b48c2c93c16cc,ec8cf19822473555370553d399f7a654,1.0,2,2,2
7e69734dad7cfcbe95aa59f38095057d,8b88f64495d95d12a12c0d71534d0faa,1.0,2,2,2
7e69734dad7cfcbe95aa59f38095057d,9a56d30e286ddea1374c143d111de34d,1.0,2,2,2
7e69734dad7cfcbe95aa59f38095057d,9ccd3694bf9d11a53846dcc5c105e7b6,1.0,2,2,2
7e69734dad7cfcbe95aa59f38095057d,9f5b78334246addf67c6b0545bc7dd2b,1.0,2,2,2
7e69734dad7cfcbe95aa59f38095057d,a6ddea592cbc5da9970a9a9803c07347,1.0,2,2,2
7e69734dad7cfcbe95aa59f38095057d,ae4040757eb5b3be43a7c0ea27260d50,1.0,2,2,2
7e69734dad7cfcbe95aa59f38095057d,af417df88fa589d65603e559ee80a22c,1.0,2,2,2
7e69734dad7cfcbe95aa59f38095057d,c4295b913119b04f3c9d28a7bfd524f1,1.0,2,2,2
7e69734dad7cfcbe95aa59f38095057d,d9752ac494a2b97507fd2faa478cabd9,1.0,2,2,2
7e69734dad7cfcbe95aa59f38095057d,e1015df046a6e086818dc851b65c2392,1.0,2,2,2
7e69734dad7cfcbe95aa59f38095057d,e238fba997eec80e48bf8d8689877d89,1.0,2,2,2
7e69734dad7cfcbe95aa59f38095057d,ec8cf19822473555370553d399f7a654,1.0,2,2,2
8b88f64495d95d12a12c0d71534d0faa,9a56d30e286ddea1374c143d111de34d,1.0,2,2,2
8b88f64495d95d12a12c0d71534d0faa,9ccd3694bf9d11a53846dcc5c105e7b6,1.0,2,2,2
8b88f64495d95d12a12c0d71534d0faa,9f5b78334246addf67c6b0545bc7dd2b,1.0,2,2,2
8b88f64495d95d12a12c0d71534d0faa,a6ddea592cbc5da9970a9a9803c07347,1.0,2,2,2
8b88f64495d95d12a12c0d71534d0faa,ae4040757eb5b3be43a7c0ea27260d50,1.0,2,2,2
8b88f64495d95d12a12c0d71534d0faa,af417df88fa589d65603e559ee80a22c,1.0,2,2,2
8b88f64495d95d12a12c0d71534d0faa,c4295b913119b04f3c9d28a7bfd524f1,1.0,2,2,2
8b88f64495d95d12a12c0d71534d0faa,d9752ac494a2b97507fd2faa478cabd9,1.0,2,2,2
8b88f64495d95d12a12c0d71534d0faa,e1015df046a6e086818dc851b65c2392,1.0,2,2,2
8b88f64495d95d12a12c0d71534d0faa,e238fba997eec80e48bf8d8689877d89,1.0,2,2,2
8b88f64495d95d12a12c0d71534d0faa,ec8cf19822473555370553d399f7a654,1.0,2,2,2
9a56d30e286ddea1374c143d111de34d,9ccd3694bf9d11a53846dcc5c105e7b6,1.0,2,2,2
9a56d30e286ddea1374c143d111de34d,9f5b78334246addf67c6b0545bc7dd2b,1.0,2,2,2
9a56d30e286ddea1374c143d111de34d,a6ddea592cbc5da9970a9a9803c07347,1.0,2,2,2
9a56d30e286ddea1374c143d111de34d,ae4040757eb5b3be43a7c0ea27260d50,1.0,2,2,2
9a56d30e286ddea1374c143d111de34d,af417df88fa589d65603e559ee80a22c,1.0,2,2,2
9a56d30e286ddea1374c143d111de34d,c4295b913119b04f3c9d28a7bfd524f1,1.0,2,2,2
9a56d30e286ddea1374c143d111de34d,d9752ac494a2b97507fd2faa478cabd9,1.0,2,2,2
9a56d30e286ddea1374c143d111de34d,e1015df046a6e086818dc851b65c2392,1.0,2,2,2
9a56d30e286ddea1374c143d111de34d,e238fba997eec80e48bf8d8689877d89,1.0,2,2,2
9a56d30e286ddea1374c143d111de34d,ec8cf19822473555370553d399f7a654,1.0,2,2,2
9ccd3694bf9d11a53846dcc5c105e7b6,9f5b78334246addf67c6b0545bc7dd2b,1.0,2,2,2
9ccd3694bf9d11a53846dcc5c105e7b6,a6ddea592cbc5da9970a9a9803c07347,1.0,2,2,2
9ccd3694bf9d11a53846dcc5c105e7b6,ae4040757eb5b3be43a7c0ea27260d50,1.0,2,2,2
9ccd3694bf9d11a53846dcc5c105e7b6,af417df88fa589d65603e559ee80a22c,1.0,2,2,2
9ccd3694bf9d11a53846dcc5c105e7b6,c4295b913119b04f3c9d28a7bfd524f1,1.0,2,2,2
9ccd3694bf9d11a53846dcc5c105e7b6,d9752ac494a2b97507fd2faa478cabd9,1.0,2,2,2
9ccd3694bf9d11a53846dcc5c105e7b6,e1015df046a6e086818dc851b65c2392,1.0,2,2,2
9ccd3694bf9d11a53846dcc5c105e7b6,e238fba997eec80e48bf8d8689877d89,1.0,2,2,2
9ccd3694bf9d11a53846dcc5c105e7b6,ec8cf19822473555370553d399f7a654,1.0,2,2,2
9f5b78334246addf67c6b0545bc7dd2b,a6ddea592cbc5da9970a9a9803c07347,1.0,2,2,2
9f5b78334246addf67c6b0545bc7dd2b,ae4040757eb5b3be43a7c0ea27260d50,1.0,2,2,2
9f5b78334246addf67c6b0545bc7dd2b,af417df88fa589d65603e559ee80a22c,1.0,2,2,2
9f5b78334246addf67c6b0545bc7dd2b,c4295b913119b04f3c9d28a7bfd524f1,1.0,2,2,2
9f5b78334246addf67c6b0545bc7dd2b,d9752ac494a2b97507fd2faa478cabd9,1.0,2,2,2
9f5b78334246addf67c6b0545bc7dd2b,e1015df046a6e086818dc851b65c2392,1.0,2,2,2
9f5b78334246addf67c6b0545bc7dd2b,e238fba997eec80e48bf8d8689877d89,1.0,2,2,2
9f5b78334246addf67c6b0545bc7dd2b,ec8cf19822473555370553d399f7a654,1.0,2,2,2
a6ddea592cbc5da9970a9a9803c07347,ae4040757eb5b3be43a7c0ea27260d50,1.0,2,2,2
a6ddea592cbc5da9970a9a9803c07347,af417df88fa589d65603e559ee80a22c,1.0,2,2,2
a6ddea592cbc5da9970a9a9803c07347,c4295b913119b04f3c9d28a7bfd524f1,1.0,2,2,2
a6ddea592cbc5da9970a9a9803c07347,d9752ac494a2b97507fd2faa478cabd9,1.0,2,2,2
a6ddea592cbc5da9970a9a9803c07347,e1015df046a6e086818dc851b65c2392,1.0,2,2,2
a6ddea592cbc5da9970a9a9803c07347,e238fba997eec80e48bf8d8689877d89,1.0,2,2,2
a6ddea592cbc5da9970a9a9803c07347,ec8cf19822473555370553d399f7a654,1.0,2,2,2
ae4040757eb5b3be43a7c0ea27260d50,af417df88fa589d65603e559ee80a22c,1.0,2,2,2
ae4040757eb5b3be43a7c0ea27260d50,c4295b913119b04f3c9d28a7bfd524f1,1.0,2,2,2
ae4040757eb5b3be43a7c0ea27260d50,d9752ac494a2b97507fd2faa478cabd9,1.0,2,2,2
ae4040757eb5b3be43a7c0ea27260d50,e1015df046a6e086818dc851b65c2392,1.0,2,2,2
ae4040757eb5b3be43a7c0ea27260d50,e238fba997eec80e48bf8d8689877d89,1.0,2,2,2
ae4040757eb5b3be43a7c0ea27260d50,ec8cf19822473555370553d399f7a654,1.0,2,2,2
af417df88fa589d65603e559ee80a22c,c4295b913119b04f3c9d28a7bfd524f1,1.0,2,2,2
af417df88fa589d65603e559ee80a22c,d9752ac494a2b97507fd2faa478cabd9,1.0,2,2,2
af417df88fa589d65603e559ee80a22c,e1015df046a6e086818dc851b65c2392,1.0,2,2,2
af417df88fa589d65603e559ee80a22c,e238fba997eec80e48bf8d8689877d89,1.0,2,2,2
af417df88fa589d65603e559ee80a22c,ec8cf19822473555370553d399f7a654,1.0,2,2,2
c0140285255813aa0830caed71942ed5,d419aaf930662d4df4ee988b75b9123c,1.0,2,2,2
c4295b913119b04f3c9d28a7bfd524f1,d9752ac494a2b97507fd2faa478cabd9,1.0,2,2,2
c4295b913119b04f3c9d28a7bfd524f1,e1015df046a6e086818dc851b65c2392,1.0,2,2,2
c4295b913119b04f3c9d28a7bfd524f1,e238fba997eec80e48bf8d8689877d89,1.0,2,2,2
c4295b913119b04f3c9d28a7bfd524f1,ec8cf19822473555370553d399f7a654,1.0,2,2,2
d9752ac494a2b97507fd2faa478cabd9,e1015df046a6e086818dc851b65c2392,1.0,2,2,2
d9752ac494a2b97507fd2faa478cabd9,e238fba997eec80e48bf8d8689877d89,1.0,2,2,2
d9752ac494a2b97507fd2faa478cabd9,ec8cf19822473555370553d399f7a654,1.0,2,2,2
e1015df046a6e086818dc851b65c2392,e238fba997eec80e48bf8d8689877d89,1.0,2,2,2
e1015df046a6e086818dc851b65c2392,ec8cf19822473555370553d399f7a654,1.0,2,2,2
e238fba997eec80e48bf8d8689877d89,ec8cf19822473555370553d399f7a654,1.0,2,2,2
00ec23a308504080697e5204d3dbcb2c,4deaa9aac5d5939feb62de62e7d24b50,1.0,2,2,2
00ec23a308504080697e5204d3dbcb2c,500916dd05e1a0eef077815b20b9b644,1.0,2,2,2
00ec23a308504080697e5204d3dbcb2c,f71f43f5a8dc56beb6ebdabf0d82e802,1.0,2,2,2
4deaa9aac5d5939feb62de62e7d24b50,500916dd05e1a0eef077815b20b9b644,1.0,2,2,2
4deaa9aac5d5939feb62de62e7d24b50,f71f43f5a8dc56beb6ebdabf0d82e802,1.0,2,2,2
500916dd05e1a0eef077815b20b9b644,f71f43f5a8dc56beb6ebdabf0d82e802,1.0,2,2,2
05fb25843c4048d1ce40611d11966278,09ecbbc6902ae2add46294a42e3a59f1,1.0,2,2,2
05fb25843c4048d1ce40611d11966278,0d52f8cd8892f109a15803df169113b6,1.0,2,2,2
05fb25843c4048d1ce40611d11966278,444afd392665f1cc1f3b65ec48063735,1.0,2,2,2
05fb25843c4048d1ce40611d11966278,4b72c220414716bd4464a30fac305adc,1.0,2,2,2
05fb25843c4048d1ce40611d11966278,79a932ef36d3058a3bff9ed1a8d31b4c,1.0,2,2,2
05fb25843c4048d1ce40611d11966278,a24587c47d40ff560266576b543d16d8,1.0,2,2,2
05fb25843c4048d1ce40611d11966278,ae8482b27b2119e2c3278f5ddf9c1024,1.0,2,2,2
05fb25843c4048d1ce40611d11966278,e261fc64438c07bf3f12e82fe26c0682,1.0,2,2,2
05fb25843c4048d1ce40611d11966278,f46ebdbd5c48c0683980a759b8937912,1.0,2,2,2
05fb25843c4048d1ce40611d11966278,fd46f99e9913ddee8a6ce5f91d65cf09,1.0,2,2,2
09ecbbc6902ae2add46294a42e3a59f1,0d52f8cd8892f109a15803df169113b6,1.0,2,2,2
09ecbbc6902ae2add46294a42e3a59f1,444afd392665f1cc1f3b65ec48063735,1.0,2,2,2
09ecbbc6902ae2add46294a42e3a59f1,4b72c220414716bd4464a30fac305adc,1.0,2,2,2
09ecbbc6902ae2add46294a42e3a59f1,79a932ef36d3058a3bff9ed1a8d31b4c,1.0,2,2,2
09ecbbc6902ae2add46294a42e3a59f1,a24587c47d40ff560266576b543d16d8,1.0,2,2,2
09ecbbc6902ae2add46294a42e3a59f1,ae8482b27b2119e2c3278f5ddf9c1024,1.0,2,2,2
09ecbbc6902ae2add46294a42e3a59f1,e261fc64438c07bf3f12e82fe26c0682,1.0,2,2,2
09ecbbc6902ae2add46294a42e3a59f1,f46ebdbd5c48c0683980a759b8937912,1.0,2,2,2
09ecbbc6902ae2add46294a42e3a59f1,fd46f99e9913ddee8a6ce5f91d65cf09,1.0,2,2,2
0d52f8cd8892f109a15803df169113b6,444afd392665f1cc1f3b65ec48063735,1.0,2,2,2
0d52f8cd8892f109a15803df169113b6,4b72c220414716bd4464a30fac305adc,1.0,2,2,2
0d52f8cd8892f109a15803df169113b6,79a932ef36d3058a3bff9ed1a8d31b4c,1.0,2,2,2
0d52f8cd8892f109a15803df169113b6,a24587c47d40ff560266576b543d16d8,1.0,2,2,2
0d52f8cd8892f109a15803df169113b6,ae8482b27b2119e2c3278f5ddf9c1024,1.0,2,2,2
0d52f8cd8892f109a15803df169113b6,e261fc64438c07bf3f12e82fe26c0682,1.0,2,2,2
0d52f8cd8892f109a15803df169113b6,f46ebdbd5c48c0683980a759b8937912,1.0,2,2,2
0d52f8cd8892f109a15803df169113b6,fd46f99e9913ddee8a6ce5f91d65cf09,1.0,2,2,2
444afd392665f1cc1f3b65ec48063735,4b72c220414716bd4464a30fac305adc,1.0,2,2,2
444afd392665f1cc1f3b65ec48063735,79a932ef36d3058a3bff9ed1a8d31b4c,1.0,2,2,2
444afd392665f1cc1f3b65ec48063735,a24587c47d40ff560266576b543d16d8,1.0,2,2,2
444afd392665f1cc1f3b65ec48063735,ae8482b27b2119e2c3278f5ddf9c1024,1.0,2,2,2
444afd392665f1cc1f3b65ec48063735,e261fc64438c07bf3f12e82fe26c0682,1.0,2,2,2
444afd392665f1cc1f3b65ec48063735,f46ebdbd5c48c0683980a759b8937912,1.0,2,2,2
444afd392665f1cc1f3b65ec48063735,fd46f99e9913ddee8a6ce5f91d65cf09,1.0,2,2,2
4b72c220414716bd4464a30fac305adc,79a932ef36d3058a3bff9ed1a8d31b4c,1.0,2,2,2
4b72c220414716bd4464a30fac305adc,a24587c47d40ff560266576b543d16d8,1.0,2,2,2
4b72c220414716bd4464a30fac305adc,ae8482b27b2119e2c3278f5ddf9c1024,1.0,2,2,2
4b72c220414716bd4464a30fac305adc,e261fc64438c07bf3f12e82fe26c0682,1.0,2,2,2
4b72c220414716bd4464a30fac305adc,f46ebdbd5c48c0683980a759b8937912,1.0,2,2,2
4b72c220414716bd4464a30fac305adc,fd46f99e9913ddee8a6ce5f91d65cf09,1.0,2,2,2
79a932ef36d3058a3bff9ed1a8d31b4c,a24587c47d40ff560266576b543d16d8,1.0,2,2,2
79a932ef36d3058a3bff9ed1a8d31b4c,ae8482b27b2119e2c3278f5ddf9c1024,1.0,2,2,2
79a932ef36d3058a3bff9ed1a8d31b4c,e261fc64438c07bf3f12e82fe26c0682,1.0,2,2,2
79a932ef36d3058a3bff9ed1a8d31b4c,f46ebdbd5c48c0683980a759b8937912,1.0,2,2,2
79a932ef36d3058a3bff9ed1a8d31b4c,fd46f99e9913ddee8a6ce5f91d65cf09,1.0,2,2,2
a24587c47d40ff560266576b543d16d8,ae8482b27b2119e2c3278f5ddf9c1024,1.0,2,2,2
a24587c47d40ff560266576b543d16d8,e261fc64438c07bf3f12e82fe26c0682,1.0,2,2,2
a24587c47d40ff560266576b543d16d8,f46ebdbd5c48c0683980a759b8937912,1.0,2,2,2
a24587c47d40ff560266576b543d16d8,fd46f99e9913ddee8a6ce5f91d65cf09,1.0,2,2,2
ae8482b27b2119e2c3278f5ddf9c1024,e261fc64438c07bf3f12e82fe26c0682,1.0,2,2,2
ae8482b27b2119e2c3278f5ddf9c1024,f46ebdbd5c48c0683980a759b8937912,1.0,2,2,2
ae8482b27b2119e2c3278f5ddf9c1024,fd46f99e9913ddee8a6ce5f91d65cf09,1.0,2,2,2
e261fc64438c07bf3f12e82fe26c0682,f46ebdbd5c48c0683980a759b8937912,1.0,2,2,2
e261fc64438c07bf3f12e82fe26c0682,fd46f99e9913ddee8a6ce5f91d65cf09,1.0,2,2,2
f46ebdbd5c48c0683980a759b8937912,fd46f99e9913ddee8a6ce5f91d65cf09,1.0,2,2,2
730e4b7ede33b484516435d39ab4dc49,be4cb52f1e018e4ad1abc82eac59bfd3,1.0,2,2,2
730e4b7ede33b484516435d39ab4dc49,edd176efa31cbfc929efbac163cb45a6,1.0,2,2,2
be4cb52f1e018e4ad1abc82eac59bfd3,edd176efa31cbfc929efbac163cb45a6,1.0,2,2,2
5ace05247b6926d3e595ac4de6620b1d,b9fc2d4c90bdadc7052fabe8353084ed,1.0,2,2,2
00e8cbf31206edcf22b7b118daa13983,8266a33ae45def22e9a5142f504746f1,1.0,2,2,2
2666a61d9b5755651665549f80bb3450,fb0e46dc6bf9064d27702ba51c66e8ae,1.0,2,2,2
4654e5ef29b043f05bbd28af25225a50,54a0adda1e4280f00619da4f756ebad3,1.0,2,2,2
0b1ef8f1c964c96702a47c381c61f84f,38775863e907bb656c90a73fbc8083e4,1.0,2,2,2
0b1ef8f1c964c96702a47c381c61f84f,4f928a6270233d6c7c4e73919fa12295,1.0,2,2,2
0b1ef8f1c964c96702a47c381c61f84f,5b40b6d003822b8ff229a910784fe4e5,1.0,2,2,2
0b1ef8f1c964c96702a47c381c61f84f,7f0a32f4af1dd3e5f0c45a633ace40ba,1.0,2,2,2
38775863e907bb656c90a73fbc8083e4,4f928a6270233d6c7c4e73919fa12295,1.0,2,2,2
38775863e907bb656c90a73fbc8083e4,5b40b6d003822b8ff229a910784fe4e5,1.0,2,2,2
38775863e907bb656c90a73fbc8083e4,7f0a32f4af1dd3e5f0c45a633ace40ba,1.0,2,2,2
4f928a6270233d6c7c4e73919fa12295,5b40b6d003822b8ff229a910784fe4e5,1.0,2,2,2
4f928a6270233d6c7c4e73919fa12295,7f0a32f4af1dd3e5f0c45a633ace40ba,1.0,2,2,2
5b40b6d003822b8ff229a910784fe4e5,7f0a32f4af1dd3e5f0c45a633ace40ba,1.0,2,2,2
397017a63f9c38e08a205d660a5d3019,3e332338454c5752a0ff8cb3858fabfb,1.0,2,2,2
9b82602fc3e9a153752f16553752d58d,c632f50941cea29d2d1501813c183dcf,1.0,2,2,2
56e3a158ef88285f2c15a83db0b13d93,b1039a56990acdddd5438aea568557db,1.0,2,2,2
0130baad44d0ccc44bc7526c1ac18c64,3413f9bca7b61d654f1da9a0afd68c7b,1.0,2,2,2
27259fad9054fce994a70f1d117bc402,55bea30cd78db302debc515e81a851d4,1.0,2,2,2
27259fad9054fce994a70f1d117bc402,651ed17eda0600815cf614b33c535d6b,1.0,2,2,2
27259fad9054fce994a70f1d117bc402,8fe4f9a0d6a47babbd498127a9109bd1,1.0,2,2,2
27259fad9054fce994a70f1d117bc402,a676674630bb75afa401d173d691473e,1.0,2,2,2
27259fad9054fce994a70f1d117bc402,a95a7250342fa968f37ddc74a5199ae6,1.0,2,2,2
55bea30cd78db302debc515e81a851d4,651ed17eda0600815cf614b33c535d6b,1.0,2,2,2
55bea30cd78db302debc515e81a851d4,8fe4f9a0d6a47babbd498127a9109bd1,1.0,2,2,2
55bea30cd78db302debc515e81a851d4,a676674630bb75afa401d173d691473e,1.0,2,2,2
55bea30cd78db302debc515e81a851d4,a95a7250342fa968f37ddc74a5199ae6,1.0,2,2,2
651ed17eda0600815cf614b33c535d6b,8fe4f9a0d6a47babbd498127a9109bd1,1.0,2,2,2
651ed17eda0600815cf614b33c535d6b,a676674630bb75afa401d173d691473e,1.0,2,2,2
651ed17eda0600815cf614b33c535d6b,a95a7250342fa968f37ddc74a5199ae6,1.0,2,2,2
8fe4f9a0d6a47babbd498127a9109bd1,a676674630bb75afa401d173d691473e,1.0,2,2,2
8fe4f9a0d6a47babbd498127a9109bd1,a95a7250342fa968f37ddc74a5199ae6,1.0,2,2,2
a676674630bb75afa401d173d691473e,a95a7250342fa968f37ddc74a5199ae6,1.0,2,2,2
35bbb96d850c5f9ab81302b4dd1670c4,de0bf4b52c6b76e5ddc39b9bd24bbb26,1.0,2,2,2
40aff2666e4f64f660c941072c6e2521,43f94ca19cdd8f90882d20383806d388,1.0,2,2,2
6746118163577769f5bad6a82a0b0790,69333c9b0482a31b66b050c1c62f8cec,1.0,2,2,2
6746118163577769f5bad6a82a0b0790,87edab45c7b7068800caa444e90bf164,1.0,2,2,2
69333c9b0482a31b66b050c1c62f8cec,87edab45c7b7068800caa444e90bf164,1.0,2,2,2
481d9ef7f22b196a3112b031c1b972d1,577786ab410d98d13e0a00878cd9e8fa,1.0,2,2,2
481d9ef7f22b196a3112b031c1b972d1,70fc429b7bf128070c74d50e27d0c6a2,1.0,2,2,2
481d9ef7f22b196a3112b031c1b972d1,ae1d1e3aace44aeae97187488325c43f,1.0,2,2,2
577786ab410d98d13e0a00878cd9e8fa,70fc429b7bf128070c74d50e27d0c6a2,1.0,2,2,2
577786ab410d98d13e0a00878cd9e8fa,ae1d1e3aace44aeae97187488325c43f,1.0,2,2,2
70fc429b7bf128070c74d50e27d0c6a2,ae1d1e3aace44aeae97187488325c43f,1.0,2,2,2
760aa83faf9321a80f455369d7339a0a,f46971f1ac7b376b668114a027c98e78,1.0,2,2,2
2bfb41d07316202af02dd28b825028d0,2ecb8546a5c0ea3c74dfa8b77a321370,1.0,2,2,2
2bfb41d07316202af02dd28b825028d0,3fdd5f758dedbccffc537354946aa3b6,1.0,2,2,2
2bfb41d07316202af02dd28b825028d0,8fa60adf18fe4fd010cad0b48f6fedb4,1.0,2,2,2
2bfb41d07316202af02dd28b825028d0,aaad6d68de5490cba508e4203ddc87de,1.0,2,2,2
2bfb41d07316202af02dd28b825028d0,b4324bf24671bd5c4ebfcd2a8c639e86,1.0,2,2,2
2bfb41d07316202af02dd28b825028d0,c735c714dbe80672320182bb48bba3ba,1.0,2,2,2
2ecb8546a5c0ea3c74dfa8b77a321370,3fdd5f758dedbccffc537354946aa3b6,1.0,2,2,2
2ecb8546a5c0ea3c74dfa8b77a321370,8fa60adf18fe4fd010cad0b48f6fedb4,1.0,2,2,2
2ecb8546a5c0ea3c74dfa8b77a321370,aaad6d68de5490cba508e4203ddc87de,1.0,2,2,2
2ecb8546a5c0ea3c74dfa8b77a321370,b4324bf24671bd5c4ebfcd2a8c639e86,1.0,2,2,2
2ecb8546a5c0ea3c74dfa8b77a321370,c735c714dbe80672320182bb48bba3ba,1.0,2,2,2
3fdd5f758dedbccffc537354946aa3b6,8fa60adf18fe4fd010cad0b48f6fedb4,1.0,2,2,2
3fdd5f758dedbccffc537354946aa3b6,aaad6d68de5490cba508e4203ddc87de,1.0,2,2,2
3fdd5f758dedbccffc537354946aa3b6,b4324bf24671bd5c4ebfcd2a8c639e86,1.0,2,2,2
3fdd5f758dedbccffc537354946aa3b6,c735c714dbe80672320182bb48bba3ba,1.0,2,2,2
8fa60adf18fe4fd010cad0b48f6fedb4,aaad6d68de5490cba508e4203ddc87de,1.0,2,2,2
8fa60adf18fe4fd010cad0b48f6fedb4,b4324bf24671bd5c4ebfcd2a8c639e86,1.0,2,2,2
8fa60adf18fe4fd010cad0b48f6fedb4,c735c714dbe80672320182bb48bba3ba,1.0,2,2,2
aaad6d68de5490cba508e4203ddc87de,b4324bf24671bd5c4ebfcd2a8c639e86,1.0,2,2,2
aaad6d68de5490cba508e4203ddc87de,c735c714dbe80672320182bb48bba3ba,1.0,2,2,2
b4324bf24671bd5c4ebfcd2a8c639e86,c735c714dbe80672320182bb48bba3ba,1.0,2,2,2
1a716867d4991435608b0c3296384801,74ef2468836d147c610bc829ecd77677,1.0,2,2,2
6782d39234f06de1548c8e8514082d63,891e01e2ab20f46c3e5602cd958c1ec7,1.0,2,2,2
6bcce41d3b905cf26ad66b9fe760bbc0,d1d5df8c1c5a2a239bbd30a2b2685f66,1.0,2,2,2
7e13c5b52f3f0e1979723ff4b9051904,96278eb6dace1f0dce1f78d760d5587f,1.0,2,2,2
7e13c5b52f3f0e1979723ff4b9051904,bf021b222ddfd6549c1ae7b11a8522d8,1.0,2,2,2
7e13c5b52f3f0e1979723ff4b9051904,c1e936d4c4fd02c66085ed43914d0b67,1.0,2,2,2
7e13c5b52f3f0e1979723ff4b9051904,d4e365482617be6d91e1271aa793b3c2,1.0,2,2,2
96278eb6dace1f0dce1f78d760d5587f,bf021b222ddfd6549c1ae7b11a8522d8,1.0,2,2,2
96278eb6dace1f0dce1f78d760d5587f,c1e936d4c4fd02c66085ed43914d0b67,1.0,2,2,2
96278eb6dace1f0dce1f78d760d5587f,d4e365482617be6d91e1271aa793b3c2,1.0,2,2,2
bf021b222ddfd6549c1ae7b11a8522d8,c1e936d4c4fd02c66085ed43914d0b67,1.0,2,2,2
bf021b222ddfd6549c1ae7b11a8522d8,d4e365482617be6d91e1271aa793b3c2,1.0,2,2,2
c1e936d4c4fd02c66085ed43914d0b67,d4e365482617be6d91e1271aa793b3c2,1.0,2,2,2
024bc6c3997170f0ca30edba8ba8aa55,3ce1c87f5a41df6487cde6bb63eda741,1.0,2,2,2
4d46468a975352fcca7ab6e1d828fea8,e49047a4c83acc67477aea24e68e0d10,1.0,2,2,2
a2d2201f14b81eb836de9fef6d305311,e7ea4c3049b0ffcb326d8fcf44a06c05,1.0,2,2,2
02b20b7c813efede140142ac610e36dc,080a538ba865739bd97c3ffd9e71bcf0,1.0,2,2,2
02b20b7c813efede140142ac610e36dc,0f10d99ee99ca3d0489f2f2169b41ec3,1.0,2,2,2
02b20b7c813efede140142ac610e36dc,1412559410af5e92c35e053fd6acd006,1.0,2,2,2
02b20b7c813efede140142ac610e36dc,2a532e879c1278727d9d7001890cd333,1.0,2,2,2
02b20b7c813efede140142ac610e36dc,357ae7be4a22fee3a22cca59f6b681fc,1.0,2,2,2
02b20b7c813efede140142ac610e36dc,4d1fe8b6f5e9ee044a14467c8b2832b6,1.0,2,2,2
02b20b7c813efede140142ac610e36dc,5e6ff5789e4d6b6d6f2a801e4da72e7a,1.0,2,2,2
02b20b7c813efede140142ac610e36dc,5ebd246be48ec18bf3859966284333f8,1.0,2,2,2
02b20b7c813efede140142ac610e36dc,70c976663a07ebfd35d81c6179258391,1.0,2,2,2
02b20b7c813efede140142ac610e36dc,750550f1fbf777d9383acb856bc593dd,1.0,2,2,2
02b20b7c813efede140142ac610e36dc,96d3a3257161c32fe93aea0e38b16515,1.0,2,2,2
02b20b7c813efede140142ac610e36dc,9a2344afe2d1a43559906bd456567a9b,1.0,2,2,2
02b20b7c813efede140142ac610e36dc,9cb94124fb0fda10d04fccc5477573b6,1.0,2,2,2
02b20b7c813efede140142ac610e36dc,a7751ca7aa429b41cf9065a425d52aea,1.0,2,2,2
02b20b7c813efede140142ac610e36dc,b410d7fd96e7ff12af1d2f87aae875a8,1.0,2,2,2
02b20b7c813efede140142ac610e36dc,b7741f7ec50ab6bcd52ab08ea8f214d9,1.0,2,2,2
02b20b7c813efede140142ac610e36dc,ce87153ae6d1e210517154ec1057aad5,1.0,2,2,2
02b20b7c813efede140142ac610e36dc,d535471db72095137da93810c98af688,1.0,2,2,2
02b20b7c813efede140142ac610e36dc,e6f18fab493c0bdc553eafd9b66cb5f2,1.0,2,2,2
02b20b7c813efede140142ac610e36dc,f30856ad31d3e74253a3f4ccef670648,1.0,2,2,2
080a538ba865739bd97c3ffd9e71bcf0,0f10d99ee99ca3d0489f2f2169b41ec3,1.0,2,2,2
080a538ba865739bd97c3ffd9e71bcf0,1412559410af5e92c35e053fd6acd006,1.0,2,2,2
080a538ba865739bd97c3ffd9e71bcf0,2a532e879c1278727d9d7001890cd333,1.0,2,2,2
080a538ba865739bd97c3ffd9e71bcf0,357ae7be4a22fee3a22cca59f6b681fc,1.0,2,2,2
080a538ba865739bd97c3ffd9e71bcf0,4d1fe8b6f5e9ee044a14467c8b2832b6,1.0,2,2,2
080a538ba865739bd97c3ffd9e71bcf0,5e6ff5789e4d6b6d6f2a801e4da72e7a,1.0,2,2,2
080a538ba865739bd97c3ffd9e71bcf0,5ebd246be48ec18bf3859966284333f8,1.0,2,2,2
080a538ba865739bd97c3ffd9e71bcf0,70c976663a07ebfd35d81c6179258391,1.0,2,2,2
080a538ba865739bd97c3ffd9e71bcf0,750550f1fbf777d9383acb856bc593dd,1.0,2,2,2
080a538ba865739bd97c3ffd9e71bcf0,96d3a3257161c32fe93aea0e38b16515,1.0,2,2,2
080a538ba865739bd97c3ffd9e71bcf0,9a2344afe2d1a43559906bd456567a9b,1.0,2,2,2
080a538ba865739bd97c3ffd9e71bcf0,9cb94124fb0fda10d04fccc5477573b6,1.0,2,2,2
080a538ba865739bd97c3ffd9e71bcf0,a7751ca7aa429b41cf9065a425d52aea,1.0,2,2,2
080a538ba865739bd97c3ffd9e71bcf0,b410d7fd96e7ff12af1d2f87aae875a8,1.0,2,2,2
080a538ba865739bd97c3ffd9e71bcf0,b7741f7ec50ab6bcd52ab08ea8f214d9,1.0,2,2,2
080a538ba865739bd97c3ffd9e71bcf0,ce87153ae6d1e210517154ec1057aad5,1.0,2,2,2
080a538ba865739bd97c3ffd9e71bcf0,d535471db72095137da93810c98af688,1.0,2,2,2
080a538ba865739bd97c3ffd9e71bcf0,e6f18fab493c0bdc553eafd9b66cb5f2,1.0,2,2,2
080a538ba865739bd97c3ffd9e71bcf0,f30856ad31d3e74253a3f4ccef670648,1.0,2,2,2
0ddba04798f1c085d0ca93af0e91f6c1,200d8b1f16d0cc9600022fdc99987a7f,1.0,2,2,2
0ddba04798f1c085d0ca93af0e91f6c1,210bec49b9e200df48dd3f31310d606e,1.0,2,2,2
0ddba04798f1c085d0ca93af0e91f6c1,237dfb57ee5ac9e68310bfd4bd816149,1.0,2,2,2
0ddba04798f1c085d0ca93af0e91f6c1,2708339a3f5355f56983737d54fbce59,1.0,2,2,2
0ddba04798f1c085d0ca93af0e91f6c1,2c03431d52e6ae4479a2a2310fb2e481,1.0,2,2,2
0ddba04798f1c085d0ca93af0e91f6c1,3578707d5fbfaaad05a3862a179bf76d,1.0,2,2,2
0ddba04798f1c085d0ca93af0e91f6c1,399699e87adec3391203291418de34d1,1.0,2,2,2
0ddba04798f1c085d0ca93af0e91f6c1,3af5f7534be6d2d2d81562ee1dc98af2,1.0,2,2,2
0ddba04798f1c085d0ca93af0e91f6c1,3e5dd5efb71f831fffee3735c9e41e87,1.0,2,2,2
0ddba04798f1c085d0ca93af0e91f6c1,4279e2fb7de9c27f439fdb82e4f1281f,1.0,2,2,2
0ddba04798f1c085d0ca93af0e91f6c1,4e32c2752aeaa8d8b99da2b145a1c826,1.0,2,2,2
0ddba04798f1c085d0ca93af0e91f6c1,4f4a4c713a7892d9db23f694fc647d13,1.0,2,2,2
0ddba04798f1c085d0ca93af0e91f6c1,5261961eeb22ad480eafeb8829cddacf,1.0,2,2,2
0ddba04798f1c085d0ca93af0e91f6c1,5dda09ed137461608be539348c1dac39,1.0,2,2,2
0ddba04798f1c085d0ca93af0e91f6c1,65942a39d31e4aa627f0f65e0298ba2f,1.0,2,2,2
0ddba04798f1c085d0ca93af0e91f6c1,698a9cafcc15cac8cdbaee64adc6efbe,1.0,2,2,2
0ddba04798f1c085d0ca93af0e91f6c1,6d9cdc2c73e65c443351811fb9039bfa,1.0,2,2,2
0ddba04798f1c085d0ca93af0e91f6c1,6ff4f4fcdadf8410fcae5bad48d7044d,1.0,2,2,2
0ddba04798f1c085d0ca93af0e91f6c1,8418b8ecfc9702b5eacddc5e75a4dcca,1.0,2,2,2
0ddba04798f1c085d0ca93af0e91f6c1,87a305c45891600e0244ee26c0bf1fa9,1.0,2,2,2
0ddba04798f1c085d0ca93af0e91f6c1,90c312d2299d36c16bbaa3d717b3dfba,1.0,2,2,2
0ddba04798f1c085d0ca93af0e91f6c1,91da289fa4deba62c108246d150a8f4e,1.0,2,2,2
0ddba04798f1c085d0ca93af0e91f6c1,97ba9c6276256eca910e8d36e78abfa8,1.0,2,2,2
0ddba04798f1c085d0ca93af0e91f6c1,a231b02134665d0d59438a0008e6e082,1.0,2,2,2
0ddba04798f1c085d0ca93af0e91f6c1,a57efc75b64a030eb02c4ebe7f48e45f,1.0,2,2,2
0ddba04798f1c085d0ca93af0e91f6c1,a8953e3d7677addada63eee79b91e7ff,1.0,2,2,2
0ddba04798f1c085d0ca93af0e91f6c1,aab579a39b1b5c223c2e1a4bbf8ff977,1.0,2,2,2
0ddba04798f1c085d0ca93af0e91f6c1,aebd72416330dcdb02e8d478fd81c9f6,1.0,2,2,2
0ddba04798f1c085d0ca93af0e91f6c1,b0b219d68cb80e8440a7fccd3dab3851,1.0,2,2,2
0ddba04798f1c085d0ca93af0e91f6c1,b84dbaedbe3ea55d7cc0894fbea73910,1.0,2,2,2
0ddba04798f1c085d0ca93af0e91f6c1,bd6c1c99a4f6c28c98927351eb226e80,1.0,2,2,2
0ddba04798f1c085d0ca93af0e91f6c1,be4eb163762cf164f26f81021c4a5e97,1.0,2,2,2
0ddba04798f1c085d0ca93af0e91f6c1,bf257f507db19138f5bc4065313c1f87,1.0,2,2,2
0ddba04798f1c085d0ca93af0e91f6c1,c4ba227e9593faaf28a4ea8e5ec6c93f,1.0,2,2,2
0ddba04798f1c085d0ca93af0e91f6c1,cf4935767b14a8312de405de5d5bbdb5,1.0,2,2,2
0ddba04798f1c085d0ca93af0e91f6c1,dfbebe96520c2a101d602c7d003764ba,1.0,2,2,2
0ddba04798f1c085d0ca93af0e91f6c1,e225b3c270984a8097a136089a11aea9,1.0,2,2,2
0ddba04798f1c085d0ca93af0e91f6c1,e301216623168d227eb0b0a3aabb1e62,1.0,2,2,2
0ddba04798f1c085d0ca93af0e91f6c1,e8b4b9cf7e6a2e6e13371f3439a4a1ba,1.0,2,2,2
0ddba04798f1c085d0ca93af0e91f6c1,ea77749bef0ca28ab93f391cda660f71,1.0,2,2,2
0ddba04798f1c085d0ca93af0e91f6c1,f64075e7fa628bdc6c3e7c3108d7c624,1.0,2,2,2
0f10d99ee99ca3d0489f2f2169b41ec3,1412559410af5e92c35e053fd6acd006,1.0,2,2,2
0f10d99ee99ca3d0489f2f2169b41ec3,2a532e879c1278727d9d7001890cd333,1.0,2,2,2
0f10d99ee99ca3d0489f2f2169b41ec3,357ae7be4a22fee3a22cca59f6b681fc,1.0,2,2,2
0f10d99ee99ca3d0489f2f2169b41ec3,4d1fe8b6f5e9ee044a14467c8b2832b6,1.0,2,2,2
0f10d99ee99ca3d0489f2f2169b41ec3,5e6ff5789e4d6b6d6f2a801e4da72e7a,1.0,2,2,2
0f10d99ee99ca3d0489f2f2169b41ec3,5ebd246be48ec18bf3859966284333f8,1.0,2,2,2
0f10d99ee99ca3d0489f2f2169b41ec3,70c976663a07ebfd35d81c6179258391,1.0,2,2,2
0f10d99ee99ca3d0489f2f2169b41ec3,750550f1fbf777d9383acb856bc593dd,1.0,2,2,2
0f10d99ee99ca3d0489f2f2169b41ec3,96d3a3257161c32fe93aea0e38b16515,1.0,2,2,2
0f10d99ee99ca3d0489f2f2169b41ec3,9a2344afe2d1a43559906bd456567a9b,1.0,2,2,2
0f10d99ee99ca3d0489f2f2169b41ec3,9cb94124fb0fda10d04fccc5477573b6,1.0,2,2,2
0f10d99ee99ca3d0489f2f2169b41ec3,a7751ca7aa429b41cf9065a425d52aea,1.0,2,2,2
0f10d99ee99ca3d0489f2f2169b41ec3,b410d7fd96e7ff12af1d2f87aae875a8,1.0,2,2,2
0f10d99ee99ca3d0489f2f2169b41ec3,b7741f7ec50ab6bcd52ab08ea8f214d9,1.0,2,2,2
0f10d99ee99ca3d0489f2f2169b41ec3,ce87153ae6d1e210517154ec1057aad5,1.0,2,2,2
0f10d99ee99ca3d0489f2f2169b41ec3,d535471db72095137da93810c98af688,1.0,2,2,2
0f10d99ee99ca3d0489f2f2169b41ec3,e6f18fab493c0bdc553eafd9b66cb5f2,1.0,2,2,2
0f10d99ee99ca3d0489f2f2169b41ec3,f30856ad31d3e74253a3f4ccef670648,1.0,2,2,2
1412559410af5e92c35e053fd6acd006,2a532e879c1278727d9d7001890cd333,1.0,2,2,2
1412559410af5e92c35e053fd6acd006,357ae7be4a22fee3a22cca59f6b681fc,1.0,2,2,2
1412559410af5e92c35e053fd6acd006,4d1fe8b6f5e9ee044a14467c8b2832b6,1.0,2,2,2
1412559410af5e92c35e053fd6acd006,5e6ff5789e4d6b6d6f2a801e4da72e7a,1.0,2,2,2
1412559410af5e92c35e053fd6acd006,5ebd246be48ec18bf3859966284333f8,1.0,2,2,2
1412559410af5e92c35e053fd6acd006,70c976663a07ebfd35d81c6179258391,1.0,2,2,2
1412559410af5e92c35e053fd6acd006,750550f1fbf777d9383acb856bc593dd,1.0,2,2,2
1412559410af5e92c35e053fd6acd006,96d3a3257161c32fe93aea0e38b16515,1.0,2,2,2
1412559410af5e92c35e053fd6acd006,9a2344afe2d1a43559906bd456567a9b,1.0,2,2,2
1412559410af5e92c35e053fd6acd006,9cb94124fb0fda10d04fccc5477573b6,1.0,2,2,2
1412559410af5e92c35e053fd6acd006,a7751ca7aa429b41cf9065a425d52aea,1.0,2,2,2
1412559410af5e92c35e053fd6acd006,b410d7fd96e7ff12af1d2f87aae875a8,1.0,2,2,2
1412559410af5e92c35e053fd6acd006,b7741f7ec50ab6bcd52ab08ea8f214d9,1.0,2,2,2
1412559410af5e92c35e053fd6acd006,ce87153ae6d1e210517154ec1057aad5,1.0,2,2,2
1412559410af5e92c35e053fd6acd006,d535471db72095137da93810c98af688,1.0,2,2,2
1412559410af5e92c35e053fd6acd006,e6f18fab493c0bdc553eafd9b66cb5f2,1.0,2,2,2
1412559410af5e92c35e053fd6acd006,f30856ad31d3e74253a3f4ccef670648,1.0,2,2,2
200d8b1f16d0cc9600022fdc99987a7f,210bec49b9e200df48dd3f31310d606e,1.0,2,2,2
200d8b1f16d0cc9600022fdc99987a7f,237dfb57ee5ac9e68310bfd4bd816149,1.0,2,2,2
200d8b1f16d0cc9600022fdc99987a7f,2708339a3f5355f56983737d54fbce59,1.0,2,2,2
200d8b1f16d0cc9600022fdc99987a7f,2c03431d52e6ae4479a2a2310fb2e481,1.0,2,2,2
200d8b1f16d0cc9600022fdc99987a7f,3578707d5fbfaaad05a3862a179bf76d,1.0,2,2,2
200d8b1f16d0cc9600022fdc99987a7f,399699e87adec3391203291418de34d1,1.0,2,2,2
200d8b1f16d0cc9600022fdc99987a7f,3af5f7534be6d2d2d81562ee1dc98af2,1.0,2,2,2
200d8b1f16d0cc9600022fdc99987a7f,3e5dd5efb71f831fffee3735c9e41e87,1.0,2,2,2
200d8b1f16d0cc9600022fdc99987a7f,4279e2fb7de9c27f439fdb82e4f1281f,1.0,2,2,2
200d8b1f16d0cc9600022fdc99987a7f,4e32c2752aeaa8d8b99da2b145a1c826,1.0,2,2,2
200d8b1f16d0cc9600022fdc99987a7f,4f4a4c713a7892d9db23f694fc647d13,1.0,2,2,2
200d8b1f16d0cc9600022fdc99987a7f,5261961eeb22ad480eafeb8829cddacf,1.0,2,2,2
200d8b1f16d0cc9600022fdc99987a7f,5dda09ed137461608be539348c1dac39,1.0,2,2,2
200d8b1f16d0cc9600022fdc99987a7f,65942a39d31e4aa627f0f65e0298ba2f,1.0,2,2,2
200d8b1f16d0cc9600022fdc99987a7f,698a9cafcc15cac8cdbaee64adc6efbe,1.0,2,2,2
200d8b1f16d0cc9600022fdc99987a7f,6d9cdc2c73e65c443351811fb9039bfa,1.0,2,2,2
200d8b1f16d0cc9600022fdc99987a7f,6ff4f4fcdadf8410fcae5bad48d7044d,1.0,2,2,2
200d8b1f16d0cc9600022fdc99987a7f,8418b8ecfc9702b5eacddc5e75a4dcca,1.0,2,2,2
200d8b1f16d0cc9600022fdc99987a7f,87a305c45891600e0244ee26c0bf1fa9,1.0,2,2,2
200d8b1f16d0cc9600022fdc99987a7f,90c312d2299d36c16bbaa3d717b3dfba,1.0,2,2,2
200d8b1f16d0cc9600022fdc99987a7f,91da289fa4deba62c108246d150a8f4e,1.0,2,2,2
200d8b1f16d0cc9600022fdc99987a7f,97ba9c6276256eca910e8d36e78abfa8,1.0,2,2,2
200d8b1f16d0cc9600022fdc99987a7f,a231b02134665d0d59438a0008e6e082,1.0,2,2,2
200d8b1f16d0cc9600022fdc99987a7f,a57efc75b64a030eb02c4ebe7f48e45f,1.0,2,2,2
200d8b1f16d0cc9600022fdc99987a7f,a8953e3d7677addada63eee79b91e7ff,1.0,2,2,2
200d8b1f16d0cc9600022fdc99987a7f,aab579a39b1b5c223c2e1a4bbf8ff977,1.0,2,2,2
200d8b1f16d0cc9600022fdc99987a7f,aebd72416330dcdb02e8d478fd81c9f6,1.0,2,2,2
200d8b1f16d0cc9600022fdc99987a7f,b0b219d68cb80e8440a7fccd3dab3851,1.0,2,2,2
200d8b1f16d0cc9600022fdc99987a7f,b84dbaedbe3ea55d7cc0894fbea73910,1.0,2,2,2
200d8b1f16d0cc9600022fdc99987a7f,bd6c1c99a4f6c28c98927351eb226e80,1.0,2,2,2
200d8b1f16d0cc9600022fdc99987a7f,be4eb163762cf164f26f81021c4a5e97,1.0,2,2,2
200d8b1f16d0cc9600022fdc99987a7f,bf257f507db19138f5bc4065313c1f87,1.0,2,2,2
200d8b1f16d0cc9600022fdc99987a7f,c4ba227e9593faaf28a4ea8e5ec6c93f,1.0,2,2,2
200d8b1f16d0cc9600022fdc99987a7f,cf4935767b14a8312de405de5d5bbdb5,1.0,2,2,2
200d8b1f16d0cc9600022fdc99987a7f,dfbebe96520c2a101d602c7d003764ba,1.0,2,2,2
200d8b1f16d0cc9600022fdc99987a7f,e225b3c270984a8097a136089a11aea9,1.0,2,2,2
200d8b1f16d0cc9600022fdc99987a7f,e301216623168d227eb0b0a3aabb1e62,1.0,2,2,2
200d8b1f16d0cc9600022fdc99987a7f,e8b4b9cf7e6a2e6e13371f3439a4a1ba,1.0,2,2,2
200d8b1f16d0cc9600022fdc99987a7f,ea77749bef0ca28ab93f391cda660f71,1.0,2,2,2
200d8b1f16d0cc9600022fdc99987a7f,f64075e7fa628bdc6c3e7c3108d7c624,1.0,2,2,2
210bec49b9e200df48dd3f31310d606e,237dfb57ee5ac9e68310bfd4bd816149,1.0,2,2,2
210bec49b9e200df48dd3f31310d606e,2708339a3f5355f56983737d54fbce59,1.0,2,2,2
210bec49b9e200df48dd3f31310d606e,2c03431d52e6ae4479a2a2310fb2e481,1.0,2,2,2
210bec49b9e200df48dd3f31310d606e,3578707d5fbfaaad05a3862a179bf76d,1.0,2,2,2
210bec49b9e200df48dd3f31310d606e,399699e87adec3391203291418de34d1,1.0,2,2,2
210bec49b9e200df48dd3f31310d606e,3af5f7534be6d2d2d81562ee1dc98af2,1.0,2,2,2
210bec49b9e200df48dd3f31310d606e,3e5dd5efb71f831fffee3735c9e41e87,1.0,2,2,2
210bec49b9e200df48dd3f31310d606e,4279e2fb7de9c27f439fdb82e4f1281f,1.0,2,2,2
210bec49b9e200df48dd3f31310d606e,4e32c2752aeaa8d8b99da2b145a1c826,1.0,2,2,2
210bec49b9e200df48dd3f31310d606e,4f4a4c713a7892d9db23f694fc647d13,1.0,2,2,2
210bec49b9e200df48dd3f31310d606e,5261961eeb22ad480eafeb8829cddacf,1.0,2,2,2
210bec49b9e200df48dd3f31310d606e,5dda09ed137461608be539348c1dac39,1.0,2,2,2
210bec49b9e200df48dd3f31310d606e,65942a39d31e4aa627f0f65e0298ba2f,1.0,2,2,2
210bec49b9e200df48dd3f31310d606e,698a9cafcc15cac8cdbaee64adc6efbe,1.0,2,2,2
210bec49b9e200df48dd3f31310d606e,6d9cdc2c73e65c443351811fb9039bfa,1.0,2,2,2
210bec49b9e200df48dd3f31310d606e,6ff4f4fcdadf8410fcae5bad48d7044d,1.0,2,2,2
210bec49b9e200df48dd3f31310d606e,8418b8ecfc9702b5eacddc5e75a4dcca,1.0,2,2,2
210bec49b9e200df48dd3f31310d606e,87a305c45891600e0244ee26c0bf1fa9,1.0,2,2,2
210bec49b9e200df48dd3f31310d606e,90c312d2299d36c16bbaa3d717b3dfba,1.0,2,2,2
210bec49b9e200df48dd3f31310d606e,91da289fa4deba62c108246d150a8f4e,1.0,2,2,2
210bec49b9e200df48dd3f31310d606e,97ba9c6276256eca910e8d36e78abfa8,1.0,2,2,2
210bec49b9e200df48dd3f31310d606e,a231b02134665d0d59438a0008e6e082,1.0,2,2,2
210bec49b9e200df48dd3f31310d606e,a57efc75b64a030eb02c4ebe7f48e45f,1.0,2,2,2
210bec49b9e200df48dd3f31310d606e,a8953e3d7677addada63eee79b91e7ff,1.0,2,2,2
210bec49b9e200df48dd3f31310d606e,aab579a39b1b5c223c2e1a4bbf8ff977,1.0,2,2,2
210bec49b9e200df48dd3f31310d606e,aebd72416330dcdb02e8d478fd81c9f6,1.0,2,2,2
210bec49b9e200df48dd3f31310d606e,b0b219d68cb80e8440a7fccd3dab3851,1.0,2,2,2
210bec49b9e200df48dd3f31310d606e,b84dbaedbe3ea55d7cc0894fbea73910,1.0,2,2,2
210bec49b9e200df48dd3f31310d606e,bd6c1c99a4f6c28c98927351eb226e80,1.0,2,2,2
210bec49b9e200df48dd3f31310d606e,be4eb163762cf164f26f81021c4a5e97,1.0,2,2,2
210bec49b9e200df48dd3f31310d606e,bf257f507db19138f5bc4065313c1f87,1.0,2,2,2
210bec49b9e200df48dd3f31310d606e,c4ba227e9593faaf28a4ea8e5ec6c93f,1.0,2,2,2
210bec49b9e200df48dd3f31310d606e,cf4935767b14a8312de405de5d5bbdb5,1.0,2,2,2
210bec49b9e200df48dd3f31310d606e,dfbebe96520c2a101d602c7d003764ba,1.0,2,2,2
210bec49b9e200df48dd3f31310d606e,e225b3c270984a8097a136089a11aea9,1.0,2,2,2
210bec49b9e200df48dd3f31310d606e,e301216623168d227eb0b0a3aabb1e62,1.0,2,2,2
210bec49b9e200df48dd3f31310d606e,e8b4b9cf7e6a2e6e13371f3439a4a1ba,1.0,2,2,2
210bec49b9e200df48dd3f31310d606e,ea77749bef0ca28ab93f391cda660f71,1.0,2,2,2
210bec49b9e200df48dd3f31310d606e,f64075e7fa628bdc6c3e7c3108d7c624,1.0,2,2,2
237dfb57ee5ac9e68310bfd4bd816149,2708339a3f5355f56983737d54fbce59,1.0,2,2,2
237dfb57ee5ac9e68310bfd4bd816149,2c03431d52e6ae4479a2a2310fb2e481,1.0,2,2,2
237dfb57ee5ac9e68310bfd4bd816149,3578707d5fbfaaad05a3862a179bf76d,1.0,2,2,2
237dfb57ee5ac9e68310bfd4bd816149,399699e87adec3391203291418de34d1,1.0,2,2,2
237dfb57ee5ac9e68310bfd4bd816149,3af5f7534be6d2d2d81562ee1dc98af2,1.0,2,2,2
237dfb57ee5ac9e68310bfd4bd816149,3e5dd5efb71f831fffee3735c9e41e87,1.0,2,2,2
237dfb57ee5ac9e68310bfd4bd816149,4279e2fb7de9c27f439fdb82e4f1281f,1.0,2,2,2
237dfb57ee5ac9e68310bfd4bd816149,4e32c2752aeaa8d8b99da2b145a1c826,1.0,2,2,2
237dfb57ee5ac9e68310bfd4bd816149,4f4a4c713a7892d9db23f694fc647d13,1.0,2,2,2
237dfb57ee5ac9e68310bfd4bd816149,5261961eeb22ad480eafeb8829cddacf,1.0,2,2,2
237dfb57ee5ac9e68310bfd4bd816149,5dda09ed137461608be539348c1dac39,1.0,2,2,2
237dfb57ee5ac9e68310bfd4bd816149,65942a39d31e4aa627f0f65e0298ba2f,1.0,2,2,2
237dfb57ee5ac9e68310bfd4bd816149,698a9cafcc15cac8cdbaee64adc6efbe,1.0,2,2,2
237dfb57ee5ac9e68310bfd4bd816149,6d9cdc2c73e65c443351811fb9039bfa,1.0,2,2,2
237dfb57ee5ac9e68310bfd4bd816149,6ff4f4fcdadf8410fcae5bad48d7044d,1.0,2,2,2
237dfb57ee5ac9e68310bfd4bd816149,8418b8ecfc9702b5eacddc5e75a4dcca,1.0,2,2,2
237dfb57ee5ac9e68310bfd4bd816149,87a305c45891600e0244ee26c0bf1fa9,1.0,2,2,2
237dfb57ee5ac9e68310bfd4bd816149,90c312d2299d36c16bbaa3d717b3dfba,1.0,2,2,2
237dfb57ee5ac9e68310bfd4bd816149,91da289fa4deba62c108246d150a8f4e,1.0,2,2,2
237dfb57ee5ac9e68310bfd4bd816149,97ba9c6276256eca910e8d36e78abfa8,1.0,2,2,2
237dfb57ee5ac9e68310bfd4bd816149,a231b02134665d0d59438a0008e6e082,1.0,2,2,2
237dfb57ee5ac9e68310bfd4bd816149,a57efc75b64a030eb02c4ebe7f48e45f,1.0,2,2,2
237dfb57ee5ac9e68310bfd4bd816149,a8953e3d7677addada63eee79b91e7ff,1.0,2,2,2
237dfb57ee5ac9e68310bfd4bd816149,aab579a39b1b5c223c2e1a4bbf8ff977,1.0,2,2,2
237dfb57ee5ac9e68310bfd4bd816149,aebd72416330dcdb02e8d478fd81c9f6,1.0,2,2,2
237dfb57ee5ac9e68310bfd4bd816149,b0b219d68cb80e8440a7fccd3dab3851,1.0,2,2,2
237dfb57ee5ac9e68310bfd4bd816149,b84dbaedbe3ea55d7cc0894fbea73910,1.0,2,2,2
237dfb57ee5ac9e68310bfd4bd816149,bd6c1c99a4f6c28c98927351eb226e80,1.0,2,2,2
237dfb57ee5ac9e68310bfd4bd816149,be4eb163762cf164f26f81021c4a5e97,1.0,2,2,2
237dfb57ee5ac9e68310bfd4bd816149,bf257f507db19138f5bc4065313c1f87,1.0,2,2,2
237dfb57ee5ac9e68310bfd4bd816149,c4ba227e9593faaf28a4ea8e5ec6c93f,1.0,2,2,2
237dfb57ee5ac9e68310bfd4bd816149,cf4935767b14a8312de405de5d5bbdb5,1.0,2,2,2
237dfb57ee5ac9e68310bfd4bd816149,dfbebe96520c2a101d602c7d003764ba,1.0,2,2,2
237dfb57ee5ac9e68310bfd4bd816149,e225b3c270984a8097a136089a11aea9,1.0,2,2,2
237dfb57ee5ac9e68310bfd4bd816149,e301216623168d227eb0b0a3aabb1e62,1.0,2,2,2
237dfb57ee5ac9e68310bfd4bd816149,e8b4b9cf7e6a2e6e13371f3439a4a1ba,1.0,2,2,2
237dfb57ee5ac9e68310bfd4bd816149,ea77749bef0ca28ab93f391cda660f71,1.0,2,2,2
237dfb57ee5ac9e68310bfd4bd816149,f64075e7fa628bdc6c3e7c3108d7c624,1.0,2,2,2
2708339a3f5355f56983737d54fbce59,2c03431d52e6ae4479a2a2310fb2e481,1.0,2,2,2
2708339a3f5355f56983737d54fbce59,3578707d5fbfaaad05a3862a179bf76d,1.0,2,2,2
2708339a3f5355f56983737d54fbce59,399699e87adec3391203291418de34d1,1.0,2,2,2
2708339a3f5355f56983737d54fbce59,3af5f7534be6d2d2d81562ee1dc98af2,1.0,2,2,2
2708339a3f5355f56983737d54fbce59,3e5dd5efb71f831fffee3735c9e41e87,1.0,2,2,2
2708339a3f5355f56983737d54fbce59,4279e2fb7de9c27f439fdb82e4f1281f,1.0,2,2,2
2708339a3f5355f56983737d54fbce59,4e32c2752aeaa8d8b99da2b145a1c826,1.0,2,2,2
2708339a3f5355f56983737d54fbce59,4f4a4c713a7892d9db23f694fc647d13,1.0,2,2,2
2708339a3f5355f56983737d54fbce59,5261961eeb22ad480eafeb8829cddacf,1.0,2,2,2
2708339a3f5355f56983737d54fbce59,5dda09ed137461608be539348c1dac39,1.0,2,2,2
2708339a3f5355f56983737d54fbce59,65942a39d31e4aa627f0f65e0298ba2f,1.0,2,2,2
2708339a3f5355f56983737d54fbce59,698a9cafcc15cac8cdbaee64adc6efbe,1.0,2,2,2
2708339a3f5355f56983737d54fbce59,6d9cdc2c73e65c443351811fb9039bfa,1.0,2,2,2
2708339a3f5355f56983737d54fbce59,6ff4f4fcdadf8410fcae5bad48d7044d,1.0,2,2,2
2708339a3f5355f56983737d54fbce59,8418b8ecfc9702b5eacddc5e75a4dcca,1.0,2,2,2
2708339a3f5355f56983737d54fbce59,87a305c45891600e0244ee26c0bf1fa9,1.0,2,2,2
2708339a3f5355f56983737d54fbce59,90c312d2299d36c16bbaa3d717b3dfba,1.0,2,2,2
2708339a3f5355f56983737d54fbce59,91da289fa4deba62c108246d150a8f4e,1.0,2,2,2
2708339a3f5355f56983737d54fbce59,97ba9c6276256eca910e8d36e78abfa8,1.0,2,2,2
2708339a3f5355f56983737d54fbce59,a231b02134665d0d59438a0008e6e082,1.0,2,2,2
2708339a3f5355f56983737d54fbce59,a57efc75b64a030eb02c4ebe7f48e45f,1.0,2,2,2
2708339a3f5355f56983737d54fbce59,a8953e3d7677addada63eee79b91e7ff,1.0,2,2,2
2708339a3f5355f56983737d54fbce59,aab579a39b1b5c223c2e1a4bbf8ff977,1.0,2,2,2
2708339a3f5355f56983737d54fbce59,aebd72416330dcdb02e8d478fd81c9f6,1.0,2,2,2
2708339a3f5355f56983737d54fbce59,b0b219d68cb80e8440a7fccd3dab3851,1.0,2,2,2
2708339a3f5355f56983737d54fbce59,b84dbaedbe3ea55d7cc0894fbea73910,1.0,2,2,2
2708339a3f5355f56983737d54fbce59,bd6c1c99a4f6c28c98927351eb226e80,1.0,2,2,2
2708339a3f5355f56983737d54fbce59,be4eb163762cf164f26f81021c4a5e97,1.0,2,2,2
2708339a3f5355f56983737d54fbce59,bf257f507db19138f5bc4065313c1f87,1.0,2,2,2
2708339a3f5355f56983737d54fbce59,c4ba227e9593faaf28a4ea8e5ec6c93f,1.0,2,2,2
2708339a3f5355f56983737d54fbce59,cf4935767b14a8312de405de5d5bbdb5,1.0,2,2,2
2708339a3f5355f56983737d54fbce59,dfbebe96520c2a101d602c7d003764ba,1.0,2,2,2
2708339a3f5355f56983737d54fbce59,e225b3c270984a8097a136089a11aea9,1.0,2,2,2
2708339a3f5355f56983737d54fbce59,e301216623168d227eb0b0a3aabb1e62,1.0,2,2,2
2708339a3f5355f56983737d54fbce59,e8b4b9cf7e6a2e6e13371f3439a4a1ba,1.0,2,2,2
2708339a3f5355f56983737d54fbce59,ea77749bef0ca28ab93f391cda660f71,1.0,2,2,2
2708339a3f5355f56983737d54fbce59,f64075e7fa628bdc6c3e7c3108d7c624,1.0,2,2,2
2a532e879c1278727d9d7001890cd333,357ae7be4a22fee3a22cca59f6b681fc,1.0,2,2,2
2a532e879c1278727d9d7001890cd333,4d1fe8b6f5e9ee044a14467c8b2832b6,1.0,2,2,2
2a532e879c1278727d9d7001890cd333,5e6ff5789e4d6b6d6f2a801e4da72e7a,1.0,2,2,2
2a532e879c1278727d9d7001890cd333,5ebd246be48ec18bf3859966284333f8,1.0,2,2,2
2a532e879c1278727d9d7001890cd333,70c976663a07ebfd35d81c6179258391,1.0,2,2,2
2a532e879c1278727d9d7001890cd333,750550f1fbf777d9383acb856bc593dd,1.0,2,2,2
2a532e879c1278727d9d7001890cd333,96d3a3257161c32fe93aea0e38b16515,1.0,2,2,2
2a532e879c1278727d9d7001890cd333,9a2344afe2d1a43559906bd456567a9b,1.0,2,2,2
2a532e879c1278727d9d7001890cd333,9cb94124fb0fda10d04fccc5477573b6,1.0,2,2,2
2a532e879c1278727d9d7001890cd333,a7751ca7aa429b41cf9065a425d52aea,1.0,2,2,2
2a532e879c1278727d9d7001890cd333,b410d7fd96e7ff12af1d2f87aae875a8,1.0,2,2,2
2a532e879c1278727d9d7001890cd333,b7741f7ec50ab6bcd52ab08ea8f214d9,1.0,2,2,2
2a532e879c1278727d9d7001890cd333,ce87153ae6d1e210517154ec1057aad5,1.0,2,2,2
2a532e879c1278727d9d7001890cd333,d535471db72095137da93810c98af688,1.0,2,2,2
2a532e879c1278727d9d7001890cd333,e6f18fab493c0bdc553eafd9b66cb5f2,1.0,2,2,2
2a532e879c1278727d9d7001890cd333,f30856ad31d3e74253a3f4ccef670648,1.0,2,2,2
2c03431d52e6ae4479a2a2310fb2e481,3578707d5fbfaaad05a3862a179bf76d,1.0,2,2,2
2c03431d52e6ae4479a2a2310fb2e481,399699e87adec3391203291418de34d1,1.0,2,2,2
2c03431d52e6ae4479a2a2310fb2e481,3af5f7534be6d2d2d81562ee1dc98af2,1.0,2,2,2
2c03431d52e6ae4479a2a2310fb2e481,3e5dd5efb71f831fffee3735c9e41e87,1.0,2,2,2
2c03431d52e6ae4479a2a2310fb2e481,4279e2fb7de9c27f439fdb82e4f1281f,1.0,2,2,2
2c03431d52e6ae4479a2a2310fb2e481,4e32c2752aeaa8d8b99da2b145a1c826,1.0,2,2,2
2c03431d52e6ae4479a2a2310fb2e481,4f4a4c713a7892d9db23f694fc647d13,1.0,2,2,2
2c03431d52e6ae4479a2a2310fb2e481,5261961eeb22ad480eafeb8829cddacf,1.0,2,2,2
2c03431d52e6ae4479a2a2310fb2e481,5dda09ed137461608be539348c1dac39,1.0,2,2,2
2c03431d52e6ae4479a2a2310fb2e481,65942a39d31e4aa627f0f65e0298ba2f,1.0,2,2,2
2c03431d52e6ae4479a2a2310fb2e481,698a9cafcc15cac8cdbaee64adc6efbe,1.0,2,2,2
2c03431d52e6ae4479a2a2310fb2e481,6d9cdc2c73e65c443351811fb9039bfa,1.0,2,2,2
2c03431d52e6ae4479a2a2310fb2e481,6ff4f4fcdadf8410fcae5bad48d7044d,1.0,2,2,2
2c03431d52e6ae4479a2a2310fb2e481,8418b8ecfc9702b5eacddc5e75a4dcca,1.0,2,2,2
2c03431d52e6ae4479a2a2310fb2e481,87a305c45891600e0244ee26c0bf1fa9,1.0,2,2,2
2c03431d52e6ae4479a2a2310fb2e481,90c312d2299d36c16bbaa3d717b3dfba,1.0,2,2,2
2c03431d52e6ae4479a2a2310fb2e481,91da289fa4deba62c108246d150a8f4e,1.0,2,2,2
2c03431d52e6ae4479a2a2310fb2e481,97ba9c6276256eca910e8d36e78abfa8,1.0,2,2,2
2c03431d52e6ae4479a2a2310fb2e481,a231b02134665d0d59438a0008e6e082,1.0,2,2,2
2c03431d52e6ae4479a2a2310fb2e481,a57efc75b64a030eb02c4ebe7f48e45f,1.0,2,2,2
2c03431d52e6ae4479a2a2310fb2e481,a8953e3d7677addada63eee79b91e7ff,1.0,2,2,2
2c03431d52e6ae4479a2a2310fb2e481,aab579a39b1b5c223c2e1a4bbf8ff977,1.0,2,2,2
2c03431d52e6ae4479a2a2310fb2e481,aebd72416330dcdb02e8d478fd81c9f6,1.0,2,2,2
2c03431d52e6ae4479a2a2310fb2e481,b0b219d68cb80e8440a7fccd3dab3851,1.0,2,2,2
2c03431d52e6ae4479a2a2310fb2e481,b84dbaedbe3ea55d7cc0894fbea73910,1.0,2,2,2
2c03431d52e6ae4479a2a2310fb2e481,bd6c1c99a4f6c28c98927351eb226e80,1.0,2,2,2
2c03431d52e6ae4479a2a2310fb2e481,be4eb163762cf164f26f81021c4a5e97,1.0,2,2,2
2c03431d52e6ae4479a2a2310fb2e481,bf257f507db19138f5bc4065313c1f87,1.0,2,2,2
2c03431d52e6ae4479a2a2310fb2e481,c4ba227e9593faaf28a4ea8e5ec6c93f,1.0,2,2,2
2c03431d52e6ae4479a2a2310fb2e481,cf4935767b14a8312de405de5d5bbdb5,1.0,2,2,2
2c03431d52e6ae4479a2a2310fb2e481,dfbebe96520c2a101d602c7d003764ba,1.0,2,2,2
2c03431d52e6ae4479a2a2310fb2e481,e225b3c270984a8097a136089a11aea9,1.0,2,2,2
2c03431d52e6ae4479a2a2310fb2e481,e301216623168d227eb0b0a3aabb1e62,1.0,2,2,2
2c03431d52e6ae4479a2a2310fb2e481,e8b4b9cf7e6a2e6e13371f3439a4a1ba,1.0,2,2,2
2c03431d52e6ae4479a2a2310fb2e481,ea77749bef0ca28ab93f391cda660f71,1.0,2,2,2
2c03431d52e6ae4479a2a2310fb2e481,f64075e7fa628bdc6c3e7c3108d7c624,1.0,2,2,2
3578707d5fbfaaad05a3862a179bf76d,399699e87adec3391203291418de34d1,1.0,2,2,2
3578707d5fbfaaad05a3862a179bf76d,3af5f7534be6d2d2d81562ee1dc98af2,1.0,2,2,2
3578707d5fbfaaad05a3862a179bf76d,3e5dd5efb71f831fffee3735c9e41e87,1.0,2,2,2
3578707d5fbfaaad05a3862a179bf76d,4279e2fb7de9c27f439fdb82e4f1281f,1.0,2,2,2
3578707d5fbfaaad05a3862a179bf76d,4e32c2752aeaa8d8b99da2b145a1c826,1.0,2,2,2
3578707d5fbfaaad05a3862a179bf76d,4f4a4c713a7892d9db23f694fc647d13,1.0,2,2,2
3578707d5fbfaaad05a3862a179bf76d,5261961eeb22ad480eafeb8829cddacf,1.0,2,2,2
3578707d5fbfaaad05a3862a179bf76d,5dda09ed137461608be539348c1dac39,1.0,2,2,2
3578707d5fbfaaad05a3862a179bf76d,65942a39d31e4aa627f0f65e0298ba2f,1.0,2,2,2
3578707d5fbfaaad05a3862a179bf76d,698a9cafcc15cac8cdbaee64adc6efbe,1.0,2,2,2
3578707d5fbfaaad05a3862a179bf76d,6d9cdc2c73e65c443351811fb9039bfa,1.0,2,2,2
3578707d5fbfaaad05a3862a179bf76d,6ff4f4fcdadf8410fcae5bad48d7044d,1.0,2,2,2
3578707d5fbfaaad05a3862a179bf76d,8418b8ecfc9702b5eacddc5e75a4dcca,1.0,2,2,2
3578707d5fbfaaad05a3862a179bf76d,87a305c45891600e0244ee26c0bf1fa9,1.0,2,2,2
3578707d5fbfaaad05a3862a179bf76d,90c312d2299d36c16bbaa3d717b3dfba,1.0,2,2,2
3578707d5fbfaaad05a3862a179bf76d,91da289fa4deba62c108246d150a8f4e,1.0,2,2,2
3578707d5fbfaaad05a3862a179bf76d,97ba9c6276256eca910e8d36e78abfa8,1.0,2,2,2
3578707d5fbfaaad05a3862a179bf76d,a231b02134665d0d59438a0008e6e082,1.0,2,2,2
3578707d5fbfaaad05a3862a179bf76d,a57efc75b64a030eb02c4ebe7f48e45f,1.0,2,2,2
3578707d5fbfaaad05a3862a179bf76d,a8953e3d7677addada63eee79b91e7ff,1.0,2,2,2
3578707d5fbfaaad05a3862a179bf76d,aab579a39b1b5c223c2e1a4bbf8ff977,1.0,2,2,2
3578707d5fbfaaad05a3862a179bf76d,aebd72416330dcdb02e8d478fd81c9f6,1.0,2,2,2
3578707d5fbfaaad05a3862a179bf76d,b0b219d68cb80e8440a7fccd3dab3851,1.0,2,2,2
3578707d5fbfaaad05a3862a179bf76d,b84dbaedbe3ea55d7cc0894fbea73910,1.0,2,2,2
3578707d5fbfaaad05a3862a179bf76d,bd6c1c99a4f6c28c98927351eb226e80,1.0,2,2,2
3578707d5fbfaaad05a3862a179bf76d,be4eb163762cf164f26f81021c4a5e97,1.0,2,2,2
3578707d5fbfaaad05a3862a179bf76d,bf257f507db19138f5bc4065313c1f87,1.0,2,2,2
3578707d5fbfaaad05a3862a179bf76d,c4ba227e9593faaf28a4ea8e5ec6c93f,1.0,2,2,2
3578707d5fbfaaad05a3862a179bf76d,cf4935767b14a8312de405de5d5bbdb5,1.0,2,2,2
3578707d5fbfaaad05a3862a179bf76d,dfbebe96520c2a101d602c7d003764ba,1.0,2,2,2
3578707d5fbfaaad05a3862a179bf76d,e225b3c270984a8097a136089a11aea9,1.0,2,2,2
3578707d5fbfaaad05a3862a179bf76d,e301216623168d227eb0b0a3aabb1e62,1.0,2,2,2
3578707d5fbfaaad05a3862a179bf76d,e8b4b9cf7e6a2e6e13371f3439a4a1ba,1.0,2,2,2
3578707d5fbfaaad05a3862a179bf76d,ea77749bef0ca28ab93f391cda660f71,1.0,2,2,2
3578707d5fbfaaad05a3862a179bf76d,f64075e7fa628bdc6c3e7c3108d7c624,1.0,2,2,2
357ae7be4a22fee3a22cca59f6b681fc,4d1fe8b6f5e9ee044a14467c8b2832b6,1.0,2,2,2
357ae7be4a22fee3a22cca59f6b681fc,5e6ff5789e4d6b6d6f2a801e4da72e7a,1.0,2,2,2
357ae7be4a22fee3a22cca59f6b681fc,5ebd246be48ec18bf3859966284333f8,1.0,2,2,2
357ae7be4a22fee3a22cca59f6b681fc,70c976663a07ebfd35d81c6179258391,1.0,2,2,2
357ae7be4a22fee3a22cca59f6b681fc,750550f1fbf777d9383acb856bc593dd,1.0,2,2,2
357ae7be4a22fee3a22cca59f6b681fc,96d3a3257161c32fe93aea0e38b16515,1.0,2,2,2
357ae7be4a22fee3a22cca59f6b681fc,9a2344afe2d1a43559906bd456567a9b,1.0,2,2,2
357ae7be4a22fee3a22cca59f6b681fc,9cb94124fb0fda10d04fccc5477573b6,1.0,2,2,2
357ae7be4a22fee3a22cca59f6b681fc,a7751ca7aa429b41cf9065a425d52aea,1.0,2,2,2
357ae7be4a22fee3a22cca59f6b681fc,b410d7fd96e7ff12af1d2f87aae875a8,1.0,2,2,2
357ae7be4a22fee3a22cca59f6b681fc,b7741f7ec50ab6bcd52ab08ea8f214d9,1.0,2,2,2
357ae7be4a22fee3a22cca59f6b681fc,ce87153ae6d1e210517154ec1057aad5,1.0,2,2,2
357ae7be4a22fee3a22cca59f6b681fc,d535471db72095137da93810c98af688,1.0,2,2,2
357ae7be4a22fee3a22cca59f6b681fc,e6f18fab493c0bdc553eafd9b66cb5f2,1.0,2,2,2
357ae7be4a22fee3a22cca59f6b681fc,f30856ad31d3e74253a3f4ccef670648,1.0,2,2,2
399699e87adec3391203291418de34d1,3af5f7534be6d2d2d81562ee1dc98af2,1.0,2,2,2
399699e87adec3391203291418de34d1,3e5dd5efb71f831fffee3735c9e41e87,1.0,2,2,2
399699e87adec3391203291418de34d1,4279e2fb7de9c27f439fdb82e4f1281f,1.0,2,2,2
399699e87adec3391203291418de34d1,4e32c2752aeaa8d8b99da2b145a1c826,1.0,2,2,2
399699e87adec3391203291418de34d1,4f4a4c713a7892d9db23f694fc647d13,1.0,2,2,2
399699e87adec3391203291418de34d1,5261961eeb22ad480eafeb8829cddacf,1.0,2,2,2
399699e87adec3391203291418de34d1,5dda09ed137461608be539348c1dac39,1.0,2,2,2
399699e87adec3391203291418de34d1,65942a39d31e4aa627f0f65e0298ba2f,1.0,2,2,2
399699e87adec3391203291418de34d1,698a9cafcc15cac8cdbaee64adc6efbe,1.0,2,2,2
399699e87adec3391203291418de34d1,6d9cdc2c73e65c443351811fb9039bfa,1.0,2,2,2
399699e87adec3391203291418de34d1,6ff4f4fcdadf8410fcae5bad48d7044d,1.0,2,2,2
399699e87adec3391203291418de34d1,8418b8ecfc9702b5eacddc5e75a4dcca,1.0,2,2,2
399699e87adec3391203291418de34d1,87a305c45891600e0244ee26c0bf1fa9,1.0,2,2,2
399699e87adec3391203291418de34d1,90c312d2299d36c16bbaa3d717b3dfba,1.0,2,2,2
399699e87adec3391203291418de34d1,91da289fa4deba62c108246d150a8f4e,1.0,2,2,2
399699e87adec3391203291418de34d1,97ba9c6276256eca910e8d36e78abfa8,1.0,2,2,2
399699e87adec3391203291418de34d1,a231b02134665d0d59438a0008e6e082,1.0,2,2,2
399699e87adec3391203291418de34d1,a57efc75b64a030eb02c4ebe7f48e45f,1.0,2,2,2
399699e87adec3391203291418de34d1,a8953e3d7677addada63eee79b91e7ff,1.0,2,2,2
399699e87adec3391203291418de34d1,aab579a39b1b5c223c2e1a4bbf8ff977,1.0,2,2,2
399699e87adec3391203291418de34d1,aebd72416330dcdb02e8d478fd81c9f6,1.0,2,2,2
399699e87adec3391203291418de34d1,b0b219d68cb80e8440a7fccd3dab3851,1.0,2,2,2
399699e87adec3391203291418de34d1,b84dbaedbe3ea55d7cc0894fbea73910,1.0,2,2,2
399699e87adec3391203291418de34d1,bd6c1c99a4f6c28c98927351eb226e80,1.0,2,2,2
399699e87adec3391203291418de34d1,be4eb163762cf164f26f81021c4a5e97,1.0,2,2,2
399699e87adec3391203291418de34d1,bf257f507db19138f5bc4065313c1f87,1.0,2,2,2
399699e87adec3391203291418de34d1,c4ba227e9593faaf28a4ea8e5ec6c93f,1.0,2,2,2
399699e87adec3391203291418de34d1,cf4935767b14a8312de405de5d5bbdb5,1.0,2,2,2
399699e87adec3391203291418de34d1,dfbebe96520c2a101d602c7d003764ba,1.0,2,2,2
399699e87adec3391203291418de34d1,e225b3c270984a8097a136089a11aea9,1.0,2,2,2
399699e87adec3391203291418de34d1,e301216623168d227eb0b0a3aabb1e62,1.0,2,2,2
399699e87adec3391203291418de34d1,e8b4b9cf7e6a2e6e13371f3439a4a1ba,1.0,2,2,2
399699e87adec3391203291418de34d1,ea77749bef0ca28ab93f391cda660f71,1.0,2,2,2
399699e87adec3391203291418de34d1,f64075e7fa628bdc6c3e7c3108d7c624,1.0,2,2,2
3af5f7534be6d2d2d81562ee1dc98af2,3e5dd5efb71f831fffee3735c9e41e87,1.0,2,2,2
3af5f7534be6d2d2d81562ee1dc98af2,4279e2fb7de9c27f439fdb82e4f1281f,1.0,2,2,2
3af5f7534be6d2d2d81562ee1dc98af2,4e32c2752aeaa8d8b99da2b145a1c826,1.0,2,2,2
3af5f7534be6d2d2d81562ee1dc98af2,4f4a4c713a7892d9db23f694fc647d13,1.0,2,2,2
3af5f7534be6d2d2d81562ee1dc98af2,5261961eeb22ad480eafeb8829cddacf,1.0,2,2,2
3af5f7534be6d2d2d81562ee1dc98af2,5dda09ed137461608be539348c1dac39,1.0,2,2,2
3af5f7534be6d2d2d81562ee1dc98af2,65942a39d31e4aa627f0f65e0298ba2f,1.0,2,2,2
3af5f7534be6d2d2d81562ee1dc98af2,698a9cafcc15cac8cdbaee64adc6efbe,1.0,2,2,2
3af5f7534be6d2d2d81562ee1dc98af2,6d9cdc2c73e65c443351811fb9039bfa,1.0,2,2,2
3af5f7534be6d2d2d81562ee1dc98af2,6ff4f4fcdadf8410fcae5bad48d7044d,1.0,2,2,2
3af5f7534be6d2d2d81562ee1dc98af2,8418b8ecfc9702b5eacddc5e75a4dcca,1.0,2,2,2
3af5f7534be6d2d2d81562ee1dc98af2,87a305c45891600e0244ee26c0bf1fa9,1.0,2,2,2
3af5f7534be6d2d2d81562ee1dc98af2,90c312d2299d36c16bbaa3d717b3dfba,1.0,2,2,2
3af5f7534be6d2d2d81562ee1dc98af2,91da289fa4deba62c108246d150a8f4e,1.0,2,2,2
3af5f7534be6d2d2d81562ee1dc98af2,97ba9c6276256eca910e8d36e78abfa8,1.0,2,2,2
3af5f7534be6d2d2d81562ee1dc98af2,a231b02134665d0d59438a0008e6e082,1.0,2,2,2
3af5f7534be6d2d2d81562ee1dc98af2,a57efc75b64a030eb02c4ebe7f48e45f,1.0,2,2,2
3af5f7534be6d2d2d81562ee1dc98af2,a8953e3d7677addada63eee79b91e7ff,1.0,2,2,2
3af5f7534be6d2d2d81562ee1dc98af2,aab579a39b1b5c223c2e1a4bbf8ff977,1.0,2,2,2
3af5f7534be6d2d2d81562ee1dc98af2,aebd72416330dcdb02e8d478fd81c9f6,1.0,2,2,2
3af5f7534be6d2d2d81562ee1dc98af2,b0b219d68cb80e8440a7fccd3dab3851,1.0,2,2,2
3af5f7534be6d2d2d81562ee1dc98af2,b84dbaedbe3ea55d7cc0894fbea73910,1.0,2,2,2
3af5f7534be6d2d2d81562ee1dc98af2,bd6c1c99a4f6c28c98927351eb226e80,1.0,2,2,2
3af5f7534be6d2d2d81562ee1dc98af2,be4eb163762cf164f26f81021c4a5e97,1.0,2,2,2
3af5f7534be6d2d2d81562ee1dc98af2,bf257f507db19138f5bc4065313c1f87,1.0,2,2,2
3af5f7534be6d2d2d81562ee1dc98af2,c4ba227e9593faaf28a4ea8e5ec6c93f,1.0,2,2,2
3af5f7534be6d2d2d81562ee1dc98af2,cf4935767b14a8312de405de5d5bbdb5,1.0,2,2,2
3af5f7534be6d2d2d81562ee1dc98af2,dfbebe96520c2a101d602c7d003764ba,1.0,2,2,2
3af5f7534be6d2d2d81562ee1dc98af2,e225b3c270984a8097a136089a11aea9,1.0,2,2,2
3af5f7534be6d2d2d81562ee1dc98af2,e301216623168d227eb0b0a3aabb1e62,1.0,2,2,2
3af5f7534be6d2d2d81562ee1dc98af2,e8b4b9cf7e6a2e6e13371f3439a4a1ba,1.0,2,2,2
3af5f7534be6d2d2d81562ee1dc98af2,ea77749bef0ca28ab93f391cda660f71,1.0,2,2,2
3af5f7534be6d2d2d81562ee1dc98af2,f64075e7fa628bdc6c3e7c3108d7c624,1.0,2,2,2
3e5dd5efb71f831fffee3735c9e41e87,4279e2fb7de9c27f439fdb82e4f1281f,1.0,2,2,2
3e5dd5efb71f831fffee3735c9e41e87,4e32c2752aeaa8d8b99da2b145a1c826,1.0,2,2,2
3e5dd5efb71f831fffee3735c9e41e87,4f4a4c713a7892d9db23f694fc647d13,1.0,2,2,2
3e5dd5efb71f831fffee3735c9e41e87,5261961eeb22ad480eafeb8829cddacf,1.0,2,2,2
3e5dd5efb71f831fffee3735c9e41e87,5dda09ed137461608be539348c1dac39,1.0,2,2,2
3e5dd5efb71f831fffee3735c9e41e87,65942a39d31e4aa627f0f65e0298ba2f,1.0,2,2,2
3e5dd5efb71f831fffee3735c9e41e87,698a9cafcc15cac8cdbaee64adc6efbe,1.0,2,2,2
3e5dd5efb71f831fffee3735c9e41e87,6d9cdc2c73e65c443351811fb9039bfa,1.0,2,2,2
3e5dd5efb71f831fffee3735c9e41e87,6ff4f4fcdadf8410fcae5bad48d7044d,1.0,2,2,2
3e5dd5efb71f831fffee3735c9e41e87,8418b8ecfc9702b5eacddc5e75a4dcca,1.0,2,2,2
3e5dd5efb71f831fffee3735c9e41e87,87a305c45891600e0244ee26c0bf1fa9,1.0,2,2,2
3e5dd5efb71f831fffee3735c9e41e87,90c312d2299d36c16bbaa3d717b3dfba,1.0,2,2,2
3e5dd5efb71f831fffee3735c9e41e87,91da289fa4deba62c108246d150a8f4e,1.0,2,2,2
3e5dd5efb71f831fffee3735c9e41e87,97ba9c6276256eca910e8d36e78abfa8,1.0,2,2,2
3e5dd5efb71f831fffee3735c9e41e87,a231b02134665d0d59438a0008e6e082,1.0,2,2,2
3e5dd5efb71f831fffee3735c9e41e87,a57efc75b64a030eb02c4ebe7f48e45f,1.0,2,2,2
3e5dd5efb71f831fffee3735c9e41e87,a8953e3d7677addada63eee79b91e7ff,1.0,2,2,2
3e5dd5efb71f831fffee3735c9e41e87,aab579a39b1b5c223c2e1a4bbf8ff977,1.0,2,2,2
3e5dd5efb71f831fffee3735c9e41e87,aebd72416330dcdb02e8d478fd81c9f6,1.0,2,2,2
3e5dd5efb71f831fffee3735c9e41e87,b0b219d68cb80e8440a7fccd3dab3851,1.0,2,2,2
3e5dd5efb71f831fffee3735c9e41e87,b84dbaedbe3ea55d7cc0894fbea73910,1.0,2,2,2
3e5dd5efb71f831fffee3735c9e41e87,bd6c1c99a4f6c28c98927351eb226e80,1.0,2,2,2
3e5dd5efb71f831fffee3735c9e41e87,be4eb163762cf164f26f81021c4a5e97,1.0,2,2,2
3e5dd5efb71f831fffee3735c9e41e87,bf257f507db19138f5bc4065313c1f87,1.0,2,2,2
3e5dd5efb71f831fffee3735c9e41e87,c4ba227e9593faaf28a4ea8e5ec6c93f,1.0,2,2,2
3e5dd5efb71f831fffee3735c9e41e87,cf4935767b14a8312de405de5d5bbdb5,1.0,2,2,2
3e5dd5efb71f831fffee3735c9e41e87,dfbebe96520c2a101d602c7d003764ba,1.0,2,2,2
3e5dd5efb71f831fffee3735c9e41e87,e225b3c270984a8097a136089a11aea9,1.0,2,2,2
3e5dd5efb71f831fffee3735c9e41e87,e301216623168d227eb0b0a3aabb1e62,1.0,2,2,2
3e5dd5efb71f831fffee3735c9e41e87,e8b4b9cf7e6a2e6e13371f3439a4a1ba,1.0,2,2,2
3e5dd5efb71f831fffee3735c9e41e87,ea77749bef0ca28ab93f391cda660f71,1.0,2,2,2
3e5dd5efb71f831fffee3735c9e41e87,f64075e7fa628bdc6c3e7c3108d7c624,1.0,2,2,2
4279e2fb7de9c27f439fdb82e4f1281f,4e32c2752aeaa8d8b99da2b145a1c826,1.0,2,2,2
4279e2fb7de9c27f439fdb82e4f1281f,4f4a4c713a7892d9db23f694fc647d13,1.0,2,2,2
4279e2fb7de9c27f439fdb82e4f1281f,5261961eeb22ad480eafeb8829cddacf,1.0,2,2,2
4279e2fb7de9c27f439fdb82e4f1281f,5dda09ed137461608be539348c1dac39,1.0,2,2,2
4279e2fb7de9c27f439fdb82e4f1281f,65942a39d31e4aa627f0f65e0298ba2f,1.0,2,2,2
4279e2fb7de9c27f439fdb82e4f1281f,698a9cafcc15cac8cdbaee64adc6efbe,1.0,2,2,2
4279e2fb7de9c27f439fdb82e4f1281f,6d9cdc2c73e65c443351811fb9039bfa,1.0,2,2,2
4279e2fb7de9c27f439fdb82e4f1281f,6ff4f4fcdadf8410fcae5bad48d7044d,1.0,2,2,2
4279e2fb7de9c27f439fdb82e4f1281f,8418b8ecfc9702b5eacddc5e75a4dcca,1.0,2,2,2
4279e2fb7de9c27f439fdb82e4f1281f,87a305c45891600e0244ee26c0bf1fa9,1.0,2,2,2
4279e2fb7de9c27f439fdb82e4f1281f,90c312d2299d36c16bbaa3d717b3dfba,1.0,2,2,2
4279e2fb7de9c27f439fdb82e4f1281f,91da289fa4deba62c108246d150a8f4e,1.0,2,2,2
4279e2fb7de9c27f439fdb82e4f1281f,97ba9c6276256eca910e8d36e78abfa8,1.0,2,2,2
4279e2fb7de9c27f439fdb82e4f1281f,a231b02134665d0d59438a0008e6e082,1.0,2,2,2
4279e2fb7de9c27f439fdb82e4f1281f,a57efc75b64a030eb02c4ebe7f48e45f,1.0,2,2,2
4279e2fb7de9c27f439fdb82e4f1281f,a8953e3d7677addada63eee79b91e7ff,1.0,2,2,2
4279e2fb7de9c27f439fdb82e4f1281f,aab579a39b1b5c223c2e1a4bbf8ff977,1.0,2,2,2
4279e2fb7de9c27f439fdb82e4f1281f,aebd72416330dcdb02e8d478fd81c9f6,1.0,2,2,2
4279e2fb7de9c27f439fdb82e4f1281f,b0b219d68cb80e8440a7fccd3dab3851,1.0,2,2,2
4279e2fb7de9c27f439fdb82e4f1281f,b84dbaedbe3ea55d7cc0894fbea73910,1.0,2,2,2
4279e2fb7de9c27f439fdb82e4f1281f,bd6c1c99a4f6c28c98927351eb226e80,1.0,2,2,2
4279e2fb7de9c27f439fdb82e4f1281f,be4eb163762cf164f26f81021c4a5e97,1.0,2,2,2
4279e2fb7de9c27f439fdb82e4f1281f,bf257f507db19138f5bc4065313c1f87,1.0,2,2,2
4279e2fb7de9c27f439fdb82e4f1281f,c4ba227e9593faaf28a4ea8e5ec6c93f,1.0,2,2,2
4279e2fb7de9c27f439fdb82e4f1281f,cf4935767b14a8312de405de5d5bbdb5,1.0,2,2,2
4279e2fb7de9c27f439fdb82e4f1281f,dfbebe96520c2a101d602c7d003764ba,1.0,2,2,2
4279e2fb7de9c27f439fdb82e4f1281f,e225b3c270984a8097a136089a11aea9,1.0,2,2,2
4279e2fb7de9c27f439fdb82e4f1281f,e301216623168d227eb0b0a3aabb1e62,1.0,2,2,2
4279e2fb7de9c27f439fdb82e4f1281f,e8b4b9cf7e6a2e6e13371f3439a4a1ba,1.0,2,2,2
4279e2fb7de9c27f439fdb82e4f1281f,ea77749bef0ca28ab93f391cda660f71,1.0,2,2,2
4279e2fb7de9c27f439fdb82e4f1281f,f64075e7fa628bdc6c3e7c3108d7c624,1.0,2,2,2
4d1fe8b6f5e9ee044a14467c8b2832b6,5e6ff5789e4d6b6d6f2a801e4da72e7a,1.0,2,2,2
4d1fe8b6f5e9ee044a14467c8b2832b6,5ebd246be48ec18bf3859966284333f8,1.0,2,2,2
4d1fe8b6f5e9ee044a14467c8b2832b6,70c976663a07ebfd35d81c6179258391,1.0,2,2,2
4d1fe8b6f5e9ee044a14467c8b2832b6,750550f1fbf777d9383acb856bc593dd,1.0,2,2,2
4d1fe8b6f5e9ee044a14467c8b2832b6,96d3a3257161c32fe93aea0e38b16515,1.0,2,2,2
4d1fe8b6f5e9ee044a14467c8b2832b6,9a2344afe2d1a43559906bd456567a9b,1.0,2,2,2
4d1fe8b6f5e9ee044a14467c8b2832b6,9cb94124fb0fda10d04fccc5477573b6,1.0,2,2,2
4d1fe8b6f5e9ee044a14467c8b2832b6,a7751ca7aa429b41cf9065a425d52aea,1.0,2,2,2
4d1fe8b6f5e9ee044a14467c8b2832b6,b410d7fd96e7ff12af1d2f87aae875a8,1.0,2,2,2
4d1fe8b6f5e9ee044a14467c8b2832b6,b7741f7ec50ab6bcd52ab08ea8f214d9,1.0,2,2,2
4d1fe8b6f5e9ee044a14467c8b2832b6,ce87153ae6d1e210517154ec1057aad5,1.0,2,2,2
4d1fe8b6f5e9ee044a14467c8b2832b6,d535471db72095137da93810c98af688,1.0,2,2,2
4d1fe8b6f5e9ee044a14467c8b2832b6,e6f18fab493c0bdc553eafd9b66cb5f2,1.0,2,2,2
4d1fe8b6f5e9ee044a14467c8b2832b6,f30856ad31d3e74253a3f4ccef670648,1.0,2,2,2
4e32c2752aeaa8d8b99da2b145a1c826,4f4a4c713a7892d9db23f694fc647d13,1.0,2,2,2
4e32c2752aeaa8d8b99da2b145a1c826,5261961eeb22ad480eafeb8829cddacf,1.0,2,2,2
4e32c2752aeaa8d8b99da2b145a1c826,5dda09ed137461608be539348c1dac39,1.0,2,2,2
4e32c2752aeaa8d8b99da2b145a1c826,65942a39d31e4aa627f0f65e0298ba2f,1.0,2,2,2
4e32c2752aeaa8d8b99da2b145a1c826,698a9cafcc15cac8cdbaee64adc6efbe,1.0,2,2,2
4e32c2752aeaa8d8b99da2b145a1c826,6d9cdc2c73e65c443351811fb9039bfa,1.0,2,2,2
4e32c2752aeaa8d8b99da2b145a1c826,6ff4f4fcdadf8410fcae5bad48d7044d,1.0,2,2,2
4e32c2752aeaa8d8b99da2b145a1c826,8418b8ecfc9702b5eacddc5e75a4dcca,1.0,2,2,2
4e32c2752aeaa8d8b99da2b145a1c826,87a305c45891600e0244ee26c0bf1fa9,1.0,2,2,2
4e32c2752aeaa8d8b99da2b145a1c826,90c312d2299d36c16bbaa3d717b3dfba,1.0,2,2,2
4e32c2752aeaa8d8b99da2b145a1c826,91da289fa4deba62c108246d150a8f4e,1.0,2,2,2
4e32c2752aeaa8d8b99da2b145a1c826,97ba9c6276256eca910e8d36e78abfa8,1.0,2,2,2
4e32c2752aeaa8d8b99da2b145a1c826,a231b02134665d0d59438a0008e6e082,1.0,2,2,2
4e32c2752aeaa8d8b99da2b145a1c826,a57efc75b64a030eb02c4ebe7f48e45f,1.0,2,2,2
4e32c2752aeaa8d8b99da2b145a1c826,a8953e3d7677addada63eee79b91e7ff,1.0,2,2,2
4e32c2752aeaa8d8b99da2b145a1c826,aab579a39b1b5c223c2e1a4bbf8ff977,1.0,2,2,2
4e32c2752aeaa8d8b99da2b145a1c826,aebd72416330dcdb02e8d478fd81c9f6,1.0,2,2,2
4e32c2752aeaa8d8b99da2b145a1c826,b0b219d68cb80e8440a7fccd3dab3851,1.0,2,2,2
4e32c2752aeaa8d8b99da2b145a1c826,b84dbaedbe3ea55d7cc0894fbea73910,1.0,2,2,2
4e32c2752aeaa8d8b99da2b145a1c826,bd6c1c99a4f6c28c98927351eb226e80,1.0,2,2,2
4e32c2752aeaa8d8b99da2b145a1c826,be4eb163762cf164f26f81021c4a5e97,1.0,2,2,2
4e32c2752aeaa8d8b99da2b145a1c826,bf257f507db19138f5bc4065313c1f87,1.0,2,2,2
4e32c2752aeaa8d8b99da2b145a1c826,c4ba227e9593faaf28a4ea8e5ec6c93f,1.0,2,2,2
4e32c2752aeaa8d8b99da2b145a1c826,cf4935767b14a8312de405de5d5bbdb5,1.0,2,2,2
4e32c2752aeaa8d8b99da2b145a1c826,dfbebe96520c2a101d602c7d003764ba,1.0,2,2,2
4e32c2752aeaa8d8b99da2b145a1c826,e225b3c270984a8097a136089a11aea9,1.0,2,2,2
4e32c2752aeaa8d8b99da2b145a1c826,e301216623168d227eb0b0a3aabb1e62,1.0,2,2,2
4e32c2752aeaa8d8b99da2b145a1c826,e8b4b9cf7e6a2e6e13371f3439a4a1ba,1.0,2,2,2
4e32c2752aeaa8d8b99da2b145a1c826,ea77749bef0ca28ab93f391cda660f71,1.0,2,2,2
4e32c2752aeaa8d8b99da2b145a1c826,f64075e7fa628bdc6c3e7c3108d7c624,1.0,2,2,2
4f4a4c713a7892d9db23f694fc647d13,5261961eeb22ad480eafeb8829cddacf,1.0,2,2,2
4f4a4c713a7892d9db23f694fc647d13,5dda09ed137461608be539348c1dac39,1.0,2,2,2
4f4a4c713a7892d9db23f694fc647d13,65942a39d31e4aa627f0f65e0298ba2f,1.0,2,2,2
4f4a4c713a7892d9db23f694fc647d13,698a9cafcc15cac8cdbaee64adc6efbe,1.0,2,2,2
4f4a4c713a7892d9db23f694fc647d13,6d9cdc2c73e65c443351811fb9039bfa,1.0,2,2,2
4f4a4c713a7892d9db23f694fc647d13,6ff4f4fcdadf8410fcae5bad48d7044d,1.0,2,2,2
4f4a4c713a7892d9db23f694fc647d13,8418b8ecfc9702b5eacddc5e75a4dcca,1.0,2,2,2
4f4a4c713a7892d9db23f694fc647d13,87a305c45891600e0244ee26c0bf1fa9,1.0,2,2,2
4f4a4c713a7892d9db23f694fc647d13,90c312d2299d36c16bbaa3d717b3dfba,1.0,2,2,2
4f4a4c713a7892d9db23f694fc647d13,91da289fa4deba62c108246d150a8f4e,1.0,2,2,2
4f4a4c713a7892d9db23f694fc647d13,97ba9c6276256eca910e8d36e78abfa8,1.0,2,2,2
4f4a4c713a7892d9db23f694fc647d13,a231b02134665d0d59438a0008e6e082,1.0,2,2,2
4f4a4c713a7892d9db23f694fc647d13,a57efc75b64a030eb02c4ebe7f48e45f,1.0,2,2,2
4f4a4c713a7892d9db23f694fc647d13,a8953e3d7677addada63eee79b91e7ff,1.0,2,2,2
4f4a4c713a7892d9db23f694fc647d13,aab579a39b1b5c223c2e1a4bbf8ff977,1.0,2,2,2
4f4a4c713a7892d9db23f694fc647d13,aebd72416330dcdb02e8d478fd81c9f6,1.0,2,2,2
4f4a4c713a7892d9db23f694fc647d13,b0b219d68cb80e8440a7fccd3dab3851,1.0,2,2,2
4f4a4c713a7892d9db23f694fc647d13,b84dbaedbe3ea55d7cc0894fbea73910,1.0,2,2,2
4f4a4c713a7892d9db23f694fc647d13,bd6c1c99a4f6c28c98927351eb226e80,1.0,2,2,2
4f4a4c713a7892d9db23f694fc647d13,be4eb163762cf164f26f81021c4a5e97,1.0,2,2,2
4f4a4c713a7892d9db23f694fc647d13,bf257f507db19138f5bc4065313c1f87,1.0,2,2,2
4f4a4c713a7892d9db23f694fc647d13,c4ba227e9593faaf28a4ea8e5ec6c93f,1.0,2,2,2
4f4a4c713a7892d9db23f694fc647d13,cf4935767b14a8312de405de5d5bbdb5,1.0,2,2,2
4f4a4c713a7892d9db23f694fc647d13,dfbebe96520c2a101d602c7d003764ba,1.0,2,2,2
4f4a4c713a7892d9db23f694fc647d13,e225b3c270984a8097a136089a11aea9,1.0,2,2,2
4f4a4c713a7892d9db23f694fc647d13,e301216623168d227eb0b0a3aabb1e62,1.0,2,2,2
4f4a4c713a7892d9db23f694fc647d13,e8b4b9cf7e6a2e6e13371f3439a4a1ba,1.0,2,2,2
4f4a4c713a7892d9db23f694fc647d13,ea77749bef0ca28ab93f391cda660f71,1.0,2,2,2
4f4a4c713a7892d9db23f694fc647d13,f64075e7fa628bdc6c3e7c3108d7c624,1.0,2,2,2
5261961eeb22ad480eafeb8829cddacf,5dda09ed137461608be539348c1dac39,1.0,2,2,2
5261961eeb22ad480eafeb8829cddacf,65942a39d31e4aa627f0f65e0298ba2f,1.0,2,2,2
5261961eeb22ad480eafeb8829cddacf,698a9cafcc15cac8cdbaee64adc6efbe,1.0,2,2,2
5261961eeb22ad480eafeb8829cddacf,6d9cdc2c73e65c443351811fb9039bfa,1.0,2,2,2
5261961eeb22ad480eafeb8829cddacf,6ff4f4fcdadf8410fcae5bad48d7044d,1.0,2,2,2
5261961eeb22ad480eafeb8829cddacf,8418b8ecfc9702b5eacddc5e75a4dcca,1.0,2,2,2
5261961eeb22ad480eafeb8829cddacf,87a305c45891600e0244ee26c0bf1fa9,1.0,2,2,2
5261961eeb22ad480eafeb8829cddacf,90c312d2299d36c16bbaa3d717b3dfba,1.0,2,2,2
5261961eeb22ad480eafeb8829cddacf,91da289fa4deba62c108246d150a8f4e,1.0,2,2,2
5261961eeb22ad480eafeb8829cddacf,97ba9c6276256eca910e8d36e78abfa8,1.0,2,2,2
5261961eeb22ad480eafeb8829cddacf,a231b02134665d0d59438a0008e6e082,1.0,2,2,2
5261961eeb22ad480eafeb8829cddacf,a57efc75b64a030eb02c4ebe7f48e45f,1.0,2,2,2
5261961eeb22ad480eafeb8829cddacf,a8953e3d7677addada63eee79b91e7ff,1.0,2,2,2
5261961eeb22ad480eafeb8829cddacf,aab579a39b1b5c223c2e1a4bbf8ff977,1.0,2,2,2
5261961eeb22ad480eafeb8829cddacf,aebd72416330dcdb02e8d478fd81c9f6,1.0,2,2,2
5261961eeb22ad480eafeb8829cddacf,b0b219d68cb80e8440a7fccd3dab3851,1.0,2,2,2
5261961eeb22ad480eafeb8829cddacf,b84dbaedbe3ea55d7cc0894fbea73910,1.0,2,2,2
5261961eeb22ad480eafeb8829cddacf,bd6c1c99a4f6c28c98927351eb226e80,1.0,2,2,2
5261961eeb22ad480eafeb8829cddacf,be4eb163762cf164f26f81021c4a5e97,1.0,2,2,2
5261961eeb22ad480eafeb8829cddacf,bf257f507db19138f5bc4065313c1f87,1.0,2,2,2
5261961eeb22ad480eafeb8829cddacf,c4ba227e9593faaf28a4ea8e5ec6c93f,1.0,2,2,2
5261961eeb22ad480eafeb8829cddacf,cf4935767b14a8312de405de5d5bbdb5,1.0,2,2,2
5261961eeb22ad480eafeb8829cddacf,dfbebe96520c2a101d602c7d003764ba,1.0,2,2,2
5261961eeb22ad480eafeb8829cddacf,e225b3c270984a8097a136089a11aea9,1.0,2,2,2
5261961eeb22ad480eafeb8829cddacf,e301216623168d227eb0b0a3aabb1e62,1.0,2,2,2
5261961eeb22ad480eafeb8829cddacf,e8b4b9cf7e6a2e6e13371f3439a4a1ba,1.0,2,2,2
5261961eeb22ad480eafeb8829cddacf,ea77749bef0ca28ab93f391cda660f71,1.0,2,2,2
5261961eeb22ad480eafeb8829cddacf,f64075e7fa628bdc6c3e7c3108d7c624,1.0,2,2,2
5dda09ed137461608be539348c1dac39,65942a39d31e4aa627f0f65e0298ba2f,1.0,2,2,2
5dda09ed137461608be539348c1dac39,698a9cafcc15cac8cdbaee64adc6efbe,1.0,2,2,2
5dda09ed137461608be539348c1dac39,6d9cdc2c73e65c443351811fb9039bfa,1.0,2,2,2
5dda09ed137461608be539348c1dac39,6ff4f4fcdadf8410fcae5bad48d7044d,1.0,2,2,2
5dda09ed137461608be539348c1dac39,8418b8ecfc9702b5eacddc5e75a4dcca,1.0,2,2,2
5dda09ed137461608be539348c1dac39,87a305c45891600e0244ee26c0bf1fa9,1.0,2,2,2
5dda09ed137461608be539348c1dac39,90c312d2299d36c16bbaa3d717b3dfba,1.0,2,2,2
5dda09ed137461608be539348c1dac39,91da289fa4deba62c108246d150a8f4e,1.0,2,2,2
5dda09ed137461608be539348c1dac39,97ba9c6276256eca910e8d36e78abfa8,1.0,2,2,2
5dda09ed137461608be539348c1dac39,a231b02134665d0d59438a0008e6e082,1.0,2,2,2
5dda09ed137461608be539348c1dac39,a57efc75b64a030eb02c4ebe7f48e45f,1.0,2,2,2
5dda09ed137461608be539348c1dac39,a8953e3d7677addada63eee79b91e7ff,1.0,2,2,2
5dda09ed137461608be539348c1dac39,aab579a39b1b5c223c2e1a4bbf8ff977,1.0,2,2,2
5dda09ed137461608be539348c1dac39,aebd72416330dcdb02e8d478fd81c9f6,1.0,2,2,2
5dda09ed137461608be539348c1dac39,b0b219d68cb80e8440a7fccd3dab3851,1.0,2,2,2
5dda09ed137461608be539348c1dac39,b84dbaedbe3ea55d7cc0894fbea73910,1.0,2,2,2
5dda09ed137461608be539348c1dac39,bd6c1c99a4f6c28c98927351eb226e80,1.0,2,2,2
5dda09ed137461608be539348c1dac39,be4eb163762cf164f26f81021c4a5e97,1.0,2,2,2
5dda09ed137461608be539348c1dac39,bf257f507db19138f5bc4065313c1f87,1.0,2,2,2
5dda09ed137461608be539348c1dac39,c4ba227e9593faaf28a4ea8e5ec6c93f,1.0,2,2,2
5dda09ed137461608be539348c1dac39,cf4935767b14a8312de405de5d5bbdb5,1.0,2,2,2
5dda09ed137461608be539348c1dac39,dfbebe96520c2a101d602c7d003764ba,1.0,2,2,2
5dda09ed137461608be539348c1dac39,e225b3c270984a8097a136089a11aea9,1.0,2,2,2
5dda09ed137461608be539348c1dac39,e301216623168d227eb0b0a3aabb1e62,1.0,2,2,2
5dda09ed137461608be539348c1dac39,e8b4b9cf7e6a2e6e13371f3439a4a1ba,1.0,2,2,2
5dda09ed137461608be539348c1dac39,ea77749bef0ca28ab93f391cda660f71,1.0,2,2,2
5dda09ed137461608be539348c1dac39,f64075e7fa628bdc6c3e7c3108d7c624,1.0,2,2,2
5e6ff5789e4d6b6d6f2a801e4da72e7a,5ebd246be48ec18bf3859966284333f8,1.0,2,2,2
5e6ff5789e4d6b6d6f2a801e4da72e7a,70c976663a07ebfd35d81c6179258391,1.0,2,2,2
5e6ff5789e4d6b6d6f2a801e4da72e7a,750550f1fbf777d9383acb856bc593dd,1.0,2,2,2
5e6ff5789e4d6b6d6f2a801e4da72e7a,96d3a3257161c32fe93aea0e38b16515,1.0,2,2,2
5e6ff5789e4d6b6d6f2a801e4da72e7a,9a2344afe2d1a43559906bd456567a9b,1.0,2,2,2
5e6ff5789e4d6b6d6f2a801e4da72e7a,9cb94124fb0fda10d04fccc5477573b6,1.0,2,2,2
5e6ff5789e4d6b6d6f2a801e4da72e7a,a7751ca7aa429b41cf9065a425d52aea,1.0,2,2,2
5e6ff5789e4d6b6d6f2a801e4da72e7a,b410d7fd96e7ff12af1d2f87aae875a8,1.0,2,2,2
5e6ff5789e4d6b6d6f2a801e4da72e7a,b7741f7ec50ab6bcd52ab08ea8f214d9,1.0,2,2,2
5e6ff5789e4d6b6d6f2a801e4da72e7a,ce87153ae6d1e210517154ec1057aad5,1.0,2,2,2
5e6ff5789e4d6b6d6f2a801e4da72e7a,d535471db72095137da93810c98af688,1.0,2,2,2
5e6ff5789e4d6b6d6f2a801e4da72e7a,e6f18fab493c0bdc553eafd9b66cb5f2,1.0,2,2,2
5e6ff5789e4d6b6d6f2a801e4da72e7a,f30856ad31d3e74253a3f4ccef670648,1.0,2,2,2
5ebd246be48ec18bf3859966284333f8,70c976663a07ebfd35d81c6179258391,1.0,2,2,2
5ebd246be48ec18bf3859966284333f8,750550f1fbf777d9383acb856bc593dd,1.0,2,2,2
5ebd246be48ec18bf3859966284333f8,96d3a3257161c32fe93aea0e38b16515,1.0,2,2,2
5ebd246be48ec18bf3859966284333f8,9a2344afe2d1a43559906bd456567a9b,1.0,2,2,2
5ebd246be48ec18bf3859966284333f8,9cb94124fb0fda10d04fccc5477573b6,1.0,2,2,2
5ebd246be48ec18bf3859966284333f8,a7751ca7aa429b41cf9065a425d52aea,1.0,2,2,2
5ebd246be48ec18bf3859966284333f8,b410d7fd96e7ff12af1d2f87aae875a8,1.0,2,2,2
5ebd246be48ec18bf3859966284333f8,b7741f7ec50ab6bcd52ab08ea8f214d9,1.0,2,2,2
5ebd246be48ec18bf3859966284333f8,ce87153ae6d1e210517154ec1057aad5,1.0,2,2,2
5ebd246be48ec18bf3859966284333f8,d535471db72095137da93810c98af688,1.0,2,2,2
5ebd246be48ec18bf3859966284333f8,e6f18fab493c0bdc553eafd9b66cb5f2,1.0,2,2,2
5ebd246be48ec18bf3859966284333f8,f30856ad31d3e74253a3f4ccef670648,1.0,2,2,2
65942a39d31e4aa627f0f65e0298ba2f,698a9cafcc15cac8cdbaee64adc6efbe,1.0,2,2,2
65942a39d31e4aa627f0f65e0298ba2f,6d9cdc2c73e65c443351811fb9039bfa,1.0,2,2,2
65942a39d31e4aa627f0f65e0298ba2f,6ff4f4fcdadf8410fcae5bad48d7044d,1.0,2,2,2
65942a39d31e4aa627f0f65e0298ba2f,8418b8ecfc9702b5eacddc5e75a4dcca,1.0,2,2,2
65942a39d31e4aa627f0f65e0298ba2f,87a305c45891600e0244ee26c0bf1fa9,1.0,2,2,2
65942a39d31e4aa627f0f65e0298ba2f,90c312d2299d36c16bbaa3d717b3dfba,1.0,2,2,2
65942a39d31e4aa627f0f65e0298ba2f,91da289fa4deba62c108246d150a8f4e,1.0,2,2,2
65942a39d31e4aa627f0f65e0298ba2f,97ba9c6276256eca910e8d36e78abfa8,1.0,2,2,2
65942a39d31e4aa627f0f65e0298ba2f,a231b02134665d0d59438a0008e6e082,1.0,2,2,2
65942a39d31e4aa627f0f65e0298ba2f,a57efc75b64a030eb02c4ebe7f48e45f,1.0,2,2,2
65942a39d31e4aa627f0f65e0298ba2f,a8953e3d7677addada63eee79b91e7ff,1.0,2,2,2
65942a39d31e4aa627f0f65e0298ba2f,aab579a39b1b5c223c2e1a4bbf8ff977,1.0,2,2,2
65942a39d31e4aa627f0f65e0298ba2f,aebd72416330dcdb02e8d478fd81c9f6,1.0,2,2,2
65942a39d31e4aa627f0f65e0298ba2f,b0b219d68cb80e8440a7fccd3dab3851,1.0,2,2,2
65942a39d31e4aa627f0f65e0298ba2f,b84dbaedbe3ea55d7cc0894fbea73910,1.0,2,2,2
65942a39d31e4aa627f0f65e0298ba2f,bd6c1c99a4f6c28c98927351eb226e80,1.0,2,2,2
65942a39d31e4aa627f0f65e0298ba2f,be4eb163762cf164f26f81021c4a5e97,1.0,2,2,2
65942a39d31e4aa627f0f65e0298ba2f,bf257f507db19138f5bc4065313c1f87,1.0,2,2,2
65942a39d31e4aa627f0f65e0298ba2f,c4ba227e9593faaf28a4ea8e5ec6c93f,1.0,2,2,2
65942a39d31e4aa627f0f65e0298ba2f,cf4935767b14a8312de405de5d5bbdb5,1.0,2,2,2
65942a39d31e4aa627f0f65e0298ba2f,dfbebe96520c2a101d602c7d003764ba,1.0,2,2,2
65942a39d31e4aa627f0f65e0298ba2f,e225b3c270984a8097a136089a11aea9,1.0,2,2,2
65942a39d31e4aa627f0f65e0298ba2f,e301216623168d227eb0b0a3aabb1e62,1.0,2,2,2
65942a39d31e4aa627f0f65e0298ba2f,e8b4b9cf7e6a2e6e13371f3439a4a1ba,1.0,2,2,2
65942a39d31e4aa627f0f65e0298ba2f,ea77749bef0ca28ab93f391cda660f71,1.0,2,2,2
65942a39d31e4aa627f0f65e0298ba2f,f64075e7fa628bdc6c3e7c3108d7c624,1.0,2,2,2
698a9cafcc15cac8cdbaee64adc6efbe,6d9cdc2c73e65c443351811fb9039bfa,1.0,2,2,2
698a9cafcc15cac8cdbaee64adc6efbe,6ff4f4fcdadf8410fcae5bad48d7044d,1.0,2,2,2
698a9cafcc15cac8cdbaee64adc6efbe,8418b8ecfc9702b5eacddc5e75a4dcca,1.0,2,2,2
698a9cafcc15cac8cdbaee64adc6efbe,87a305c45891600e0244ee26c0bf1fa9,1.0,2,2,2
698a9cafcc15cac8cdbaee64adc6efbe,90c312d2299d36c16bbaa3d717b3dfba,1.0,2,2,2
698a9cafcc15cac8cdbaee64adc6efbe,91da289fa4deba62c108246d150a8f4e,1.0,2,2,2
698a9cafcc15cac8cdbaee64adc6efbe,97ba9c6276256eca910e8d36e78abfa8,1.0,2,2,2
698a9cafcc15cac8cdbaee64adc6efbe,a231b02134665d0d59438a0008e6e082,1.0,2,2,2
698a9cafcc15cac8cdbaee64adc6efbe,a57efc75b64a030eb02c4ebe7f48e45f,1.0,2,2,2
698a9cafcc15cac8cdbaee64adc6efbe,a8953e3d7677addada63eee79b91e7ff,1.0,2,2,2
698a9cafcc15cac8cdbaee64adc6efbe,aab579a39b1b5c223c2e1a4bbf8ff977,1.0,2,2,2
698a9cafcc15cac8cdbaee64adc6efbe,aebd72416330dcdb02e8d478fd81c9f6,1.0,2,2,2
698a9cafcc15cac8cdbaee64adc6efbe,b0b219d68cb80e8440a7fccd3dab3851,1.0,2,2,2
698a9cafcc15cac8cdbaee64adc6efbe,b84dbaedbe3ea55d7cc0894fbea73910,1.0,2,2,2
698a9cafcc15cac8cdbaee64adc6efbe,bd6c1c99a4f6c28c98927351eb226e80,1.0,2,2,2
698a9cafcc15cac8cdbaee64adc6efbe,be4eb163762cf164f26f81021c4a5e97,1.0,2,2,2
698a9cafcc15cac8cdbaee64adc6efbe,bf257f507db19138f5bc4065313c1f87,1.0,2,2,2
698a9cafcc15cac8cdbaee64adc6efbe,c4ba227e9593faaf28a4ea8e5ec6c93f,1.0,2,2,2
698a9cafcc15cac8cdbaee64adc6efbe,cf4935767b14a8312de405de5d5bbdb5,1.0,2,2,2
698a9cafcc15cac8cdbaee64adc6efbe,dfbebe96520c2a101d602c7d003764ba,1.0,2,2,2
698a9cafcc15cac8cdbaee64adc6efbe,e225b3c270984a8097a136089a11aea9,1.0,2,2,2
698a9cafcc15cac8cdbaee64adc6efbe,e301216623168d227eb0b0a3aabb1e62,1.0,2,2,2
698a9cafcc15cac8cdbaee64adc6efbe,e8b4b9cf7e6a2e6e13371f3439a4a1ba,1.0,2,2,2
698a9cafcc15cac8cdbaee64adc6efbe,ea77749bef0ca28ab93f391cda660f71,1.0,2,2,2
698a9cafcc15cac8cdbaee64adc6efbe,f64075e7fa628bdc6c3e7c3108d7c624,1.0,2,2,2
6d9cdc2c73e65c443351811fb9039bfa,6ff4f4fcdadf8410fcae5bad48d7044d,1.0,2,2,2
6d9cdc2c73e65c443351811fb9039bfa,8418b8ecfc9702b5eacddc5e75a4dcca,1.0,2,2,2
6d9cdc2c73e65c443351811fb9039bfa,87a305c45891600e0244ee26c0bf1fa9,1.0,2,2,2
6d9cdc2c73e65c443351811fb9039bfa,90c312d2299d36c16bbaa3d717b3dfba,1.0,2,2,2
6d9cdc2c73e65c443351811fb9039bfa,91da289fa4deba62c108246d150a8f4e,1.0,2,2,2
6d9cdc2c73e65c443351811fb9039bfa,97ba9c6276256eca910e8d36e78abfa8,1.0,2,2,2
6d9cdc2c73e65c443351811fb9039bfa,a231b02134665d0d59438a0008e6e082,1.0,2,2,2
6d9cdc2c73e65c443351811fb9039bfa,a57efc75b64a030eb02c4ebe7f48e45f,1.0,2,2,2
6d9cdc2c73e65c443351811fb9039bfa,a8953e3d7677addada63eee79b91e7ff,1.0,2,2,2
6d9cdc2c73e65c443351811fb9039bfa,aab579a39b1b5c223c2e1a4bbf8ff977,1.0,2,2,2
6d9cdc2c73e65c443351811fb9039bfa,aebd72416330dcdb02e8d478fd81c9f6,1.0,2,2,2
6d9cdc2c73e65c443351811fb9039bfa,b0b219d68cb80e8440a7fccd3dab3851,1.0,2,2,2
6d9cdc2c73e65c443351811fb9039bfa,b84dbaedbe3ea55d7cc0894fbea73910,1.0,2,2,2
6d9cdc2c73e65c443351811fb9039bfa,bd6c1c99a4f6c28c98927351eb226e80,1.0,2,2,2
6d9cdc2c73e65c443351811fb9039bfa,be4eb163762cf164f26f81021c4a5e97,1.0,2,2,2
6d9cdc2c73e65c443351811fb9039bfa,bf257f507db19138f5bc4065313c1f87,1.0,2,2,2
6d9cdc2c73e65c443351811fb9039bfa,c4ba227e9593faaf28a4ea8e5ec6c93f,1.0,2,2,2
6d9cdc2c73e65c443351811fb9039bfa,cf4935767b14a8312de405de5d5bbdb5,1.0,2,2,2
6d9cdc2c73e65c443351811fb9039bfa,dfbebe96520c2a101d602c7d003764ba,1.0,2,2,2
6d9cdc2c73e65c443351811fb9039bfa,e225b3c270984a8097a136089a11aea9,1.0,2,2,2
6d9cdc2c73e65c443351811fb9039bfa,e301216623168d227eb0b0a3aabb1e62,1.0,2,2,2
6d9cdc2c73e65c443351811fb9039bfa,e8b4b9cf7e6a2e6e13371f3439a4a1ba,1.0,2,2,2
6d9cdc2c73e65c443351811fb9039bfa,ea77749bef0ca28ab93f391cda660f71,1.0,2,2,2
6d9cdc2c73e65c443351811fb9039bfa,f64075e7fa628bdc6c3e7c3108d7c624,1.0,2,2,2
6ff4f4fcdadf8410fcae5bad48d7044d,8418b8ecfc9702b5eacddc5e75a4dcca,1.0,2,2,2
6ff4f4fcdadf8410fcae5bad48d7044d,87a305c45891600e0244ee26c0bf1fa9,1.0,2,2,2
6ff4f4fcdadf8410fcae5bad48d7044d,90c312d2299d36c16bbaa3d717b3dfba,1.0,2,2,2
6ff4f4fcdadf8410fcae5bad48d7044d,91da289fa4deba62c108246d150a8f4e,1.0,2,2,2
6ff4f4fcdadf8410fcae5bad48d7044d,97ba9c6276256eca910e8d36e78abfa8,1.0,2,2,2
6ff4f4fcdadf8410fcae5bad48d7044d,a231b02134665d0d59438a0008e6e082,1.0,2,2,2
6ff4f4fcdadf8410fcae5bad48d7044d,a57efc75b64a030eb02c4ebe7f48e45f,1.0,2,2,2
6ff4f4fcdadf8410fcae5bad48d7044d,a8953e3d7677addada63eee79b91e7ff,1.0,2,2,2
6ff4f4fcdadf8410fcae5bad48d7044d,aab579a39b1b5c223c2e1a4bbf8ff977,1.0,2,2,2
6ff4f4fcdadf8410fcae5bad48d7044d,aebd72416330dcdb02e8d478fd81c9f6,1.0,2,2,2
6ff4f4fcdadf8410fcae5bad48d7044d,b0b219d68cb80e8440a7fccd3dab3851,1.0,2,2,2
6ff4f4fcdadf8410fcae5bad48d7044d,b84dbaedbe3ea55d7cc0894fbea73910,1.0,2,2,2
6ff4f4fcdadf8410fcae5bad48d7044d,bd6c1c99a4f6c28c98927351eb226e80,1.0,2,2,2
6ff4f4fcdadf8410fcae5bad48d7044d,be4eb163762cf164f26f81021c4a5e97,1.0,2,2,2
6ff4f4fcdadf8410fcae5bad48d7044d,bf257f507db19138f5bc4065313c1f87,1.0,2,2,2
6ff4f4fcdadf8410fcae5bad48d7044d,c4ba227e9593faaf28a4ea8e5ec6c93f,1.0,2,2,2
6ff4f4fcdadf8410fcae5bad48d7044d,cf4935767b14a8312de405de5d5bbdb5,1.0,2,2,2
6ff4f4fcdadf8410fcae5bad48d7044d,dfbebe96520c2a101d602c7d003764ba,1.0,2,2,2
6ff4f4fcdadf8410fcae5bad48d7044d,e225b3c270984a8097a136089a11aea9,1.0,2,2,2
6ff4f4fcdadf8410fcae5bad48d7044d,e301216623168d227eb0b0a3aabb1e62,1.0,2,2,2
6ff4f4fcdadf8410fcae5bad48d7044d,e8b4b9cf7e6a2e6e13371f3439a4a1ba,1.0,2,2,2
6ff4f4fcdadf8410fcae5bad48d7044d,ea77749bef0ca28ab93f391cda660f71,1.0,2,2,2
6ff4f4fcdadf8410fcae5bad48d7044d,f64075e7fa628bdc6c3e7c3108d7c624,1.0,2,2,2
70c976663a07ebfd35d81c6179258391,750550f1fbf777d9383acb856bc593dd,1.0,2,2,2
70c976663a07ebfd35d81c6179258391,96d3a3257161c32fe93aea0e38b16515,1.0,2,2,2
70c976663a07ebfd35d81c6179258391,9a2344afe2d1a43559906bd456567a9b,1.0,2,2,2
70c976663a07ebfd35d81c6179258391,9cb94124fb0fda10d04fccc5477573b6,1.0,2,2,2
70c976663a07ebfd35d81c6179258391,a7751ca7aa429b41cf9065a425d52aea,1.0,2,2,2
70c976663a07ebfd35d81c6179258391,b410d7fd96e7ff12af1d2f87aae875a8,1.0,2,2,2
70c976663a07ebfd35d81c6179258391,b7741f7ec50ab6bcd52ab08ea8f214d9,1.0,2,2,2
70c976663a07ebfd35d81c6179258391,ce87153ae6d1e210517154ec1057aad5,1.0,2,2,2
70c976663a07ebfd35d81c6179258391,d535471db72095137da93810c98af688,1.0,2,2,2
70c976663a07ebfd35d81c6179258391,e6f18fab493c0bdc553eafd9b66cb5f2,1.0,2,2,2
70c976663a07ebfd35d81c6179258391,f30856ad31d3e74253a3f4ccef670648,1.0,2,2,2
750550f1fbf777d9383acb856bc593dd,96d3a3257161c32fe93aea0e38b16515,1.0,2,2,2
750550f1fbf777d9383acb856bc593dd,9a2344afe2d1a43559906bd456567a9b,1.0,2,2,2
750550f1fbf777d9383acb856bc593dd,9cb94124fb0fda10d04fccc5477573b6,1.0,2,2,2
750550f1fbf777d9383acb856bc593dd,a7751ca7aa429b41cf9065a425d52aea,1.0,2,2,2
750550f1fbf777d9383acb856bc593dd,b410d7fd96e7ff12af1d2f87aae875a8,1.0,2,2,2
750550f1fbf777d9383acb856bc593dd,b7741f7ec50ab6bcd52ab08ea8f214d9,1.0,2,2,2
750550f1fbf777d9383acb856bc593dd,ce87153ae6d1e210517154ec1057aad5,1.0,2,2,2
750550f1fbf777d9383acb856bc593dd,d535471db72095137da93810c98af688,1.0,2,2,2
750550f1fbf777d9383acb856bc593dd,e6f18fab493c0bdc553eafd9b66cb5f2,1.0,2,2,2
750550f1fbf777d9383acb856bc593dd,f30856ad31d3e74253a3f4ccef670648,1.0,2,2,2
8418b8ecfc9702b5eacddc5e75a4dcca,87a305c45891600e0244ee26c0bf1fa9,1.0,2,2,2
8418b8ecfc9702b5eacddc5e75a4dcca,90c312d2299d36c16bbaa3d717b3dfba,1.0,2,2,2
8418b8ecfc9702b5eacddc5e75a4dcca,91da289fa4deba62c108246d150a8f4e,1.0,2,2,2
8418b8ecfc9702b5eacddc5e75a4dcca,97ba9c6276256eca910e8d36e78abfa8,1.0,2,2,2
8418b8ecfc9702b5eacddc5e75a4dcca,a231b02134665d0d59438a0008e6e082,1.0,2,2,2
8418b8ecfc9702b5eacddc5e75a4dcca,a57efc75b64a030eb02c4ebe7f48e45f,1.0,2,2,2
8418b8ecfc9702b5eacddc5e75a4dcca,a8953e3d7677addada63eee79b91e7ff,1.0,2,2,2
8418b8ecfc9702b5eacddc5e75a4dcca,aab579a39b1b5c223c2e1a4bbf8ff977,1.0,2,2,2
8418b8ecfc9702b5eacddc5e75a4dcca,aebd72416330dcdb02e8d478fd81c9f6,1.0,2,2,2
8418b8ecfc9702b5eacddc5e75a4dcca,b0b219d68cb80e8440a7fccd3dab3851,1.0,2,2,2
8418b8ecfc9702b5eacddc5e75a4dcca,b84dbaedbe3ea55d7cc0894fbea73910,1.0,2,2,2
8418b8ecfc9702b5eacddc5e75a4dcca,bd6c1c99a4f6c28c98927351eb226e80,1.0,2,2,2
8418b8ecfc9702b5eacddc5e75a4dcca,be4eb163762cf164f26f81021c4a5e97,1.0,2,2,2
8418b8ecfc9702b5eacddc5e75a4dcca,bf257f507db19138f5bc4065313c1f87,1.0,2,2,2
8418b8ecfc9702b5eacddc5e75a4dcca,c4ba227e9593faaf28a4ea8e5ec6c93f,1.0,2,2,2
8418b8ecfc9702b5eacddc5e75a4dcca,cf4935767b14a8312de405de5d5bbdb5,1.0,2,2,2
8418b8ecfc9702b5eacddc5e75a4dcca,dfbebe96520c2a101d602c7d003764ba,1.0,2,2,2
8418b8ecfc9702b5eacddc5e75a4dcca,e225b3c270984a8097a136089a11aea9,1.0,2,2,2
8418b8ecfc9702b5eacddc5e75a4dcca,e301216623168d227eb0b0a3aabb1e62,1.0,2,2,2
8418b8ecfc9702b5eacddc5e75a4dcca,e8b4b9cf7e6a2e6e13371f3439a4a1ba,1.0,2,2,2
8418b8ecfc9702b5eacddc5e75a4dcca,ea77749bef0ca28ab93f391cda660f71,1.0,2,2,2
8418b8ecfc9702b5eacddc5e75a4dcca,f64075e7fa628bdc6c3e7c3108d7c624,1.0,2,2,2
87a305c45891600e0244ee26c0bf1fa9,90c312d2299d36c16bbaa3d717b3dfba,1.0,2,2,2
87a305c45891600e0244ee26c0bf1fa9,91da289fa4deba62c108246d150a8f4e,1.0,2,2,2
87a305c45891600e0244ee26c0bf1fa9,97ba9c6276256eca910e8d36e78abfa8,1.0,2,2,2
87a305c45891600e0244ee26c0bf1fa9,a231b02134665d0d59438a0008e6e082,1.0,2,2,2
87a305c45891600e0244ee26c0bf1fa9,a57efc75b64a030eb02c4ebe7f48e45f,1.0,2,2,2
87a305c45891600e0244ee26c0bf1fa9,a8953e3d7677addada63eee79b91e7ff,1.0,2,2,2
87a305c45891600e0244ee26c0bf1fa9,aab579a39b1b5c223c2e1a4bbf8ff977,1.0,2,2,2
87a305c45891600e0244ee26c0bf1fa9,aebd72416330dcdb02e8d478fd81c9f6,1.0,2,2,2
87a305c45891600e0244ee26c0bf1fa9,b0b219d68cb80e8440a7fccd3dab3851,1.0,2,2,2
87a305c45891600e0244ee26c0bf1fa9,b84dbaedbe3ea55d7cc0894fbea73910,1.0,2,2,2
87a305c45891600e0244ee26c0bf1fa9,bd6c1c99a4f6c28c98927351eb226e80,1.0,2,2,2
87a305c45891600e0244ee26c0bf1fa9,be4eb163762cf164f26f81021c4a5e97,1.0,2,2,2
87a305c45891600e0244ee26c0bf1fa9,bf257f507db19138f5bc4065313c1f87,1.0,2,2,2
87a305c45891600e0244ee26c0bf1fa9,c4ba227e9593faaf28a4ea8e5ec6c93f,1.0,2,2,2
87a305c45891600e0244ee26c0bf1fa9,cf4935767b14a8312de405de5d5bbdb5,1.0,2,2,2
87a305c45891600e0244ee26c0bf1fa9,dfbebe96520c2a101d602c7d003764ba,1.0,2,2,2
87a305c45891600e0244ee26c0bf1fa9,e225b3c270984a8097a136089a11aea9,1.0,2,2,2
87a305c45891600e0244ee26c0bf1fa9,e301216623168d227eb0b0a3aabb1e62,1.0,2,2,2
87a305c45891600e0244ee26c0bf1fa9,e8b4b9cf7e6a2e6e13371f3439a4a1ba,1.0,2,2,2
87a305c45891600e0244ee26c0bf1fa9,ea77749bef0ca28ab93f391cda660f71,1.0,2,2,2
87a305c45891600e0244ee26c0bf1fa9,f64075e7fa628bdc6c3e7c3108d7c624,1.0,2,2,2
90c312d2299d36c16bbaa3d717b3dfba,91da289fa4deba62c108246d150a8f4e,1.0,2,2,2
90c312d2299d36c16bbaa3d717b3dfba,97ba9c6276256eca910e8d36e78abfa8,1.0,2,2,2
90c312d2299d36c16bbaa3d717b3dfba,a231b02134665d0d59438a0008e6e082,1.0,2,2,2
90c312d2299d36c16bbaa3d717b3dfba,a57efc75b64a030eb02c4ebe7f48e45f,1.0,2,2,2
90c312d2299d36c16bbaa3d717b3dfba,a8953e3d7677addada63eee79b91e7ff,1.0,2,2,2
90c312d2299d36c16bbaa3d717b3dfba,aab579a39b1b5c223c2e1a4bbf8ff977,1.0,2,2,2
90c312d2299d36c16bbaa3d717b3dfba,aebd72416330dcdb02e8d478fd81c9f6,1.0,2,2,2
90c312d2299d36c16bbaa3d717b3dfba,b0b219d68cb80e8440a7fccd3dab3851,1.0,2,2,2
90c312d2299d36c16bbaa3d717b3dfba,b84dbaedbe3ea55d7cc0894fbea73910,1.0,2,2,2
90c312d2299d36c16bbaa3d717b3dfba,bd6c1c99a4f6c28c98927351eb226e80,1.0,2,2,2
90c312d2299d36c16bbaa3d717b3dfba,be4eb163762cf164f26f81021c4a5e97,1.0,2,2,2
90c312d2299d36c16bbaa3d717b3dfba,bf257f507db19138f5bc4065313c1f87,1.0,2,2,2
90c312d2299d36c16bbaa3d717b3dfba,c4ba227e9593faaf28a4ea8e5ec6c93f,1.0,2,2,2
90c312d2299d36c16bbaa3d717b3dfba,cf4935767b14a8312de405de5d5bbdb5,1.0,2,2,2
90c312d2299d36c16bbaa3d717b3dfba,dfbebe96520c2a101d602c7d003764ba,1.0,2,2,2
90c312d2299d36c16bbaa3d717b3dfba,e225b3c270984a8097a136089a11aea9,1.0,2,2,2
90c312d2299d36c16bbaa3d717b3dfba,e301216623168d227eb0b0a3aabb1e62,1.0,2,2,2
90c312d2299d36c16bbaa3d717b3dfba,e8b4b9cf7e6a2e6e13371f3439a4a1ba,1.0,2,2,2
90c312d2299d36c16bbaa3d717b3dfba,ea77749bef0ca28ab93f391cda660f71,1.0,2,2,2
90c312d2299d36c16bbaa3d717b3dfba,f64075e7fa628bdc6c3e7c3108d7c624,1.0,2,2,2
91da289fa4deba62c108246d150a8f4e,97ba9c6276256eca910e8d36e78abfa8,1.0,2,2,2
91da289fa4deba62c108246d150a8f4e,a231b02134665d0d59438a0008e6e082,1.0,2,2,2
91da289fa4deba62c108246d150a8f4e,a57efc75b64a030eb02c4ebe7f48e45f,1.0,2,2,2
91da289fa4deba62c108246d150a8f4e,a8953e3d7677addada63eee79b91e7ff,1.0,2,2,2
91da289fa4deba62c108246d150a8f4e,aab579a39b1b5c223c2e1a4bbf8ff977,1.0,2,2,2
91da289fa4deba62c108246d150a8f4e,aebd72416330dcdb02e8d478fd81c9f6,1.0,2,2,2
91da289fa4deba62c108246d150a8f4e,b0b219d68cb80e8440a7fccd3dab3851,1.0,2,2,2
91da289fa4deba62c108246d150a8f4e,b84dbaedbe3ea55d7cc0894fbea73910,1.0,2,2,2
91da289fa4deba62c108246d150a8f4e,bd6c1c99a4f6c28c98927351eb226e80,1.0,2,2,2
91da289fa4deba62c108246d150a8f4e,be4eb163762cf164f26f81021c4a5e97,1.0,2,2,2
91da289fa4deba62c108246d150a8f4e,bf257f507db19138f5bc4065313c1f87,1.0,2,2,2
91da289fa4deba62c108246d150a8f4e,c4ba227e9593faaf28a4ea8e5ec6c93f,1.0,2,2,2
91da289fa4deba62c108246d150a8f4e,cf4935767b14a8312de405de5d5bbdb5,1.0,2,2,2
91da289fa4deba62c108246d150a8f4e,dfbebe96520c2a101d602c7d003764ba,1.0,2,2,2
91da289fa4deba62c108246d150a8f4e,e225b3c270984a8097a136089a11aea9,1.0,2,2,2
91da289fa4deba62c108246d150a8f4e,e301216623168d227eb0b0a3aabb1e62,1.0,2,2,2
91da289fa4deba62c108246d150a8f4e,e8b4b9cf7e6a2e6e13371f3439a4a1ba,1.0,2,2,2
91da289fa4deba62c108246d150a8f4e,ea77749bef0ca28ab93f391cda660f71,1.0,2,2,2
91da289fa4deba62c108246d150a8f4e,f64075e7fa628bdc6c3e7c3108d7c624,1.0,2,2,2
96d3a3257161c32fe93aea0e38b16515,9a2344afe2d1a43559906bd456567a9b,1.0,2,2,2
96d3a3257161c32fe93aea0e38b16515,9cb94124fb0fda10d04fccc5477573b6,1.0,2,2,2
96d3a3257161c32fe93aea0e38b16515,a7751ca7aa429b41cf9065a425d52aea,1.0,2,2,2
96d3a3257161c32fe93aea0e38b16515,b410d7fd96e7ff12af1d2f87aae875a8,1.0,2,2,2
96d3a3257161c32fe93aea0e38b16515,b7741f7ec50ab6bcd52ab08ea8f214d9,1.0,2,2,2
96d3a3257161c32fe93aea0e38b16515,ce87153ae6d1e210517154ec1057aad5,1.0,2,2,2
96d3a3257161c32fe93aea0e38b16515,d535471db72095137da93810c98af688,1.0,2,2,2
96d3a3257161c32fe93aea0e38b16515,e6f18fab493c0bdc553eafd9b66cb5f2,1.0,2,2,2
96d3a3257161c32fe93aea0e38b16515,f30856ad31d3e74253a3f4ccef670648,1.0,2,2,2
97ba9c6276256eca910e8d36e78abfa8,a231b02134665d0d59438a0008e6e082,1.0,2,2,2
97ba9c6276256eca910e8d36e78abfa8,a57efc75b64a030eb02c4ebe7f48e45f,1.0,2,2,2
97ba9c6276256eca910e8d36e78abfa8,a8953e3d7677addada63eee79b91e7ff,1.0,2,2,2
97ba9c6276256eca910e8d36e78abfa8,aab579a39b1b5c223c2e1a4bbf8ff977,1.0,2,2,2
97ba9c6276256eca910e8d36e78abfa8,aebd72416330dcdb02e8d478fd81c9f6,1.0,2,2,2
97ba9c6276256eca910e8d36e78abfa8,b0b219d68cb80e8440a7fccd3dab3851,1.0,2,2,2
97ba9c6276256eca910e8d36e78abfa8,b84dbaedbe3ea55d7cc0894fbea73910,1.0,2,2,2
97ba9c6276256eca910e8d36e78abfa8,bd6c1c99a4f6c28c98927351eb226e80,1.0,2,2,2
97ba9c6276256eca910e8d36e78abfa8,be4eb163762cf164f26f81021c4a5e97,1.0,2,2,2
97ba9c6276256eca910e8d36e78abfa8,bf257f507db19138f5bc4065313c1f87,1.0,2,2,2
97ba9c6276256eca910e8d36e78abfa8,c4ba227e9593faaf28a4ea8e5ec6c93f,1.0,2,2,2
97ba9c6276256eca910e8d36e78abfa8,cf4935767b14a8312de405de5d5bbdb5,1.0,2,2,2
97ba9c6276256eca910e8d36e78abfa8,dfbebe96520c2a101d602c7d003764ba,1.0,2,2,2
97ba9c6276256eca910e8d36e78abfa8,e225b3c270984a8097a136089a11aea9,1.0,2,2,2
97ba9c6276256eca910e8d36e78abfa8,e301216623168d227eb0b0a3aabb1e62,1.0,2,2,2
97ba9c6276256eca910e8d36e78abfa8,e8b4b9cf7e6a2e6e13371f3439a4a1ba,1.0,2,2,2
97ba9c6276256eca910e8d36e78abfa8,ea77749bef0ca28ab93f391cda660f71,1.0,2,2,2
97ba9c6276256eca910e8d36e78abfa8,f64075e7fa628bdc6c3e7c3108d7c624,1.0,2,2,2
9a2344afe2d1a43559906bd456567a9b,9cb94124fb0fda10d04fccc5477573b6,1.0,2,2,2
9a2344afe2d1a43559906bd456567a9b,a7751ca7aa429b41cf9065a425d52aea,1.0,2,2,2
9a2344afe2d1a43559906bd456567a9b,b410d7fd96e7ff12af1d2f87aae875a8,1.0,2,2,2
9a2344afe2d1a43559906bd456567a9b,b7741f7ec50ab6bcd52ab08ea8f214d9,1.0,2,2,2
9a2344afe2d1a43559906bd456567a9b,ce87153ae6d1e210517154ec1057aad5,1.0,2,2,2
9a2344afe2d1a43559906bd456567a9b,d535471db72095137da93810c98af688,1.0,2,2,2
9a2344afe2d1a43559906bd456567a9b,e6f18fab493c0bdc553eafd9b66cb5f2,1.0,2,2,2
9a2344afe2d1a43559906bd456567a9b,f30856ad31d3e74253a3f4ccef670648,1.0,2,2,2
9cb94124fb0fda10d04fccc5477573b6,a7751ca7aa429b41cf9065a425d52aea,1.0,2,2,2
9cb94124fb0fda10d04fccc5477573b6,b410d7fd96e7ff12af1d2f87aae875a8,1.0,2,2,2
9cb94124fb0fda10d04fccc5477573b6,b7741f7ec50ab6bcd52ab08ea8f214d9,1.0,2,2,2
9cb94124fb0fda10d04fccc5477573b6,ce87153ae6d1e210517154ec1057aad5,1.0,2,2,2
9cb94124fb0fda10d04fccc5477573b6,d535471db72095137da93810c98af688,1.0,2,2,2
9cb94124fb0fda10d04fccc5477573b6,e6f18fab493c0bdc553eafd9b66cb5f2,1.0,2,2,2
9cb94124fb0fda10d04fccc5477573b6,f30856ad31d3e74253a3f4ccef670648,1.0,2,2,2
a231b02134665d0d59438a0008e6e082,a57efc75b64a030eb02c4ebe7f48e45f,1.0,2,2,2
a231b02134665d0d59438a0008e6e082,a8953e3d7677addada63eee79b91e7ff,1.0,2,2,2
a231b02134665d0d59438a0008e6e082,aab579a39b1b5c223c2e1a4bbf8ff977,1.0,2,2,2
a231b02134665d0d59438a0008e6e082,aebd72416330dcdb02e8d478fd81c9f6,1.0,2,2,2
a231b02134665d0d59438a0008e6e082,b0b219d68cb80e8440a7fccd3dab3851,1.0,2,2,2
a231b02134665d0d59438a0008e6e082,b84dbaedbe3ea55d7cc0894fbea73910,1.0,2,2,2
a231b02134665d0d59438a0008e6e082,bd6c1c99a4f6c28c98927351eb226e80,1.0,2,2,2
a231b02134665d0d59438a0008e6e082,be4eb163762cf164f26f81021c4a5e97,1.0,2,2,2
a231b02134665d0d59438a0008e6e082,bf257f507db19138f5bc4065313c1f87,1.0,2,2,2
a231b02134665d0d59438a0008e6e082,c4ba227e9593faaf28a4ea8e5ec6c93f,1.0,2,2,2
a231b02134665d0d59438a0008e6e082,cf4935767b14a8312de405de5d5bbdb5,1.0,2,2,2
a231b02134665d0d59438a0008e6e082,dfbebe96520c2a101d602c7d003764ba,1.0,2,2,2
a231b02134665d0d59438a0008e6e082,e225b3c270984a8097a136089a11aea9,1.0,2,2,2
a231b02134665d0d59438a0008e6e082,e301216623168d227eb0b0a3aabb1e62,1.0,2,2,2
a231b02134665d0d59438a0008e6e082,e8b4b9cf7e6a2e6e13371f3439a4a1ba,1.0,2,2,2
a231b02134665d0d59438a0008e6e082,ea77749bef0ca28ab93f391cda660f71,1.0,2,2,2
a231b02134665d0d59438a0008e6e082,f64075e7fa628bdc6c3e7c3108d7c624,1.0,2,2,2
a57efc75b64a030eb02c4ebe7f48e45f,a8953e3d7677addada63eee79b91e7ff,1.0,2,2,2
a57efc75b64a030eb02c4ebe7f48e45f,aab579a39b1b5c223c2e1a4bbf8ff977,1.0,2,2,2
a57efc75b64a030eb02c4ebe7f48e45f,aebd72416330dcdb02e8d478fd81c9f6,1.0,2,2,2
a57efc75b64a030eb02c4ebe7f48e45f,b0b219d68cb80e8440a7fccd3dab3851,1.0,2,2,2
a57efc75b64a030eb02c4ebe7f48e45f,b84dbaedbe3ea55d7cc0894fbea73910,1.0,2,2,2
a57efc75b64a030eb02c4ebe7f48e45f,bd6c1c99a4f6c28c98927351eb226e80,1.0,2,2,2
a57efc75b64a030eb02c4ebe7f48e45f,be4eb163762cf164f26f81021c4a5e97,1.0,2,2,2
a57efc75b64a030eb02c4ebe7f48e45f,bf257f507db19138f5bc4065313c1f87,1.0,2,2,2
a57efc75b64a030eb02c4ebe7f48e45f,c4ba227e9593faaf28a4ea8e5ec6c93f,1.0,2,2,2
a57efc75b64a030eb02c4ebe7f48e45f,cf4935767b14a8312de405de5d5bbdb5,1.0,2,2,2
a57efc75b64a030eb02c4ebe7f48e45f,dfbebe96520c2a101d602c7d003764ba,1.0,2,2,2
a57efc75b64a030eb02c4ebe7f48e45f,e225b3c270984a8097a136089a11aea9,1.0,2,2,2
a57efc75b64a030eb02c4ebe7f48e45f,e301216623168d227eb0b0a3aabb1e62,1.0,2,2,2
a57efc75b64a030eb02c4ebe7f48e45f,e8b4b9cf7e6a2e6e13371f3439a4a1ba,1.0,2,2,2
a57efc75b64a030eb02c4ebe7f48e45f,ea77749bef0ca28ab93f391cda660f71,1.0,2,2,2
a57efc75b64a030eb02c4ebe7f48e45f,f64075e7fa628bdc6c3e7c3108d7c624,1.0,2,2,2
a7751ca7aa429b41cf9065a425d52aea,b410d7fd96e7ff12af1d2f87aae875a8,1.0,2,2,2
a7751ca7aa429b41cf9065a425d52aea,b7741f7ec50ab6bcd52ab08ea8f214d9,1.0,2,2,2
a7751ca7aa429b41cf9065a425d52aea,ce87153ae6d1e210517154ec1057aad5,1.0,2,2,2
a7751ca7aa429b41cf9065a425d52aea,d535471db72095137da93810c98af688,1.0,2,2,2
a7751ca7aa429b41cf9065a425d52aea,e6f18fab493c0bdc553eafd9b66cb5f2,1.0,2,2,2
a7751ca7aa429b41cf9065a425d52aea,f30856ad31d3e74253a3f4ccef670648,1.0,2,2,2
a8953e3d7677addada63eee79b91e7ff,aab579a39b1b5c223c2e1a4bbf8ff977,1.0,2,2,2
a8953e3d7677addada63eee79b91e7ff,aebd72416330dcdb02e8d478fd81c9f6,1.0,2,2,2
a8953e3d7677addada63eee79b91e7ff,b0b219d68cb80e8440a7fccd3dab3851,1.0,2,2,2
a8953e3d7677addada63eee79b91e7ff,b84dbaedbe3ea55d7cc0894fbea73910,1.0,2,2,2
a8953e3d7677addada63eee79b91e7ff,bd6c1c99a4f6c28c98927351eb226e80,1.0,2,2,2
a8953e3d7677addada63eee79b91e7ff,be4eb163762cf164f26f81021c4a5e97,1.0,2,2,2
a8953e3d7677addada63eee79b91e7ff,bf257f507db19138f5bc4065313c1f87,1.0,2,2,2
a8953e3d7677addada63eee79b91e7ff,c4ba227e9593faaf28a4ea8e5ec6c93f,1.0,2,2,2
a8953e3d7677addada63eee79b91e7ff,cf4935767b14a8312de405de5d5bbdb5,1.0,2,2,2
a8953e3d7677addada63eee79b91e7ff,dfbebe96520c2a101d602c7d003764ba,1.0,2,2,2
a8953e3d7677addada63eee79b91e7ff,e225b3c270984a8097a136089a11aea9,1.0,2,2,2
a8953e3d7677addada63eee79b91e7ff,e301216623168d227eb0b0a3aabb1e62,1.0,2,2,2
a8953e3d7677addada63eee79b91e7ff,e8b4b9cf7e6a2e6e13371f3439a4a1ba,1.0,2,2,2
a8953e3d7677addada63eee79b91e7ff,ea77749bef0ca28ab93f391cda660f71,1.0,2,2,2
a8953e3d7677addada63eee79b91e7ff,f64075e7fa628bdc6c3e7c3108d7c624,1.0,2,2,2
aab579a39b1b5c223c2e1a4bbf8ff977,aebd72416330dcdb02e8d478fd81c9f6,1.0,2,2,2
aab579a39b1b5c223c2e1a4bbf8ff977,b0b219d68cb80e8440a7fccd3dab3851,1.0,2,2,2
aab579a39b1b5c223c2e1a4bbf8ff977,b84dbaedbe3ea55d7cc0894fbea73910,1.0,2,2,2
aab579a39b1b5c223c2e1a4bbf8ff977,bd6c1c99a4f6c28c98927351eb226e80,1.0,2,2,2
aab579a39b1b5c223c2e1a4bbf8ff977,be4eb163762cf164f26f81021c4a5e97,1.0,2,2,2
aab579a39b1b5c223c2e1a4bbf8ff977,bf257f507db19138f5bc4065313c1f87,1.0,2,2,2
aab579a39b1b5c223c2e1a4bbf8ff977,c4ba227e9593faaf28a4ea8e5ec6c93f,1.0,2,2,2
aab579a39b1b5c223c2e1a4bbf8ff977,cf4935767b14a8312de405de5d5bbdb5,1.0,2,2,2
aab579a39b1b5c223c2e1a4bbf8ff977,dfbebe96520c2a101d602c7d003764ba,1.0,2,2,2
aab579a39b1b5c223c2e1a4bbf8ff977,e225b3c270984a8097a136089a11aea9,1.0,2,2,2
aab579a39b1b5c223c2e1a4bbf8ff977,e301216623168d227eb0b0a3aabb1e62,1.0,2,2,2
aab579a39b1b5c223c2e1a4bbf8ff977,e8b4b9cf7e6a2e6e13371f3439a4a1ba,1.0,2,2,2
aab579a39b1b5c223c2e1a4bbf8ff977,ea77749bef0ca28ab93f391cda660f71,1.0,2,2,2
aab579a39b1b5c223c2e1a4bbf8ff977,f64075e7fa628bdc6c3e7c3108d7c624,1.0,2,2,2
aebd72416330dcdb02e8d478fd81c9f6,b0b219d68cb80e8440a7fccd3dab3851,1.0,2,2,2
aebd72416330dcdb02e8d478fd81c9f6,b84dbaedbe3ea55d7cc0894fbea73910,1.0,2,2,2
aebd72416330dcdb02e8d478fd81c9f6,bd6c1c99a4f6c28c98927351eb226e80,1.0,2,2,2
aebd72416330dcdb02e8d478fd81c9f6,be4eb163762cf164f26f81021c4a5e97,1.0,2,2,2
aebd72416330dcdb02e8d478fd81c9f6,bf257f507db19138f5bc4065313c1f87,1.0,2,2,2
aebd72416330dcdb02e8d478fd81c9f6,c4ba227e9593faaf28a4ea8e5ec6c93f,1.0,2,2,2
aebd72416330dcdb02e8d478fd81c9f6,cf4935767b14a8312de405de5d5bbdb5,1.0,2,2,2
aebd72416330dcdb02e8d478fd81c9f6,dfbebe96520c2a101d602c7d003764ba,1.0,2,2,2
aebd72416330dcdb02e8d478fd81c9f6,e225b3c270984a8097a136089a11aea9,1.0,2,2,2
aebd72416330dcdb02e8d478fd81c9f6,e301216623168d227eb0b0a3aabb1e62,1.0,2,2,2
aebd72416330dcdb02e8d478fd81c9f6,e8b4b9cf7e6a2e6e13371f3439a4a1ba,1.0,2,2,2
aebd72416330dcdb02e8d478fd81c9f6,ea77749bef0ca28ab93f391cda660f71,1.0,2,2,2
aebd72416330dcdb02e8d478fd81c9f6,f64075e7fa628bdc6c3e7c3108d7c624,1.0,2,2,2
b0b219d68cb80e8440a7fccd3dab3851,b84dbaedbe3ea55d7cc0894fbea73910,1.0,2,2,2
b0b219d68cb80e8440a7fccd3dab3851,bd6c1c99a4f6c28c98927351eb226e80,1.0,2,2,2
b0b219d68cb80e8440a7fccd3dab3851,be4eb163762cf164f26f81021c4a5e97,1.0,2,2,2
b0b219d68cb80e8440a7fccd3dab3851,bf257f507db19138f5bc4065313c1f87,1.0,2,2,2
b0b219d68cb80e8440a7fccd3dab3851,c4ba227e9593faaf28a4ea8e5ec6c93f,1.0,2,2,2
b0b219d68cb80e8440a7fccd3dab3851,cf4935767b14a8312de405de5d5bbdb5,1.0,2,2,2
b0b219d68cb80e8440a7fccd3dab3851,dfbebe96520c2a101d602c7d003764ba,1.0,2,2,2
b0b219d68cb80e8440a7fccd3dab3851,e225b3c270984a8097a136089a11aea9,1.0,2,2,2
b0b219d68cb80e8440a7fccd3dab3851,e301216623168d227eb0b0a3aabb1e62,1.0,2,2,2
b0b219d68cb80e8440a7fccd3dab3851,e8b4b9cf7e6a2e6e13371f3439a4a1ba,1.0,2,2,2
b0b219d68cb80e8440a7fccd3dab3851,ea77749bef0ca28ab93f391cda660f71,1.0,2,2,2
b0b219d68cb80e8440a7fccd3dab3851,f64075e7fa628bdc6c3e7c3108d7c624,1.0,2,2,2
b410d7fd96e7ff12af1d2f87aae875a8,b7741f7ec50ab6bcd52ab08ea8f214d9,1.0,2,2,2
b410d7fd96e7ff12af1d2f87aae875a8,ce87153ae6d1e210517154ec1057aad5,1.0,2,2,2
b410d7fd96e7ff12af1d2f87aae875a8,d535471db72095137da93810c98af688,1.0,2,2,2
b410d7fd96e7ff12af1d2f87aae875a8,e6f18fab493c0bdc553eafd9b66cb5f2,1.0,2,2,2
b410d7fd96e7ff12af1d2f87aae875a8,f30856ad31d3e74253a3f4ccef670648,1.0,2,2,2
b7741f7ec50ab6bcd52ab08ea8f214d9,ce87153ae6d1e210517154ec1057aad5,1.0,2,2,2
b7741f7ec50ab6bcd52ab08ea8f214d9,d535471db72095137da93810c98af688,1.0,2,2,2
b7741f7ec50ab6bcd52ab08ea8f214d9,e6f18fab493c0bdc553eafd9b66cb5f2,1.0,2,2,2
b7741f7ec50ab6bcd52ab08ea8f214d9,f30856ad31d3e74253a3f4ccef670648,1.0,2,2,2
b84dbaedbe3ea55d7cc0894fbea73910,bd6c1c99a4f6c28c98927351eb226e80,1.0,2,2,2
b84dbaedbe3ea55d7cc0894fbea73910,be4eb163762cf164f26f81021c4a5e97,1.0,2,2,2
b84dbaedbe3ea55d7cc0894fbea73910,bf257f507db19138f5bc4065313c1f87,1.0,2,2,2
b84dbaedbe3ea55d7cc0894fbea73910,c4ba227e9593faaf28a4ea8e5ec6c93f,1.0,2,2,2
b84dbaedbe3ea55d7cc0894fbea73910,cf4935767b14a8312de405de5d5bbdb5,1.0,2,2,2
b84dbaedbe3ea55d7cc0894fbea73910,dfbebe96520c2a101d602c7d003764ba,1.0,2,2,2
b84dbaedbe3ea55d7cc0894fbea73910,e225b3c270984a8097a136089a11aea9,1.0,2,2,2
b84dbaedbe3ea55d7cc0894fbea73910,e301216623168d227eb0b0a3aabb1e62,1.0,2,2,2
b84dbaedbe3ea55d7cc0894fbea73910,e8b4b9cf7e6a2e6e13371f3439a4a1ba,1.0,2,2,2
b84dbaedbe3ea55d7cc0894fbea73910,ea77749bef0ca28ab93f391cda660f71,1.0,2,2,2
b84dbaedbe3ea55d7cc0894fbea73910,f64075e7fa628bdc6c3e7c3108d7c624,1.0,2,2,2
bd6c1c99a4f6c28c98927351eb226e80,be4eb163762cf164f26f81021c4a5e97,1.0,2,2,2
bd6c1c99a4f6c28c98927351eb226e80,bf257f507db19138f5bc4065313c1f87,1.0,2,2,2
bd6c1c99a4f6c28c98927351eb226e80,c4ba227e9593faaf28a4ea8e5ec6c93f,1.0,2,2,2
bd6c1c99a4f6c28c98927351eb226e80,cf4935767b14a8312de405de5d5bbdb5,1.0,2,2,2
bd6c1c99a4f6c28c98927351eb226e80,dfbebe96520c2a101d602c7d003764ba,1.0,2,2,2
bd6c1c99a4f6c28c98927351eb226e80,e225b3c270984a8097a136089a11aea9,1.0,2,2,2
bd6c1c99a4f6c28c98927351eb226e80,e301216623168d227eb0b0a3aabb1e62,1.0,2,2,2
bd6c1c99a4f6c28c98927351eb226e80,e8b4b9cf7e6a2e6e13371f3439a4a1ba,1.0,2,2,2
bd6c1c99a4f6c28c98927351eb226e80,ea77749bef0ca28ab93f391cda660f71,1.0,2,2,2
bd6c1c99a4f6c28c98927351eb226e80,f64075e7fa628bdc6c3e7c3108d7c624,1.0,2,2,2
be4eb163762cf164f26f81021c4a5e97,bf257f507db19138f5bc4065313c1f87,1.0,2,2,2
be4eb163762cf164f26f81021c4a5e97,c4ba227e9593faaf28a4ea8e5ec6c93f,1.0,2,2,2
be4eb163762cf164f26f81021c4a5e97,cf4935767b14a8312de405de5d5bbdb5,1.0,2,2,2
be4eb163762cf164f26f81021c4a5e97,dfbebe96520c2a101d602c7d003764ba,1.0,2,2,2
be4eb163762cf164f26f81021c4a5e97,e225b3c270984a8097a136089a11aea9,1.0,2,2,2
be4eb163762cf164f26f81021c4a5e97,e301216623168d227eb0b0a3aabb1e62,1.0,2,2,2
be4eb163762cf164f26f81021c4a5e97,e8b4b9cf7e6a2e6e13371f3439a4a1ba,1.0,2,2,2
be4eb163762cf164f26f81021c4a5e97,ea77749bef0ca28ab93f391cda660f71,1.0,2,2,2
be4eb163762cf164f26f81021c4a5e97,f64075e7fa628bdc6c3e7c3108d7c624,1.0,2,2,2
bf257f507db19138f5bc4065313c1f87,c4ba227e9593faaf28a4ea8e5ec6c93f,1.0,2,2,2
bf257f507db19138f5bc4065313c1f87,cf4935767b14a8312de405de5d5bbdb5,1.0,2,2,2
bf257f507db19138f5bc4065313c1f87,dfbebe96520c2a101d602c7d003764ba,1.0,2,2,2
bf257f507db19138f5bc4065313c1f87,e225b3c270984a8097a136089a11aea9,1.0,2,2,2
bf257f507db19138f5bc4065313c1f87,e301216623168d227eb0b0a3aabb1e62,1.0,2,2,2
bf257f507db19138f5bc4065313c1f87,e8b4b9cf7e6a2e6e13371f3439a4a1ba,1.0,2,2,2
bf257f507db19138f5bc4065313c1f87,ea77749bef0ca28ab93f391cda660f71,1.0,2,2,2
bf257f507db19138f5bc4065313c1f87,f64075e7fa628bdc6c3e7c3108d7c624,1.0,2,2,2
c4ba227e9593faaf28a4ea8e5ec6c93f,cf4935767b14a8312de405de5d5bbdb5,1.0,2,2,2
c4ba227e9593faaf28a4ea8e5ec6c93f,dfbebe96520c2a101d602c7d003764ba,1.0,2,2,2
c4ba227e9593faaf28a4ea8e5ec6c93f,e225b3c270984a8097a136089a11aea9,1.0,2,2,2
c4ba227e9593faaf28a4ea8e5ec6c93f,e301216623168d227eb0b0a3aabb1e62,1.0,2,2,2
c4ba227e9593faaf28a4ea8e5ec6c93f,e8b4b9cf7e6a2e6e13371f3439a4a1ba,1.0,2,2,2
c4ba227e9593faaf28a4ea8e5ec6c93f,ea77749bef0ca28ab93f391cda660f71,1.0,2,2,2
c4ba227e9593faaf28a4ea8e5ec6c93f,f64075e7fa628bdc6c3e7c3108d7c624,1.0,2,2,2
ce87153ae6d1e210517154ec1057aad5,d535471db72095137da93810c98af688,1.0,2,2,2
ce87153ae6d1e210517154ec1057aad5,e6f18fab493c0bdc553eafd9b66cb5f2,1.0,2,2,2
ce87153ae6d1e210517154ec1057aad5,f30856ad31d3e74253a3f4ccef670648,1.0,2,2,2
cf4935767b14a8312de405de5d5bbdb5,dfbebe96520c2a101d602c7d003764ba,1.0,2,2,2
cf4935767b14a8312de405de5d5bbdb5,e225b3c270984a8097a136089a11aea9,1.0,2,2,2
cf4935767b14a8312de405de5d5bbdb5,e301216623168d227eb0b0a3aabb1e62,1.0,2,2,2
cf4935767b14a8312de405de5d5bbdb5,e8b4b9cf7e6a2e6e13371f3439a4a1ba,1.0,2,2,2
cf4935767b14a8312de405de5d5bbdb5,ea77749bef0ca28ab93f391cda660f71,1.0,2,2,2
cf4935767b14a8312de405de5d5bbdb5,f64075e7fa628bdc6c3e7c3108d7c624,1.0,2,2,2
d535471db72095137da93810c98af688,e6f18fab493c0bdc553eafd9b66cb5f2,1.0,2,2,2
d535471db72095137da93810c98af688,f30856ad31d3e74253a3f4ccef670648,1.0,2,2,2
dfbebe96520c2a101d602c7d003764ba,e225b3c270984a8097a136089a11aea9,1.0,2,2,2
dfbebe96520c2a101d602c7d003764ba,e301216623168d227eb0b0a3aabb1e62,1.0,2,2,2
dfbebe96520c2a101d602c7d003764ba,e8b4b9cf7e6a2e6e13371f3439a4a1ba,1.0,2,2,2
dfbebe96520c2a101d602c7d003764ba,ea77749bef0ca28ab93f391cda660f71,1.0,2,2,2
dfbebe96520c2a101d602c7d003764ba,f64075e7fa628bdc6c3e7c3108d7c624,1.0,2,2,2
e225b3c270984a8097a136089a11aea9,e301216623168d227eb0b0a3aabb1e62,1.0,2,2,2
e225b3c270984a8097a136089a11aea9,e8b4b9cf7e6a2e6e13371f3439a4a1ba,1.0,2,2,2
e225b3c270984a8097a136089a11aea9,ea77749bef0ca28ab93f391cda660f71,1.0,2,2,2
e225b3c270984a8097a136089a11aea9,f64075e7fa628bdc6c3e7c3108d7c624,1.0,2,2,2
e301216623168d227eb0b0a3aabb1e62,e8b4b9cf7e6a2e6e13371f3439a4a1ba,1.0,2,2,2
e301216623168d227eb0b0a3aabb1e62,ea77749bef0ca28ab93f391cda660f71,1.0,2,2,2
e301216623168d227eb0b0a3aabb1e62,f64075e7fa628bdc6c3e7c3108d7c624,1.0,2,2,2
e6f18fab493c0bdc553eafd9b66cb5f2,f30856ad31d3e74253a3f4ccef670648,1.0,2,2,2
e8b4b9cf7e6a2e6e13371f3439a4a1ba,ea77749bef0ca28ab93f391cda660f71,1.0,2,2,2
e8b4b9cf7e6a2e6e13371f3439a4a1ba,f64075e7fa628bdc6c3e7c3108d7c624,1.0,2,2,2
ea77749bef0ca28ab93f391cda660f71,f64075e7fa628bdc6c3e7c3108d7c624,1.0,2,2,2
5518a112dff474788c0d52cd4688acff,aaa346447b09efdc442a08b80e86d77a,1.0,2,2,2
5518a112dff474788c0d52cd4688acff,ab654ea423caf4fd8644891d185c3fc9,1.0,2,2,2
aaa346447b09efdc442a08b80e86d77a,ab654ea423caf4fd8644891d185c3fc9,1.0,2,2,2
12c6265af495a017928e8f642d3881e4,8f08ba3c31b5bf076daa9541f3c607ea,1.0,2,2,2
1118bbd6c82a824ebc677b12e525864f,2333828ee788c93301aba0c40bc79a39,1.0,2,2,2
3411eba8bec9143a5c999f80226aaa5e,c2420179b6e09b39bd84ab44ec412a51,1.0,2,2,2
02fbe4db886eb98774c8ba300d39fa79,03d4c28894c1239ca5a6dd6f0c197921,1.0,2,2,2
02fbe4db886eb98774c8ba300d39fa79,5d77cf4bfc8132075fc589f355875baa,1.0,2,2,2
02fbe4db886eb98774c8ba300d39fa79,7d834f25bc4e9c7905f9e31e1c94c51b,1.0,2,2,2
02fbe4db886eb98774c8ba300d39fa79,f43631b724c7704d75fd3b41de54e724,1.0,2,2,2
03d4c28894c1239ca5a6dd6f0c197921,5d77cf4bfc8132075fc589f355875baa,1.0,2,2,2
03d4c28894c1239ca5a6dd6f0c197921,7d834f25bc4e9c7905f9e31e1c94c51b,1.0,2,2,2
03d4c28894c1239ca5a6dd6f0c197921,f43631b724c7704d75fd3b41de54e724,1.0,2,2,2
5d77cf4bfc8132075fc589f355875baa,7d834f25bc4e9c7905f9e31e1c94c51b,1.0,2,2,2
5d77cf4bfc8132075fc589f355875baa,f43631b724c7704d75fd3b41de54e724,1.0,2,2,2
7d834f25bc4e9c7905f9e31e1c94c51b,f43631b724c7704d75fd3b41de54e724,1.0,2,2,2
a49541d03e056ca867d3b96f267b8a9a,b5128c97b1b2be63ef8fb4f741d85fa4,1.0,2,2,2
0339119d431b8dd1b361567e4fc48a58,37dca09dbcd3b46dd024b2c742e6e362,1.0,2,2,2
0d60ae009e0cfd8b0c96aa47625f20a4,5334612ff6f9f1ee518ecf5a8b2d9efc,1.0,2,2,2
0d60ae009e0cfd8b0c96aa47625f20a4,8d174d46566bd4824dea80be4d00a2ce,1.0,2,2,2
0d60ae009e0cfd8b0c96aa47625f20a4,c4a0997ebd5dc2e05c2afdd835a002aa,1.0,2,2,2
5334612ff6f9f1ee518ecf5a8b2d9efc,8d174d46566bd4824dea80be4d00a2ce,1.0,2,2,2
5334612ff6f9f1ee518ecf5a8b2d9efc,c4a0997ebd5dc2e05c2afdd835a002aa,1.0,2,2,2
8d174d46566bd4824dea80be4d00a2ce,c4a0997ebd5dc2e05c2afdd835a002aa,1.0,2,2,2
21b318668bb97ce15c5bb21e0275060f,b913e12201852f1b7b0a3a3378447a0a,1.0,2,2,2
120a6e1875940fe48a44d6cf30706230,90e1f0d98aa33c74e43fb62004a829dd,1.0,2,2,2
9b9aa67941ab5886ffebd2e42a24c537,ccc25edb24a6888b0a406ed43a1c04fd,1.0,2,2,2
9b9aa67941ab5886ffebd2e42a24c537,f9a707150880ff8da844d1d097f7e44b,1.0,2,2,2
ccc25edb24a6888b0a406ed43a1c04fd,f9a707150880ff8da844d1d097f7e44b,1.0,2,2,2
86618766c9dacd2ccd49fb6492ddcbbf,86bb795b2c858e2ca3bc6271de923619,1.0,2,2,2
86618766c9dacd2ccd49fb6492ddcbbf,d29019c6fe58343d55caeb6f76ae2278,1.0,2,2,2
86618766c9dacd2ccd49fb6492ddcbbf,ea5386878274082051c5746cbc6e3087,1.0,2,2,2
86bb795b2c858e2ca3bc6271de923619,d29019c6fe58343d55caeb6f76ae2278,1.0,2,2,2
86bb795b2c858e2ca3bc6271de923619,ea5386878274082051c5746cbc6e3087,1.0,2,2,2
d29019c6fe58343d55caeb6f76ae2278,ea5386878274082051c5746cbc6e3087,1.0,2,2,2
c0d3fe5df1e0d9f039d407115d15b0a0,fff7219c86179ca6441b8f37823ba3d3,1.0,2,2,2
2a0ac21838f4a0a00c767bbed07de79a,2c7210a0599f020ec353d97bb02ac6fd,1.0,2,2,2
90df730a12d231d7e596d2f0f314b86d,f69dd277696f9a8fbe3745934891c18a,1.0,2,2,2
4aaa58570595843d3c6670516aaa3745,d4b0546eafc45b6b4880a54583880931,1.0,2,2,2
058b604a0df6b29f03c540de254b197f,5b3701e58aad8913eee15daaf03c0a9b,1.0,2,2,2
065938485846aa5adc196cb536de42e0,1f17641a9f9ad86c56fa3f3401102857,1.0,2,2,2
065938485846aa5adc196cb536de42e0,35cac0573a06f610cc8e356e0710d9b1,1.0,2,2,2
065938485846aa5adc196cb536de42e0,3c08b0cab2334cc5db8c5915ce0d74cc,1.0,2,2,2
065938485846aa5adc196cb536de42e0,3e5a237352ac4b53e1281b9b62efcbcc,1.0,2,2,2
065938485846aa5adc196cb536de42e0,45fd1f20d58a364a552cfecccfa78935,1.0,2,2,2
065938485846aa5adc196cb536de42e0,4fcf56f1cf3d583a0cec41f7f523a852,1.0,2,2,2
065938485846aa5adc196cb536de42e0,59deaa85810b3c3af6536e02d782a90c,1.0,2,2,2
065938485846aa5adc196cb536de42e0,66a0e4ae01e565ad721e85f287a2315e,1.0,2,2,2
065938485846aa5adc196cb536de42e0,66d5f99377fe9807805f089baa65c715,1.0,2,2,2
065938485846aa5adc196cb536de42e0,892a397bf8506b6c30355f3fc1338900,1.0,2,2,2
065938485846aa5adc196cb536de42e0,961ca706a9f7e9d6a4ba81922cde9730,1.0,2,2,2
065938485846aa5adc196cb536de42e0,aea1ccbc3f29445178036e658e686eb1,1.0,2,2,2
065938485846aa5adc196cb536de42e0,b2b114ecefe93aa93d0f2bdd14ac8f84,1.0,2,2,2
065938485846aa5adc196cb536de42e0,c0fc2e3595c750de75d36e7db9399e83,1.0,2,2,2
065938485846aa5adc196cb536de42e0,c6e6c968421911e3975a6f7160a1d4b6,1.0,2,2,2
065938485846aa5adc196cb536de42e0,d8cc3231a8eda4409875bb69bb91f594,1.0,2,2,2
065938485846aa5adc196cb536de42e0,da0db337ede939840c3b01ee64616282,1.0,2,2,2
065938485846aa5adc196cb536de42e0,fc8039a2b1963ca28dffe5dc886fa5c3,1.0,2,2,2
1f17641a9f9ad86c56fa3f3401102857,35cac0573a06f610cc8e356e0710d9b1,1.0,2,2,2
1f17641a9f9ad86c56fa3f3401102857,3c08b0cab2334cc5db8c5915ce0d74cc,1.0,2,2,2
1f17641a9f9ad86c56fa3f3401102857,3e5a237352ac4b53e1281b9b62efcbcc,1.0,2,2,2
1f17641a9f9ad86c56fa3f3401102857,45fd1f20d58a364a552cfecccfa78935,1.0,2,2,2
1f17641a9f9ad86c56fa3f3401102857,4fcf56f1cf3d583a0cec41f7f523a852,1.0,2,2,2
1f17641a9f9ad86c56fa3f3401102857,59deaa85810b3c3af6536e02d782a90c,1.0,2,2,2
1f17641a9f9ad86c56fa3f3401102857,66a0e4ae01e565ad721e85f287a2315e,1.0,2,2,2
1f17641a9f9ad86c56fa3f3401102857,66d5f99377fe9807805f089baa65c715,1.0,2,2,2
1f17641a9f9ad86c56fa3f3401102857,892a397bf8506b6c30355f3fc1338900,1.0,2,2,2
1f17641a9f9ad86c56fa3f3401102857,961ca706a9f7e9d6a4ba81922cde9730,1.0,2,2,2
1f17641a9f9ad86c56fa3f3401102857,aea1ccbc3f29445178036e658e686eb1,1.0,2,2,2
1f17641a9f9ad86c56fa3f3401102857,b2b114ecefe93aa93d0f2bdd14ac8f84,1.0,2,2,2
1f17641a9f9ad86c56fa3f3401102857,c0fc2e3595c750de75d36e7db9399e83,1.0,2,2,2
1f17641a9f9ad86c56fa3f3401102857,c6e6c968421911e3975a6f7160a1d4b6,1.0,2,2,2
1f17641a9f9ad86c56fa3f3401102857,d8cc3231a8eda4409875bb69bb91f594,1.0,2,2,2
1f17641a9f9ad86c56fa3f3401102857,da0db337ede939840c3b01ee64616282,1.0,2,2,2
1f17641a9f9ad86c56fa3f3401102857,fc8039a2b1963ca28dffe5dc886fa5c3,1.0,2,2,2
35cac0573a06f610cc8e356e0710d9b1,3c08b0cab2334cc5db8c5915ce0d74cc,1.0,2,2,2
35cac0573a06f610cc8e356e0710d9b1,3e5a237352ac4b53e1281b9b62efcbcc,1.0,2,2,2
35cac0573a06f610cc8e356e0710d9b1,45fd1f20d58a364a552cfecccfa78935,1.0,2,2,2
35cac0573a06f610cc8e356e0710d9b1,4fcf56f1cf3d583a0cec41f7f523a852,1.0,2,2,2
35cac0573a06f610cc8e356e0710d9b1,59deaa85810b3c3af6536e02d782a90c,1.0,2,2,2
35cac0573a06f610cc8e356e0710d9b1,66a0e4ae01e565ad721e85f287a2315e,1.0,2,2,2
35cac0573a06f610cc8e356e0710d9b1,66d5f99377fe9807805f089baa65c715,1.0,2,2,2
35cac0573a06f610cc8e356e0710d9b1,892a397bf8506b6c30355f3fc1338900,1.0,2,2,2
35cac0573a06f610cc8e356e0710d9b1,961ca706a9f7e9d6a4ba81922cde9730,1.0,2,2,2
35cac0573a06f610cc8e356e0710d9b1,aea1ccbc3f29445178036e658e686eb1,1.0,2,2,2
35cac0573a06f610cc8e356e0710d9b1,b2b114ecefe93aa93d0f2bdd14ac8f84,1.0,2,2,2
35cac0573a06f610cc8e356e0710d9b1,c0fc2e3595c750de75d36e7db9399e83,1.0,2,2,2
35cac0573a06f610cc8e356e0710d9b1,c6e6c968421911e3975a6f7160a1d4b6,1.0,2,2,2
35cac0573a06f610cc8e356e0710d9b1,d8cc3231a8eda4409875bb69bb91f594,1.0,2,2,2
35cac0573a06f610cc8e356e0710d9b1,da0db337ede939840c3b01ee64616282,1.0,2,2,2
35cac0573a06f610cc8e356e0710d9b1,fc8039a2b1963ca28dffe5dc886fa5c3,1.0,2,2,2
3c08b0cab2334cc5db8c5915ce0d74cc,3e5a237352ac4b53e1281b9b62efcbcc,1.0,2,2,2
3c08b0cab2334cc5db8c5915ce0d74cc,45fd1f20d58a364a552cfecccfa78935,1.0,2,2,2
3c08b0cab2334cc5db8c5915ce0d74cc,4fcf56f1cf3d583a0cec41f7f523a852,1.0,2,2,2
3c08b0cab2334cc5db8c5915ce0d74cc,59deaa85810b3c3af6536e02d782a90c,1.0,2,2,2
3c08b0cab2334cc5db8c5915ce0d74cc,66a0e4ae01e565ad721e85f287a2315e,1.0,2,2,2
3c08b0cab2334cc5db8c5915ce0d74cc,66d5f99377fe9807805f089baa65c715,1.0,2,2,2
3c08b0cab2334cc5db8c5915ce0d74cc,892a397bf8506b6c30355f3fc1338900,1.0,2,2,2
3c08b0cab2334cc5db8c5915ce0d74cc,961ca706a9f7e9d6a4ba81922cde9730,1.0,2,2,2
3c08b0cab2334cc5db8c5915ce0d74cc,aea1ccbc3f29445178036e658e686eb1,1.0,2,2,2
3c08b0cab2334cc5db8c5915ce0d74cc,b2b114ecefe93aa93d0f2bdd14ac8f84,1.0,2,2,2
3c08b0cab2334cc5db8c5915ce0d74cc,c0fc2e3595c750de75d36e7db9399e83,1.0,2,2,2
3c08b0cab2334cc5db8c5915ce0d74cc,c6e6c968421911e3975a6f7160a1d4b6,1.0,2,2,2
3c08b0cab2334cc5db8c5915ce0d74cc,d8cc3231a8eda4409875bb69bb91f594,1.0,2,2,2
3c08b0cab2334cc5db8c5915ce0d74cc,da0db337ede939840c3b01ee64616282,1.0,2,2,2
3c08b0cab2334cc5db8c5915ce0d74cc,fc8039a2b1963ca28dffe5dc886fa5c3,1.0,2,2,2
3e5a237352ac4b53e1281b9b62efcbcc,45fd1f20d58a364a552cfecccfa78935,1.0,2,2,2
3e5a237352ac4b53e1281b9b62efcbcc,4fcf56f1cf3d583a0cec41f7f523a852,1.0,2,2,2
3e5a237352ac4b53e1281b9b62efcbcc,59deaa85810b3c3af6536e02d782a90c,1.0,2,2,2
3e5a237352ac4b53e1281b9b62efcbcc,66a0e4ae01e565ad721e85f287a2315e,1.0,2,2,2
3e5a237352ac4b53e1281b9b62efcbcc,66d5f99377fe9807805f089baa65c715,1.0,2,2,2
3e5a237352ac4b53e1281b9b62efcbcc,892a397bf8506b6c30355f3fc1338900,1.0,2,2,2
3e5a237352ac4b53e1281b9b62efcbcc,961ca706a9f7e9d6a4ba81922cde9730,1.0,2,2,2
3e5a237352ac4b53e1281b9b62efcbcc,aea1ccbc3f29445178036e658e686eb1,1.0,2,2,2
3e5a237352ac4b53e1281b9b62efcbcc,b2b114ecefe93aa93d0f2bdd14ac8f84,1.0,2,2,2
3e5a237352ac4b53e1281b9b62efcbcc,c0fc2e3595c750de75d36e7db9399e83,1.0,2,2,2
3e5a237352ac4b53e1281b9b62efcbcc,c6e6c968421911e3975a6f7160a1d4b6,1.0,2,2,2
3e5a237352ac4b53e1281b9b62efcbcc,d8cc3231a8eda4409875bb69bb91f594,1.0,2,2,2
3e5a237352ac4b53e1281b9b62efcbcc,da0db337ede939840c3b01ee64616282,1.0,2,2,2
3e5a237352ac4b53e1281b9b62efcbcc,fc8039a2b1963ca28dffe5dc886fa5c3,1.0,2,2,2
45fd1f20d58a364a552cfecccfa78935,4fcf56f1cf3d583a0cec41f7f523a852,1.0,2,2,2
45fd1f20d58a364a552cfecccfa78935,59deaa85810b3c3af6536e02d782a90c,1.0,2,2,2
45fd1f20d58a364a552cfecccfa78935,66a0e4ae01e565ad721e85f287a2315e,1.0,2,2,2
45fd1f20d58a364a552cfecccfa78935,66d5f99377fe9807805f089baa65c715,1.0,2,2,2
45fd1f20d58a364a552cfecccfa78935,892a397bf8506b6c30355f3fc1338900,1.0,2,2,2
45fd1f20d58a364a552cfecccfa78935,961ca706a9f7e9d6a4ba81922cde9730,1.0,2,2,2
45fd1f20d58a364a552cfecccfa78935,aea1ccbc3f29445178036e658e686eb1,1.0,2,2,2
45fd1f20d58a364a552cfecccfa78935,b2b114ecefe93aa93d0f2bdd14ac8f84,1.0,2,2,2
45fd1f20d58a364a552cfecccfa78935,c0fc2e3595c750de75d36e7db9399e83,1.0,2,2,2
45fd1f20d58a364a552cfecccfa78935,c6e6c968421911e3975a6f7160a1d4b6,1.0,2,2,2
45fd1f20d58a364a552cfecccfa78935,d8cc3231a8eda4409875bb69bb91f594,1.0,2,2,2
45fd1f20d58a364a552cfecccfa78935,da0db337ede939840c3b01ee64616282,1.0,2,2,2
45fd1f20d58a364a552cfecccfa78935,fc8039a2b1963ca28dffe5dc886fa5c3,1.0,2,2,2
4fcf56f1cf3d583a0cec41f7f523a852,59deaa85810b3c3af6536e02d782a90c,1.0,2,2,2
4fcf56f1cf3d583a0cec41f7f523a852,66a0e4ae01e565ad721e85f287a2315e,1.0,2,2,2
4fcf56f1cf3d583a0cec41f7f523a852,66d5f99377fe9807805f089baa65c715,1.0,2,2,2
4fcf56f1cf3d583a0cec41f7f523a852,892a397bf8506b6c30355f3fc1338900,1.0,2,2,2
4fcf56f1cf3d583a0cec41f7f523a852,961ca706a9f7e9d6a4ba81922cde9730,1.0,2,2,2
4fcf56f1cf3d583a0cec41f7f523a852,aea1ccbc3f29445178036e658e686eb1,1.0,2,2,2
4fcf56f1cf3d583a0cec41f7f523a852,b2b114ecefe93aa93d0f2bdd14ac8f84,1.0,2,2,2
4fcf56f1cf3d583a0cec41f7f523a852,c0fc2e3595c750de75d36e7db9399e83,1.0,2,2,2
4fcf56f1cf3d583a0cec41f7f523a852,c6e6c968421911e3975a6f7160a1d4b6,1.0,2,2,2
4fcf56f1cf3d583a0cec41f7f523a852,d8cc3231a8eda4409875bb69bb91f594,1.0,2,2,2
4fcf56f1cf3d583a0cec41f7f523a852,da0db337ede939840c3b01ee64616282,1.0,2,2,2
4fcf56f1cf3d583a0cec41f7f523a852,fc8039a2b1963ca28dffe5dc886fa5c3,1.0,2,2,2
59deaa85810b3c3af6536e02d782a90c,66a0e4ae01e565ad721e85f287a2315e,1.0,2,2,2
59deaa85810b3c3af6536e02d782a90c,66d5f99377fe9807805f089baa65c715,1.0,2,2,2
59deaa85810b3c3af6536e02d782a90c,892a397bf8506b6c30355f3fc1338900,1.0,2,2,2
59deaa85810b3c3af6536e02d782a90c,961ca706a9f7e9d6a4ba81922cde9730,1.0,2,2,2
59deaa85810b3c3af6536e02d782a90c,aea1ccbc3f29445178036e658e686eb1,1.0,2,2,2
59deaa85810b3c3af6536e02d782a90c,b2b114ecefe93aa93d0f2bdd14ac8f84,1.0,2,2,2
59deaa85810b3c3af6536e02d782a90c,c0fc2e3595c750de75d36e7db9399e83,1.0,2,2,2
59deaa85810b3c3af6536e02d782a90c,c6e6c968421911e3975a6f7160a1d4b6,1.0,2,2,2
59deaa85810b3c3af6536e02d782a90c,d8cc3231a8eda4409875bb69bb91f594,1.0,2,2,2
59deaa85810b3c3af6536e02d782a90c,da0db337ede939840c3b01ee64616282,1.0,2,2,2
59deaa85810b3c3af6536e02d782a90c,fc8039a2b1963ca28dffe5dc886fa5c3,1.0,2,2,2
66a0e4ae01e565ad721e85f287a2315e,66d5f99377fe9807805f089baa65c715,1.0,2,2,2
66a0e4ae01e565ad721e85f287a2315e,892a397bf8506b6c30355f3fc1338900,1.0,2,2,2
66a0e4ae01e565ad721e85f287a2315e,961ca706a9f7e9d6a4ba81922cde9730,1.0,2,2,2
66a0e4ae01e565ad721e85f287a2315e,aea1ccbc3f29445178036e658e686eb1,1.0,2,2,2
66a0e4ae01e565ad721e85f287a2315e,b2b114ecefe93aa93d0f2bdd14ac8f84,1.0,2,2,2
66a0e4ae01e565ad721e85f287a2315e,c0fc2e3595c750de75d36e7db9399e83,1.0,2,2,2
66a0e4ae01e565ad721e85f287a2315e,c6e6c968421911e3975a6f7160a1d4b6,1.0,2,2,2
66a0e4ae01e565ad721e85f287a2315e,d8cc3231a8eda4409875bb69bb91f594,1.0,2,2,2
66a0e4ae01e565ad721e85f287a2315e,da0db337ede939840c3b01ee64616282,1.0,2,2,2
66a0e4ae01e565ad721e85f287a2315e,fc8039a2b1963ca28dffe5dc886fa5c3,1.0,2,2,2
66d5f99377fe9807805f089baa65c715,892a397bf8506b6c30355f3fc1338900,1.0,2,2,2
66d5f99377fe9807805f089baa65c715,961ca706a9f7e9d6a4ba81922cde9730,1.0,2,2,2
66d5f99377fe9807805f089baa65c715,aea1ccbc3f29445178036e658e686eb1,1.0,2,2,2
66d5f99377fe9807805f089baa65c715,b2b114ecefe93aa93d0f2bdd14ac8f84,1.0,2,2,2
66d5f99377fe9807805f089baa65c715,c0fc2e3595c750de75d36e7db9399e83,1.0,2,2,2
66d5f99377fe9807805f089baa65c715,c6e6c968421911e3975a6f7160a1d4b6,1.0,2,2,2
66d5f99377fe9807805f089baa65c715,d8cc3231a8eda4409875bb69bb91f594,1.0,2,2,2
66d5f99377fe9807805f089baa65c715,da0db337ede939840c3b01ee64616282,1.0,2,2,2
66d5f99377fe9807805f089baa65c715,fc8039a2b1963ca28dffe5dc886fa5c3,1.0,2,2,2
892a397bf8506b6c30355f3fc1338900,961ca706a9f7e9d6a4ba81922cde9730,1.0,2,2,2
892a397bf8506b6c30355f3fc1338900,aea1ccbc3f29445178036e658e686eb1,1.0,2,2,2
892a397bf8506b6c30355f3fc1338900,b2b114ecefe93aa93d0f2bdd14ac8f84,1.0,2,2,2
892a397bf8506b6c30355f3fc1338900,c0fc2e3595c750de75d36e7db9399e83,1.0,2,2,2
892a397bf8506b6c30355f3fc1338900,c6e6c968421911e3975a6f7160a1d4b6,1.0,2,2,2
892a397bf8506b6c30355f3fc1338900,d8cc3231a8eda4409875bb69bb91f594,1.0,2,2,2
892a397bf8506b6c30355f3fc1338900,da0db337ede939840c3b01ee64616282,1.0,2,2,2
892a397bf8506b6c30355f3fc1338900,fc8039a2b1963ca28dffe5dc886fa5c3,1.0,2,2,2
961ca706a9f7e9d6a4ba81922cde9730,aea1ccbc3f29445178036e658e686eb1,1.0,2,2,2
961ca706a9f7e9d6a4ba81922cde9730,b2b114ecefe93aa93d0f2bdd14ac8f84,1.0,2,2,2
961ca706a9f7e9d6a4ba81922cde9730,c0fc2e3595c750de75d36e7db9399e83,1.0,2,2,2
961ca706a9f7e9d6a4ba81922cde9730,c6e6c968421911e3975a6f7160a1d4b6,1.0,2,2,2
961ca706a9f7e9d6a4ba81922cde9730,d8cc3231a8eda4409875bb69bb91f594,1.0,2,2,2
961ca706a9f7e9d6a4ba81922cde9730,da0db337ede939840c3b01ee64616282,1.0,2,2,2
961ca706a9f7e9d6a4ba81922cde9730,fc8039a2b1963ca28dffe5dc886fa5c3,1.0,2,2,2
aea1ccbc3f29445178036e658e686eb1,b2b114ecefe93aa93d0f2bdd14ac8f84,1.0,2,2,2
aea1ccbc3f29445178036e658e686eb1,c0fc2e3595c750de75d36e7db9399e83,1.0,2,2,2
aea1ccbc3f29445178036e658e686eb1,c6e6c968421911e3975a6f7160a1d4b6,1.0,2,2,2
aea1ccbc3f29445178036e658e686eb1,d8cc3231a8eda4409875bb69bb91f594,1.0,2,2,2
aea1ccbc3f29445178036e658e686eb1,da0db337ede939840c3b01ee64616282,1.0,2,2,2
aea1ccbc3f29445178036e658e686eb1,fc8039a2b1963ca28dffe5dc886fa5c3,1.0,2,2,2
b2b114ecefe93aa93d0f2bdd14ac8f84,c0fc2e3595c750de75d36e7db9399e83,1.0,2,2,2
b2b114ecefe93aa93d0f2bdd14ac8f84,c6e6c968421911e3975a6f7160a1d4b6,1.0,2,2,2
b2b114ecefe93aa93d0f2bdd14ac8f84,d8cc3231a8eda4409875bb69bb91f594,1.0,2,2,2
b2b114ecefe93aa93d0f2bdd14ac8f84,da0db337ede939840c3b01ee64616282,1.0,2,2,2
b2b114ecefe93aa93d0f2bdd14ac8f84,fc8039a2b1963ca28dffe5dc886fa5c3,1.0,2,2,2
c0fc2e3595c750de75d36e7db9399e83,c6e6c968421911e3975a6f7160a1d4b6,1.0,2,2,2
c0fc2e3595c750de75d36e7db9399e83,d8cc3231a8eda4409875bb69bb91f594,1.0,2,2,2
c0fc2e3595c750de75d36e7db9399e83,da0db337ede939840c3b01ee64616282,1.0,2,2,2
c0fc2e3595c750de75d36e7db9399e83,fc8039a2b1963ca28dffe5dc886fa5c3,1.0,2,2,2
c3aac0f3675a314a924cb484549447c5,cf6183c0caa8e012e8587a9e71ce2888,1.0,2,2,2
c6e6c968421911e3975a6f7160a1d4b6,d8cc3231a8eda4409875bb69bb91f594,1.0,2,2,2
c6e6c968421911e3975a6f7160a1d4b6,da0db337ede939840c3b01ee64616282,1.0,2,2,2
c6e6c968421911e3975a6f7160a1d4b6,fc8039a2b1963ca28dffe5dc886fa5c3,1.0,2,2,2
d8cc3231a8eda4409875bb69bb91f594,da0db337ede939840c3b01ee64616282,1.0,2,2,2
d8cc3231a8eda4409875bb69bb91f594,fc8039a2b1963ca28dffe5dc886fa5c3,1.0,2,2,2
da0db337ede939840c3b01ee64616282,fc8039a2b1963ca28dffe5dc886fa5c3,1.0,2,2,2
944ffa79cd0634703c811391cecb666c,e4fa46d38fc419be0490e8c579ac0636,1.0,2,2,2
3e47025034c5a31cff56168ac0519f1f,a74c55db1520986fe4c117a54a0fc287,1.0,2,2,2
4e7d90791af7ac2024f8b978fa4fc095,5eefd8328b4437dcbf0104e89c8fa305,1.0,2,2,2
5b71ca52f13f79c2be72b2aad8755c0a,dc6ac849aa384fa44fc33be6201fbd0c,1.0,2,2,2
0734186c93d9d5488a3a77c8178cb794,c9b4c4cecb2f6c6efe2f0e4849266350,1.0,2,2,2
3d4cd13fd525234c1c4a2304fbe769e0,91dda3852e8a4757ed73fc91360cfa5f,1.0,2,2,2
3d4cd13fd525234c1c4a2304fbe769e0,9934d9121d7b75929c14c754f1ffed75,1.0,2,2,2
91dda3852e8a4757ed73fc91360cfa5f,9934d9121d7b75929c14c754f1ffed75,1.0,2,2,2
5a6b37816cefa8497b74b1ef78dbb202,9ccfff93c79f3dd996cce15f26480c5b,1.0,2,2,2
5a6b37816cefa8497b74b1ef78dbb202,a3c776e946f1056964f85942ce783c40,1.0,2,2,2
5a6b37816cefa8497b74b1ef78dbb202,c7b577de54cb78d5d8f60f78f0476a52,1.0,2,2,2
5a6b37816cefa8497b74b1ef78dbb202,fe1a0586d9ca0876528af23f3219ce3b,1.0,2,2,2
9ccfff93c79f3dd996cce15f26480c5b,a3c776e946f1056964f85942ce783c40,1.0,2,2,2
9ccfff93c79f3dd996cce15f26480c5b,c7b577de54cb78d5d8f60f78f0476a52,1.0,2,2,2
9ccfff93c79f3dd996cce15f26480c5b,fe1a0586d9ca0876528af23f3219ce3b,1.0,2,2,2
a3c776e946f1056964f85942ce783c40,c7b577de54cb78d5d8f60f78f0476a52,1.0,2,2,2
a3c776e946f1056964f85942ce783c40,fe1a0586d9ca0876528af23f3219ce3b,1.0,2,2,2
c7b577de54cb78d5d8f60f78f0476a52,fe1a0586d9ca0876528af23f3219ce3b,1.0,2,2,2
1b270bd97f6e1d9af2d5d06f0d4a80e8,74ba3ec548ea09a1df6d06fd31072d71,1.0,2,2,2
0e05e2706e1dced2a98f116344db4825,3279f77315e1f85892d965c2e0418225,1.0,2,2,2
16d185a0b670f133ae3c1d737185cb4b,3277891bd580550e931b09b683cc4d86,1.0,2,2,2
16d185a0b670f133ae3c1d737185cb4b,4dd4862366d29145386ec1c6ce5852f4,1.0,2,2,2
16d185a0b670f133ae3c1d737185cb4b,962f59f16192af55bb1832221274ad74,1.0,2,2,2
16d185a0b670f133ae3c1d737185cb4b,bd10ec3ad72914d1866c911956f9180d,1.0,2,2,2
3277891bd580550e931b09b683cc4d86,4dd4862366d29145386ec1c6ce5852f4,1.0,2,2,2
3277891bd580550e931b09b683cc4d86,962f59f16192af55bb1832221274ad74,1.0,2,2,2
3277891bd580550e931b09b683cc4d86,bd10ec3ad72914d1866c911956f9180d,1.0,2,2,2
4dd4862366d29145386ec1c6ce5852f4,962f59f16192af55bb1832221274ad74,1.0,2,2,2
4dd4862366d29145386ec1c6ce5852f4,bd10ec3ad72914d1866c911956f9180d,1.0,2,2,2
962f59f16192af55bb1832221274ad74,bd10ec3ad72914d1866c911956f9180d,1.0,2,2,2
11ebea68a1046fa3268cb278df2c4f31,1c17be9b50e8816082532bfe18e0cd8a,1.0,2,2,2
2a3f4536e732a04cfad59b6e50c2e925,38dd3f4e8a4cc5e32dd0a4426a1961fa,1.0,2,2,2
272f7dfe5a6714f61a473c8d2f2862f1,418104937eb08a32d45ed65eb6ff56bf,1.0,2,2,2
272f7dfe5a6714f61a473c8d2f2862f1,a13d3e08e93017d233c021a49d9a2c54,1.0,2,2,2
272f7dfe5a6714f61a473c8d2f2862f1,cf004a37244a84e6569ae75d1efa7149,1.0,2,2,2
418104937eb08a32d45ed65eb6ff56bf,a13d3e08e93017d233c021a49d9a2c54,1.0,2,2,2
418104937eb08a32d45ed65eb6ff56bf,cf004a37244a84e6569ae75d1efa7149,1.0,2,2,2
a13d3e08e93017d233c021a49d9a2c54,cf004a37244a84e6569ae75d1efa7149,1.0,2,2,2
703d68159ad7ef05ffb804d0fccedfcb,93541741ba99116c5cf5773312eff953,1.0,2,2,2
1cf641eb1fc43ff738ee8ee0662de8a1,4f37b187b2d58f32f0739d1d4d9a12b1,1.0,2,2,2
424240fab0548ed808dcde95ea7e1661,a9ad87d8be80f58819a2f5872e17d6be,1.0,2,2,2
406aefddac1b54a36022ef32ffe6ed5f,623674d39fd0350df92b1f91c469ba39,1.0,2,2,2
406aefddac1b54a36022ef32ffe6ed5f,d0e376592a3036444738ee6a426785c1,1.0,2,2,2
623674d39fd0350df92b1f91c469ba39,d0e376592a3036444738ee6a426785c1,1.0,2,2,2
752b204b9bbb2d9e3eb29b58059f7e17,91a8e898b4d523890123febf84dfbef4,1.0,2,2,2
58812bfc80ed972fa2e7f3614c0cd22e,5e7138389382fc1b06c0ac985011e12b,1.0,2,2,2
16a909e83380bb2ae4676ca69ac30886,1e6dc17adde78e52b6fa5e634f4454e0,1.0,2,2,2
e9fb042476cdddcf08d9537a73107f17,fc94333f2fc94ee80653e648ef08175b,1.0,2,2,2
1175e95fb47ddff9de6b2b06188f7e0d,f4f2d85371955b0e254ce594fcf09a0d,1.0,2,2,2
1208c8555f90541f4ca397baeb16a26d,376f87fc0c95ceb6668c29f4f37db4b4,1.0,2,2,2
1208c8555f90541f4ca397baeb16a26d,cb5c545d96f39390b7f372aaa88c4a7e,1.0,2,2,2
376f87fc0c95ceb6668c29f4f37db4b4,cb5c545d96f39390b7f372aaa88c4a7e,1.0,2,2,2
3ff01063b5e9ac29b967bac52fa3fd33,4faddb71b28a095ba04a31c33d1062c8,1.0,2,2,2
12c380ee1d82a3c375a07a8cd7df1241,d870a06834e68bdc8864f3a9a97e73ec,1.0,2,2,2
9819390871759f4e81b4e1843e4d5c42,af5b766ebb8329a34871cbafc1e2352b,1.0,2,2,2
db28fc41c6aae0d92e04d0e0c127f6f5,ee3575d8ee7cd3251e3efd6f9cf23fea,1.0,2,2,2
3729f8f3dacbb68f393d2d6ad2b3dc91,c7b4749501147c8b69fd551ac98b3a6e,1.0,2,2,2
3729f8f3dacbb68f393d2d6ad2b3dc91,e03684ee60e4f8113ddbe25a1a33d4a3,1.0,2,2,2
c7b4749501147c8b69fd551ac98b3a6e,e03684ee60e4f8113ddbe25a1a33d4a3,1.0,2,2,2
2378eeed2dcf1e43fc9ffcbb93e04827,b61de7fcc331da9b8493a4ec5ba50a51,1.0,2,2,2
2ca24754bdb45e98b2e06a59f513e68c,9f4c68ce46a6cb44330dcf4ba7d7d9b7,1.0,2,2,2
6338ba4278cdec01ef48d5b26ae97dbc,840048bff3cbd6d92d97a3816521222e,1.0,2,2,2
4c30e4dd03cd345d33e315a19c828265,be54df277bac50d1ff64f1c5df2730dd,1.0,2,2,2
25e028fa8de01a4043fe40595f9edcff,45ca2b8a047054e858fa92a2a09bdd59,1.0,2,2,2
a8013fd4e4acf9c0c679bda6d572eeee,afff0a82d666cefe84a5bbafc923f8cc,1.0,2,2,2
92c50a9a268f9f35ac5e97abf0de997c,b60fcee0a2f8f958bf64aa7e2606b21a,1.0,2,2,2
c8cfa46e5d1f306b819532624342debb,f4e81554e6d13f3eb2b14a882fa18d0d,1.0,2,2,2
71be782fe7de27253a0a3b8323ab67b8,90635f71a521f2261d8ce0462fa6b72d,1.0,2,2,2
7c64114d404c93f2c4305a9f2e7dc3eb,e7e6c73d63190cbf9d70af9c488e227f,1.0,2,2,2
712c4abfd9b054e7872aad2021a4aee3,bd175eda0510a90fcb57ead16a5e85d3,1.0,2,2,2
2136a45b6c2f821dfdc5149c045b3fdd,34c7e58f5db5eedd271166b131e8febd,1.0,2,2,2
2136a45b6c2f821dfdc5149c045b3fdd,d531c1aedd13d2744fb99daac056bedd,1.0,2,2,2
34c7e58f5db5eedd271166b131e8febd,d531c1aedd13d2744fb99daac056bedd,1.0,2,2,2
6a41171c962a6356e8ea95518821dd45,863c9a8df992728d25a783b95471b674,1.0,2,2,2
b03d35ad6272610aa766b2e1559f43c4,bf7e07e4ccc7df0889db4653d60c3f27,1.0,2,2,2
6777d4af8d5920d859e894ea694b04cb,e6daf89ad5d70394292f763272af2362,1.0,2,2,2
3d71bc3ae0c9f857ffe17636e0d59aab,630f664ac3b2844e836d10abf880cd47,1.0,2,2,2
276743a9fc79d7269dca763e48a52b3f,82e1a1e7c48fe142617f3cff6c5bfef3,1.0,2,2,2
3991c84b618da2e02b44ba48aba925d1,419fa4c55bcc7754a965e67a57fb3f7d,1.0,2,2,2
3ef7989405f00bb74c7d463b0357abfd,b8b468fcb7dd44194b4aecb89c8fc103,1.0,2,2,2
3ef7989405f00bb74c7d463b0357abfd,b9746b56cf8884c9724b03900e46cf0c,1.0,2,2,2
b8b468fcb7dd44194b4aecb89c8fc103,b9746b56cf8884c9724b03900e46cf0c,1.0,2,2,2
4e2134b6f89e4a041641a30e801bfbe5,b1e12d161a96fad9fd17d98cb73e619e,1.0,2,2,2
50fd19860348ef2a4ff4db6168e99eee,8a7f96e72bededa72b184408111db3f3,1.0,2,2,2
5b2f6d16df47dae251b6808c945f9d54,c6f1e353d1715efcb0273e8e11e228eb,1.0,2,2,2
f435be2fc1336c5bd3bf67a394388bfd,fddb8fbf1c62f17b8c28501408d902ec,1.0,2,2,2
5ec139ae8a8a28c349ba778d9f012f9e,ecc2cadae1306ec2f3cc3c4c3ebdf1f5,1.0,2,2,2
735d2f09948cabbdb942958b1f94debd,e4c86e662d2175b91ad7c9615024b408,1.0,2,2,2
8a04cd485d578904eed5263be0df576c,a8bfc5f0c511a76ceed6b30b1d03efa6,1.0,2,2,2
0af856b84f956b11317832a27b18ff4b,c8460e4251689ba205045f3ea17884a1,1.0,1,2,24
0b9bce4e22ab922c862c4854c69852f6,c8460e4251689ba205045f3ea17884a1,1.0,1,2,24
3c148fda438c986c7f659079038f308e,c8460e4251689ba205045f3ea17884a1,1.0,1,2,24
3d7140f7eb346da3202a5f121dc31f94,c8460e4251689ba205045f3ea17884a1,1.0,1,2,24
4e3276b400131e12046a95879af256e6,c8460e4251689ba205045f3ea17884a1,1.0,1,2,24
6ac4c2b8476a9b14dc824e2cda804dfc,c8460e4251689ba205045f3ea17884a1,1.0,1,2,24
89921797e6c1c39982ed6f103fdc32d5,c8460e4251689ba205045f3ea17884a1,1.0,1,2,24
8c93f951b7b9bdd9a00c3da5b6e2ed65,c8460e4251689ba205045f3ea17884a1,1.0,1,2,24
b640ce9e719a58e56efeb4ac754cc11d,c8460e4251689ba205045f3ea17884a1,1.0,1,2,24
08642cd329066fe11ec63293f714f2f8,c8460e4251689ba205045f3ea17884a1,1.0,1,1,24
0ba2d4bde4aae17b0544d89c992c5abd,c8460e4251689ba205045f3ea17884a1,1.0,1,1,24
0e52738954708662c0a58b74fe60347b,c8460e4251689ba205045f3ea17884a1,1.0,1,1,24
169aeb0632cc9dc633a993e0d19c95e4,c8460e4251689ba205045f3ea17884a1,1.0,1,1,24
1f5432901a51397060ee6a5578b3fb02,c8460e4251689ba205045f3ea17884a1,1.0,1,1,24
204cba313368c5a47c2fc7856eb8a499,c8460e4251689ba205045f3ea17884a1,1.0,1,1,24
20b05bc4bf55c5a39c092c9ae790d330,c8460e4251689ba205045f3ea17884a1,1.0,1,1,24
22d3cfebd5ec975761dbc407b82ec0b0,c8460e4251689ba205045f3ea17884a1,1.0,1,1,24
23c033f6c75a249727d9fdd366352b97,c8460e4251689ba205045f3ea17884a1,1.0,1,1,24
2585398ecde71acab4438851ee9b8893,c8460e4251689ba205045f3ea17884a1,1.0,1,1,24
27aea16254196d2f9e9cff771d053fd8,c8460e4251689ba205045f3ea17884a1,1.0,1,1,24
2ced79abf967d8e317c032eed8d66d86,c8460e4251689ba205045f3ea17884a1,1.0,1,1,24
3e0d4b27af236458df1cb979b79c6756,c8460e4251689ba205045f3ea17884a1,1.0,1,1,24
42065396a8ea4eb85ed40b88ec739043,c8460e4251689ba205045f3ea17884a1,1.0,1,1,24
427f7005ef94773154b340a84b7d7b28,c8460e4251689ba205045f3ea17884a1,1.0,1,1,24
4914496b4e80679b99277e6a337715b7,c8460e4251689ba205045f3ea17884a1,1.0,1,1,24
4e259b39ec0e420fd5b67cbfc6291554,c8460e4251689ba205045f3ea17884a1,1.0,1,1,24
4e70a82228226ffd96cb25aa6376f286,c8460e4251689ba205045f3ea17884a1,1.0,1,1,24
55ca38e33aa46dac0aba47cff0b5613c,c8460e4251689ba205045f3ea17884a1,1.0,1,1,24
5acc3d4ea12ad284f183aeaa5b451ca1,c8460e4251689ba205045f3ea17884a1,1.0,1,1,24
5c4a479772969c56f11925cd8957a367,c8460e4251689ba205045f3ea17884a1,1.0,1,1,24
622e721871c74d33f43798ca536cb973,c8460e4251689ba205045f3ea17884a1,1.0,1,1,24
632b36b6bf2e2c9927244dba98c20a0b,c8460e4251689ba205045f3ea17884a1,1.0,1,1,24
68ff795f56b9fa2dee4c346fa66c3942,c8460e4251689ba205045f3ea17884a1,1.0,1,1,24
6a0a549e7d20a02c112dc6be0c395a51,c8460e4251689ba205045f3ea17884a1,1.0,1,1,24
6bc8adc69b9e5eecd65133b9824e3f96,c8460e4251689ba205045f3ea17884a1,1.0,1,1,24
6ce8ed350919be94899fcab482036a90,c8460e4251689ba205045f3ea17884a1,1.0,1,1,24
6ec442f3fae06e01393b5af7e393506b,c8460e4251689ba205045f3ea17884a1,1.0,1,1,24
6f54e4948259bd0c7563d961f4ac921c,c8460e4251689ba205045f3ea17884a1,1.0,1,1,24
79fac3e1a69bc62339cee9fc5235f233,c8460e4251689ba205045f3ea17884a1,1.0,1,1,24
7ab1ea5af066f5c469ccc473e67d06d8,c8460e4251689ba205045f3ea17884a1,1.0,1,1,24
7bc6683e049a0f49bfd194145f0706a8,c8460e4251689ba205045f3ea17884a1,1.0,1,1,24
8db6483d1d4fe35e986b804047b9b3b8,c8460e4251689ba205045f3ea17884a1,1.0,1,1,24
9c330533c835ab41963b6e398914d43f,c8460e4251689ba205045f3ea17884a1,1.0,1,1,24
ab28b75b64cb61b5247aea7f391778cd,c8460e4251689ba205045f3ea17884a1,1.0,1,1,24
afd8d5e8cd05a34dac8cd8cec84d343d,c8460e4251689ba205045f3ea17884a1,1.0,1,1,24
b5929e64648eedfa20fbc0a4ddd82f12,c8460e4251689ba205045f3ea17884a1,1.0,1,1,24
bddc05c034061c84f92fe1710bfa5fe4,c8460e4251689ba205045f3ea17884a1,1.0,1,1,24
c8460e4251689ba205045f3ea17884a1,cc7079b9134ebe9ff9a76e83c960c5fd,1.0,1,24,1
c8460e4251689ba205045f3ea17884a1,ce70947f651d0183a3fb1a6c37a5affd,1.0,1,24,1
c8460e4251689ba205045f3ea17884a1,cf9e80827ab4c21f3ec735ef8b3ca263,1.0,1,24,1
c8460e4251689ba205045f3ea17884a1,d67559bcf4ac495f4c6ca6e1fe211d12,1.0,1,24,1
c8460e4251689ba205045f3ea17884a1,d99f10011cfe9b70e0d6d59280a669b2,1.0,1,24,1
c8460e4251689ba205045f3ea17884a1,e09cb1f5fa66176de2bba83e6a74de84,1.0,1,24,1
c8460e4251689ba205045f3ea17884a1,e54cd7fdf18d3b5b54bcc11ca2dfff43,1.0,1,24,1
c8460e4251689ba205045f3ea17884a1,e9c657217e09113b20beb0ad56582ff2,1.0,1,24,1
c8460e4251689ba205045f3ea17884a1,eda2ca88eda95ea85369d0a4a197f7c8,1.0,1,24,1
c8460e4251689ba205045f3ea17884a1,f09464621ec4ce80c0803dba2ea779a8,1.0,1,24,1
c8460e4251689ba205045f3ea17884a1,f2c2365cab7dc57ab8c90f9c3bee015a,1.0,1,24,1
c8460e4251689ba205045f3ea17884a1,f3145438007e70fb9bd4fd460b20dc78,1.0,1,24,1
c8460e4251689ba205045f3ea17884a1,fd5018f435ecc1d529a3564f35bfed2f,1.0,1,24,1
31e412b9fb766b6794724ed17a41dfa6,a017de101a9c4fab4995c1bc81e737ea,1.0,1,14,9
7582a5a77fc2976628f46a13ec91b375,aebdb8f05f5ebf99f858c1a75fb7035a,1.0,1,13,10
31b0f587f0c7b541c511988575c67cb6,c402f431464c72e27330a67f7b94d4fb,1.0,1,2,20
4f702b8f49f94571f343fddebd29fa3c,c402f431464c72e27330a67f7b94d4fb,1.0,1,2,20
6f5d96fba6a9c2d3d128b2b4a19c0b7b,c402f431464c72e27330a67f7b94d4fb,1.0,1,2,20
92d17e5bfcb7cee1cb1cd2939f87d5a7,c402f431464c72e27330a67f7b94d4fb,1.0,1,2,20
c402f431464c72e27330a67f7b94d4fb,d72f58287d664a4acc29ee4b03b22fc9,1.0,1,20,2
945c243464dad8e6b0d9d04ac9a03b7f,c402f431464c72e27330a67f7b94d4fb,1.0,1,1,20
c402f431464c72e27330a67f7b94d4fb,d1dec495287c9d8611b5fc1938a07acf,1.0,1,20,1
2b26db3c45d52a1b983f12f2201cea88,31e412b9fb766b6794724ed17a41dfa6,1.0,1,6,14
31e412b9fb766b6794724ed17a41dfa6,850e8006b4f239916012dfd4f9bdeb0e,1.0,1,14,6
31e412b9fb766b6794724ed17a41dfa6,7b35fb694a1c478f507173167fbe234e,1.0,1,14,5
31e412b9fb766b6794724ed17a41dfa6,82cffd5880c953933b9ebe4e4789edd0,1.0,1,14,5
31e412b9fb766b6794724ed17a41dfa6,9fafb9bc4f2296fe5d2d0bc2f8e19a0b,1.0,1,14,5
31e412b9fb766b6794724ed17a41dfa6,eb742a3b914c53d45f1a30c8e2fcd8bd,1.0,1,14,5
31e412b9fb766b6794724ed17a41dfa6,4df9aee56fa602c72756abb22ee60b17,1.0,1,14,4
31e412b9fb766b6794724ed17a41dfa6,6cd5ad2783f175ab9dac5072bc7e3d73,1.0,1,14,4
31e412b9fb766b6794724ed17a41dfa6,cc02224a63bfaa52e0007916dea1b669,1.0,1,14,4
9eca552063680b7cd2ed0e8aea002b21,c9ae1d598a33315fdace01e3bfefc5ea,1.0,1,12,6
20a5257c01689ac69410a14cb51bb447,c169c9937db997a267f749cdd64c161f,1.0,1,10,8
208a127c790f3aa6b6ae229acfae97da,31e412b9fb766b6794724ed17a41dfa6,1.0,1,3,14
31e412b9fb766b6794724ed17a41dfa6,6a583f4c6790a4c8330beb7612e17f42,1.0,1,14,3
31e412b9fb766b6794724ed17a41dfa6,7cd931d3566a9c43e15d5e6ce9ff5759,1.0,1,14,3
31e412b9fb766b6794724ed17a41dfa6,894a2fac1dcb705a1e4097b8a9131e90,1.0,1,14,3
31e412b9fb766b6794724ed17a41dfa6,8ee1e34425fc54b1f87318160b378c3b,1.0,1,14,3
31e412b9fb766b6794724ed17a41dfa6,938f430a30c511a883c71999f6d01dcc,1.0,1,14,3
31e412b9fb766b6794724ed17a41dfa6,9e3cc1906aa2db29c30aecb2d642a41d,1.0,1,14,3
31e412b9fb766b6794724ed17a41dfa6,ad60ba535e4fa2b72c924290d6337913,1.0,1,14,3
31e412b9fb766b6794724ed17a41dfa6,e4923ae2c32e70e3c5a6e73a9fb872f2,1.0,1,14,3
31e412b9fb766b6794724ed17a41dfa6,e8ca08f200cf74746cd5e671efcb61f3,1.0,1,14,3
1287f6d27e4d6b299b6df65340831bc0,9eca552063680b7cd2ed0e8aea002b21,1.0,1,5,12
62b1b62058c7572c90f08ec692ff0533,9eca552063680b7cd2ed0e8aea002b21,1.0,1,5,12
00bfe974afd63b30ed282dc69892fb98,31e412b9fb766b6794724ed17a41dfa6,1.0,1,2,14
01561f92006fd3ba8a8a4246b7f38101,31e412b9fb766b6794724ed17a41dfa6,1.0,1,2,14
0baff0ebd92e998ee0f4a8f812070ec8,31e412b9fb766b6794724ed17a41dfa6,1.0,1,2,14
133c1a11944c3c8f0174c08c4f0d24db,31e412b9fb766b6794724ed17a41dfa6,1.0,1,2,14
13c5865b7b534dbe5983384eb555ed1c,31e412b9fb766b6794724ed17a41dfa6,1.0,1,2,14
146a2253a3918c412431c4cb9d13b863,31e412b9fb766b6794724ed17a41dfa6,1.0,1,2,14
185246288eb4cea28a37bb3269141e03,31e412b9fb766b6794724ed17a41dfa6,1.0,1,2,14
21342e5b1004a60189babbe685c06845,31e412b9fb766b6794724ed17a41dfa6,1.0,1,2,14
215b9a9848df6dd29932574ccebb5b3e,31e412b9fb766b6794724ed17a41dfa6,1.0,1,2,14
2699b1bdee690329303fb2c0aada1c1b,31e412b9fb766b6794724ed17a41dfa6,1.0,1,2,14
2d8a123a57292aae47580aac65f55d4f,31e412b9fb766b6794724ed17a41dfa6,1.0,1,2,14
31e412b9fb766b6794724ed17a41dfa6,3897924b7801bceca8326098b209832d,1.0,1,14,2
31e412b9fb766b6794724ed17a41dfa6,39b9889bd17bc241ade364ee15bbe74c,1.0,1,14,2
31e412b9fb766b6794724ed17a41dfa6,40fdb731f416e141a80418867178b510,1.0,1,14,2
31e412b9fb766b6794724ed17a41dfa6,4153163515e1dc07e02777b45b79121a,1.0,1,14,2
31e412b9fb766b6794724ed17a41dfa6,460cd758614a0be9739d2f8d9bc1494d,1.0,1,14,2
31e412b9fb766b6794724ed17a41dfa6,5499856e5c59ce4b1178f38c1f0d2f8c,1.0,1,14,2
31e412b9fb766b6794724ed17a41dfa6,56a074e0fc79b287c1170d998519f1e8,1.0,1,14,2
31e412b9fb766b6794724ed17a41dfa6,5a113bd934e8b75919fbddeef0f9282d,1.0,1,14,2
31e412b9fb766b6794724ed17a41dfa6,60d34509419ce4f132570db40e6ea985,1.0,1,14,2
31e412b9fb766b6794724ed17a41dfa6,628b5fda35baf944099fc4da84a69ac1,1.0,1,14,2
31e412b9fb766b6794724ed17a41dfa6,6364655a115c9a45a9283cd8e00aa643,1.0,1,14,2
31e412b9fb766b6794724ed17a41dfa6,74084969d4b912b9bd10439ebb79ce6b,1.0,1,14,2
31e412b9fb766b6794724ed17a41dfa6,7afbf983eb484fb14e40092c0139d66f,1.0,1,14,2
31e412b9fb766b6794724ed17a41dfa6,7ca19647e1200895475475186a3e072e,1.0,1,14,2
31e412b9fb766b6794724ed17a41dfa6,80b5c70d20058c553d662a56cbff22e5,1.0,1,14,2
31e412b9fb766b6794724ed17a41dfa6,85ac3e23bde65bd5628fdd6f15db5295,1.0,1,14,2
31e412b9fb766b6794724ed17a41dfa6,889fc057c77157659bdef1206d47d08c,1.0,1,14,2
31e412b9fb766b6794724ed17a41dfa6,8a56bc1f46776cf85828e336fa75dcd5,1.0,1,14,2
31e412b9fb766b6794724ed17a41dfa6,942a5e1f3f7b206e11354f6d84121a3e,1.0,1,14,2
31e412b9fb766b6794724ed17a41dfa6,9efc7f2a9ac5c2cf72565008f1914206,1.0,1,14,2
31e412b9fb766b6794724ed17a41dfa6,9f1591824452a9d9a9f225b9fca168d2,1.0,1,14,2
31e412b9fb766b6794724ed17a41dfa6,a16656b34f59e202ef32dfc53b947847,1.0,1,14,2
31e412b9fb766b6794724ed17a41dfa6,a7de0c8480d07cef1e8f55f8c61f548f,1.0,1,14,2
31e412b9fb766b6794724ed17a41dfa6,b6da6ab100de9d85d855bb67aaa2157d,1.0,1,14,2
31e412b9fb766b6794724ed17a41dfa6,bb00460af4cda6bd1252e99ef3168b56,1.0,1,14,2
31e412b9fb766b6794724ed17a41dfa6,bb361861b83a556ce2a5b2d537e22df9,1.0,1,14,2
31e412b9fb766b6794724ed17a41dfa6,c550705284a6b10b8b2c2e6c40e90580,1.0,1,14,2
31e412b9fb766b6794724ed17a41dfa6,c9f633ba06746056943f5e6d4bf1f1cd,1.0,1,14,2
31e412b9fb766b6794724ed17a41dfa6,d10e1d04f94eea6c40bc55ad964930f2,1.0,1,14,2
31e412b9fb766b6794724ed17a41dfa6,d88ab33b7eb886fea1b8ff195c9a9781,1.0,1,14,2
31e412b9fb766b6794724ed17a41dfa6,e5535f0b3bd13a577b26dab17ed44a0f,1.0,1,14,2
31e412b9fb766b6794724ed17a41dfa6,e7f05599a82aa0ff9745e92f4b9a9188,1.0,1,14,2
31e412b9fb766b6794724ed17a41dfa6,ea45fdfe8aaa3f81604b23a652c49fcf,1.0,1,14,2
31e412b9fb766b6794724ed17a41dfa6,ed7aae0bd6dae2a07a54cd4f9c0b9b0a,1.0,1,14,2
31e412b9fb766b6794724ed17a41dfa6,fcabb1c1914da0aff9378a59942ff133,1.0,1,14,2
9eca552063680b7cd2ed0e8aea002b21,cf42a8c1a61f7148c0f031a53c5d17da,1.0,1,12,4
8e93e02a66a3c47d7f05494bcae389d0,a5c6335399140e986db84120c425adf0,1.0,1,5,11
14391c381a3011bdaac2c5ab5fee642d,20a5257c01689ac69410a14cb51bb447,1.0,1,6,10
20a5257c01689ac69410a14cb51bb447,94bfb520c0cb6ffd9f36aa7b75f0efe1,1.0,1,10,6
20a5257c01689ac69410a14cb51bb447,b1972e951abdf114b6ebc0182b3b31c6,1.0,1,10,6
006a8c1784d622ebe06bab57e72ee045,31e412b9fb766b6794724ed17a41dfa6,1.0,1,1,14
00797f371bc0f6adb4d267be541a92da,31e412b9fb766b6794724ed17a41dfa6,1.0,1,1,14
02943af04041ca7713d7ef096d5d7a8a,31e412b9fb766b6794724ed17a41dfa6,1.0,1,1,14
04bfca470bca6cb201479f0d7a57c7f9,31e412b9fb766b6794724ed17a41dfa6,1.0,1,1,14
05b5bf96be35948171c3ddbf97c7536b,31e412b9fb766b6794724ed17a41dfa6,1.0,1,1,14
06f6ca742a26f906cac6f9f1ee7656d4,31e412b9fb766b6794724ed17a41dfa6,1.0,1,1,14
07292d06afd6c45ff8de56079ef4cfdc,31e412b9fb766b6794724ed17a41dfa6,1.0,1,1,14
08093480aa587422c2c694a534ddaf3a,31e412b9fb766b6794724ed17a41dfa6,1.0,1,1,14
08a5e43a460ed2d16c7ca07bf3ebd815,31e412b9fb766b6794724ed17a41dfa6,1.0,1,1,14
08f41d7a0e37794d8852fc796141e2e6,31e412b9fb766b6794724ed17a41dfa6,1.0,1,1,14
0a9d365af1a48bc62a840243cdfcb4e6,31e412b9fb766b6794724ed17a41dfa6,1.0,1,1,14
0af17a81442299d992348c65d70ff4db,31e412b9fb766b6794724ed17a41dfa6,1.0,1,1,14
0b772332566a51299fda7ea04c96cba4,31e412b9fb766b6794724ed17a41dfa6,1.0,1,1,14
0b8cdfff31c16993664702e011f530ce,31e412b9fb766b6794724ed17a41dfa6,1.0,1,1,14
0c9370f31e3bf20c068a9d9ada3ea903,31e412b9fb766b6794724ed17a41dfa6,1.0,1,1,14
0de8fca815c152cde2197d1f7e191f75,31e412b9fb766b6794724ed17a41dfa6,1.0,1,1,14
0e3e01275a3d617393b91e4c1029e3dc,31e412b9fb766b6794724ed17a41dfa6,1.0,1,1,14
0fee4adcd47e19eb91c84f2449500247,31e412b9fb766b6794724ed17a41dfa6,1.0,1,1,14
1013194e8e0710a463933a1b01e9dbc3,31e412b9fb766b6794724ed17a41dfa6,1.0,1,1,14
1029c9af0ba3fa1769ae5c879c6fcb35,31e412b9fb766b6794724ed17a41dfa6,1.0,1,1,14
116eb01461ae0ac3f20de05d49756fa1,31e412b9fb766b6794724ed17a41dfa6,1.0,1,1,14
1363c62de6c14f60355310d49546b720,31e412b9fb766b6794724ed17a41dfa6,1.0,1,1,14
13ece232fdf1ca084551f8a7d1fa503b,31e412b9fb766b6794724ed17a41dfa6,1.0,1,1,14
15459cd10a963461ad4b5eeb0a09ba84,31e412b9fb766b6794724ed17a41dfa6,1.0,1,1,14
16cfeea551909cfb6cfbafad8ad059ec,31e412b9fb766b6794724ed17a41dfa6,1.0,1,1,14
18492e62ff399a6263616b7b9181dd45,31e412b9fb766b6794724ed17a41dfa6,1.0,1,1,14
19cf4ef9675b3aaebe19267c20ef8128,31e412b9fb766b6794724ed17a41dfa6,1.0,1,1,14
1c79e1fdf2d55ffc251aed0f621a0795,31e412b9fb766b6794724ed17a41dfa6,1.0,1,1,14
1c8c2e37ecc2ddc12198fa9fe1e9edf5,31e412b9fb766b6794724ed17a41dfa6,1.0,1,1,14
1ce6662e2bd2879094fb4118f6b2d578,31e412b9fb766b6794724ed17a41dfa6,1.0,1,1,14
1d8acbbabb9111c1a5298eedb4f9567a,31e412b9fb766b6794724ed17a41dfa6,1.0,1,1,14
1db0216c962ecdbf435323897004bd10,31e412b9fb766b6794724ed17a41dfa6,1.0,1,1,14
1f4ebf25894e7c8c46e382a20a90e457,31e412b9fb766b6794724ed17a41dfa6,1.0,1,1,14
204d69d0bd4871eef08a4bfe6831a518,31e412b9fb766b6794724ed17a41dfa6,1.0,1,1,14
20cd5b764031558858597379fa3c3345,31e412b9fb766b6794724ed17a41dfa6,1.0,1,1,14
21a9c9dd4248d18bf8edced7762b70ae,31e412b9fb766b6794724ed17a41dfa6,1.0,1,1,14
21c9ca31959d08bb5455023f84951387,31e412b9fb766b6794724ed17a41dfa6,1.0,1,1,14
242cec3046a78f37ed419b24e80c7f70,31e412b9fb766b6794724ed17a41dfa6,1.0,1,1,14
24561d5dff99c04231cdc4103b8e03d6,31e412b9fb766b6794724ed17a41dfa6,1.0,1,1,14
256c321af58ca588b5af1b46e42b0fb2,31e412b9fb766b6794724ed17a41dfa6,1.0,1,1,14
2703e9529e5fc34e102971bb838b81e2,31e412b9fb766b6794724ed17a41dfa6,1.0,1,1,14
27aacd37c12bc685a275af86f14d2c23,31e412b9fb766b6794724ed17a41dfa6,1.0,1,1,14
28cfdde4bdf02f44c1d3dd458afe42b3,31e412b9fb766b6794724ed17a41dfa6,1.0,1,1,14
28fd13ff21ae041e65609843d3ab61f3,31e412b9fb766b6794724ed17a41dfa6,1.0,1,1,14
290ce5a6a8a3f663dc629e8f39726aca,31e412b9fb766b6794724ed17a41dfa6,1.0,1,1,14
2a6d464f307f26f32873ba9f9209a96d,31e412b9fb766b6794724ed17a41dfa6,1.0,1,1,14
2ada850dbe866246a92524d882e166d5,31e412b9fb766b6794724ed17a41dfa6,1.0,1,1,14
2b26db3c45d52a1b983f12f2201cea88,a017de101a9c4fab4995c1bc81e737ea,1.0,1,6,9
2b57b9cf10e96a6799f420d508d2d6bd,31e412b9fb766b6794724ed17a41dfa6,1.0,1,1,14
2d2ec6a0e67ef647ec215a9b5b285df0,31e412b9fb766b6794724ed17a41dfa6,1.0,1,1,14
31211ce721363d74816326589e637b60,31e412b9fb766b6794724ed17a41dfa6,1.0,1,1,14
31e412b9fb766b6794724ed17a41dfa6,35c27e8cee784e79831f61f475ec7641,1.0,1,14,1
31e412b9fb766b6794724ed17a41dfa6,36894a55d9d9fdddcd897fde049aede1,1.0,1,14,1
31e412b9fb766b6794724ed17a41dfa6,36c5770cc8e136abf9b1e5e149f75fb2,1.0,1,14,1
31e412b9fb766b6794724ed17a41dfa6,36ce0bb312886e4755466775a3041fbb,1.0,1,14,1
31e412b9fb766b6794724ed17a41dfa6,38dff03b64c3e9adbb2d4c610838cf5c,1.0,1,14,1
31e412b9fb766b6794724ed17a41dfa6,3b53a1869c7172b2e89266d4e7d7b6a4,1.0,1,14,1
31e412b9fb766b6794724ed17a41dfa6,3c5b1ee70d755d1532a021f00a46b66b,1.0,1,14,1
31e412b9fb766b6794724ed17a41dfa6,3cd73d6b67aa9d944d55978280201ac5,1.0,1,14,1
31e412b9fb766b6794724ed17a41dfa6,3df236402bc02ce30ba3ec32896f3a50,1.0,1,14,1
31e412b9fb766b6794724ed17a41dfa6,3e36afbf5d9f5e833d612294f376526d,1.0,1,14,1
31e412b9fb766b6794724ed17a41dfa6,3f55e2796985b6c5901d097fb3685c72,1.0,1,14,1
31e412b9fb766b6794724ed17a41dfa6,3fe205252c153bf71775e1fe3a198e57,1.0,1,14,1
31e412b9fb766b6794724ed17a41dfa6,407aae22e9afdd8f5d7071d81c16e705,1.0,1,14,1
31e412b9fb766b6794724ed17a41dfa6,412c6ec29d51104253bcb1095dd03140,1.0,1,14,1
31e412b9fb766b6794724ed17a41dfa6,416f8cebc9e3455b81aed90642f926ad,1.0,1,14,1
31e412b9fb766b6794724ed17a41dfa6,417bad2a750c8f7149b42cf699adc0d4,1.0,1,14,1
31e412b9fb766b6794724ed17a41dfa6,424aca6872c5bab80780a8dec03b7516,1.0,1,14,1
31e412b9fb766b6794724ed17a41dfa6,442128e0c7f34325b757846c8678cfa9,1.0,1,14,1
31e412b9fb766b6794724ed17a41dfa6,451c5698bffc864831a6f041782712d9,1.0,1,14,1
31e412b9fb766b6794724ed17a41dfa6,46a23b5b38c9caebf785829998db475b,1.0,1,14,1
31e412b9fb766b6794724ed17a41dfa6,46d5bdcc50df53ec8d503a81c0d2fa31,1.0,1,14,1
31e412b9fb766b6794724ed17a41dfa6,4735373c70fabcc3c705771f828362d7,1.0,1,14,1
31e412b9fb766b6794724ed17a41dfa6,47b22f6eef47620586ac43f2660bcc82,1.0,1,14,1
31e412b9fb766b6794724ed17a41dfa6,483bc92f963bbc90c3006e11f9ac552a,1.0,1,14,1
31e412b9fb766b6794724ed17a41dfa6,4919dda3f4b213104acc3d25b84c44ed,1.0,1,14,1
31e412b9fb766b6794724ed17a41dfa6,4c074bb1435cc724b6937a95b88c9841,1.0,1,14,1
31e412b9fb766b6794724ed17a41dfa6,4c8435d3bb762a8b99931fbfca190ac4,1.0,1,14,1
31e412b9fb766b6794724ed17a41dfa6,4ffc1a8259e81bc30151f421fca472d2,1.0,1,14,1
31e412b9fb766b6794724ed17a41dfa6,5121548ab605cd18cc133074f17c0aaa,1.0,1,14,1
31e412b9fb766b6794724ed17a41dfa6,5206a6a64eeb54d092be68b3427f3d92,1.0,1,14,1
31e412b9fb766b6794724ed17a41dfa6,52ed5a07cfa81a6802763aa0e29e4311,1.0,1,14,1
31e412b9fb766b6794724ed17a41dfa6,53b2aa3aafb865f1c2c681804b8eb3b9,1.0,1,14,1
31e412b9fb766b6794724ed17a41dfa6,5441ea58ad29bdc53d456f310654639d,1.0,1,14,1
31e412b9fb766b6794724ed17a41dfa6,544700b9ab72069e540fbb463ea3ee1b,1.0,1,14,1
31e412b9fb766b6794724ed17a41dfa6,5451dcc40a5b3ed99be461fcee2d45da,1.0,1,14,1
31e412b9fb766b6794724ed17a41dfa6,5494a11727f3bd095725ff9fcd6d7275,1.0,1,14,1
31e412b9fb766b6794724ed17a41dfa6,55bb91a06e34d43837b86890e1c9a217,1.0,1,14,1
31e412b9fb766b6794724ed17a41dfa6,55d9dfbb0709232b92bd2781c2d03858,1.0,1,14,1
31e412b9fb766b6794724ed17a41dfa6,578a97bb13e088306095bd0401426700,1.0,1,14,1
31e412b9fb766b6794724ed17a41dfa6,58ce8787c619ba5a1780c0a870214b42,1.0,1,14,1
31e412b9fb766b6794724ed17a41dfa6,5c4ea1d19f5c54967ec857a2f9b1d82f,1.0,1,14,1
31e412b9fb766b6794724ed17a41dfa6,5c5cf3dc9c487f7c743ca5384b5dce6c,1.0,1,14,1
31e412b9fb766b6794724ed17a41dfa6,5d29867262a9a3e7a02cac5ad5f77f0d,1.0,1,14,1
31e412b9fb766b6794724ed17a41dfa6,5e4c21084ec2a785f22d323b1535ee3a,1.0,1,14,1
31e412b9fb766b6794724ed17a41dfa6,5f07691fd7182196e872455e8a3e6bff,1.0,1,14,1
31e412b9fb766b6794724ed17a41dfa6,5f095bae3dcbd3ca1a3467e92d926207,1.0,1,14,1
31e412b9fb766b6794724ed17a41dfa6,609854a129474911451a1f000a125c3b,1.0,1,14,1
31e412b9fb766b6794724ed17a41dfa6,61d8d78be66c92e75a0ab33f95363e1e,1.0,1,14,1
31e412b9fb766b6794724ed17a41dfa6,62e32e0b239b36c93427f7910eb6a173,1.0,1,14,1
31e412b9fb766b6794724ed17a41dfa6,63462aead859a244b974f6443e5fdb36,1.0,1,14,1
31e412b9fb766b6794724ed17a41dfa6,63fa3dad6bde01314fc7e125df83fd00,1.0,1,14,1
31e412b9fb766b6794724ed17a41dfa6,64fea8f835a632f5380fcbe463524004,1.0,1,14,1
31e412b9fb766b6794724ed17a41dfa6,684fda5905aa430123c7b293106a337b,1.0,1,14,1
31e412b9fb766b6794724ed17a41dfa6,6a1250106d0de8395377553e4dd2b5fc,1.0,1,14,1
31e412b9fb766b6794724ed17a41dfa6,6a663eef93e1bbb5a16b79f43ac8f49b,1.0,1,14,1
31e412b9fb766b6794724ed17a41dfa6,6a7244a47d9adb99cba594626b9c8bc0,1.0,1,14,1
31e412b9fb766b6794724ed17a41dfa6,6b97ccd3953e4d28f91641bf60e279bb,1.0,1,14,1
31e412b9fb766b6794724ed17a41dfa6,6c16b745c25238952857221d6cd7e866,1.0,1,14,1
31e412b9fb766b6794724ed17a41dfa6,6dba6f8d6b28cb57dc4c873f578d5086,1.0,1,14,1
31e412b9fb766b6794724ed17a41dfa6,6f66c072ff5a7307dfce47b246844ff7,1.0,1,14,1
31e412b9fb766b6794724ed17a41dfa6,6f84e5f81b7daece37fdddcc6cf99ad4,1.0,1,14,1
31e412b9fb766b6794724ed17a41dfa6,73595bddc6727413b0b83311fe7963dc,1.0,1,14,1
31e412b9fb766b6794724ed17a41dfa6,74ea4ce57f080f34b6ccd680a9fdfb25,1.0,1,14,1
31e412b9fb766b6794724ed17a41dfa6,7636a32fe04dd56f6e5c00431009bffa,1.0,1,14,1
31e412b9fb766b6794724ed17a41dfa6,76a64080f30c054c5355e766a926ecb6,1.0,1,14,1
31e412b9fb766b6794724ed17a41dfa6,76a74caf44c92f49f951964b79d191a9,1.0,1,14,1
31e412b9fb766b6794724ed17a41dfa6,7902cd1145bb7d876512310c3baa3f01,1.0,1,14,1
31e412b9fb766b6794724ed17a41dfa6,796ec09645a8532d92921de19a33d6ed,1.0,1,14,1
31e412b9fb766b6794724ed17a41dfa6,79aaa40216d464f6571c1ade510d094d,1.0,1,14,1
31e412b9fb766b6794724ed17a41dfa6,7a30c2f4ee4d9f8370e1ed8acf3eefb4,1.0,1,14,1
31e412b9fb766b6794724ed17a41dfa6,7a674ed79e331684053a0f36fcce0b16,1.0,1,14,1
31e412b9fb766b6794724ed17a41dfa6,7b3d5e9819f245927a29ccfae22ed449,1.0,1,14,1
31e412b9fb766b6794724ed17a41dfa6,7d7aa5c4be05a0443a77a744255c7b01,1.0,1,14,1
31e412b9fb766b6794724ed17a41dfa6,7d94c9f2049fc3e2283a4b29646ad1cb,1.0,1,14,1
31e412b9fb766b6794724ed17a41dfa6,82b10cac246970ffdf60e1d93a9a9816,1.0,1,14,1
31e412b9fb766b6794724ed17a41dfa6,896ae021b16a75c0400fad89141227b2,1.0,1,14,1
31e412b9fb766b6794724ed17a41dfa6,897df847354833789262d872ee1062d1,1.0,1,14,1
31e412b9fb766b6794724ed17a41dfa6,8b562fe20fc1a0a18898b2dcd62008d5,1.0,1,14,1
31e412b9fb766b6794724ed17a41dfa6,8b789c08cf290e40475d63308dafa12e,1.0,1,14,1
31e412b9fb766b6794724ed17a41dfa6,8cf98fbd02b0efdde35bbc7aab39764a,1.0,1,14,1
31e412b9fb766b6794724ed17a41dfa6,8dd960c9315fce711c04a4411ed03310,1.0,1,14,1
31e412b9fb766b6794724ed17a41dfa6,91db2e9633e507c47274a5767ef6fb2f,1.0,1,14,1
31e412b9fb766b6794724ed17a41dfa6,931f73eb317aa12c10e3fbb2a7a59650,1.0,1,14,1
31e412b9fb766b6794724ed17a41dfa6,94167fb69e0fff5cbd22cae95133ae88,1.0,1,14,1
31e412b9fb766b6794724ed17a41dfa6,94433e52e7cb4d2755e1ce5954f4ecf2,1.0,1,14,1
31e412b9fb766b6794724ed17a41dfa6,9578265ad4a29c7330ea61d6b7b83862,1.0,1,14,1
31e412b9fb766b6794724ed17a41dfa6,95b621869cf337eac6bd9d42bf59c0c9,1.0,1,14,1
31e412b9fb766b6794724ed17a41dfa6,95d319b707fca3ca22e48d189e5fbb38,1.0,1,14,1
31e412b9fb766b6794724ed17a41dfa6,969eb8bf4c0fce047dfd0ee78ce9a205,1.0,1,14,1
31e412b9fb766b6794724ed17a41dfa6,96b5aafd242ce556960678bf8d654fc8,1.0,1,14,1
31e412b9fb766b6794724ed17a41dfa6,987c0da67e68ec3a785ba1d8c608841b,1.0,1,14,1
31e412b9fb766b6794724ed17a41dfa6,99137c8a71db73be44549e5a5274981a,1.0,1,14,1
31e412b9fb766b6794724ed17a41dfa6,99d0d6b77f343be4a009eba1f5b75591,1.0,1,14,1
31e412b9fb766b6794724ed17a41dfa6,9bad4b41b80bb43afad57032f839451e,1.0,1,14,1
31e412b9fb766b6794724ed17a41dfa6,9d1f8629dc5f3107dded59e772dbf9ad,1.0,1,14,1
31e412b9fb766b6794724ed17a41dfa6,9d68d3a0a28583b68e7d8e6a07adaf31,1.0,1,14,1
31e412b9fb766b6794724ed17a41dfa6,9f18b9b8c2b650a9d97a84ac353f1b88,1.0,1,14,1
31e412b9fb766b6794724ed17a41dfa6,9f7fbc34b444b91c1ef03f2a7af6a33c,1.0,1,14,1
31e412b9fb766b6794724ed17a41dfa6,a053b33caad9b237f40a312e1dbe7af5,1.0,1,14,1
31e412b9fb766b6794724ed17a41dfa6,a05b42abd28b0e788776cc00acca82db,1.0,1,14,1
31e412b9fb766b6794724ed17a41dfa6,a1b1a0117238e884965678ce035f10d0,1.0,1,14,1
31e412b9fb766b6794724ed17a41dfa6,a1cbaab4236d5ac6f71bcfc7fdc87d10,1.0,1,14,1
31e412b9fb766b6794724ed17a41dfa6,a22db6502caed90511467435a9aa9c22,1.0,1,14,1
31e412b9fb766b6794724ed17a41dfa6,a2681e61ce4cd09c84e028a4963812da,1.0,1,14,1
31e412b9fb766b6794724ed17a41dfa6,a39f499be584ce0057dd5c0485123575,1.0,1,14,1
31e412b9fb766b6794724ed17a41dfa6,a5e783156c30ef47a0209fe04f0c8f73,1.0,1,14,1
31e412b9fb766b6794724ed17a41dfa6,a8d91aea91e95b9fc06492ac162a7876,1.0,1,14,1
31e412b9fb766b6794724ed17a41dfa6,abbf98c4b6e413fe48405159b17f9a51,1.0,1,14,1
31e412b9fb766b6794724ed17a41dfa6,abca17a50929e00d09e56810f3f09274,1.0,1,14,1
31e412b9fb766b6794724ed17a41dfa6,ad93fad8236116a49b08059fb2bd8145,1.0,1,14,1
31e412b9fb766b6794724ed17a41dfa6,afda5cfb8f4c578a54efbef23e45c621,1.0,1,14,1
31e412b9fb766b6794724ed17a41dfa6,b02fdd2b810e62da62cd5b2b26a66cac,1.0,1,14,1
31e412b9fb766b6794724ed17a41dfa6,b2fda5c6e63de74ec7e21c4d02fc9baa,1.0,1,14,1
31e412b9fb766b6794724ed17a41dfa6,b32bcb59268e3494d9b1295b47bb8df2,1.0,1,14,1
31e412b9fb766b6794724ed17a41dfa6,b4b1a11b3ee17f1c046b64e52a5a8515,1.0,1,14,1
31e412b9fb766b6794724ed17a41dfa6,b609e84c9c83295bb241da5a704bccd8,1.0,1,14,1
31e412b9fb766b6794724ed17a41dfa6,b69b6115798a2e61e52386ad74cf9371,1.0,1,14,1
31e412b9fb766b6794724ed17a41dfa6,b6ad6d0ceec51b14ddaaec22ea6e6e97,1.0,1,14,1
31e412b9fb766b6794724ed17a41dfa6,b7ed52180f08c7227df351919f7dba09,1.0,1,14,1
31e412b9fb766b6794724ed17a41dfa6,b814fa64605cc425160403d78fb75f4c,1.0,1,14,1
31e412b9fb766b6794724ed17a41dfa6,bb639133b3e1a03c5f3b221c80a414db,1.0,1,14,1
31e412b9fb766b6794724ed17a41dfa6,bccf1f04597bf7d228479c66d874061b,1.0,1,14,1
31e412b9fb766b6794724ed17a41dfa6,c0a37e61c7980c62666befa53e300142,1.0,1,14,1
31e412b9fb766b6794724ed17a41dfa6,c11b49cd5e286f19445c7211b6039abe,1.0,1,14,1
31e412b9fb766b6794724ed17a41dfa6,c11f3aaf8e1577c0e2214499ef0f27ba,1.0,1,14,1
31e412b9fb766b6794724ed17a41dfa6,c332980c78958a4328aa453e4f7dd73f,1.0,1,14,1
31e412b9fb766b6794724ed17a41dfa6,c3496e2536d8347b97f7afe5d7d211ab,1.0,1,14,1
31e412b9fb766b6794724ed17a41dfa6,c4c8a6af60b58aed2b0edfc848a28700,1.0,1,14,1
31e412b9fb766b6794724ed17a41dfa6,c5afdb21fdb0a3e8c4a55742dfe7c644,1.0,1,14,1
31e412b9fb766b6794724ed17a41dfa6,c5e0bea8d76cf467944d3feb699ad06e,1.0,1,14,1
31e412b9fb766b6794724ed17a41dfa6,c6bab6d0a0ba93b7672fddc3c965d8bb,1.0,1,14,1
31e412b9fb766b6794724ed17a41dfa6,c78fddb6f257881a62b4de591bb5a1f1,1.0,1,14,1
31e412b9fb766b6794724ed17a41dfa6,c80e8eba85e03db9cf73f0ed349d18bd,1.0,1,14,1
31e412b9fb766b6794724ed17a41dfa6,c84c8ac4dcafc7aefe37b07a9343320b,1.0,1,14,1
31e412b9fb766b6794724ed17a41dfa6,cdc6cd6f0a8b8f844db9a61e779055b3,1.0,1,14,1
31e412b9fb766b6794724ed17a41dfa6,ce26bcc126789faf8d51fa4cc4f0d407,1.0,1,14,1
31e412b9fb766b6794724ed17a41dfa6,cef354e35d130e1452229886c37e5b7d,1.0,1,14,1
31e412b9fb766b6794724ed17a41dfa6,d07448b2437bfe83d9b7e226a9809ff7,1.0,1,14,1
31e412b9fb766b6794724ed17a41dfa6,d198625af1483191f3c684f96c168f98,1.0,1,14,1
31e412b9fb766b6794724ed17a41dfa6,d1fc7c21dd26886b28e4973eb89d91b8,1.0,1,14,1
31e412b9fb766b6794724ed17a41dfa6,d207167b0278a7b67f1dd13537969796,1.0,1,14,1
31e412b9fb766b6794724ed17a41dfa6,d2f3349e7c047fe8c4fe06a251027d21,1.0,1,14,1
31e412b9fb766b6794724ed17a41dfa6,d335baecca5030833f520b089d1f5de0,1.0,1,14,1
31e412b9fb766b6794724ed17a41dfa6,d372a040e57bcdc6b9ecb52f3feda0d9,1.0,1,14,1
31e412b9fb766b6794724ed17a41dfa6,d5521a550c8276ef263a830852342242,1.0,1,14,1
31e412b9fb766b6794724ed17a41dfa6,d5e4bc3ab51abd788eaf77fce19a12d3,1.0,1,14,1
31e412b9fb766b6794724ed17a41dfa6,d94137816541d7919b82c664a8f3937f,1.0,1,14,1
31e412b9fb766b6794724ed17a41dfa6,d9c528dea1e5035e1c94ce8f14c6ed0b,1.0,1,14,1
31e412b9fb766b6794724ed17a41dfa6,da4f9f9ac73ecec9f3a1ee1c0de6d6d9,1.0,1,14,1
31e412b9fb766b6794724ed17a41dfa6,dbaf90a340588b6b0d35609707c9e28e,1.0,1,14,1
31e412b9fb766b6794724ed17a41dfa6,dc9601017e7242b2d4731669d1ce7bc5,1.0,1,14,1
31e412b9fb766b6794724ed17a41dfa6,dc9c904e32d80642b359205d9aedaff9,1.0,1,14,1
31e412b9fb766b6794724ed17a41dfa6,dd54dc717fbbcc67d92a15d8b2350249,1.0,1,14,1
31e412b9fb766b6794724ed17a41dfa6,dd83c210f2179d6c893b5c0bf9da0268,1.0,1,14,1
31e412b9fb766b6794724ed17a41dfa6,de62b1930ddc37c005aff8c0edf2a3e2,1.0,1,14,1
31e412b9fb766b6794724ed17a41dfa6,dfbfbe79debfab1266fc7ae4abfd98ae,1.0,1,14,1
31e412b9fb766b6794724ed17a41dfa6,e017e385eca212c9245b334a1b500fc2,1.0,1,14,1
31e412b9fb766b6794724ed17a41dfa6,e0d57fcc716125d70f48d5e7e165a23c,1.0,1,14,1
31e412b9fb766b6794724ed17a41dfa6,e3636ed2c618b2eecdf1970d8c87bc67,1.0,1,14,1
31e412b9fb766b6794724ed17a41dfa6,e3ad4e23b9a9ea0760eca68158b6ebc2,1.0,1,14,1
31e412b9fb766b6794724ed17a41dfa6,e44728753775d439f900bc11d70dda23,1.0,1,14,1
31e412b9fb766b6794724ed17a41dfa6,e46c733f67479a6d5447886afb6d5f39,1.0,1,14,1
31e412b9fb766b6794724ed17a41dfa6,e5e9da3a61436d34efc3250a52495330,1.0,1,14,1
31e412b9fb766b6794724ed17a41dfa6,e94e6e62ffdd16f148f9496d32d31779,1.0,1,14,1
31e412b9fb766b6794724ed17a41dfa6,ebe981a1b4ae51ee6e244e207acd3562,1.0,1,14,1
31e412b9fb766b6794724ed17a41dfa6,ebf92f18f7a148f0511a4e532e917e82,1.0,1,14,1
31e412b9fb766b6794724ed17a41dfa6,ec7df3e6f0c28ce6265380ea09534200,1.0,1,14,1
31e412b9fb766b6794724ed17a41dfa6,ecfe549039ca14574c34d8e5f2e2bce8,1.0,1,14,1
31e412b9fb766b6794724ed17a41dfa6,ed6bb3579d99a0ed255c44da1280231e,1.0,1,14,1
31e412b9fb766b6794724ed17a41dfa6,ee95e177ab3f145dbe033160ced52d68,1.0,1,14,1
31e412b9fb766b6794724ed17a41dfa6,f0f8ceeadedd747aef7967d0f9e5969e,1.0,1,14,1
31e412b9fb766b6794724ed17a41dfa6,f236672cde392cc6ae3c0700fef8ada5,1.0,1,14,1
31e412b9fb766b6794724ed17a41dfa6,f283d62df3aed3073aa2796eecd01ccf,1.0,1,14,1
31e412b9fb766b6794724ed17a41dfa6,f35d345c137deaccf9c26ab701108f20,1.0,1,14,1
31e412b9fb766b6794724ed17a41dfa6,f362be295de5e69caf19361b902825e9,1.0,1,14,1
31e412b9fb766b6794724ed17a41dfa6,f491087d01a37428ba96de3897bf6814,1.0,1,14,1
31e412b9fb766b6794724ed17a41dfa6,f58d91eb07ca65178e04b1887adc8c17,1.0,1,14,1
31e412b9fb766b6794724ed17a41dfa6,f5b73a2dfb6011b07b2f4aad915ce171,1.0,1,14,1
31e412b9fb766b6794724ed17a41dfa6,f75bc8b1aa3841ba66a6cf79255d3486,1.0,1,14,1
31e412b9fb766b6794724ed17a41dfa6,f82cb85be599c614a9665bb050d03dbb,1.0,1,14,1
31e412b9fb766b6794724ed17a41dfa6,fb08731fcd69d0cc9cc2c730e5aa8691,1.0,1,14,1
31e412b9fb766b6794724ed17a41dfa6,fc16565ad8c9887ecc561e0708cd14ba,1.0,1,14,1
31e412b9fb766b6794724ed17a41dfa6,fc6c2db1e5fc8d4e826df52031c08dc6,1.0,1,14,1
31e412b9fb766b6794724ed17a41dfa6,fcaba43cfd594b9a6e1389bcbd33d5bd,1.0,1,14,1
31e412b9fb766b6794724ed17a41dfa6,fdcf823822a86833a95cbe82fb08dc13,1.0,1,14,1
31e412b9fb766b6794724ed17a41dfa6,fed51c3432d9ca128dc6a81c892a1168,1.0,1,14,1
31e412b9fb766b6794724ed17a41dfa6,ffc9d8a98ebd09a78c8adb729c3cfa2a,1.0,1,14,1
31e412b9fb766b6794724ed17a41dfa6,ffdcd85e0e81fc93f49bef4d54a4e61f,1.0,1,14,1
850e8006b4f239916012dfd4f9bdeb0e,a017de101a9c4fab4995c1bc81e737ea,1.0,1,6,9
31d1ec8fb80004b9a556acace88a9468,3ec83b54e0afb70def9480cd6b9097f7,1.0,1,6,9
6223bdc5aab952ee49dea3511f89e7ec,9eca552063680b7cd2ed0e8aea002b21,1.0,1,3,12
6d0d4fc6d3394afe566b5672bd7d4863,9eca552063680b7cd2ed0e8aea002b21,1.0,1,3,12
79296e3467d0afbe0e255170dbad2e21,9eca552063680b7cd2ed0e8aea002b21,1.0,1,3,12
92e6265dbbc8fd3ee150c14f65ab4214,9eca552063680b7cd2ed0e8aea002b21,1.0,1,3,12
9eca552063680b7cd2ed0e8aea002b21,aa6a8d63220dc100aeb3b8eb301ed741,1.0,1,12,3
9eca552063680b7cd2ed0e8aea002b21,b3594bb146f9ab181aeb6c72deaabe54,1.0,1,12,3
9eca552063680b7cd2ed0e8aea002b21,c3250286ba5655a8d4a12ded47a5348a,1.0,1,12,3
9eca552063680b7cd2ed0e8aea002b21,f984282dbc5ed83718ccdb6bebcb14bc,1.0,1,12,3
1f98d2384ff7a372e6a2d3bb75cbcd54,2ee975c9c2318bfa81d7c2ba24325099,1.0,1,9,6
1f98d2384ff7a372e6a2d3bb75cbcd54,8c4f1ee04e97bc9c43c73916cbb78479,1.0,1,9,6
a5c6335399140e986db84120c425adf0,acc22c5661d387052472b32523c6724f,1.0,1,11,4
20a5257c01689ac69410a14cb51bb447,6419a1be8feac26ec793667b71cbaeb4,1.0,1,10,5
86df00dc5fd68f4dd5d5945ca19f3ed6,e9ffaae2457c73cc22dcef7b7f56832b,1.0,1,12,3
4a652beea77efe21f9c1709bb5d13de6,8dc4412f2ddf5ffee6cf50e6278b37fd,1.0,1,4,11
8c05bba5d80b707e1b58ac0c8f2de40e,f7ea4eef770a388bd5b225acfc546604,1.0,1,1,14
98429a600b0e3aedf097e5bf7f747ee1,f7ea4eef770a388bd5b225acfc546604,1.0,1,1,14
7b35fb694a1c478f507173167fbe234e,a017de101a9c4fab4995c1bc81e737ea,1.0,1,5,9
82cffd5880c953933b9ebe4e4789edd0,a017de101a9c4fab4995c1bc81e737ea,1.0,1,5,9
9fafb9bc4f2296fe5d2d0bc2f8e19a0b,a017de101a9c4fab4995c1bc81e737ea,1.0,1,5,9
a017de101a9c4fab4995c1bc81e737ea,eb742a3b914c53d45f1a30c8e2fcd8bd,1.0,1,9,5
3ec83b54e0afb70def9480cd6b9097f7,44a90aebe64383d8d551ddd72bac9274,1.0,1,9,5
3ec83b54e0afb70def9480cd6b9097f7,a0988feb55f4bf6cd3643c2a0d8d3899,1.0,1,9,5
19af2c88e8c0ea187366bb5d82789df6,9eca552063680b7cd2ed0e8aea002b21,1.0,1,2,12
86cc04e5bc655593599274e0dd520aa4,9eca552063680b7cd2ed0e8aea002b21,1.0,1,2,12
885bde6cd101f111ebd417241a95230a,9eca552063680b7cd2ed0e8aea002b21,1.0,1,2,12
9eca552063680b7cd2ed0e8aea002b21,af45bf15204ddbf0c87eb843da61a7b2,1.0,1,12,2
9eca552063680b7cd2ed0e8aea002b21,b1b8abbd682ba19285f7385b65e43976,1.0,1,12,2
9eca552063680b7cd2ed0e8aea002b21,bc78714cd38d3fa7ea02300180c86b18,1.0,1,12,2
9eca552063680b7cd2ed0e8aea002b21,cf0eafe7f379f346a0a59994f393fd44,1.0,1,12,2
9eca552063680b7cd2ed0e8aea002b21,d2e8e60becc01f5725cca8d1183b3d01,1.0,1,12,2
9eca552063680b7cd2ed0e8aea002b21,d2fa6ec543f3e7dbdb9ad4a1bc7b2e5e,1.0,1,12,2
9eca552063680b7cd2ed0e8aea002b21,ed7ca272c833eeec1a3fbf86a84bb5ec,1.0,1,12,2
9eca552063680b7cd2ed0e8aea002b21,f25c83fef4ae7252feec416e7927acac,1.0,1,12,2
1f98d2384ff7a372e6a2d3bb75cbcd54,95525127999a756443df590cc5aabe88,1.0,1,9,5
14391c381a3011bdaac2c5ab5fee642d,c169c9937db997a267f749cdd64c161f,1.0,1,6,8
20a5257c01689ac69410a14cb51bb447,64e776171d437b65921fc68d8ee4501e,1.0,1,10,4
94bfb520c0cb6ffd9f36aa7b75f0efe1,c169c9937db997a267f749cdd64c161f,1.0,1,6,8
b1972e951abdf114b6ebc0182b3b31c6,c169c9937db997a267f749cdd64c161f,1.0,1,6,8
40dc506cf700d87a3465020f6f21dbe4,4644f1b187e390a08b4c66fb16c91364,1.0,1,2,12
4644f1b187e390a08b4c66fb16c91364,903e244773d10d2ef9cba4a679253ae4,1.0,1,12,2
4644f1b187e390a08b4c66fb16c91364,cbfdc22c0c1294be63e5a4d62eb96193,1.0,1,12,2
3084108ab6a05c325f137b7cbaf6e283,7582a5a77fc2976628f46a13ec91b375,1.0,1,1,13
89be58cbdd6ef318e3ed93fdb22be178,a2ba94a4e9d0ab6b5942c6210bd5d16e,1.0,1,10,4
4df9aee56fa602c72756abb22ee60b17,a017de101a9c4fab4995c1bc81e737ea,1.0,1,4,9
6cd5ad2783f175ab9dac5072bc7e3d73,a017de101a9c4fab4995c1bc81e737ea,1.0,1,4,9
a017de101a9c4fab4995c1bc81e737ea,cc02224a63bfaa52e0007916dea1b669,1.0,1,9,4
01dfe4b4e19154abdebe71e50f52f88d,9eca552063680b7cd2ed0e8aea002b21,1.0,1,1,12
04b851412c9787a6db795f277ef20e8d,9eca552063680b7cd2ed0e8aea002b21,1.0,1,1,12
057aabbda613ce138603880767818b6c,9eca552063680b7cd2ed0e8aea002b21,1.0,1,1,12
06aa519e7da1475b35304e13f28a1d5f,9eca552063680b7cd2ed0e8aea002b21,1.0,1,1,12
073f638e451a08d06f9b120b813cf03b,9eca552063680b7cd2ed0e8aea002b21,1.0,1,1,12
09130bee15c653e839ae2086afcd536d,9eca552063680b7cd2ed0e8aea002b21,1.0,1,1,12
0b3720d8678f7962d3a6813ad5c45acf,9eca552063680b7cd2ed0e8aea002b21,1.0,1,1,12
0ec84961e69f1e31b1e0086fb1f3e88c,9eca552063680b7cd2ed0e8aea002b21,1.0,1,1,12
0ee049c61e2e6c30345e7c2480608d20,9eca552063680b7cd2ed0e8aea002b21,1.0,1,1,12
10b500d102d70c16073e9d026a6251f2,9eca552063680b7cd2ed0e8aea002b21,1.0,1,1,12
1150ce50d96c7a4a83a3eefde2a8cb4a,9eca552063680b7cd2ed0e8aea002b21,1.0,1,1,12
12bc33b0d41518a36034c53c10e37129,9eca552063680b7cd2ed0e8aea002b21,1.0,1,1,12
136807606cbecd946fbe8cb0d8e66537,9eca552063680b7cd2ed0e8aea002b21,1.0,1,1,12
1513c0da17279442db289c0d85701e4f,9eca552063680b7cd2ed0e8aea002b21,1.0,1,1,12
1ea1e0acd2233a58407899ed25e9cc8b,9eca552063680b7cd2ed0e8aea002b21,1.0,1,1,12
203e001040e6911c76252771b131fc63,9eca552063680b7cd2ed0e8aea002b21,1.0,1,1,12
2476d7ece2a612057413907e779f4837,9eca552063680b7cd2ed0e8aea002b21,1.0,1,1,12
252e897731145fbfc65492446f59b28e,9eca552063680b7cd2ed0e8aea002b21,1.0,1,1,12
255895b4ce5caa5cd2fe0ed1f9fe2a8a,9eca552063680b7cd2ed0e8aea002b21,1.0,1,1,12
2611f4b0d21a94052388195d93ddbfff,9eca552063680b7cd2ed0e8aea002b21,1.0,1,1,12
2c52be45856bc61f6c0fb93eda79d5fd,9eca552063680b7cd2ed0e8aea002b21,1.0,1,1,12
2d814752d2ee9984e22f7d59b8956f96,9eca552063680b7cd2ed0e8aea002b21,1.0,1,1,12
2e0b805455260cd1f7de32b1b5235337,9eca552063680b7cd2ed0e8aea002b21,1.0,1,1,12
31cfe4886266d67b1797af6638875034,9eca552063680b7cd2ed0e8aea002b21,1.0,1,1,12
33bfe62dbb012d0593ab2d29db456b5f,9eca552063680b7cd2ed0e8aea002b21,1.0,1,1,12
35b67549622f54ea9bef5df8350dc225,9eca552063680b7cd2ed0e8aea002b21,1.0,1,1,12
37bca04dd9b9a990a3fff549fc3e587a,9eca552063680b7cd2ed0e8aea002b21,1.0,1,1,12
37e17edc107a2e3feecf9514f555b5c3,9eca552063680b7cd2ed0e8aea002b21,1.0,1,1,12
3a537ad954f862d23c4f6a90066ae37e,9eca552063680b7cd2ed0e8aea002b21,1.0,1,1,12
3e43dc6f50cbde4da46b2fed0421cc5d,9eca552063680b7cd2ed0e8aea002b21,1.0,1,1,12
3f2aed4d624803432eee0a49bd025d7f,9eca552063680b7cd2ed0e8aea002b21,1.0,1,1,12
3fa39af66a46090b460b8ef8cbb42331,9eca552063680b7cd2ed0e8aea002b21,1.0,1,1,12
45927267a952c1861367cd861ac321f9,9eca552063680b7cd2ed0e8aea002b21,1.0,1,1,12
46ed8030155b00e9e89eb1cac2ac2272,9eca552063680b7cd2ed0e8aea002b21,1.0,1,1,12
4738f449248109741f9ef3971d2d18d7,9eca552063680b7cd2ed0e8aea002b21,1.0,1,1,12
4a49b885a757d5fe4c27bc2ab4dceed9,9eca552063680b7cd2ed0e8aea002b21,1.0,1,1,12
4b099e5dea3824468b3c30a4954844d5,9eca552063680b7cd2ed0e8aea002b21,1.0,1,1,12
4f33256e74e56b333e07e47064ff32fe,9eca552063680b7cd2ed0e8aea002b21,1.0,1,1,12
508700b6c732078a8cf3d09730c81336,9eca552063680b7cd2ed0e8aea002b21,1.0,1,1,12
50b6d04631e4ad910c95843dd069492b,9eca552063680b7cd2ed0e8aea002b21,1.0,1,1,12
5163557a4c64d842988496bffe20f016,9eca552063680b7cd2ed0e8aea002b21,1.0,1,1,12
51703e2a478cb9ae227d55d2b4f823e4,9eca552063680b7cd2ed0e8aea002b21,1.0,1,1,12
523fcd1a45edbdbe50ac7159aeb0c43b,9eca552063680b7cd2ed0e8aea002b21,1.0,1,1,12
56a1bf72414c3241bc94fd3f9b43e235,9eca552063680b7cd2ed0e8aea002b21,1.0,1,1,12
56dc20e157960ab78a89f36b57a591c4,9eca552063680b7cd2ed0e8aea002b21,1.0,1,1,12
56ebae6a617d81baac2e108387429255,9eca552063680b7cd2ed0e8aea002b21,1.0,1,1,12
56f608a6028ba769af88d66525afdc80,9eca552063680b7cd2ed0e8aea002b21,1.0,1,1,12
594f64c6d381fc055575cf73e433642a,9eca552063680b7cd2ed0e8aea002b21,1.0,1,1,12
599fa5854f3bff7c41dab552068d04bc,9eca552063680b7cd2ed0e8aea002b21,1.0,1,1,12
5eddb7554593a38a26c309153b3fb799,9eca552063680b7cd2ed0e8aea002b21,1.0,1,1,12
648d59cbe9009f8ef04a6923c8659fa5,9eca552063680b7cd2ed0e8aea002b21,1.0,1,1,12
64d819ec87080e83c38f2281a7450311,9eca552063680b7cd2ed0e8aea002b21,1.0,1,1,12
65b5d23882e2bae83a96fec6a722bef2,9eca552063680b7cd2ed0e8aea002b21,1.0,1,1,12
69ab784981f3fd46bc5f65a70c220fdf,9eca552063680b7cd2ed0e8aea002b21,1.0,1,1,12
69dddc9c5b3a0e2641f9431e8e1241b4,9eca552063680b7cd2ed0e8aea002b21,1.0,1,1,12
6a73c808d933d5a3e2d903bb662eecaa,9eca552063680b7cd2ed0e8aea002b21,1.0,1,1,12
6b84645f298f7887a23a74d91771a9e7,9eca552063680b7cd2ed0e8aea002b21,1.0,1,1,12
6c039e3652b253b36c019353b242fd0e,9eca552063680b7cd2ed0e8aea002b21,1.0,1,1,12
6d09d6339a3127ac433750707484696e,9eca552063680b7cd2ed0e8aea002b21,1.0,1,1,12
6d0ed1acde6c7f61c37b82bb7117c57d,9eca552063680b7cd2ed0e8aea002b21,1.0,1,1,12
6e834219535a0b6f27ed1e06d86c5221,9eca552063680b7cd2ed0e8aea002b21,1.0,1,1,12
6f2e9b9193b3a5c590c0a2b296f81337,9eca552063680b7cd2ed0e8aea002b21,1.0,1,1,12
7160de3316c05aae138d7fcf5bb12520,9eca552063680b7cd2ed0e8aea002b21,1.0,1,1,12
717ab91d64dbbb8d498cd98f6f26c939,9eca552063680b7cd2ed0e8aea002b21,1.0,1,1,12
71d482c2b03b9f2bf48f8ffbc5be7f7c,9eca552063680b7cd2ed0e8aea002b21,1.0,1,1,12
7294e46df3e335f4c5ab90bba50b8e15,9eca552063680b7cd2ed0e8aea002b21,1.0,1,1,12
733bff7e3e0edb2740584c4ecdd4059c,9eca552063680b7cd2ed0e8aea002b21,1.0,1,1,12
73fc98fd5bb8a524a59c0ba479b2ed23,9eca552063680b7cd2ed0e8aea002b21,1.0,1,1,12
743c8062d9e28efb8ac776bfbb8587a8,9eca552063680b7cd2ed0e8aea002b21,1.0,1,1,12
7a17664f59925be644711637bd72fe83,9eca552063680b7cd2ed0e8aea002b21,1.0,1,1,12
7dd39512d400854ff4e21b1d8b9ddff9,9eca552063680b7cd2ed0e8aea002b21,1.0,1,1,12
809aa9786a084d09857768b1a458ba38,9eca552063680b7cd2ed0e8aea002b21,1.0,1,1,12
8423f43e0049483163143ee6950c2cb7,9eca552063680b7cd2ed0e8aea002b21,1.0,1,1,12
863042d234810eda9cea177f2e028b2c,9eca552063680b7cd2ed0e8aea002b21,1.0,1,1,12
8c8fccc50566baaed602e3775d9d5665,9eca552063680b7cd2ed0e8aea002b21,1.0,1,1,12
8d97108dee54bbc1cb34abd9a180df3b,9eca552063680b7cd2ed0e8aea002b21,1.0,1,1,12
925e2f9a26476ae32a9043e4d062106c,9eca552063680b7cd2ed0e8aea002b21,1.0,1,1,12
95ade6db862a026a6d6196b74b2cdd3c,9eca552063680b7cd2ed0e8aea002b21,1.0,1,1,12
9646f9a3dfd2aa3e1cd8f0d1162e0164,9eca552063680b7cd2ed0e8aea002b21,1.0,1,1,12
971bb54683b95cf74f129c91d04976bc,9eca552063680b7cd2ed0e8aea002b21,1.0,1,1,12
98c649b3e1f11a006815cefbba97acc6,9eca552063680b7cd2ed0e8aea002b21,1.0,1,1,12
9a85c258755b5140a2f7568e32206456,9eca552063680b7cd2ed0e8aea002b21,1.0,1,1,12
9bfccc70b89747794ff175e9eda7cabb,9eca552063680b7cd2ed0e8aea002b21,1.0,1,1,12
9c2f288a383b0d36852625e0aa95e97b,9eca552063680b7cd2ed0e8aea002b21,1.0,1,1,12
9dd4042c3044677111fd7421578a8e95,9eca552063680b7cd2ed0e8aea002b21,1.0,1,1,12
9eca552063680b7cd2ed0e8aea002b21,9f821224cac94dfe6ee16f897bb9a953,1.0,1,12,1
9eca552063680b7cd2ed0e8aea002b21,a1ab8b0f81af19b4b5bf31c33525caa7,1.0,1,12,1
9eca552063680b7cd2ed0e8aea002b21,a255731bfece9094c40deb8fb14b6619,1.0,1,12,1
9eca552063680b7cd2ed0e8aea002b21,a3c6251f883470e35b3b0b8338e14446,1.0,1,12,1
9eca552063680b7cd2ed0e8aea002b21,a45823513135bc9eb30c0d984ae40826,1.0,1,12,1
9eca552063680b7cd2ed0e8aea002b21,a557b2d4e2a88cc6ae5e9dc6158d895a,1.0,1,12,1
9eca552063680b7cd2ed0e8aea002b21,a7c8a84341382b33914490420a0394df,1.0,1,12,1
9eca552063680b7cd2ed0e8aea002b21,a888fd5ece4a4f56d7c625ac4eb3bfff,1.0,1,12,1
9eca552063680b7cd2ed0e8aea002b21,aa7ec8eed57b57cba3883423af243b5e,1.0,1,12,1
9eca552063680b7cd2ed0e8aea002b21,aaf915da4aea5e5bcd55fc6daf8abe92,1.0,1,12,1
9eca552063680b7cd2ed0e8aea002b21,ab8464826de904f7996d12e32b2e45a4,1.0,1,12,1
9eca552063680b7cd2ed0e8aea002b21,abff52be240676ac60d0b841d69b2067,1.0,1,12,1
9eca552063680b7cd2ed0e8aea002b21,ac632f3aef3b65fdd24382d53636a308,1.0,1,12,1
9eca552063680b7cd2ed0e8aea002b21,ae9b719375655dab3c518d76cc37a843,1.0,1,12,1
9eca552063680b7cd2ed0e8aea002b21,afa70e82ab83aac4042ab11185a61362,1.0,1,12,1
9eca552063680b7cd2ed0e8aea002b21,b4807b349d0aed8a80e0aaf8a4b0c3a2,1.0,1,12,1
9eca552063680b7cd2ed0e8aea002b21,b7854c9bdaa0d9650bf2cf9a89399f8a,1.0,1,12,1
9eca552063680b7cd2ed0e8aea002b21,b95af8a1e4210ac231669877aff22962,1.0,1,12,1
9eca552063680b7cd2ed0e8aea002b21,c20fa08047ed2a4d8eaee475b27da60e,1.0,1,12,1
9eca552063680b7cd2ed0e8aea002b21,c2850912977916129ab521d1cea9ad7f,1.0,1,12,1
9eca552063680b7cd2ed0e8aea002b21,c6045f53afca3e0afbdf8db95e7e1b96,1.0,1,12,1
9eca552063680b7cd2ed0e8aea002b21,c962ed798636811935163b5e8e87ce6a,1.0,1,12,1
9eca552063680b7cd2ed0e8aea002b21,cb4e82ebd60d19d259c6e4a6904fda40,1.0,1,12,1
9eca552063680b7cd2ed0e8aea002b21,cc4a523745078991df9b347bc94f00ba,1.0,1,12,1
9eca552063680b7cd2ed0e8aea002b21,cdace5c063cdf439d9a0aff912594cb8,1.0,1,12,1
9eca552063680b7cd2ed0e8aea002b21,d069adce83b62df420ac19008ffc57a7,1.0,1,12,1
9eca552063680b7cd2ed0e8aea002b21,d28ea9c0aac1e58a485da5324aae949f,1.0,1,12,1
9eca552063680b7cd2ed0e8aea002b21,d2f98cbf06b1366127b1fb7cecf721d1,1.0,1,12,1
9eca552063680b7cd2ed0e8aea002b21,d517f5ac7bbb9aa15cf098a92c41c001,1.0,1,12,1
9eca552063680b7cd2ed0e8aea002b21,daa4bdb7d8bf38a540c6bf3fa379e16e,1.0,1,12,1
9eca552063680b7cd2ed0e8aea002b21,dc70595c0013b690bc8527b5c2a1a99f,1.0,1,12,1
9eca552063680b7cd2ed0e8aea002b21,dca56369830d697620690535d5f43928,1.0,1,12,1
9eca552063680b7cd2ed0e8aea002b21,df1f63ae64a8a2cb1453e9149769adf1,1.0,1,12,1
9eca552063680b7cd2ed0e8aea002b21,e07bc32087f23e0d27ff1cfb337943d8,1.0,1,12,1
9eca552063680b7cd2ed0e8aea002b21,e26f27be060b5fe1cc613fddf08155a2,1.0,1,12,1
9eca552063680b7cd2ed0e8aea002b21,e380e5fe4b057596c3d126fec35b0112,1.0,1,12,1
9eca552063680b7cd2ed0e8aea002b21,e4b407fe17ac89534043ff4cb36598dc,1.0,1,12,1
9eca552063680b7cd2ed0e8aea002b21,e5109a89cf726fb1ef0e534fa284b0d3,1.0,1,12,1
9eca552063680b7cd2ed0e8aea002b21,e67ea1b0fe506ee2160db2ee7e2c9095,1.0,1,12,1
9eca552063680b7cd2ed0e8aea002b21,e9695c601dc6d29ddffd2dd3ca54720c,1.0,1,12,1
9eca552063680b7cd2ed0e8aea002b21,e9971332fe28c52652fc0c34f5132737,1.0,1,12,1
9eca552063680b7cd2ed0e8aea002b21,eb34f70d5218c736c8eb38156014cb81,1.0,1,12,1
9eca552063680b7cd2ed0e8aea002b21,ef39b38c38d61372681d547ae537876e,1.0,1,12,1
9eca552063680b7cd2ed0e8aea002b21,f2041c35a4a40792bc5bea109b816922,1.0,1,12,1
9eca552063680b7cd2ed0e8aea002b21,f462519ec279167796705b908d4b5efc,1.0,1,12,1
9eca552063680b7cd2ed0e8aea002b21,f5cdbeaf2f8a5b1411cfb92121e3b078,1.0,1,12,1
9eca552063680b7cd2ed0e8aea002b21,f8bbcdb4bd053103052cd5501713e845,1.0,1,12,1
9eca552063680b7cd2ed0e8aea002b21,f93b887b573ddbeebd93ca44eaaee548,1.0,1,12,1
9eca552063680b7cd2ed0e8aea002b21,f942774febec601b810cb1987bcb46da,1.0,1,12,1
9eca552063680b7cd2ed0e8aea002b21,fa2418e0a0f08920ee7db4e62ceb5043,1.0,1,12,1
9eca552063680b7cd2ed0e8aea002b21,fbe60a180b9e308b252b3151222305c1,1.0,1,12,1
9eca552063680b7cd2ed0e8aea002b21,fe698f543a90dd31d997b24dec8c20db,1.0,1,12,1
9eca552063680b7cd2ed0e8aea002b21,ff6071b8db1b9da6ca797d56bb0136fa,1.0,1,12,1
07ff81a9676efa0286ddd3f09e7c0063,22a0bd78d86d3837364f703ade4a9841,1.0,1,12,1
07ff81a9676efa0286ddd3f09e7c0063,2a6eb49c4cd1fe413141297089a4545e,1.0,1,12,1
07ff81a9676efa0286ddd3f09e7c0063,4b3dd3033a20633f3bc5e43145899d4a,1.0,1,12,1
07ff81a9676efa0286ddd3f09e7c0063,6855bb508eae3d6c13c4a583c633bb73,1.0,1,12,1
07ff81a9676efa0286ddd3f09e7c0063,70794d36f449737323e35b00baeb4a30,1.0,1,12,1
07ff81a9676efa0286ddd3f09e7c0063,ba4a42117e2f671a90e2a16844cb28f2,1.0,1,12,1
07ff81a9676efa0286ddd3f09e7c0063,d8a07f7d1eb0e929feeec1a6ce6358a5,1.0,1,12,1
07ff81a9676efa0286ddd3f09e7c0063,dde69cab3bcbde96a0dfe33186f6d02a,1.0,1,12,1
083f9c55bf04dc9af3749412568f9f6e,a5c6335399140e986db84120c425adf0,1.0,1,2,11
20a5257c01689ac69410a14cb51bb447,e8cb0c78d44d572d96674d666f082fed,1.0,1,10,3
6419a1be8feac26ec793667b71cbaeb4,c169c9937db997a267f749cdd64c161f,1.0,1,5,8
127f319c2ce7b943790b1c820098cda4,86df00dc5fd68f4dd5d5945ca19f3ed6,1.0,1,1,12
86df00dc5fd68f4dd5d5945ca19f3ed6,a9b9b7f95590117e0c486b4eeeff141d,1.0,1,12,1
1b87dfc6e656fb041251bb5d271ca9a2,4644f1b187e390a08b4c66fb16c91364,1.0,1,1,12
37c98f5f12194ccd5214da077c6b36da,4644f1b187e390a08b4c66fb16c91364,1.0,1,1,12
3a29cda12157020d535870b102af05a9,4644f1b187e390a08b4c66fb16c91364,1.0,1,1,12
3a7f403cdc24c85b29a4604b178290b3,4644f1b187e390a08b4c66fb16c91364,1.0,1,1,12
4644f1b187e390a08b4c66fb16c91364,4de3ce7b7424960d925e9bb8a675a5bd,1.0,1,12,1
4644f1b187e390a08b4c66fb16c91364,5ec88e298986ab10dce912388675740a,1.0,1,12,1
4644f1b187e390a08b4c66fb16c91364,6038bc8c40385557efc540369c69b03a,1.0,1,12,1
4644f1b187e390a08b4c66fb16c91364,647834fa9bee90050574fb5a00b8f0c1,1.0,1,12,1
4644f1b187e390a08b4c66fb16c91364,6e188d726c9fdde62cfc861bc7ce5e18,1.0,1,12,1
4644f1b187e390a08b4c66fb16c91364,728b3c765e2caa589411629209a4927f,1.0,1,12,1
4644f1b187e390a08b4c66fb16c91364,73853dc89cb77f2304bf6c925ce77912,1.0,1,12,1
4644f1b187e390a08b4c66fb16c91364,7c73ec4cbbe0c4f97be397e3e27bc4b2,1.0,1,12,1
4644f1b187e390a08b4c66fb16c91364,7f590b5e0b14f297072849dd46820174,1.0,1,12,1
4644f1b187e390a08b4c66fb16c91364,8657de4195ae4b5e92ce478f05762b72,1.0,1,12,1
4644f1b187e390a08b4c66fb16c91364,903fb9f0bee620622b1bdb4ab77c1ed5,1.0,1,12,1
4644f1b187e390a08b4c66fb16c91364,9107708e80782c0f6ccc2b607f5f2a6c,1.0,1,12,1
4644f1b187e390a08b4c66fb16c91364,986dedf4924905d7eeb7a3b0d28dd8d0,1.0,1,12,1
4644f1b187e390a08b4c66fb16c91364,bb656d3186549f19907809e754fb6645,1.0,1,12,1
4644f1b187e390a08b4c66fb16c91364,bf5b1637b9c7190a1bae3b9d9a1680e7,1.0,1,12,1
4644f1b187e390a08b4c66fb16c91364,cfc4fac78a42d7473d302f45a3cc2531,1.0,1,12,1
4644f1b187e390a08b4c66fb16c91364,e6488d17c6c6331cdc09695741df024d,1.0,1,12,1
4644f1b187e390a08b4c66fb16c91364,ef480d45440cef8eeb1b0d418ca05422,1.0,1,12,1
4644f1b187e390a08b4c66fb16c91364,f20aa79a6aa0dcc36506e84cb6a6ecec,1.0,1,12,1
8dc4412f2ddf5ffee6cf50e6278b37fd,b1a1d5fdec65cd4c2157493843991df7,1.0,1,11,2
a664ec600630ffc8df7fc7f4ab05f506,ce9f8b9c31d83341764708396ac7e38b,1.0,1,1,12
b3b7208a78ac75f047137484768a868d,ce9f8b9c31d83341764708396ac7e38b,1.0,1,1,12
aabfe4bed1559f2d0db606df41c670e5,ef377d6dfc9ebad1f91cce05f8202cd7,1.0,1,6,6
208a127c790f3aa6b6ae229acfae97da,a017de101a9c4fab4995c1bc81e737ea,1.0,1,3,9
2b26db3c45d52a1b983f12f2201cea88,850e8006b4f239916012dfd4f9bdeb0e,1.0,1,6,6
6a583f4c6790a4c8330beb7612e17f42,a017de101a9c4fab4995c1bc81e737ea,1.0,1,3,9
7cd931d3566a9c43e15d5e6ce9ff5759,a017de101a9c4fab4995c1bc81e737ea,1.0,1,3,9
894a2fac1dcb705a1e4097b8a9131e90,a017de101a9c4fab4995c1bc81e737ea,1.0,1,3,9
8ee1e34425fc54b1f87318160b378c3b,a017de101a9c4fab4995c1bc81e737ea,1.0,1,3,9
938f430a30c511a883c71999f6d01dcc,a017de101a9c4fab4995c1bc81e737ea,1.0,1,3,9
9e3cc1906aa2db29c30aecb2d642a41d,a017de101a9c4fab4995c1bc81e737ea,1.0,1,3,9
a017de101a9c4fab4995c1bc81e737ea,ad60ba535e4fa2b72c924290d6337913,1.0,1,9,3
a017de101a9c4fab4995c1bc81e737ea,e4923ae2c32e70e3c5a6e73a9fb872f2,1.0,1,9,3
a017de101a9c4fab4995c1bc81e737ea,e8ca08f200cf74746cd5e671efcb61f3,1.0,1,9,3
c12ac817e00e9afad51c327ab2fc2ec3,e816453a1cbe8d142e5c5c9a80eb920a,1.0,1,6,6
89b765801f4e0aed646a9814b76d22ef,ad0adff48be9c5f67cb35fd0895b42e7,1.0,1,3,9
94183723d784d37f33a1f6dd09ac7567,9b07fe36ad116125147576cb5894f231,1.0,1,6,6
07edb6092d391eea668598f604cb8a80,1f98d2384ff7a372e6a2d3bb75cbcd54,1.0,1,3,9
1f98d2384ff7a372e6a2d3bb75cbcd54,5fe7677db087a1f3a4078a4fa15c7a56,1.0,1,9,3
2ee975c9c2318bfa81d7c2ba24325099,8c4f1ee04e97bc9c43c73916cbb78479,1.0,1,6,6
24700644c71bdf7e9731c707bdb955e0,a5c6335399140e986db84120c425adf0,1.0,1,1,11
3f94aa715c1fbf7fa123eb0e79db991f,a5c6335399140e986db84120c425adf0,1.0,1,1,11
727939c2b657e1ef6b6559b8e151e15d,a5c6335399140e986db84120c425adf0,1.0,1,1,11
87a87f4d218f1fdb8fe201963078b576,a5c6335399140e986db84120c425adf0,1.0,1,1,11
92f19b4906b2ace6d6a453e6442d2a3a,a5c6335399140e986db84120c425adf0,1.0,1,1,11
a5c6335399140e986db84120c425adf0,fd39eafefd858bd09aeb583cf3c5c38c,1.0,1,11,1
14391c381a3011bdaac2c5ab5fee642d,94bfb520c0cb6ffd9f36aa7b75f0efe1,1.0,1,6,6
14391c381a3011bdaac2c5ab5fee642d,b1972e951abdf114b6ebc0182b3b31c6,1.0,1,6,6
154a5a9962a76cee141236c96aa045ca,20a5257c01689ac69410a14cb51bb447,1.0,1,2,10
15bd73fd31976616a6857ebe833c006d,20a5257c01689ac69410a14cb51bb447,1.0,1,2,10
20a5257c01689ac69410a14cb51bb447,531f8d2a8f04b3fbbb76e35ceaf8dfe2,1.0,1,10,2
20a5257c01689ac69410a14cb51bb447,670df3711f72fcfcd719c07d8d2e568e,1.0,1,10,2
20a5257c01689ac69410a14cb51bb447,694bde413be910bc563ab60079e097b4,1.0,1,10,2
20a5257c01689ac69410a14cb51bb447,7dc8324c65afb4144c93e81a06ca1686,1.0,1,10,2
20a5257c01689ac69410a14cb51bb447,b816c3f833722212e7dd706e07292a0e,1.0,1,10,2
64e776171d437b65921fc68d8ee4501e,c169c9937db997a267f749cdd64c161f,1.0,1,4,8
94bfb520c0cb6ffd9f36aa7b75f0efe1,b1972e951abdf114b6ebc0182b3b31c6,1.0,1,6,6
3b113221c62fa8311d25701325807f65,8dc4412f2ddf5ffee6cf50e6278b37fd,1.0,1,1,11
43730e9cc7dc5192106ab060a02db3b1,8dc4412f2ddf5ffee6cf50e6278b37fd,1.0,1,1,11
59f8104259a7c06f9b0df795763c50db,8dc4412f2ddf5ffee6cf50e6278b37fd,1.0,1,1,11
8dc4412f2ddf5ffee6cf50e6278b37fd,957409de18d2d2dc5212f624e7d10ba0,1.0,1,11,1
8dc4412f2ddf5ffee6cf50e6278b37fd,9fa55e5021a8b65ef42cabdea443a8e2,1.0,1,11,1
8dc4412f2ddf5ffee6cf50e6278b37fd,c2d24b3176bc7cbd5b4fdf3386d6d4c2,1.0,1,11,1
8dc4412f2ddf5ffee6cf50e6278b37fd,ef455906af3a580c6f4eb26f74e62b1c,1.0,1,11,1
2214477bc746c01d7e790dba816a9a2c,fb98136edc2c0f996bfad36a0c7e1306,1.0,1,5,6
00bfe974afd63b30ed282dc69892fb98,a017de101a9c4fab4995c1bc81e737ea,1.0,1,2,9
01561f92006fd3ba8a8a4246b7f38101,a017de101a9c4fab4995c1bc81e737ea,1.0,1,2,9
0baff0ebd92e998ee0f4a8f812070ec8,a017de101a9c4fab4995c1bc81e737ea,1.0,1,2,9
133c1a11944c3c8f0174c08c4f0d24db,a017de101a9c4fab4995c1bc81e737ea,1.0,1,2,9
13c5865b7b534dbe5983384eb555ed1c,a017de101a9c4fab4995c1bc81e737ea,1.0,1,2,9
146a2253a3918c412431c4cb9d13b863,a017de101a9c4fab4995c1bc81e737ea,1.0,1,2,9
185246288eb4cea28a37bb3269141e03,a017de101a9c4fab4995c1bc81e737ea,1.0,1,2,9
21342e5b1004a60189babbe685c06845,a017de101a9c4fab4995c1bc81e737ea,1.0,1,2,9
215b9a9848df6dd29932574ccebb5b3e,a017de101a9c4fab4995c1bc81e737ea,1.0,1,2,9
2699b1bdee690329303fb2c0aada1c1b,a017de101a9c4fab4995c1bc81e737ea,1.0,1,2,9
2b26db3c45d52a1b983f12f2201cea88,7b35fb694a1c478f507173167fbe234e,1.0,1,6,5
2b26db3c45d52a1b983f12f2201cea88,82cffd5880c953933b9ebe4e4789edd0,1.0,1,6,5
2b26db3c45d52a1b983f12f2201cea88,9fafb9bc4f2296fe5d2d0bc2f8e19a0b,1.0,1,6,5
2b26db3c45d52a1b983f12f2201cea88,eb742a3b914c53d45f1a30c8e2fcd8bd,1.0,1,6,5
2d8a123a57292aae47580aac65f55d4f,a017de101a9c4fab4995c1bc81e737ea,1.0,1,2,9
3897924b7801bceca8326098b209832d,a017de101a9c4fab4995c1bc81e737ea,1.0,1,2,9
39b9889bd17bc241ade364ee15bbe74c,a017de101a9c4fab4995c1bc81e737ea,1.0,1,2,9
40fdb731f416e141a80418867178b510,a017de101a9c4fab4995c1bc81e737ea,1.0,1,2,9
4153163515e1dc07e02777b45b79121a,a017de101a9c4fab4995c1bc81e737ea,1.0,1,2,9
460cd758614a0be9739d2f8d9bc1494d,a017de101a9c4fab4995c1bc81e737ea,1.0,1,2,9
5499856e5c59ce4b1178f38c1f0d2f8c,a017de101a9c4fab4995c1bc81e737ea,1.0,1,2,9
56a074e0fc79b287c1170d998519f1e8,a017de101a9c4fab4995c1bc81e737ea,1.0,1,2,9
5a113bd934e8b75919fbddeef0f9282d,a017de101a9c4fab4995c1bc81e737ea,1.0,1,2,9
60d34509419ce4f132570db40e6ea985,a017de101a9c4fab4995c1bc81e737ea,1.0,1,2,9
628b5fda35baf944099fc4da84a69ac1,a017de101a9c4fab4995c1bc81e737ea,1.0,1,2,9
6364655a115c9a45a9283cd8e00aa643,a017de101a9c4fab4995c1bc81e737ea,1.0,1,2,9
74084969d4b912b9bd10439ebb79ce6b,a017de101a9c4fab4995c1bc81e737ea,1.0,1,2,9
7afbf983eb484fb14e40092c0139d66f,a017de101a9c4fab4995c1bc81e737ea,1.0,1,2,9
7b35fb694a1c478f507173167fbe234e,850e8006b4f239916012dfd4f9bdeb0e,1.0,1,5,6
7ca19647e1200895475475186a3e072e,a017de101a9c4fab4995c1bc81e737ea,1.0,1,2,9
80b5c70d20058c553d662a56cbff22e5,a017de101a9c4fab4995c1bc81e737ea,1.0,1,2,9
82cffd5880c953933b9ebe4e4789edd0,850e8006b4f239916012dfd4f9bdeb0e,1.0,1,5,6
850e8006b4f239916012dfd4f9bdeb0e,9fafb9bc4f2296fe5d2d0bc2f8e19a0b,1.0,1,6,5
850e8006b4f239916012dfd4f9bdeb0e,eb742a3b914c53d45f1a30c8e2fcd8bd,1.0,1,6,5
85ac3e23bde65bd5628fdd6f15db5295,a017de101a9c4fab4995c1bc81e737ea,1.0,1,2,9
889fc057c77157659bdef1206d47d08c,a017de101a9c4fab4995c1bc81e737ea,1.0,1,2,9
8a56bc1f46776cf85828e336fa75dcd5,a017de101a9c4fab4995c1bc81e737ea,1.0,1,2,9
942a5e1f3f7b206e11354f6d84121a3e,a017de101a9c4fab4995c1bc81e737ea,1.0,1,2,9
9efc7f2a9ac5c2cf72565008f1914206,a017de101a9c4fab4995c1bc81e737ea,1.0,1,2,9
9f1591824452a9d9a9f225b9fca168d2,a017de101a9c4fab4995c1bc81e737ea,1.0,1,2,9
a017de101a9c4fab4995c1bc81e737ea,a16656b34f59e202ef32dfc53b947847,1.0,1,9,2
a017de101a9c4fab4995c1bc81e737ea,a7de0c8480d07cef1e8f55f8c61f548f,1.0,1,9,2
a017de101a9c4fab4995c1bc81e737ea,b6da6ab100de9d85d855bb67aaa2157d,1.0,1,9,2
a017de101a9c4fab4995c1bc81e737ea,bb00460af4cda6bd1252e99ef3168b56,1.0,1,9,2
a017de101a9c4fab4995c1bc81e737ea,bb361861b83a556ce2a5b2d537e22df9,1.0,1,9,2
a017de101a9c4fab4995c1bc81e737ea,c550705284a6b10b8b2c2e6c40e90580,1.0,1,9,2
a017de101a9c4fab4995c1bc81e737ea,c9f633ba06746056943f5e6d4bf1f1cd,1.0,1,9,2
a017de101a9c4fab4995c1bc81e737ea,d10e1d04f94eea6c40bc55ad964930f2,1.0,1,9,2
a017de101a9c4fab4995c1bc81e737ea,d88ab33b7eb886fea1b8ff195c9a9781,1.0,1,9,2
a017de101a9c4fab4995c1bc81e737ea,e5535f0b3bd13a577b26dab17ed44a0f,1.0,1,9,2
a017de101a9c4fab4995c1bc81e737ea,e7f05599a82aa0ff9745e92f4b9a9188,1.0,1,9,2
a017de101a9c4fab4995c1bc81e737ea,ea45fdfe8aaa3f81604b23a652c49fcf,1.0,1,9,2
a017de101a9c4fab4995c1bc81e737ea,ed7aae0bd6dae2a07a54cd4f9c0b9b0a,1.0,1,9,2
a017de101a9c4fab4995c1bc81e737ea,fcabb1c1914da0aff9378a59942ff133,1.0,1,9,2
24764284d4d67f146daa546143e1d0d9,d7484dd44acca3ca523936dd5b8f1b09,1.0,1,6,5
1573b77edd530a9750e7245acb45ba67,c04dc38af3ee271e9c8863809023adee,1.0,1,6,5
1d836478690eafcf2a72f010445388f6,3ec83b54e0afb70def9480cd6b9097f7,1.0,1,2,9
31d1ec8fb80004b9a556acace88a9468,44a90aebe64383d8d551ddd72bac9274,1.0,1,6,5
31d1ec8fb80004b9a556acace88a9468,a0988feb55f4bf6cd3643c2a0d8d3899,1.0,1,6,5
39a25ffcc4f83a144eff541e56ef7988,3ec83b54e0afb70def9480cd6b9097f7,1.0,1,2,9
3ec83b54e0afb70def9480cd6b9097f7,4a858d3e945b66b74a3b87cd245338a8,1.0,1,9,2
3ec83b54e0afb70def9480cd6b9097f7,b48348743e921a4c82657d401675e069,1.0,1,9,2
1287f6d27e4d6b299b6df65340831bc0,c9ae1d598a33315fdace01e3bfefc5ea,1.0,1,5,6
62b1b62058c7572c90f08ec692ff0533,c9ae1d598a33315fdace01e3bfefc5ea,1.0,1,5,6
595e86ccb5e139b87f2585257597b82a,ad0adff48be9c5f67cb35fd0895b42e7,1.0,1,2,9
6f8780c1db942452a66cad83fd1ec67f,ad0adff48be9c5f67cb35fd0895b42e7,1.0,1,2,9
79ed6509631208c7ee25695012c91581,ad0adff48be9c5f67cb35fd0895b42e7,1.0,1,2,9
919a862b7515e8ad7dc8bfe5f9b327fa,ad0adff48be9c5f67cb35fd0895b42e7,1.0,1,2,9
a485ec1e4c7e21e22184f44ebddd64a4,ad0adff48be9c5f67cb35fd0895b42e7,1.0,1,2,9
a61e55582ca28f02cbf5339cc7ac4a80,ad0adff48be9c5f67cb35fd0895b42e7,1.0,1,2,9
ad0adff48be9c5f67cb35fd0895b42e7,b536eee7736f03097b7ade6203f1cf9b,1.0,1,9,2
ad0adff48be9c5f67cb35fd0895b42e7,b991b8aea12757e4417125a5eaea50c8,1.0,1,9,2
ad0adff48be9c5f67cb35fd0895b42e7,c5157b7836a33d5470c4027bcf8267d0,1.0,1,9,2
ad0adff48be9c5f67cb35fd0895b42e7,dd55dce5a6ed77921d4187dbdbf5258d,1.0,1,9,2
09e9991c50513a303a2da26619870d7f,0d332bf04a40163ca5b88413815acbfa,1.0,1,10,1
09e9991c50513a303a2da26619870d7f,1315e12c5054350e2028376bbbbfdaf5,1.0,1,10,1
09e9991c50513a303a2da26619870d7f,174d114447c90f6f84758e75a1caa1ae,1.0,1,10,1
09e9991c50513a303a2da26619870d7f,1aa871c2ab8bdb23375c428ad1c3f3aa,1.0,1,10,1
09e9991c50513a303a2da26619870d7f,1dc45b4cfbce30c703c7875bb8b6af45,1.0,1,10,1
09e9991c50513a303a2da26619870d7f,24c75405d509b190b7d01fd6616f2b80,1.0,1,10,1
09e9991c50513a303a2da26619870d7f,29877a81378fcbf6a85c4520f6e34894,1.0,1,10,1
09e9991c50513a303a2da26619870d7f,315ba9db647cb218fd5c0bda98736cb6,1.0,1,10,1
09e9991c50513a303a2da26619870d7f,359a78f03d3fa44893db34ed3564c7ef,1.0,1,10,1
09e9991c50513a303a2da26619870d7f,3ac899172053ffd1ab35652f42f57626,1.0,1,10,1
09e9991c50513a303a2da26619870d7f,3bb93645d4027fa9d5c6baf691ba2a37,1.0,1,10,1
09e9991c50513a303a2da26619870d7f,421e215a5b132d4d1ea0372741aeca73,1.0,1,10,1
09e9991c50513a303a2da26619870d7f,447e2e8ba78fb1a08bd071fce27aeb8a,1.0,1,10,1
09e9991c50513a303a2da26619870d7f,50d27e12b7d28f9c61ff09d5e9429684,1.0,1,10,1
09e9991c50513a303a2da26619870d7f,5756ddc3a91220a5a56cfebead9fa9a5,1.0,1,10,1
09e9991c50513a303a2da26619870d7f,6128bfb7b3591de3df1cbc9909f8c6fc,1.0,1,10,1
09e9991c50513a303a2da26619870d7f,6942db3b251f853f387a40c21f6f9c09,1.0,1,10,1
09e9991c50513a303a2da26619870d7f,76ee1dc3b1b694eea9a3453ec15ee83e,1.0,1,10,1
09e9991c50513a303a2da26619870d7f,879f4eb9f58eadb8f2f204919b162935,1.0,1,10,1
09e9991c50513a303a2da26619870d7f,90421532f8f3b98852f61a0e40dadec7,1.0,1,10,1
09e9991c50513a303a2da26619870d7f,99008ea464b988d7547af02aea5a728a,1.0,1,10,1
09e9991c50513a303a2da26619870d7f,995d5358a4f0983d30237043399f0eeb,1.0,1,10,1
09e9991c50513a303a2da26619870d7f,a5db201e7f071d203f7779434f045faa,1.0,1,10,1
09e9991c50513a303a2da26619870d7f,b17ffae028f869285706f779bdd130dc,1.0,1,10,1
09e9991c50513a303a2da26619870d7f,b4af97cdc3a4b4989ec5c615b0e5270b,1.0,1,10,1
09e9991c50513a303a2da26619870d7f,b52a4b465bfc5a1c7e9033f7b7d8f3dd,1.0,1,10,1
09e9991c50513a303a2da26619870d7f,bc5648f2c5f11d59052573a2c8bff9b3,1.0,1,10,1
09e9991c50513a303a2da26619870d7f,d66ca376d01a50263ee92c2ab3cbd582,1.0,1,10,1
09e9991c50513a303a2da26619870d7f,d9058ef529d2c65e426d6d84ff11e838,1.0,1,10,1
09e9991c50513a303a2da26619870d7f,e04770f94f452d1cdd8d84c048af4860,1.0,1,10,1
09e9991c50513a303a2da26619870d7f,e346de22de3a3a81901af50d6a4d0677,1.0,1,10,1
09e9991c50513a303a2da26619870d7f,ea3088c758e3a445742e64143a322128,1.0,1,10,1
09e9991c50513a303a2da26619870d7f,f5ced93f8c969fc52fcda8415e8bcc42,1.0,1,10,1
09e9991c50513a303a2da26619870d7f,fd42b707e449d49ffa416b24f6b16e82,1.0,1,10,1
5fff3ec8fc85df5fe57190fd9b6543ed,83aca63b2193ea126b287f3ae61528d9,1.0,1,5,6
52bfbce3fe777635d0c5bb7b948ea28d,831a032a3327e2b8325faf9d37953870,1.0,1,5,6
108a66846771910748a726a8073ee888,1f98d2384ff7a372e6a2d3bb75cbcd54,1.0,1,2,9
1f98d2384ff7a372e6a2d3bb75cbcd54,6741fe058b7a7605920b9060b234294e,1.0,1,9,2
1f98d2384ff7a372e6a2d3bb75cbcd54,75c1ef8a4a5dfef887f4fdc9cf843da5,1.0,1,9,2
1f98d2384ff7a372e6a2d3bb75cbcd54,f145d50379275ab9931636f83b0102eb,1.0,1,9,2
2ee975c9c2318bfa81d7c2ba24325099,95525127999a756443df590cc5aabe88,1.0,1,6,5
8c4f1ee04e97bc9c43c73916cbb78479,95525127999a756443df590cc5aabe88,1.0,1,6,5
aed838b04abeb2fb94566d0a073bd718,ce839bf77a192f7bf02be8b01ee3af1f,1.0,1,6,5
1188233025a9769168e1f1f1981c2444,20a5257c01689ac69410a14cb51bb447,1.0,1,1,10
14391c381a3011bdaac2c5ab5fee642d,6419a1be8feac26ec793667b71cbaeb4,1.0,1,6,5
20a5257c01689ac69410a14cb51bb447,265dcd451ef43594627c1cb2e245e03b,1.0,1,10,1
20a5257c01689ac69410a14cb51bb447,2c137b2f03299b962587ea9bd06a6fef,1.0,1,10,1
20a5257c01689ac69410a14cb51bb447,2c684f62b83fd608967683ed72d07da5,1.0,1,10,1
20a5257c01689ac69410a14cb51bb447,332d23ba1c1179a58fb692bbfa5579c9,1.0,1,10,1
20a5257c01689ac69410a14cb51bb447,386cdae2eabdaa39bc970f5ee88549a0,1.0,1,10,1
20a5257c01689ac69410a14cb51bb447,3940057886300e363df2dd94958e3d6e,1.0,1,10,1
20a5257c01689ac69410a14cb51bb447,53d7110d90950f5cddd3265216eb3edf,1.0,1,10,1
20a5257c01689ac69410a14cb51bb447,5c09246f8bb77c0c244f283b456010ea,1.0,1,10,1
20a5257c01689ac69410a14cb51bb447,5d5e35b7046a3e52456661ad3addc467,1.0,1,10,1
20a5257c01689ac69410a14cb51bb447,6b9f0ab331a35b7d166e719ff0df0cac,1.0,1,10,1
20a5257c01689ac69410a14cb51bb447,787c604131b47935933af5420f92948f,1.0,1,10,1
20a5257c01689ac69410a14cb51bb447,7aacfddaea379541015b24732ed85ad4,1.0,1,10,1
20a5257c01689ac69410a14cb51bb447,7c7a4d0678fb2f5a4b3e2875a30ebe5f,1.0,1,10,1
20a5257c01689ac69410a14cb51bb447,989678100dbad0f75fedaa8719e17009,1.0,1,10,1
20a5257c01689ac69410a14cb51bb447,9a0b05cb402e6191af90e38899e9fe4a,1.0,1,10,1
20a5257c01689ac69410a14cb51bb447,9a9d661c6b4eea1e912d7c5062b81b59,1.0,1,10,1
20a5257c01689ac69410a14cb51bb447,9e0c2f57faf8e4c16af890eab3100099,1.0,1,10,1
20a5257c01689ac69410a14cb51bb447,ac520ec12ca64a4dc712021df456d5b8,1.0,1,10,1
20a5257c01689ac69410a14cb51bb447,aed8cb80b5512777cb3f6361f4d00b77,1.0,1,10,1
20a5257c01689ac69410a14cb51bb447,b6ac496f881998e353f46cd2dac7ea81,1.0,1,10,1
20a5257c01689ac69410a14cb51bb447,b735dc6c2abd756cbecc90e8e33fd7db,1.0,1,10,1
20a5257c01689ac69410a14cb51bb447,bca2c11d85a065aba0a329a4438807f7,1.0,1,10,1
20a5257c01689ac69410a14cb51bb447,bd7efabc833a3e62b322f7f597e67843,1.0,1,10,1
20a5257c01689ac69410a14cb51bb447,bec3bacb4bdbe7752c6b7d36bd76ab3e,1.0,1,10,1
20a5257c01689ac69410a14cb51bb447,cdaee53ab8f7c1d14ded5eb32714a4a6,1.0,1,10,1
20a5257c01689ac69410a14cb51bb447,cea24d7104b107365c53eb0cc5c4eb66,1.0,1,10,1
20a5257c01689ac69410a14cb51bb447,d0bce8dc54dd1b03b682ebfa95c38ec1,1.0,1,10,1
20a5257c01689ac69410a14cb51bb447,d3c3ded6e21a0ff524eacb53240d64bd,1.0,1,10,1
20a5257c01689ac69410a14cb51bb447,d4e18ba02dea891aa1541250c92854d6,1.0,1,10,1
20a5257c01689ac69410a14cb51bb447,dc41c213511c0ec2a73cb054afa83dc6,1.0,1,10,1
20a5257c01689ac69410a14cb51bb447,ef6f13afb9897c1d50fa603c47749b86,1.0,1,10,1
6419a1be8feac26ec793667b71cbaeb4,94bfb520c0cb6ffd9f36aa7b75f0efe1,1.0,1,5,6
6419a1be8feac26ec793667b71cbaeb4,b1972e951abdf114b6ebc0182b3b31c6,1.0,1,5,6
c169c9937db997a267f749cdd64c161f,e8cb0c78d44d572d96674d666f082fed,1.0,1,8,3
74cb21ed97707645fbb69231f30a55ba,f43e533381a4e43d80c05aa7d4508d27,1.0,1,6,5
3084108ab6a05c325f137b7cbaf6e283,aebdb8f05f5ebf99f858c1a75fb7035a,1.0,1,1,10
c5f654df41f8e436e97ce72ad3df2825,ef8d54b3797ea4db1d63f0ced6a906e9,1.0,1,1,10
8ee8b7d504a2a0f5a7e2fdcd6b984208,af7eddc6b6c71109b0e05f9a0f49dde2,1.0,1,6,5
5336f61f924dcb211eb237913264ba03,fb98136edc2c0f996bfad36a0c7e1306,1.0,1,4,6
1c3a2bab6b3e18d65aa3923e2ec7b5db,f50e0207673076aa6cd350a771426079,1.0,1,5,5
9aa77033cbc28074b161f96cbda9b7c4,aabfe4bed1559f2d0db606df41c670e5,1.0,1,4,6
9aa77033cbc28074b161f96cbda9b7c4,ef377d6dfc9ebad1f91cce05f8202cd7,1.0,1,4,6
006a8c1784d622ebe06bab57e72ee045,a017de101a9c4fab4995c1bc81e737ea,1.0,1,1,9
00797f371bc0f6adb4d267be541a92da,a017de101a9c4fab4995c1bc81e737ea,1.0,1,1,9
02943af04041ca7713d7ef096d5d7a8a,a017de101a9c4fab4995c1bc81e737ea,1.0,1,1,9
04bfca470bca6cb201479f0d7a57c7f9,a017de101a9c4fab4995c1bc81e737ea,1.0,1,1,9
05b5bf96be35948171c3ddbf97c7536b,a017de101a9c4fab4995c1bc81e737ea,1.0,1,1,9
06f6ca742a26f906cac6f9f1ee7656d4,a017de101a9c4fab4995c1bc81e737ea,1.0,1,1,9
07292d06afd6c45ff8de56079ef4cfdc,a017de101a9c4fab4995c1bc81e737ea,1.0,1,1,9
08093480aa587422c2c694a534ddaf3a,a017de101a9c4fab4995c1bc81e737ea,1.0,1,1,9
08a5e43a460ed2d16c7ca07bf3ebd815,a017de101a9c4fab4995c1bc81e737ea,1.0,1,1,9
08f41d7a0e37794d8852fc796141e2e6,a017de101a9c4fab4995c1bc81e737ea,1.0,1,1,9
0a9d365af1a48bc62a840243cdfcb4e6,a017de101a9c4fab4995c1bc81e737ea,1.0,1,1,9
0af17a81442299d992348c65d70ff4db,a017de101a9c4fab4995c1bc81e737ea,1.0,1,1,9
0b772332566a51299fda7ea04c96cba4,a017de101a9c4fab4995c1bc81e737ea,1.0,1,1,9
0b8cdfff31c16993664702e011f530ce,a017de101a9c4fab4995c1bc81e737ea,1.0,1,1,9
0c9370f31e3bf20c068a9d9ada3ea903,a017de101a9c4fab4995c1bc81e737ea,1.0,1,1,9
0de8fca815c152cde2197d1f7e191f75,a017de101a9c4fab4995c1bc81e737ea,1.0,1,1,9
0e3e01275a3d617393b91e4c1029e3dc,a017de101a9c4fab4995c1bc81e737ea,1.0,1,1,9
0fee4adcd47e19eb91c84f2449500247,a017de101a9c4fab4995c1bc81e737ea,1.0,1,1,9
1013194e8e0710a463933a1b01e9dbc3,a017de101a9c4fab4995c1bc81e737ea,1.0,1,1,9
1029c9af0ba3fa1769ae5c879c6fcb35,a017de101a9c4fab4995c1bc81e737ea,1.0,1,1,9
116eb01461ae0ac3f20de05d49756fa1,a017de101a9c4fab4995c1bc81e737ea,1.0,1,1,9
1363c62de6c14f60355310d49546b720,a017de101a9c4fab4995c1bc81e737ea,1.0,1,1,9
13ece232fdf1ca084551f8a7d1fa503b,a017de101a9c4fab4995c1bc81e737ea,1.0,1,1,9
15459cd10a963461ad4b5eeb0a09ba84,a017de101a9c4fab4995c1bc81e737ea,1.0,1,1,9
16cfeea551909cfb6cfbafad8ad059ec,a017de101a9c4fab4995c1bc81e737ea,1.0,1,1,9
18492e62ff399a6263616b7b9181dd45,a017de101a9c4fab4995c1bc81e737ea,1.0,1,1,9
19cf4ef9675b3aaebe19267c20ef8128,a017de101a9c4fab4995c1bc81e737ea,1.0,1,1,9
1c79e1fdf2d55ffc251aed0f621a0795,a017de101a9c4fab4995c1bc81e737ea,1.0,1,1,9
1c8c2e37ecc2ddc12198fa9fe1e9edf5,a017de101a9c4fab4995c1bc81e737ea,1.0,1,1,9
1ce6662e2bd2879094fb4118f6b2d578,a017de101a9c4fab4995c1bc81e737ea,1.0,1,1,9
1d8acbbabb9111c1a5298eedb4f9567a,a017de101a9c4fab4995c1bc81e737ea,1.0,1,1,9
1db0216c962ecdbf435323897004bd10,a017de101a9c4fab4995c1bc81e737ea,1.0,1,1,9
1f4ebf25894e7c8c46e382a20a90e457,a017de101a9c4fab4995c1bc81e737ea,1.0,1,1,9
204d69d0bd4871eef08a4bfe6831a518,a017de101a9c4fab4995c1bc81e737ea,1.0,1,1,9
20cd5b764031558858597379fa3c3345,a017de101a9c4fab4995c1bc81e737ea,1.0,1,1,9
21a9c9dd4248d18bf8edced7762b70ae,a017de101a9c4fab4995c1bc81e737ea,1.0,1,1,9
21c9ca31959d08bb5455023f84951387,a017de101a9c4fab4995c1bc81e737ea,1.0,1,1,9
242cec3046a78f37ed419b24e80c7f70,a017de101a9c4fab4995c1bc81e737ea,1.0,1,1,9
24561d5dff99c04231cdc4103b8e03d6,a017de101a9c4fab4995c1bc81e737ea,1.0,1,1,9
256c321af58ca588b5af1b46e42b0fb2,a017de101a9c4fab4995c1bc81e737ea,1.0,1,1,9
2703e9529e5fc34e102971bb838b81e2,a017de101a9c4fab4995c1bc81e737ea,1.0,1,1,9
27aacd37c12bc685a275af86f14d2c23,a017de101a9c4fab4995c1bc81e737ea,1.0,1,1,9
28cfdde4bdf02f44c1d3dd458afe42b3,a017de101a9c4fab4995c1bc81e737ea,1.0,1,1,9
28fd13ff21ae041e65609843d3ab61f3,a017de101a9c4fab4995c1bc81e737ea,1.0,1,1,9
290ce5a6a8a3f663dc629e8f39726aca,a017de101a9c4fab4995c1bc81e737ea,1.0,1,1,9
2a6d464f307f26f32873ba9f9209a96d,a017de101a9c4fab4995c1bc81e737ea,1.0,1,1,9
2ada850dbe866246a92524d882e166d5,a017de101a9c4fab4995c1bc81e737ea,1.0,1,1,9
2b26db3c45d52a1b983f12f2201cea88,4df9aee56fa602c72756abb22ee60b17,1.0,1,6,4
2b26db3c45d52a1b983f12f2201cea88,6cd5ad2783f175ab9dac5072bc7e3d73,1.0,1,6,4
2b26db3c45d52a1b983f12f2201cea88,cc02224a63bfaa52e0007916dea1b669,1.0,1,6,4
2b57b9cf10e96a6799f420d508d2d6bd,a017de101a9c4fab4995c1bc81e737ea,1.0,1,1,9
2d2ec6a0e67ef647ec215a9b5b285df0,a017de101a9c4fab4995c1bc81e737ea,1.0,1,1,9
31211ce721363d74816326589e637b60,a017de101a9c4fab4995c1bc81e737ea,1.0,1,1,9
35c27e8cee784e79831f61f475ec7641,a017de101a9c4fab4995c1bc81e737ea,1.0,1,1,9
36894a55d9d9fdddcd897fde049aede1,a017de101a9c4fab4995c1bc81e737ea,1.0,1,1,9
36c5770cc8e136abf9b1e5e149f75fb2,a017de101a9c4fab4995c1bc81e737ea,1.0,1,1,9
36ce0bb312886e4755466775a3041fbb,a017de101a9c4fab4995c1bc81e737ea,1.0,1,1,9
38dff03b64c3e9adbb2d4c610838cf5c,a017de101a9c4fab4995c1bc81e737ea,1.0,1,1,9
3b53a1869c7172b2e89266d4e7d7b6a4,a017de101a9c4fab4995c1bc81e737ea,1.0,1,1,9
3c5b1ee70d755d1532a021f00a46b66b,a017de101a9c4fab4995c1bc81e737ea,1.0,1,1,9
3cd73d6b67aa9d944d55978280201ac5,a017de101a9c4fab4995c1bc81e737ea,1.0,1,1,9
3df236402bc02ce30ba3ec32896f3a50,a017de101a9c4fab4995c1bc81e737ea,1.0,1,1,9
3e36afbf5d9f5e833d612294f376526d,a017de101a9c4fab4995c1bc81e737ea,1.0,1,1,9
3f55e2796985b6c5901d097fb3685c72,a017de101a9c4fab4995c1bc81e737ea,1.0,1,1,9
3fe205252c153bf71775e1fe3a198e57,a017de101a9c4fab4995c1bc81e737ea,1.0,1,1,9
407aae22e9afdd8f5d7071d81c16e705,a017de101a9c4fab4995c1bc81e737ea,1.0,1,1,9
412c6ec29d51104253bcb1095dd03140,a017de101a9c4fab4995c1bc81e737ea,1.0,1,1,9
416f8cebc9e3455b81aed90642f926ad,a017de101a9c4fab4995c1bc81e737ea,1.0,1,1,9
417bad2a750c8f7149b42cf699adc0d4,a017de101a9c4fab4995c1bc81e737ea,1.0,1,1,9
424aca6872c5bab80780a8dec03b7516,a017de101a9c4fab4995c1bc81e737ea,1.0,1,1,9
442128e0c7f34325b757846c8678cfa9,a017de101a9c4fab4995c1bc81e737ea,1.0,1,1,9
451c5698bffc864831a6f041782712d9,a017de101a9c4fab4995c1bc81e737ea,1.0,1,1,9
46a23b5b38c9caebf785829998db475b,a017de101a9c4fab4995c1bc81e737ea,1.0,1,1,9
46d5bdcc50df53ec8d503a81c0d2fa31,a017de101a9c4fab4995c1bc81e737ea,1.0,1,1,9
4735373c70fabcc3c705771f828362d7,a017de101a9c4fab4995c1bc81e737ea,1.0,1,1,9
47b22f6eef47620586ac43f2660bcc82,a017de101a9c4fab4995c1bc81e737ea,1.0,1,1,9
483bc92f963bbc90c3006e11f9ac552a,a017de101a9c4fab4995c1bc81e737ea,1.0,1,1,9
4919dda3f4b213104acc3d25b84c44ed,a017de101a9c4fab4995c1bc81e737ea,1.0,1,1,9
4c074bb1435cc724b6937a95b88c9841,a017de101a9c4fab4995c1bc81e737ea,1.0,1,1,9
4c8435d3bb762a8b99931fbfca190ac4,a017de101a9c4fab4995c1bc81e737ea,1.0,1,1,9
4df9aee56fa602c72756abb22ee60b17,850e8006b4f239916012dfd4f9bdeb0e,1.0,1,4,6
4ffc1a8259e81bc30151f421fca472d2,a017de101a9c4fab4995c1bc81e737ea,1.0,1,1,9
5121548ab605cd18cc133074f17c0aaa,a017de101a9c4fab4995c1bc81e737ea,1.0,1,1,9
5206a6a64eeb54d092be68b3427f3d92,a017de101a9c4fab4995c1bc81e737ea,1.0,1,1,9
52ed5a07cfa81a6802763aa0e29e4311,a017de101a9c4fab4995c1bc81e737ea,1.0,1,1,9
53b2aa3aafb865f1c2c681804b8eb3b9,a017de101a9c4fab4995c1bc81e737ea,1.0,1,1,9
5441ea58ad29bdc53d456f310654639d,a017de101a9c4fab4995c1bc81e737ea,1.0,1,1,9
544700b9ab72069e540fbb463ea3ee1b,a017de101a9c4fab4995c1bc81e737ea,1.0,1,1,9
5451dcc40a5b3ed99be461fcee2d45da,a017de101a9c4fab4995c1bc81e737ea,1.0,1,1,9
5494a11727f3bd095725ff9fcd6d7275,a017de101a9c4fab4995c1bc81e737ea,1.0,1,1,9
55bb91a06e34d43837b86890e1c9a217,a017de101a9c4fab4995c1bc81e737ea,1.0,1,1,9
55d9dfbb0709232b92bd2781c2d03858,a017de101a9c4fab4995c1bc81e737ea,1.0,1,1,9
578a97bb13e088306095bd0401426700,a017de101a9c4fab4995c1bc81e737ea,1.0,1,1,9
58ce8787c619ba5a1780c0a870214b42,a017de101a9c4fab4995c1bc81e737ea,1.0,1,1,9
5c4ea1d19f5c54967ec857a2f9b1d82f,a017de101a9c4fab4995c1bc81e737ea,1.0,1,1,9
5c5cf3dc9c487f7c743ca5384b5dce6c,a017de101a9c4fab4995c1bc81e737ea,1.0,1,1,9
5d29867262a9a3e7a02cac5ad5f77f0d,a017de101a9c4fab4995c1bc81e737ea,1.0,1,1,9
5e4c21084ec2a785f22d323b1535ee3a,a017de101a9c4fab4995c1bc81e737ea,1.0,1,1,9
5f07691fd7182196e872455e8a3e6bff,a017de101a9c4fab4995c1bc81e737ea,1.0,1,1,9
5f095bae3dcbd3ca1a3467e92d926207,a017de101a9c4fab4995c1bc81e737ea,1.0,1,1,9
609854a129474911451a1f000a125c3b,a017de101a9c4fab4995c1bc81e737ea,1.0,1,1,9
61d8d78be66c92e75a0ab33f95363e1e,a017de101a9c4fab4995c1bc81e737ea,1.0,1,1,9
62e32e0b239b36c93427f7910eb6a173,a017de101a9c4fab4995c1bc81e737ea,1.0,1,1,9
63462aead859a244b974f6443e5fdb36,a017de101a9c4fab4995c1bc81e737ea,1.0,1,1,9
63fa3dad6bde01314fc7e125df83fd00,a017de101a9c4fab4995c1bc81e737ea,1.0,1,1,9
64fea8f835a632f5380fcbe463524004,a017de101a9c4fab4995c1bc81e737ea,1.0,1,1,9
684fda5905aa430123c7b293106a337b,a017de101a9c4fab4995c1bc81e737ea,1.0,1,1,9
6a1250106d0de8395377553e4dd2b5fc,a017de101a9c4fab4995c1bc81e737ea,1.0,1,1,9
6a663eef93e1bbb5a16b79f43ac8f49b,a017de101a9c4fab4995c1bc81e737ea,1.0,1,1,9
6a7244a47d9adb99cba594626b9c8bc0,a017de101a9c4fab4995c1bc81e737ea,1.0,1,1,9
6b97ccd3953e4d28f91641bf60e279bb,a017de101a9c4fab4995c1bc81e737ea,1.0,1,1,9
6c16b745c25238952857221d6cd7e866,a017de101a9c4fab4995c1bc81e737ea,1.0,1,1,9
6cd5ad2783f175ab9dac5072bc7e3d73,850e8006b4f239916012dfd4f9bdeb0e,1.0,1,4,6
6dba6f8d6b28cb57dc4c873f578d5086,a017de101a9c4fab4995c1bc81e737ea,1.0,1,1,9
6f66c072ff5a7307dfce47b246844ff7,a017de101a9c4fab4995c1bc81e737ea,1.0,1,1,9
6f84e5f81b7daece37fdddcc6cf99ad4,a017de101a9c4fab4995c1bc81e737ea,1.0,1,1,9
73595bddc6727413b0b83311fe7963dc,a017de101a9c4fab4995c1bc81e737ea,1.0,1,1,9
74ea4ce57f080f34b6ccd680a9fdfb25,a017de101a9c4fab4995c1bc81e737ea,1.0,1,1,9
7636a32fe04dd56f6e5c00431009bffa,a017de101a9c4fab4995c1bc81e737ea,1.0,1,1,9
76a64080f30c054c5355e766a926ecb6,a017de101a9c4fab4995c1bc81e737ea,1.0,1,1,9
76a74caf44c92f49f951964b79d191a9,a017de101a9c4fab4995c1bc81e737ea,1.0,1,1,9
7902cd1145bb7d876512310c3baa3f01,a017de101a9c4fab4995c1bc81e737ea,1.0,1,1,9
796ec09645a8532d92921de19a33d6ed,a017de101a9c4fab4995c1bc81e737ea,1.0,1,1,9
79aaa40216d464f6571c1ade510d094d,a017de101a9c4fab4995c1bc81e737ea,1.0,1,1,9
7a30c2f4ee4d9f8370e1ed8acf3eefb4,a017de101a9c4fab4995c1bc81e737ea,1.0,1,1,9
7a674ed79e331684053a0f36fcce0b16,a017de101a9c4fab4995c1bc81e737ea,1.0,1,1,9
7b35fb694a1c478f507173167fbe234e,82cffd5880c953933b9ebe4e4789edd0,1.0,1,5,5
7b35fb694a1c478f507173167fbe234e,9fafb9bc4f2296fe5d2d0bc2f8e19a0b,1.0,1,5,5
7b35fb694a1c478f507173167fbe234e,eb742a3b914c53d45f1a30c8e2fcd8bd,1.0,1,5,5
7b3d5e9819f245927a29ccfae22ed449,a017de101a9c4fab4995c1bc81e737ea,1.0,1,1,9
7d7aa5c4be05a0443a77a744255c7b01,a017de101a9c4fab4995c1bc81e737ea,1.0,1,1,9
7d94c9f2049fc3e2283a4b29646ad1cb,a017de101a9c4fab4995c1bc81e737ea,1.0,1,1,9
82b10cac246970ffdf60e1d93a9a9816,a017de101a9c4fab4995c1bc81e737ea,1.0,1,1,9
82cffd5880c953933b9ebe4e4789edd0,9fafb9bc4f2296fe5d2d0bc2f8e19a0b,1.0,1,5,5
82cffd5880c953933b9ebe4e4789edd0,eb742a3b914c53d45f1a30c8e2fcd8bd,1.0,1,5,5
850e8006b4f239916012dfd4f9bdeb0e,cc02224a63bfaa52e0007916dea1b669,1.0,1,6,4
896ae021b16a75c0400fad89141227b2,a017de101a9c4fab4995c1bc81e737ea,1.0,1,1,9
897df847354833789262d872ee1062d1,a017de101a9c4fab4995c1bc81e737ea,1.0,1,1,9
8b562fe20fc1a0a18898b2dcd62008d5,a017de101a9c4fab4995c1bc81e737ea,1.0,1,1,9
8b789c08cf290e40475d63308dafa12e,a017de101a9c4fab4995c1bc81e737ea,1.0,1,1,9
8cf98fbd02b0efdde35bbc7aab39764a,a017de101a9c4fab4995c1bc81e737ea,1.0,1,1,9
8dd960c9315fce711c04a4411ed03310,a017de101a9c4fab4995c1bc81e737ea,1.0,1,1,9
91db2e9633e507c47274a5767ef6fb2f,a017de101a9c4fab4995c1bc81e737ea,1.0,1,1,9
931f73eb317aa12c10e3fbb2a7a59650,a017de101a9c4fab4995c1bc81e737ea,1.0,1,1,9
94167fb69e0fff5cbd22cae95133ae88,a017de101a9c4fab4995c1bc81e737ea,1.0,1,1,9
94433e52e7cb4d2755e1ce5954f4ecf2,a017de101a9c4fab4995c1bc81e737ea,1.0,1,1,9
9578265ad4a29c7330ea61d6b7b83862,a017de101a9c4fab4995c1bc81e737ea,1.0,1,1,9
95b621869cf337eac6bd9d42bf59c0c9,a017de101a9c4fab4995c1bc81e737ea,1.0,1,1,9
95d319b707fca3ca22e48d189e5fbb38,a017de101a9c4fab4995c1bc81e737ea,1.0,1,1,9
969eb8bf4c0fce047dfd0ee78ce9a205,a017de101a9c4fab4995c1bc81e737ea,1.0,1,1,9
96b5aafd242ce556960678bf8d654fc8,a017de101a9c4fab4995c1bc81e737ea,1.0,1,1,9
987c0da67e68ec3a785ba1d8c608841b,a017de101a9c4fab4995c1bc81e737ea,1.0,1,1,9
99137c8a71db73be44549e5a5274981a,a017de101a9c4fab4995c1bc81e737ea,1.0,1,1,9
99d0d6b77f343be4a009eba1f5b75591,a017de101a9c4fab4995c1bc81e737ea,1.0,1,1,9
9bad4b41b80bb43afad57032f839451e,a017de101a9c4fab4995c1bc81e737ea,1.0,1,1,9
9d1f8629dc5f3107dded59e772dbf9ad,a017de101a9c4fab4995c1bc81e737ea,1.0,1,1,9
9d68d3a0a28583b68e7d8e6a07adaf31,a017de101a9c4fab4995c1bc81e737ea,1.0,1,1,9
9f18b9b8c2b650a9d97a84ac353f1b88,a017de101a9c4fab4995c1bc81e737ea,1.0,1,1,9
9f7fbc34b444b91c1ef03f2a7af6a33c,a017de101a9c4fab4995c1bc81e737ea,1.0,1,1,9
9fafb9bc4f2296fe5d2d0bc2f8e19a0b,eb742a3b914c53d45f1a30c8e2fcd8bd,1.0,1,5,5
a017de101a9c4fab4995c1bc81e737ea,a053b33caad9b237f40a312e1dbe7af5,1.0,1,9,1
a017de101a9c4fab4995c1bc81e737ea,a05b42abd28b0e788776cc00acca82db,1.0,1,9,1
a017de101a9c4fab4995c1bc81e737ea,a1b1a0117238e884965678ce035f10d0,1.0,1,9,1
a017de101a9c4fab4995c1bc81e737ea,a1cbaab4236d5ac6f71bcfc7fdc87d10,1.0,1,9,1
a017de101a9c4fab4995c1bc81e737ea,a22db6502caed90511467435a9aa9c22,1.0,1,9,1
a017de101a9c4fab4995c1bc81e737ea,a2681e61ce4cd09c84e028a4963812da,1.0,1,9,1
a017de101a9c4fab4995c1bc81e737ea,a39f499be584ce0057dd5c0485123575,1.0,1,9,1
a017de101a9c4fab4995c1bc81e737ea,a5e783156c30ef47a0209fe04f0c8f73,1.0,1,9,1
a017de101a9c4fab4995c1bc81e737ea,a8d91aea91e95b9fc06492ac162a7876,1.0,1,9,1
a017de101a9c4fab4995c1bc81e737ea,abbf98c4b6e413fe48405159b17f9a51,1.0,1,9,1
a017de101a9c4fab4995c1bc81e737ea,abca17a50929e00d09e56810f3f09274,1.0,1,9,1
a017de101a9c4fab4995c1bc81e737ea,ad93fad8236116a49b08059fb2bd8145,1.0,1,9,1
a017de101a9c4fab4995c1bc81e737ea,afda5cfb8f4c578a54efbef23e45c621,1.0,1,9,1
a017de101a9c4fab4995c1bc81e737ea,b02fdd2b810e62da62cd5b2b26a66cac,1.0,1,9,1
a017de101a9c4fab4995c1bc81e737ea,b2fda5c6e63de74ec7e21c4d02fc9baa,1.0,1,9,1
a017de101a9c4fab4995c1bc81e737ea,b32bcb59268e3494d9b1295b47bb8df2,1.0,1,9,1
a017de101a9c4fab4995c1bc81e737ea,b4b1a11b3ee17f1c046b64e52a5a8515,1.0,1,9,1
a017de101a9c4fab4995c1bc81e737ea,b609e84c9c83295bb241da5a704bccd8,1.0,1,9,1
a017de101a9c4fab4995c1bc81e737ea,b69b6115798a2e61e52386ad74cf9371,1.0,1,9,1
a017de101a9c4fab4995c1bc81e737ea,b6ad6d0ceec51b14ddaaec22ea6e6e97,1.0,1,9,1
a017de101a9c4fab4995c1bc81e737ea,b7ed52180f08c7227df351919f7dba09,1.0,1,9,1
a017de101a9c4fab4995c1bc81e737ea,b814fa64605cc425160403d78fb75f4c,1.0,1,9,1
a017de101a9c4fab4995c1bc81e737ea,bb639133b3e1a03c5f3b221c80a414db,1.0,1,9,1
a017de101a9c4fab4995c1bc81e737ea,bccf1f04597bf7d228479c66d874061b,1.0,1,9,1
a017de101a9c4fab4995c1bc81e737ea,c0a37e61c7980c62666befa53e300142,1.0,1,9,1
a017de101a9c4fab4995c1bc81e737ea,c11b49cd5e286f19445c7211b6039abe,1.0,1,9,1
a017de101a9c4fab4995c1bc81e737ea,c11f3aaf8e1577c0e2214499ef0f27ba,1.0,1,9,1
a017de101a9c4fab4995c1bc81e737ea,c332980c78958a4328aa453e4f7dd73f,1.0,1,9,1
a017de101a9c4fab4995c1bc81e737ea,c3496e2536d8347b97f7afe5d7d211ab,1.0,1,9,1
a017de101a9c4fab4995c1bc81e737ea,c4c8a6af60b58aed2b0edfc848a28700,1.0,1,9,1
a017de101a9c4fab4995c1bc81e737ea,c5afdb21fdb0a3e8c4a55742dfe7c644,1.0,1,9,1
a017de101a9c4fab4995c1bc81e737ea,c5e0bea8d76cf467944d3feb699ad06e,1.0,1,9,1
a017de101a9c4fab4995c1bc81e737ea,c6bab6d0a0ba93b7672fddc3c965d8bb,1.0,1,9,1
a017de101a9c4fab4995c1bc81e737ea,c78fddb6f257881a62b4de591bb5a1f1,1.0,1,9,1
a017de101a9c4fab4995c1bc81e737ea,c80e8eba85e03db9cf73f0ed349d18bd,1.0,1,9,1
a017de101a9c4fab4995c1bc81e737ea,c84c8ac4dcafc7aefe37b07a9343320b,1.0,1,9,1
a017de101a9c4fab4995c1bc81e737ea,cdc6cd6f0a8b8f844db9a61e779055b3,1.0,1,9,1
a017de101a9c4fab4995c1bc81e737ea,ce26bcc126789faf8d51fa4cc4f0d407,1.0,1,9,1
a017de101a9c4fab4995c1bc81e737ea,cef354e35d130e1452229886c37e5b7d,1.0,1,9,1
a017de101a9c4fab4995c1bc81e737ea,d07448b2437bfe83d9b7e226a9809ff7,1.0,1,9,1
a017de101a9c4fab4995c1bc81e737ea,d198625af1483191f3c684f96c168f98,1.0,1,9,1
a017de101a9c4fab4995c1bc81e737ea,d1fc7c21dd26886b28e4973eb89d91b8,1.0,1,9,1
a017de101a9c4fab4995c1bc81e737ea,d207167b0278a7b67f1dd13537969796,1.0,1,9,1
a017de101a9c4fab4995c1bc81e737ea,d2f3349e7c047fe8c4fe06a251027d21,1.0,1,9,1
a017de101a9c4fab4995c1bc81e737ea,d335baecca5030833f520b089d1f5de0,1.0,1,9,1
a017de101a9c4fab4995c1bc81e737ea,d372a040e57bcdc6b9ecb52f3feda0d9,1.0,1,9,1
a017de101a9c4fab4995c1bc81e737ea,d5521a550c8276ef263a830852342242,1.0,1,9,1
a017de101a9c4fab4995c1bc81e737ea,d5e4bc3ab51abd788eaf77fce19a12d3,1.0,1,9,1
a017de101a9c4fab4995c1bc81e737ea,d94137816541d7919b82c664a8f3937f,1.0,1,9,1
a017de101a9c4fab4995c1bc81e737ea,d9c528dea1e5035e1c94ce8f14c6ed0b,1.0,1,9,1
a017de101a9c4fab4995c1bc81e737ea,da4f9f9ac73ecec9f3a1ee1c0de6d6d9,1.0,1,9,1
a017de101a9c4fab4995c1bc81e737ea,dbaf90a340588b6b0d35609707c9e28e,1.0,1,9,1
a017de101a9c4fab4995c1bc81e737ea,dc9601017e7242b2d4731669d1ce7bc5,1.0,1,9,1
a017de101a9c4fab4995c1bc81e737ea,dc9c904e32d80642b359205d9aedaff9,1.0,1,9,1
a017de101a9c4fab4995c1bc81e737ea,dd54dc717fbbcc67d92a15d8b2350249,1.0,1,9,1
a017de101a9c4fab4995c1bc81e737ea,dd83c210f2179d6c893b5c0bf9da0268,1.0,1,9,1
a017de101a9c4fab4995c1bc81e737ea,de62b1930ddc37c005aff8c0edf2a3e2,1.0,1,9,1
a017de101a9c4fab4995c1bc81e737ea,dfbfbe79debfab1266fc7ae4abfd98ae,1.0,1,9,1
a017de101a9c4fab4995c1bc81e737ea,e017e385eca212c9245b334a1b500fc2,1.0,1,9,1
a017de101a9c4fab4995c1bc81e737ea,e0d57fcc716125d70f48d5e7e165a23c,1.0,1,9,1
a017de101a9c4fab4995c1bc81e737ea,e3636ed2c618b2eecdf1970d8c87bc67,1.0,1,9,1
a017de101a9c4fab4995c1bc81e737ea,e3ad4e23b9a9ea0760eca68158b6ebc2,1.0,1,9,1
a017de101a9c4fab4995c1bc81e737ea,e44728753775d439f900bc11d70dda23,1.0,1,9,1
a017de101a9c4fab4995c1bc81e737ea,e46c733f67479a6d5447886afb6d5f39,1.0,1,9,1
a017de101a9c4fab4995c1bc81e737ea,e5e9da3a61436d34efc3250a52495330,1.0,1,9,1
a017de101a9c4fab4995c1bc81e737ea,e94e6e62ffdd16f148f9496d32d31779,1.0,1,9,1
a017de101a9c4fab4995c1bc81e737ea,ebe981a1b4ae51ee6e244e207acd3562,1.0,1,9,1
a017de101a9c4fab4995c1bc81e737ea,ebf92f18f7a148f0511a4e532e917e82,1.0,1,9,1
a017de101a9c4fab4995c1bc81e737ea,ec7df3e6f0c28ce6265380ea09534200,1.0,1,9,1
a017de101a9c4fab4995c1bc81e737ea,ecfe549039ca14574c34d8e5f2e2bce8,1.0,1,9,1
a017de101a9c4fab4995c1bc81e737ea,ed6bb3579d99a0ed255c44da1280231e,1.0,1,9,1
a017de101a9c4fab4995c1bc81e737ea,ee95e177ab3f145dbe033160ced52d68,1.0,1,9,1
a017de101a9c4fab4995c1bc81e737ea,f0f8ceeadedd747aef7967d0f9e5969e,1.0,1,9,1
a017de101a9c4fab4995c1bc81e737ea,f236672cde392cc6ae3c0700fef8ada5,1.0,1,9,1
a017de101a9c4fab4995c1bc81e737ea,f283d62df3aed3073aa2796eecd01ccf,1.0,1,9,1
a017de101a9c4fab4995c1bc81e737ea,f35d345c137deaccf9c26ab701108f20,1.0,1,9,1
a017de101a9c4fab4995c1bc81e737ea,f362be295de5e69caf19361b902825e9,1.0,1,9,1
a017de101a9c4fab4995c1bc81e737ea,f491087d01a37428ba96de3897bf6814,1.0,1,9,1
a017de101a9c4fab4995c1bc81e737ea,f58d91eb07ca65178e04b1887adc8c17,1.0,1,9,1
a017de101a9c4fab4995c1bc81e737ea,f5b73a2dfb6011b07b2f4aad915ce171,1.0,1,9,1
a017de101a9c4fab4995c1bc81e737ea,f75bc8b1aa3841ba66a6cf79255d3486,1.0,1,9,1
a017de101a9c4fab4995c1bc81e737ea,f82cb85be599c614a9665bb050d03dbb,1.0,1,9,1
a017de101a9c4fab4995c1bc81e737ea,fb08731fcd69d0cc9cc2c730e5aa8691,1.0,1,9,1
a017de101a9c4fab4995c1bc81e737ea,fc16565ad8c9887ecc561e0708cd14ba,1.0,1,9,1
a017de101a9c4fab4995c1bc81e737ea,fc6c2db1e5fc8d4e826df52031c08dc6,1.0,1,9,1
a017de101a9c4fab4995c1bc81e737ea,fcaba43cfd594b9a6e1389bcbd33d5bd,1.0,1,9,1
a017de101a9c4fab4995c1bc81e737ea,fdcf823822a86833a95cbe82fb08dc13,1.0,1,9,1
a017de101a9c4fab4995c1bc81e737ea,fed51c3432d9ca128dc6a81c892a1168,1.0,1,9,1
a017de101a9c4fab4995c1bc81e737ea,ffc9d8a98ebd09a78c8adb729c3cfa2a,1.0,1,9,1
a017de101a9c4fab4995c1bc81e737ea,ffdcd85e0e81fc93f49bef4d54a4e61f,1.0,1,9,1
79dbe8f7d2cd77fc463cfb663ab1375c,910f0afb84bc778e856d3683c7e8a46a,1.0,1,5,5
10b442e762ba8a5ad22de5ba2207e5f1,4c4584a82633ac90e58fe2d141d7433e,1.0,1,4,6
4c4584a82633ac90e58fe2d141d7433e,b259b009b425d402eb2160a3a614d3be,1.0,1,6,4
00b742e2f6d8fa571cd560007081d53b,3ec83b54e0afb70def9480cd6b9097f7,1.0,1,1,9
0a9d4f38c3d7205716db907be3a06491,3ec83b54e0afb70def9480cd6b9097f7,1.0,1,1,9
135d0249c65cdb8f5c8b30da582a6865,3ec83b54e0afb70def9480cd6b9097f7,1.0,1,1,9
1554ab45e7c8ff7191ddccdfcd2c8d20,3ec83b54e0afb70def9480cd6b9097f7,1.0,1,1,9
1c09e25b8c3430a1651682fca49cddab,3ec83b54e0afb70def9480cd6b9097f7,1.0,1,1,9
30228cb42efd930c08874d5f05230fc1,3ec83b54e0afb70def9480cd6b9097f7,1.0,1,1,9
3ec83b54e0afb70def9480cd6b9097f7,43849878f47ce035e165e820b6914ac9,1.0,1,9,1
3ec83b54e0afb70def9480cd6b9097f7,43978cedabadf283de4a06dfac108ffd,1.0,1,9,1
3ec83b54e0afb70def9480cd6b9097f7,607be94942447115f229a062199e5d49,1.0,1,9,1
3ec83b54e0afb70def9480cd6b9097f7,623d392cefd1e9b743242b556b6bb0ef,1.0,1,9,1
3ec83b54e0afb70def9480cd6b9097f7,713de0d4ee2b16c452a355a29022d94b,1.0,1,9,1
3ec83b54e0afb70def9480cd6b9097f7,71d0bdb856934e63fe9fd8019d7e3dcc,1.0,1,9,1
3ec83b54e0afb70def9480cd6b9097f7,72260708c2950a289d5b32794b574502,1.0,1,9,1
3ec83b54e0afb70def9480cd6b9097f7,9dbe78aa2dd8b7f5247ceb88038f1292,1.0,1,9,1
3ec83b54e0afb70def9480cd6b9097f7,a0b3658bff11e9414a501fef4be81a78,1.0,1,9,1
3ec83b54e0afb70def9480cd6b9097f7,b5492cdcd2cb70885607dd676780ac77,1.0,1,9,1
3ec83b54e0afb70def9480cd6b9097f7,e162a7eb6ab7506dbf180f1f98c158f0,1.0,1,9,1
3ec83b54e0afb70def9480cd6b9097f7,e27a73a5d870af369e93eac58482ebba,1.0,1,9,1
3ec83b54e0afb70def9480cd6b9097f7,e6e672ede70da04486fbb08ed54f989b,1.0,1,9,1
44a90aebe64383d8d551ddd72bac9274,a0988feb55f4bf6cd3643c2a0d8d3899,1.0,1,5,5
4b293b0eba86e10fcecd40a7aac6608b,f9242445fc633a8871f2a6c4a033c8bf,1.0,1,4,6
a440ac198e3e7e955a1e99fa738b81d1,f9242445fc633a8871f2a6c4a033c8bf,1.0,1,4,6
3c084b2007d6efc5db0eb0ab4bbf4a92,d8f8afc9b9992b49ab2e12ad9f1a9e5b,1.0,1,5,5
0700983d7f5192901b3732bc96c03c23,229eb22d6cd2e70148026fe758adf054,1.0,1,6,4
1287f6d27e4d6b299b6df65340831bc0,62b1b62058c7572c90f08ec692ff0533,1.0,1,5,5
c9ae1d598a33315fdace01e3bfefc5ea,cf42a8c1a61f7148c0f031a53c5d17da,1.0,1,6,4
027ef1dce56b52802c3d35cd5beda928,ad0adff48be9c5f67cb35fd0895b42e7,1.0,1,1,9
0b63b24d8169708a441e38f95f44f3ff,ad0adff48be9c5f67cb35fd0895b42e7,1.0,1,1,9
185dee501a0c28b9c799ff72a3e527c7,ad0adff48be9c5f67cb35fd0895b42e7,1.0,1,1,9
465b5aba99bc6d617f04baeb951e1083,ad0adff48be9c5f67cb35fd0895b42e7,1.0,1,1,9
69146eab181f5312b160c7a32e3b74ae,ad0adff48be9c5f67cb35fd0895b42e7,1.0,1,1,9
7168de2966ec5d0e040be29141e98aa2,ad0adff48be9c5f67cb35fd0895b42e7,1.0,1,1,9
74cb55ab807c4e4473ed0c7046ba9b58,ad0adff48be9c5f67cb35fd0895b42e7,1.0,1,1,9
7edcd431e5217e39f6d9aed45385d3cd,ad0adff48be9c5f67cb35fd0895b42e7,1.0,1,1,9
a768556de44561a5dcbfde8dbb48c863,ad0adff48be9c5f67cb35fd0895b42e7,1.0,1,1,9
ab3abb6eff6c087c684b12783a0b159c,ad0adff48be9c5f67cb35fd0895b42e7,1.0,1,1,9
ad0adff48be9c5f67cb35fd0895b42e7,b7c57093fe43116125c38a82f58d7105,1.0,1,9,1
ad0adff48be9c5f67cb35fd0895b42e7,c16efae1edf832f8b73fd534a9b3a73c,1.0,1,9,1
ad0adff48be9c5f67cb35fd0895b42e7,d9c194a0bd47eb8aeff6ec5560932005,1.0,1,9,1
ad0adff48be9c5f67cb35fd0895b42e7,e0da0801c0351fcb234cca417542f39f,1.0,1,9,1
7ce9303c449965d4aaae8ade37ed7c15,ff7f36f6ba0f1126bb95b635322cf9d2,1.0,1,4,6
04971801420422ac37540eea29047f22,adc19274ee64f1d91ef57bdab658002e,1.0,1,4,6
f4371991881a328886a134bbc99cec9e,f736308cd9952b33b90b9fe94da9c8f5,1.0,1,6,4
0a843a6dd55792323714128564c1541e,c143eafe10719dcc7dc0a855b2e3554d,1.0,1,4,6
1f98d2384ff7a372e6a2d3bb75cbcd54,245c870b2ffc61c7cbf173b9b1667dcd,1.0,1,9,1
1f98d2384ff7a372e6a2d3bb75cbcd54,25597b6c7f7f845c8475b864ef435f2b,1.0,1,9,1
1f98d2384ff7a372e6a2d3bb75cbcd54,260898e53301ce7a48b5681f63c4280f,1.0,1,9,1
1f98d2384ff7a372e6a2d3bb75cbcd54,557d34854e07834bffcd81ebb340f580,1.0,1,9,1
1f98d2384ff7a372e6a2d3bb75cbcd54,5b97eb89e71d8e7cbe9b3023a4d69f97,1.0,1,9,1
1f98d2384ff7a372e6a2d3bb75cbcd54,61bc015848fdab0d072046b3f05bffc2,1.0,1,9,1
1f98d2384ff7a372e6a2d3bb75cbcd54,6f8082b8f7365a98f3594867c2ae993b,1.0,1,9,1
1f98d2384ff7a372e6a2d3bb75cbcd54,808f04062b0c72079e6139953793d3b7,1.0,1,9,1
1f98d2384ff7a372e6a2d3bb75cbcd54,8d31197a7e5c636f67927bbf30bfc3a9,1.0,1,9,1
1f98d2384ff7a372e6a2d3bb75cbcd54,927166030972d4c8138c8d561b6cc03c,1.0,1,9,1
1f98d2384ff7a372e6a2d3bb75cbcd54,98de6fdee8013609f315bcbcf39fe23f,1.0,1,9,1
1f98d2384ff7a372e6a2d3bb75cbcd54,99a8bcf23112485f3a368fd7153a3f59,1.0,1,9,1
1f98d2384ff7a372e6a2d3bb75cbcd54,a4ee8b6fb45852f415f8291847dc5002,1.0,1,9,1
1f98d2384ff7a372e6a2d3bb75cbcd54,b8363ff39b2e549ce62a62b0197ddfe3,1.0,1,9,1
1f98d2384ff7a372e6a2d3bb75cbcd54,bc6514b5762cfa6194a371b54b767a32,1.0,1,9,1
1f98d2384ff7a372e6a2d3bb75cbcd54,c584783ce1c8cdcad34f3aef3d576165,1.0,1,9,1
1f98d2384ff7a372e6a2d3bb75cbcd54,d2e8567398f17f502a49d198a480caf5,1.0,1,9,1
1f98d2384ff7a372e6a2d3bb75cbcd54,d37992dffa75015b8b5db9b845ffb432,1.0,1,9,1
1f98d2384ff7a372e6a2d3bb75cbcd54,f65bf2a31e41b9fbbc1c14056b762f08,1.0,1,9,1
682ccf21d70f2c2e037c35adc2888109,898c64f6f6832078c1ea7f006ad3a54f,1.0,1,4,6
aed838b04abeb2fb94566d0a073bd718,dafed84bd81b77b98a60f77155d1a592,1.0,1,6,4
22dbde006daf8ad7c9335c2c286d2ab9,c646c8995fb6110b5af90f3452c8ae66,1.0,1,4,6
14391c381a3011bdaac2c5ab5fee642d,64e776171d437b65921fc68d8ee4501e,1.0,1,6,4
154a5a9962a76cee141236c96aa045ca,c169c9937db997a267f749cdd64c161f,1.0,1,2,8
15bd73fd31976616a6857ebe833c006d,c169c9937db997a267f749cdd64c161f,1.0,1,2,8
531f8d2a8f04b3fbbb76e35ceaf8dfe2,c169c9937db997a267f749cdd64c161f,1.0,1,2,8
64e776171d437b65921fc68d8ee4501e,94bfb520c0cb6ffd9f36aa7b75f0efe1,1.0,1,4,6
64e776171d437b65921fc68d8ee4501e,b1972e951abdf114b6ebc0182b3b31c6,1.0,1,4,6
670df3711f72fcfcd719c07d8d2e568e,c169c9937db997a267f749cdd64c161f,1.0,1,2,8
694bde413be910bc563ab60079e097b4,c169c9937db997a267f749cdd64c161f,1.0,1,2,8
7dc8324c65afb4144c93e81a06ca1686,c169c9937db997a267f749cdd64c161f,1.0,1,2,8
b816c3f833722212e7dd706e07292a0e,c169c9937db997a267f749cdd64c161f,1.0,1,2,8
3d073c09a5177fc7034412eb4e44870a,73a218a376e1c8e6a31799484fe514b8,1.0,1,3,7
73a218a376e1c8e6a31799484fe514b8,902e696c3adb44b46a7a5f07517bb884,1.0,1,7,3
74cb21ed97707645fbb69231f30a55ba,a611c80155435e6a86012d159d9e5007,1.0,1,6,4
27882b4ede2bb2b11fbd9aaaa970a666,6d394722d5fc5e721aee6875a218d8db,1.0,1,2,8
4aa4f96948855f6b44c1761679478719,6d394722d5fc5e721aee6875a218d8db,1.0,1,2,8
6d394722d5fc5e721aee6875a218d8db,9c2a264534092abee3c218804b3a2061,1.0,1,8,2
6d394722d5fc5e721aee6875a218d8db,bf0627436135c129fa7d967439780b16,1.0,1,8,2
3ac26522970439defcfbb97e77d02305,f4c6d8edc2ed35807ec325b287b190e3,1.0,1,5,5
204415173c3d3624e9db571d6ff0855a,6e084572257e542c43e139553ac21a41,1.0,1,4,6
4cc404683f7f35ce6225e49938439259,c4e1be2c2425a037aebd1443b7c59bbd,1.0,1,5,5
78acd50d033f80538ef65fb5c5bb07ce,e9324efb79b7c53e338b64ec60de3924,1.0,1,6,4
6411590d91c48640cb07e72fbb4a359e,fef5a424234be7d8ea8ef9a0855fe235,1.0,1,9,1
c6e149b96ed4793d54a9df68edba5371,f1bad2b1f1ed5e693182365e17e2ed17,1.0,1,7,3
519006324ed2926a8bc03f241ae81712,5ed5ff23e88328ba909334ac76a282f9,1.0,1,3,6
5ed5ff23e88328ba909334ac76a282f9,8eea32e5fa9d1d7ff95e40062060680e,1.0,1,6,3
157c95d6d16d5c99d6c0355f3f8fb220,fb98136edc2c0f996bfad36a0c7e1306,1.0,1,3,6
2214477bc746c01d7e790dba816a9a2c,5336f61f924dcb211eb237913264ba03,1.0,1,5,4
0064a1b5f5cddd047c987b988a90c8c1,1c3a2bab6b3e18d65aa3923e2ec7b5db,1.0,1,4,5
0064a1b5f5cddd047c987b988a90c8c1,f50e0207673076aa6cd350a771426079,1.0,1,4,5
15090f48004f3b0fc18a167ef82af4db,1c3a2bab6b3e18d65aa3923e2ec7b5db,1.0,1,4,5
15090f48004f3b0fc18a167ef82af4db,f50e0207673076aa6cd350a771426079,1.0,1,4,5
19a16d1ed9ac39eacc3f8ba2aad13898,1c3a2bab6b3e18d65aa3923e2ec7b5db,1.0,1,4,5
19a16d1ed9ac39eacc3f8ba2aad13898,f50e0207673076aa6cd350a771426079,1.0,1,4,5
1c3a2bab6b3e18d65aa3923e2ec7b5db,4d6365e0380d725248a1a2aa490d7f0b,1.0,1,5,4
1c3a2bab6b3e18d65aa3923e2ec7b5db,f81d21d920dcc2483b1043a064f3a9bd,1.0,1,5,4
4d6365e0380d725248a1a2aa490d7f0b,f50e0207673076aa6cd350a771426079,1.0,1,4,5
f50e0207673076aa6cd350a771426079,f81d21d920dcc2483b1043a064f3a9bd,1.0,1,5,4
61ac7e9c4e03f8bfcc5ce5cd7c0fd2ce,aabfe4bed1559f2d0db606df41c670e5,1.0,1,3,6
61ac7e9c4e03f8bfcc5ce5cd7c0fd2ce,ef377d6dfc9ebad1f91cce05f8202cd7,1.0,1,3,6
aabfe4bed1559f2d0db606df41c670e5,c5f8ad9c7a984ed40bafe7cf3da28991,1.0,1,6,3
c5f8ad9c7a984ed40bafe7cf3da28991,ef377d6dfc9ebad1f91cce05f8202cd7,1.0,1,3,6
208a127c790f3aa6b6ae229acfae97da,2b26db3c45d52a1b983f12f2201cea88,1.0,1,3,6
208a127c790f3aa6b6ae229acfae97da,850e8006b4f239916012dfd4f9bdeb0e,1.0,1,3,6
2b26db3c45d52a1b983f12f2201cea88,6a583f4c6790a4c8330beb7612e17f42,1.0,1,6,3
2b26db3c45d52a1b983f12f2201cea88,7cd931d3566a9c43e15d5e6ce9ff5759,1.0,1,6,3
2b26db3c45d52a1b983f12f2201cea88,894a2fac1dcb705a1e4097b8a9131e90,1.0,1,6,3
2b26db3c45d52a1b983f12f2201cea88,8ee1e34425fc54b1f87318160b378c3b,1.0,1,6,3
2b26db3c45d52a1b983f12f2201cea88,938f430a30c511a883c71999f6d01dcc,1.0,1,6,3
2b26db3c45d52a1b983f12f2201cea88,9e3cc1906aa2db29c30aecb2d642a41d,1.0,1,6,3
2b26db3c45d52a1b983f12f2201cea88,ad60ba535e4fa2b72c924290d6337913,1.0,1,6,3
2b26db3c45d52a1b983f12f2201cea88,e4923ae2c32e70e3c5a6e73a9fb872f2,1.0,1,6,3
2b26db3c45d52a1b983f12f2201cea88,e8ca08f200cf74746cd5e671efcb61f3,1.0,1,6,3
4df9aee56fa602c72756abb22ee60b17,7b35fb694a1c478f507173167fbe234e,1.0,1,4,5
4df9aee56fa602c72756abb22ee60b17,82cffd5880c953933b9ebe4e4789edd0,1.0,1,4,5
4df9aee56fa602c72756abb22ee60b17,9fafb9bc4f2296fe5d2d0bc2f8e19a0b,1.0,1,4,5
4df9aee56fa602c72756abb22ee60b17,eb742a3b914c53d45f1a30c8e2fcd8bd,1.0,1,4,5
6a583f4c6790a4c8330beb7612e17f42,850e8006b4f239916012dfd4f9bdeb0e,1.0,1,3,6
6cd5ad2783f175ab9dac5072bc7e3d73,7b35fb694a1c478f507173167fbe234e,1.0,1,4,5
6cd5ad2783f175ab9dac5072bc7e3d73,82cffd5880c953933b9ebe4e4789edd0,1.0,1,4,5
6cd5ad2783f175ab9dac5072bc7e3d73,9fafb9bc4f2296fe5d2d0bc2f8e19a0b,1.0,1,4,5
6cd5ad2783f175ab9dac5072bc7e3d73,eb742a3b914c53d45f1a30c8e2fcd8bd,1.0,1,4,5
7b35fb694a1c478f507173167fbe234e,cc02224a63bfaa52e0007916dea1b669,1.0,1,5,4
7cd931d3566a9c43e15d5e6ce9ff5759,850e8006b4f239916012dfd4f9bdeb0e,1.0,1,3,6
82cffd5880c953933b9ebe4e4789edd0,cc02224a63bfaa52e0007916dea1b669,1.0,1,5,4
850e8006b4f239916012dfd4f9bdeb0e,894a2fac1dcb705a1e4097b8a9131e90,1.0,1,6,3
850e8006b4f239916012dfd4f9bdeb0e,8ee1e34425fc54b1f87318160b378c3b,1.0,1,6,3
850e8006b4f239916012dfd4f9bdeb0e,938f430a30c511a883c71999f6d01dcc,1.0,1,6,3
850e8006b4f239916012dfd4f9bdeb0e,9e3cc1906aa2db29c30aecb2d642a41d,1.0,1,6,3
850e8006b4f239916012dfd4f9bdeb0e,ad60ba535e4fa2b72c924290d6337913,1.0,1,6,3
850e8006b4f239916012dfd4f9bdeb0e,e4923ae2c32e70e3c5a6e73a9fb872f2,1.0,1,6,3
850e8006b4f239916012dfd4f9bdeb0e,e8ca08f200cf74746cd5e671efcb61f3,1.0,1,6,3
9fafb9bc4f2296fe5d2d0bc2f8e19a0b,cc02224a63bfaa52e0007916dea1b669,1.0,1,5,4
cc02224a63bfaa52e0007916dea1b669,eb742a3b914c53d45f1a30c8e2fcd8bd,1.0,1,4,5
1573b77edd530a9750e7245acb45ba67,3b3ef0a0f4d944aa4baa38a856287d9e,1.0,1,6,3
1573b77edd530a9750e7245acb45ba67,7e4ecd0fe41e1c98597eaedf447e2347,1.0,1,6,3
3f33e7e7a4f7ee0ccf8fe97631476ee1,4c4584a82633ac90e58fe2d141d7433e,1.0,1,3,6
4c4584a82633ac90e58fe2d141d7433e,9f3495fec7de50e7f0e31d3f1ed3c526,1.0,1,6,3
0b70d1e8e5462729e993c3e82ba3d5f1,f9242445fc633a8871f2a6c4a033c8bf,1.0,1,3,6
1c31e9e0651dcb9bb941ff68c87365ee,f9242445fc633a8871f2a6c4a033c8bf,1.0,1,3,6
48a43a82b83f1e3b08e691ffb1d04c58,f9242445fc633a8871f2a6c4a033c8bf,1.0,1,3,6
4edc8b814260113b58134ee968726c5a,f9242445fc633a8871f2a6c4a033c8bf,1.0,1,3,6
672afa8a0a510643b1be75d99ec3dab5,f9242445fc633a8871f2a6c4a033c8bf,1.0,1,3,6
97b8ceed37878640ed723315f621694e,f9242445fc633a8871f2a6c4a033c8bf,1.0,1,3,6
a63c88e3bd0344de106461ab8a3c3f03,f9242445fc633a8871f2a6c4a033c8bf,1.0,1,3,6
c0237d2d96bbcd13d2352c520b9bff0d,f9242445fc633a8871f2a6c4a033c8bf,1.0,1,3,6
cb2d00950f18d7d8f7fcfc8cc3a173b7,f9242445fc633a8871f2a6c4a033c8bf,1.0,1,3,6
cd7fabbed6374d8d014eed4b87bfa9f5,f9242445fc633a8871f2a6c4a033c8bf,1.0,1,3,6
f39c3ad6a39afe38f5e885d72d772f0e,f9242445fc633a8871f2a6c4a033c8bf,1.0,1,3,6
0fd475edfa0b61c59ecde6f89c21dedb,3c084b2007d6efc5db0eb0ab4bbf4a92,1.0,1,4,5
0fd475edfa0b61c59ecde6f89c21dedb,d8f8afc9b9992b49ab2e12ad9f1a9e5b,1.0,1,4,5
3c084b2007d6efc5db0eb0ab4bbf4a92,7a3c2c001de18686d8f87037b28ad0ec,1.0,1,5,4
3c084b2007d6efc5db0eb0ab4bbf4a92,a00e0a3b162f9b407172ffd674477ce7,1.0,1,5,4
7a3c2c001de18686d8f87037b28ad0ec,d8f8afc9b9992b49ab2e12ad9f1a9e5b,1.0,1,4,5
a00e0a3b162f9b407172ffd674477ce7,d8f8afc9b9992b49ab2e12ad9f1a9e5b,1.0,1,4,5
b4d3ddb02f1da17da548fc42e2d7d8c6,d7a7fcfd963d57dbb3063730285c5d95,1.0,1,3,6
01c19b1261325781dcf2f82c9892f80e,0700983d7f5192901b3732bc96c03c23,1.0,1,3,6
0700983d7f5192901b3732bc96c03c23,2666aeacca810e1dc86fcf9619f56a72,1.0,1,6,3
0700983d7f5192901b3732bc96c03c23,2ae691bb52b8c745d507855682a2b98b,1.0,1,6,3
0700983d7f5192901b3732bc96c03c23,3c548f8815ccc730a538bd754b555dfb,1.0,1,6,3
0700983d7f5192901b3732bc96c03c23,706530a9bda6576aa0902ae0be79c689,1.0,1,6,3
0700983d7f5192901b3732bc96c03c23,a2c92455267209d757527eb248fff32c,1.0,1,6,3
0700983d7f5192901b3732bc96c03c23,c4e1547a72a3ccc8fddc8df99fa53348,1.0,1,6,3
0700983d7f5192901b3732bc96c03c23,ca1bc4c1f280b7d3503e1d946e1f5b68,1.0,1,6,3
0700983d7f5192901b3732bc96c03c23,dac0540077981a7fd7524504a8785267,1.0,1,6,3
0700983d7f5192901b3732bc96c03c23,e8d7e19524297d8d550594ba07bb139b,1.0,1,6,3
0700983d7f5192901b3732bc96c03c23,ece03fc0e61f6068f69c308d3f7fd399,1.0,1,6,3
1287f6d27e4d6b299b6df65340831bc0,cf42a8c1a61f7148c0f031a53c5d17da,1.0,1,5,4
6223bdc5aab952ee49dea3511f89e7ec,c9ae1d598a33315fdace01e3bfefc5ea,1.0,1,3,6
62b1b62058c7572c90f08ec692ff0533,cf42a8c1a61f7148c0f031a53c5d17da,1.0,1,5,4
6d0d4fc6d3394afe566b5672bd7d4863,c9ae1d598a33315fdace01e3bfefc5ea,1.0,1,3,6
79296e3467d0afbe0e255170dbad2e21,c9ae1d598a33315fdace01e3bfefc5ea,1.0,1,3,6
92e6265dbbc8fd3ee150c14f65ab4214,c9ae1d598a33315fdace01e3bfefc5ea,1.0,1,3,6
aa6a8d63220dc100aeb3b8eb301ed741,c9ae1d598a33315fdace01e3bfefc5ea,1.0,1,3,6
b3594bb146f9ab181aeb6c72deaabe54,c9ae1d598a33315fdace01e3bfefc5ea,1.0,1,3,6
c3250286ba5655a8d4a12ded47a5348a,c9ae1d598a33315fdace01e3bfefc5ea,1.0,1,3,6
c9ae1d598a33315fdace01e3bfefc5ea,f984282dbc5ed83718ccdb6bebcb14bc,1.0,1,6,3
3e2662d873c55f390786c29319aaaeac,fb4754d02671ec24fe5d4952f8b8ecd0,1.0,1,6,3
4f8e0cd35c770318d9e8874c2956345a,9271b12d584732342f9ab94f9f08dddb,1.0,1,3,6
6ef8c06e2d3781d146627296130f7cbd,9271b12d584732342f9ab94f9f08dddb,1.0,1,3,6
9271b12d584732342f9ab94f9f08dddb,ef0efc1944d3c2469876fbd10eb5cca2,1.0,1,6,3
37f4340bf142d30c274f7bb3756a7b45,94183723d784d37f33a1f6dd09ac7567,1.0,1,3,6
37f4340bf142d30c274f7bb3756a7b45,9b07fe36ad116125147576cb5894f231,1.0,1,3,6
4714c6b809db8b92eaa6a690b9cb6e3d,94183723d784d37f33a1f6dd09ac7567,1.0,1,3,6
4714c6b809db8b92eaa6a690b9cb6e3d,9b07fe36ad116125147576cb5894f231,1.0,1,3,6
85089f1aa1b2e4f966b94f2302b6fa52,94183723d784d37f33a1f6dd09ac7567,1.0,1,3,6
85089f1aa1b2e4f966b94f2302b6fa52,9b07fe36ad116125147576cb5894f231,1.0,1,3,6
8db503a1bf385e8417119e2c3ad17e97,94183723d784d37f33a1f6dd09ac7567,1.0,1,3,6
8db503a1bf385e8417119e2c3ad17e97,9b07fe36ad116125147576cb5894f231,1.0,1,3,6
94183723d784d37f33a1f6dd09ac7567,a7dfc40ee174c0d398cc15d3bffbce71,1.0,1,6,3
94183723d784d37f33a1f6dd09ac7567,eb9de7400fca9e18641a9c73e6579614,1.0,1,6,3
9b07fe36ad116125147576cb5894f231,a7dfc40ee174c0d398cc15d3bffbce71,1.0,1,6,3
9b07fe36ad116125147576cb5894f231,eb9de7400fca9e18641a9c73e6579614,1.0,1,6,3
0379a6f96d9befaf749609ba52b17783,62e69a7b8e3d109af287f367e3b0f143,1.0,1,5,4
309acc8c68f7c802015a2b0df9602323,61615462ba0c9794aca790381c4ba0df,1.0,1,5,4
4e2fac6a060c99fe262ee10ee56600ce,522e244a96d13876c5bac4985a8d5075,1.0,1,3,6
522e244a96d13876c5bac4985a8d5075,a954d989f268b18a098b7bc8dda45605,1.0,1,6,3
adc19274ee64f1d91ef57bdab658002e,b958e3d4722fd17423931d5fac543cf6,1.0,1,6,3
31fbbbc073c459e8e38cca0610bb250b,f4371991881a328886a134bbc99cec9e,1.0,1,3,6
5bd86f8bd79bd3de2c99a5af1699b6a1,83aca63b2193ea126b287f3ae61528d9,1.0,1,3,6
7a1596106b2eba9105f0ca6a5676ab33,831a032a3327e2b8325faf9d37953870,1.0,1,3,6
07edb6092d391eea668598f604cb8a80,2ee975c9c2318bfa81d7c2ba24325099,1.0,1,3,6
07edb6092d391eea668598f604cb8a80,8c4f1ee04e97bc9c43c73916cbb78479,1.0,1,3,6
2ee975c9c2318bfa81d7c2ba24325099,5fe7677db087a1f3a4078a4fa15c7a56,1.0,1,6,3
5fe7677db087a1f3a4078a4fa15c7a56,8c4f1ee04e97bc9c43c73916cbb78479,1.0,1,3,6
8e93e02a66a3c47d7f05494bcae389d0,acc22c5661d387052472b32523c6724f,1.0,1,5,4
3f01021289a4c54f1c984262f4ba625b,6a3dabac1e1385555cd423ea8fef12c9,1.0,1,6,3
aed838b04abeb2fb94566d0a073bd718,bdb2114573d1e00a29b0e01a67441cb5,1.0,1,6,3
ce839bf77a192f7bf02be8b01ee3af1f,dafed84bd81b77b98a60f77155d1a592,1.0,1,5,4
1188233025a9769168e1f1f1981c2444,c169c9937db997a267f749cdd64c161f,1.0,1,1,8
14391c381a3011bdaac2c5ab5fee642d,e8cb0c78d44d572d96674d666f082fed,1.0,1,6,3
265dcd451ef43594627c1cb2e245e03b,c169c9937db997a267f749cdd64c161f,1.0,1,1,8
2c137b2f03299b962587ea9bd06a6fef,c169c9937db997a267f749cdd64c161f,1.0,1,1,8
2c684f62b83fd608967683ed72d07da5,c169c9937db997a267f749cdd64c161f,1.0,1,1,8
332d23ba1c1179a58fb692bbfa5579c9,c169c9937db997a267f749cdd64c161f,1.0,1,1,8
386cdae2eabdaa39bc970f5ee88549a0,c169c9937db997a267f749cdd64c161f,1.0,1,1,8
3940057886300e363df2dd94958e3d6e,c169c9937db997a267f749cdd64c161f,1.0,1,1,8
53d7110d90950f5cddd3265216eb3edf,c169c9937db997a267f749cdd64c161f,1.0,1,1,8
5c09246f8bb77c0c244f283b456010ea,c169c9937db997a267f749cdd64c161f,1.0,1,1,8
5d5e35b7046a3e52456661ad3addc467,c169c9937db997a267f749cdd64c161f,1.0,1,1,8
6419a1be8feac26ec793667b71cbaeb4,64e776171d437b65921fc68d8ee4501e,1.0,1,5,4
6b9f0ab331a35b7d166e719ff0df0cac,c169c9937db997a267f749cdd64c161f,1.0,1,1,8
787c604131b47935933af5420f92948f,c169c9937db997a267f749cdd64c161f,1.0,1,1,8
7aacfddaea379541015b24732ed85ad4,c169c9937db997a267f749cdd64c161f,1.0,1,1,8
7c7a4d0678fb2f5a4b3e2875a30ebe5f,c169c9937db997a267f749cdd64c161f,1.0,1,1,8
94bfb520c0cb6ffd9f36aa7b75f0efe1,e8cb0c78d44d572d96674d666f082fed,1.0,1,6,3
989678100dbad0f75fedaa8719e17009,c169c9937db997a267f749cdd64c161f,1.0,1,1,8
9a0b05cb402e6191af90e38899e9fe4a,c169c9937db997a267f749cdd64c161f,1.0,1,1,8
9a9d661c6b4eea1e912d7c5062b81b59,c169c9937db997a267f749cdd64c161f,1.0,1,1,8
9e0c2f57faf8e4c16af890eab3100099,c169c9937db997a267f749cdd64c161f,1.0,1,1,8
ac520ec12ca64a4dc712021df456d5b8,c169c9937db997a267f749cdd64c161f,1.0,1,1,8
aed8cb80b5512777cb3f6361f4d00b77,c169c9937db997a267f749cdd64c161f,1.0,1,1,8
b1972e951abdf114b6ebc0182b3b31c6,e8cb0c78d44d572d96674d666f082fed,1.0,1,6,3
b6ac496f881998e353f46cd2dac7ea81,c169c9937db997a267f749cdd64c161f,1.0,1,1,8
b735dc6c2abd756cbecc90e8e33fd7db,c169c9937db997a267f749cdd64c161f,1.0,1,1,8
bca2c11d85a065aba0a329a4438807f7,c169c9937db997a267f749cdd64c161f,1.0,1,1,8
bd7efabc833a3e62b322f7f597e67843,c169c9937db997a267f749cdd64c161f,1.0,1,1,8
bec3bacb4bdbe7752c6b7d36bd76ab3e,c169c9937db997a267f749cdd64c161f,1.0,1,1,8
c169c9937db997a267f749cdd64c161f,cdaee53ab8f7c1d14ded5eb32714a4a6,1.0,1,8,1
c169c9937db997a267f749cdd64c161f,cea24d7104b107365c53eb0cc5c4eb66,1.0,1,8,1
c169c9937db997a267f749cdd64c161f,d0bce8dc54dd1b03b682ebfa95c38ec1,1.0,1,8,1
c169c9937db997a267f749cdd64c161f,d3c3ded6e21a0ff524eacb53240d64bd,1.0,1,8,1
c169c9937db997a267f749cdd64c161f,d4e18ba02dea891aa1541250c92854d6,1.0,1,8,1
c169c9937db997a267f749cdd64c161f,dc41c213511c0ec2a73cb054afa83dc6,1.0,1,8,1
c169c9937db997a267f749cdd64c161f,ef6f13afb9897c1d50fa603c47749b86,1.0,1,8,1
164ac08c481020ea7f994bab2309b647,9730539e3049adc2d2169bff0f508469,1.0,1,5,4
a89b1f67d270ffb3c1783a696d90d5e3,f4385a17e1f99f33340a9c51a0e042f3,1.0,1,3,6
1485ab027957cdb7d0efcf1487bf49a1,73a218a376e1c8e6a31799484fe514b8,1.0,1,2,7
6267c1f580626ccc4471aac4582b44d6,73a218a376e1c8e6a31799484fe514b8,1.0,1,2,7
3cd3127e3533fe632e21af1862a51c7b,74cb21ed97707645fbb69231f30a55ba,1.0,1,3,6
74cb21ed97707645fbb69231f30a55ba,7fb191b031c09431d3aebc2af9136bf3,1.0,1,6,3
74cb21ed97707645fbb69231f30a55ba,c32b20d9385cb48398ec96ff8c75357d,1.0,1,6,3
a611c80155435e6a86012d159d9e5007,f43e533381a4e43d80c05aa7d4508d27,1.0,1,4,5
4d402e51f4e8a128657c7ac78b59bfb2,6e4b915600b4667fe31106674da00166,1.0,1,5,4
1d99a25a91c1e04ed8abf8e814ca0b42,6d394722d5fc5e721aee6875a218d8db,1.0,1,1,8
3cc44e5e1e8a00f2de6f1dcde2896336,6d394722d5fc5e721aee6875a218d8db,1.0,1,1,8
47d54ad7f6c7400ebf1649d056830c27,6d394722d5fc5e721aee6875a218d8db,1.0,1,1,8
4b3d808f367af1b335a50960f0b8fe93,6d394722d5fc5e721aee6875a218d8db,1.0,1,1,8
589e9e756ccf13491cd54978fc690e6e,6d394722d5fc5e721aee6875a218d8db,1.0,1,1,8
58b1f95484a1b2945c69403389426bd0,6d394722d5fc5e721aee6875a218d8db,1.0,1,1,8
6d394722d5fc5e721aee6875a218d8db,ae6ebd1ea96fc64aaa3e0b502b92bf9c,1.0,1,8,1
6d394722d5fc5e721aee6875a218d8db,b79939e7b655e75d48b325c460ea66e2,1.0,1,8,1
32cb21bc086b7b1b26c8d8a6cf2d35c5,67913e95e07035bc67dcaa79ecd70cc9,1.0,1,5,4
93301b3d36827181311c650f0ceead5e,cd336c2a4679b726894657837bf1dca7,1.0,1,3,6
a26d764d8cf59a30f3d4f76ade4ab880,dfffec82c4dcdc371c6cc868a389f634,1.0,1,5,4
57172168829468d7adb1a003d5e4d4a7,bf429f20c75a39eab83442cda8e59832,1.0,1,2,6
5ed5ff23e88328ba909334ac76a282f9,cc89b537cb7f19d25792c3234673146e,1.0,1,6,2
5ed5ff23e88328ba909334ac76a282f9,daebae323ff379837dc2aa1a8c19440a,1.0,1,6,2
004177f7bf62929186b32c7fdaa6157b,fb98136edc2c0f996bfad36a0c7e1306,1.0,1,2,6
157c95d6d16d5c99d6c0355f3f8fb220,2214477bc746c01d7e790dba816a9a2c,1.0,1,3,5
83a16b78a57c8394d33c2f5d1cb87ee5,fb98136edc2c0f996bfad36a0c7e1306,1.0,1,2,6
e3ef84cf39eff855c409b42542ce9be9,fb98136edc2c0f996bfad36a0c7e1306,1.0,1,2,6
fb98136edc2c0f996bfad36a0c7e1306,ff763f6fccce840a04aea139ec04c86c,1.0,1,6,2
0064a1b5f5cddd047c987b988a90c8c1,15090f48004f3b0fc18a167ef82af4db,1.0,1,4,4
0064a1b5f5cddd047c987b988a90c8c1,19a16d1ed9ac39eacc3f8ba2aad13898,1.0,1,4,4
0064a1b5f5cddd047c987b988a90c8c1,4d6365e0380d725248a1a2aa490d7f0b,1.0,1,4,4
0064a1b5f5cddd047c987b988a90c8c1,f81d21d920dcc2483b1043a064f3a9bd,1.0,1,4,4
15090f48004f3b0fc18a167ef82af4db,19a16d1ed9ac39eacc3f8ba2aad13898,1.0,1,4,4
15090f48004f3b0fc18a167ef82af4db,4d6365e0380d725248a1a2aa490d7f0b,1.0,1,4,4
15090f48004f3b0fc18a167ef82af4db,f81d21d920dcc2483b1043a064f3a9bd,1.0,1,4,4
19a16d1ed9ac39eacc3f8ba2aad13898,4d6365e0380d725248a1a2aa490d7f0b,1.0,1,4,4
19a16d1ed9ac39eacc3f8ba2aad13898,f81d21d920dcc2483b1043a064f3a9bd,1.0,1,4,4
1c3a2bab6b3e18d65aa3923e2ec7b5db,270aac56747e4e1b47a2ab1058a4ca4d,1.0,1,5,3
1c3a2bab6b3e18d65aa3923e2ec7b5db,2c50af4ba02025d2f9256d89723d3c18,1.0,1,5,3
1c3a2bab6b3e18d65aa3923e2ec7b5db,4ea07e24e59ceae33aeb18024919b4d8,1.0,1,5,3
1c3a2bab6b3e18d65aa3923e2ec7b5db,62d04de212af0333758cfb1a2d98dad0,1.0,1,5,3
1c3a2bab6b3e18d65aa3923e2ec7b5db,768e9ed92dd4fe880672c8e90dc4f74c,1.0,1,5,3
1c3a2bab6b3e18d65aa3923e2ec7b5db,9cbd11daac8f21468a69219da8eeed76,1.0,1,5,3
1c3a2bab6b3e18d65aa3923e2ec7b5db,a96d5cfa0d3181817e2b946f921ea021,1.0,1,5,3
1c3a2bab6b3e18d65aa3923e2ec7b5db,c85df1c6ef6f7bb605e1c49d34f172ee,1.0,1,5,3
1c3a2bab6b3e18d65aa3923e2ec7b5db,e87cdd2fb9f1d3ff3438a9d02e454793,1.0,1,5,3
270aac56747e4e1b47a2ab1058a4ca4d,f50e0207673076aa6cd350a771426079,1.0,1,3,5
2c50af4ba02025d2f9256d89723d3c18,f50e0207673076aa6cd350a771426079,1.0,1,3,5
4d6365e0380d725248a1a2aa490d7f0b,f81d21d920dcc2483b1043a064f3a9bd,1.0,1,4,4
4ea07e24e59ceae33aeb18024919b4d8,f50e0207673076aa6cd350a771426079,1.0,1,3,5
62d04de212af0333758cfb1a2d98dad0,f50e0207673076aa6cd350a771426079,1.0,1,3,5
768e9ed92dd4fe880672c8e90dc4f74c,f50e0207673076aa6cd350a771426079,1.0,1,3,5
9cbd11daac8f21468a69219da8eeed76,f50e0207673076aa6cd350a771426079,1.0,1,3,5
a96d5cfa0d3181817e2b946f921ea021,f50e0207673076aa6cd350a771426079,1.0,1,3,5
c85df1c6ef6f7bb605e1c49d34f172ee,f50e0207673076aa6cd350a771426079,1.0,1,3,5
e87cdd2fb9f1d3ff3438a9d02e454793,f50e0207673076aa6cd350a771426079,1.0,1,3,5
19442a34d63030d2739ed3022b4fec60,6681ad9a826614b39ecc67e175aa2575,1.0,1,2,6
6681ad9a826614b39ecc67e175aa2575,cf26c0ed98d29abab5c9fe2643f88d19,1.0,1,6,2
0501840168467a2d31102cf755e6ebcb,aabfe4bed1559f2d0db606df41c670e5,1.0,1,2,6
0501840168467a2d31102cf755e6ebcb,ef377d6dfc9ebad1f91cce05f8202cd7,1.0,1,2,6
2da5ee41ace2b004297ab83756b6639e,aabfe4bed1559f2d0db606df41c670e5,1.0,1,2,6
2da5ee41ace2b004297ab83756b6639e,ef377d6dfc9ebad1f91cce05f8202cd7,1.0,1,2,6
7dd4e8dc5ce5ee85eb05634a38402b6c,aabfe4bed1559f2d0db606df41c670e5,1.0,1,2,6
7dd4e8dc5ce5ee85eb05634a38402b6c,ef377d6dfc9ebad1f91cce05f8202cd7,1.0,1,2,6
8731e1c5aa27eced509f47d8012ff81e,aabfe4bed1559f2d0db606df41c670e5,1.0,1,2,6
8731e1c5aa27eced509f47d8012ff81e,ef377d6dfc9ebad1f91cce05f8202cd7,1.0,1,2,6
2b80802d3e1ca452e18559c9c999b11e,86187e13a3420bf45ceeddbfc7843113,1.0,1,4,4
2b80802d3e1ca452e18559c9c999b11e,bb9b4553d42e28d6b5d59fd8b2540207,1.0,1,4,4
86187e13a3420bf45ceeddbfc7843113,bb9b4553d42e28d6b5d59fd8b2540207,1.0,1,4,4
00bfe974afd63b30ed282dc69892fb98,2b26db3c45d52a1b983f12f2201cea88,1.0,1,2,6
00bfe974afd63b30ed282dc69892fb98,850e8006b4f239916012dfd4f9bdeb0e,1.0,1,2,6
01561f92006fd3ba8a8a4246b7f38101,2b26db3c45d52a1b983f12f2201cea88,1.0,1,2,6
01561f92006fd3ba8a8a4246b7f38101,850e8006b4f239916012dfd4f9bdeb0e,1.0,1,2,6
0baff0ebd92e998ee0f4a8f812070ec8,2b26db3c45d52a1b983f12f2201cea88,1.0,1,2,6
0baff0ebd92e998ee0f4a8f812070ec8,850e8006b4f239916012dfd4f9bdeb0e,1.0,1,2,6
133c1a11944c3c8f0174c08c4f0d24db,2b26db3c45d52a1b983f12f2201cea88,1.0,1,2,6
133c1a11944c3c8f0174c08c4f0d24db,850e8006b4f239916012dfd4f9bdeb0e,1.0,1,2,6
13c5865b7b534dbe5983384eb555ed1c,2b26db3c45d52a1b983f12f2201cea88,1.0,1,2,6
13c5865b7b534dbe5983384eb555ed1c,850e8006b4f239916012dfd4f9bdeb0e,1.0,1,2,6
146a2253a3918c412431c4cb9d13b863,2b26db3c45d52a1b983f12f2201cea88,1.0,1,2,6
146a2253a3918c412431c4cb9d13b863,850e8006b4f239916012dfd4f9bdeb0e,1.0,1,2,6
185246288eb4cea28a37bb3269141e03,2b26db3c45d52a1b983f12f2201cea88,1.0,1,2,6
185246288eb4cea28a37bb3269141e03,850e8006b4f239916012dfd4f9bdeb0e,1.0,1,2,6
208a127c790f3aa6b6ae229acfae97da,7b35fb694a1c478f507173167fbe234e,1.0,1,3,5
208a127c790f3aa6b6ae229acfae97da,82cffd5880c953933b9ebe4e4789edd0,1.0,1,3,5
208a127c790f3aa6b6ae229acfae97da,9fafb9bc4f2296fe5d2d0bc2f8e19a0b,1.0,1,3,5
208a127c790f3aa6b6ae229acfae97da,eb742a3b914c53d45f1a30c8e2fcd8bd,1.0,1,3,5
21342e5b1004a60189babbe685c06845,2b26db3c45d52a1b983f12f2201cea88,1.0,1,2,6
21342e5b1004a60189babbe685c06845,850e8006b4f239916012dfd4f9bdeb0e,1.0,1,2,6
215b9a9848df6dd29932574ccebb5b3e,2b26db3c45d52a1b983f12f2201cea88,1.0,1,2,6
215b9a9848df6dd29932574ccebb5b3e,850e8006b4f239916012dfd4f9bdeb0e,1.0,1,2,6
2699b1bdee690329303fb2c0aada1c1b,2b26db3c45d52a1b983f12f2201cea88,1.0,1,2,6
2699b1bdee690329303fb2c0aada1c1b,850e8006b4f239916012dfd4f9bdeb0e,1.0,1,2,6
2b26db3c45d52a1b983f12f2201cea88,2d8a123a57292aae47580aac65f55d4f,1.0,1,6,2
2b26db3c45d52a1b983f12f2201cea88,3897924b7801bceca8326098b209832d,1.0,1,6,2
2b26db3c45d52a1b983f12f2201cea88,39b9889bd17bc241ade364ee15bbe74c,1.0,1,6,2
2b26db3c45d52a1b983f12f2201cea88,40fdb731f416e141a80418867178b510,1.0,1,6,2
2b26db3c45d52a1b983f12f2201cea88,4153163515e1dc07e02777b45b79121a,1.0,1,6,2
2b26db3c45d52a1b983f12f2201cea88,460cd758614a0be9739d2f8d9bc1494d,1.0,1,6,2
2b26db3c45d52a1b983f12f2201cea88,5499856e5c59ce4b1178f38c1f0d2f8c,1.0,1,6,2
2b26db3c45d52a1b983f12f2201cea88,56a074e0fc79b287c1170d998519f1e8,1.0,1,6,2
2b26db3c45d52a1b983f12f2201cea88,5a113bd934e8b75919fbddeef0f9282d,1.0,1,6,2
2b26db3c45d52a1b983f12f2201cea88,60d34509419ce4f132570db40e6ea985,1.0,1,6,2
2b26db3c45d52a1b983f12f2201cea88,628b5fda35baf944099fc4da84a69ac1,1.0,1,6,2
2b26db3c45d52a1b983f12f2201cea88,6364655a115c9a45a9283cd8e00aa643,1.0,1,6,2
2b26db3c45d52a1b983f12f2201cea88,74084969d4b912b9bd10439ebb79ce6b,1.0,1,6,2
2b26db3c45d52a1b983f12f2201cea88,7afbf983eb484fb14e40092c0139d66f,1.0,1,6,2
2b26db3c45d52a1b983f12f2201cea88,7ca19647e1200895475475186a3e072e,1.0,1,6,2
2b26db3c45d52a1b983f12f2201cea88,80b5c70d20058c553d662a56cbff22e5,1.0,1,6,2
2b26db3c45d52a1b983f12f2201cea88,85ac3e23bde65bd5628fdd6f15db5295,1.0,1,6,2
2b26db3c45d52a1b983f12f2201cea88,889fc057c77157659bdef1206d47d08c,1.0,1,6,2
2b26db3c45d52a1b983f12f2201cea88,8a56bc1f46776cf85828e336fa75dcd5,1.0,1,6,2
2b26db3c45d52a1b983f12f2201cea88,942a5e1f3f7b206e11354f6d84121a3e,1.0,1,6,2
2b26db3c45d52a1b983f12f2201cea88,9efc7f2a9ac5c2cf72565008f1914206,1.0,1,6,2
2b26db3c45d52a1b983f12f2201cea88,9f1591824452a9d9a9f225b9fca168d2,1.0,1,6,2
2b26db3c45d52a1b983f12f2201cea88,a16656b34f59e202ef32dfc53b947847,1.0,1,6,2
2b26db3c45d52a1b983f12f2201cea88,a7de0c8480d07cef1e8f55f8c61f548f,1.0,1,6,2
2b26db3c45d52a1b983f12f2201cea88,b6da6ab100de9d85d855bb67aaa2157d,1.0,1,6,2
2b26db3c45d52a1b983f12f2201cea88,bb00460af4cda6bd1252e99ef3168b56,1.0,1,6,2
2b26db3c45d52a1b983f12f2201cea88,bb361861b83a556ce2a5b2d537e22df9,1.0,1,6,2
2b26db3c45d52a1b983f12f2201cea88,c550705284a6b10b8b2c2e6c40e90580,1.0,1,6,2
2b26db3c45d52a1b983f12f2201cea88,c9f633ba06746056943f5e6d4bf1f1cd,1.0,1,6,2
2b26db3c45d52a1b983f12f2201cea88,d10e1d04f94eea6c40bc55ad964930f2,1.0,1,6,2
2b26db3c45d52a1b983f12f2201cea88,d88ab33b7eb886fea1b8ff195c9a9781,1.0,1,6,2
2b26db3c45d52a1b983f12f2201cea88,e5535f0b3bd13a577b26dab17ed44a0f,1.0,1,6,2
2b26db3c45d52a1b983f12f2201cea88,e7f05599a82aa0ff9745e92f4b9a9188,1.0,1,6,2
2b26db3c45d52a1b983f12f2201cea88,ea45fdfe8aaa3f81604b23a652c49fcf,1.0,1,6,2
2b26db3c45d52a1b983f12f2201cea88,ed7aae0bd6dae2a07a54cd4f9c0b9b0a,1.0,1,6,2
2b26db3c45d52a1b983f12f2201cea88,fcabb1c1914da0aff9378a59942ff133,1.0,1,6,2
2d8a123a57292aae47580aac65f55d4f,850e8006b4f239916012dfd4f9bdeb0e,1.0,1,2,6
3897924b7801bceca8326098b209832d,850e8006b4f239916012dfd4f9bdeb0e,1.0,1,2,6
39b9889bd17bc241ade364ee15bbe74c,850e8006b4f239916012dfd4f9bdeb0e,1.0,1,2,6
40fdb731f416e141a80418867178b510,850e8006b4f239916012dfd4f9bdeb0e,1.0,1,2,6
4153163515e1dc07e02777b45b79121a,850e8006b4f239916012dfd4f9bdeb0e,1.0,1,2,6
460cd758614a0be9739d2f8d9bc1494d,850e8006b4f239916012dfd4f9bdeb0e,1.0,1,2,6
4df9aee56fa602c72756abb22ee60b17,6cd5ad2783f175ab9dac5072bc7e3d73,1.0,1,4,4
4df9aee56fa602c72756abb22ee60b17,cc02224a63bfaa52e0007916dea1b669,1.0,1,4,4
5499856e5c59ce4b1178f38c1f0d2f8c,850e8006b4f239916012dfd4f9bdeb0e,1.0,1,2,6
56a074e0fc79b287c1170d998519f1e8,850e8006b4f239916012dfd4f9bdeb0e,1.0,1,2,6
5a113bd934e8b75919fbddeef0f9282d,850e8006b4f239916012dfd4f9bdeb0e,1.0,1,2,6
60d34509419ce4f132570db40e6ea985,850e8006b4f239916012dfd4f9bdeb0e,1.0,1,2,6
628b5fda35baf944099fc4da84a69ac1,850e8006b4f239916012dfd4f9bdeb0e,1.0,1,2,6
6364655a115c9a45a9283cd8e00aa643,850e8006b4f239916012dfd4f9bdeb0e,1.0,1,2,6
6a583f4c6790a4c8330beb7612e17f42,7b35fb694a1c478f507173167fbe234e,1.0,1,3,5
6a583f4c6790a4c8330beb7612e17f42,82cffd5880c953933b9ebe4e4789edd0,1.0,1,3,5
6a583f4c6790a4c8330beb7612e17f42,9fafb9bc4f2296fe5d2d0bc2f8e19a0b,1.0,1,3,5
6a583f4c6790a4c8330beb7612e17f42,eb742a3b914c53d45f1a30c8e2fcd8bd,1.0,1,3,5
6cd5ad2783f175ab9dac5072bc7e3d73,cc02224a63bfaa52e0007916dea1b669,1.0,1,4,4
74084969d4b912b9bd10439ebb79ce6b,850e8006b4f239916012dfd4f9bdeb0e,1.0,1,2,6
7afbf983eb484fb14e40092c0139d66f,850e8006b4f239916012dfd4f9bdeb0e,1.0,1,2,6
7b35fb694a1c478f507173167fbe234e,7cd931d3566a9c43e15d5e6ce9ff5759,1.0,1,5,3
7b35fb694a1c478f507173167fbe234e,894a2fac1dcb705a1e4097b8a9131e90,1.0,1,5,3
7b35fb694a1c478f507173167fbe234e,8ee1e34425fc54b1f87318160b378c3b,1.0,1,5,3
7b35fb694a1c478f507173167fbe234e,938f430a30c511a883c71999f6d01dcc,1.0,1,5,3
7b35fb694a1c478f507173167fbe234e,9e3cc1906aa2db29c30aecb2d642a41d,1.0,1,5,3
7b35fb694a1c478f507173167fbe234e,ad60ba535e4fa2b72c924290d6337913,1.0,1,5,3
7b35fb694a1c478f507173167fbe234e,e4923ae2c32e70e3c5a6e73a9fb872f2,1.0,1,5,3
7b35fb694a1c478f507173167fbe234e,e8ca08f200cf74746cd5e671efcb61f3,1.0,1,5,3
7ca19647e1200895475475186a3e072e,850e8006b4f239916012dfd4f9bdeb0e,1.0,1,2,6
7cd931d3566a9c43e15d5e6ce9ff5759,82cffd5880c953933b9ebe4e4789edd0,1.0,1,3,5
7cd931d3566a9c43e15d5e6ce9ff5759,9fafb9bc4f2296fe5d2d0bc2f8e19a0b,1.0,1,3,5
7cd931d3566a9c43e15d5e6ce9ff5759,eb742a3b914c53d45f1a30c8e2fcd8bd,1.0,1,3,5
80b5c70d20058c553d662a56cbff22e5,850e8006b4f239916012dfd4f9bdeb0e,1.0,1,2,6
82cffd5880c953933b9ebe4e4789edd0,894a2fac1dcb705a1e4097b8a9131e90,1.0,1,5,3
82cffd5880c953933b9ebe4e4789edd0,8ee1e34425fc54b1f87318160b378c3b,1.0,1,5,3
82cffd5880c953933b9ebe4e4789edd0,938f430a30c511a883c71999f6d01dcc,1.0,1,5,3
82cffd5880c953933b9ebe4e4789edd0,9e3cc1906aa2db29c30aecb2d642a41d,1.0,1,5,3
82cffd5880c953933b9ebe4e4789edd0,ad60ba535e4fa2b72c924290d6337913,1.0,1,5,3
82cffd5880c953933b9ebe4e4789edd0,e4923ae2c32e70e3c5a6e73a9fb872f2,1.0,1,5,3
82cffd5880c953933b9ebe4e4789edd0,e8ca08f200cf74746cd5e671efcb61f3,1.0,1,5,3
850e8006b4f239916012dfd4f9bdeb0e,85ac3e23bde65bd5628fdd6f15db5295,1.0,1,6,2
850e8006b4f239916012dfd4f9bdeb0e,889fc057c77157659bdef1206d47d08c,1.0,1,6,2
850e8006b4f239916012dfd4f9bdeb0e,8a56bc1f46776cf85828e336fa75dcd5,1.0,1,6,2
850e8006b4f239916012dfd4f9bdeb0e,942a5e1f3f7b206e11354f6d84121a3e,1.0,1,6,2
850e8006b4f239916012dfd4f9bdeb0e,9efc7f2a9ac5c2cf72565008f1914206,1.0,1,6,2
850e8006b4f239916012dfd4f9bdeb0e,9f1591824452a9d9a9f225b9fca168d2,1.0,1,6,2
850e8006b4f239916012dfd4f9bdeb0e,a16656b34f59e202ef32dfc53b947847,1.0,1,6,2
850e8006b4f239916012dfd4f9bdeb0e,a7de0c8480d07cef1e8f55f8c61f548f,1.0,1,6,2
850e8006b4f239916012dfd4f9bdeb0e,b6da6ab100de9d85d855bb67aaa2157d,1.0,1,6,2
850e8006b4f239916012dfd4f9bdeb0e,bb00460af4cda6bd1252e99ef3168b56,1.0,1,6,2
850e8006b4f239916012dfd4f9bdeb0e,bb361861b83a556ce2a5b2d537e22df9,1.0,1,6,2
850e8006b4f239916012dfd4f9bdeb0e,c550705284a6b10b8b2c2e6c40e90580,1.0,1,6,2
850e8006b4f239916012dfd4f9bdeb0e,c9f633ba06746056943f5e6d4bf1f1cd,1.0,1,6,2
850e8006b4f239916012dfd4f9bdeb0e,d10e1d04f94eea6c40bc55ad964930f2,1.0,1,6,2
850e8006b4f239916012dfd4f9bdeb0e,d88ab33b7eb886fea1b8ff195c9a9781,1.0,1,6,2
850e8006b4f239916012dfd4f9bdeb0e,e5535f0b3bd13a577b26dab17ed44a0f,1.0,1,6,2
850e8006b4f239916012dfd4f9bdeb0e,e7f05599a82aa0ff9745e92f4b9a9188,1.0,1,6,2
850e8006b4f239916012dfd4f9bdeb0e,ea45fdfe8aaa3f81604b23a652c49fcf,1.0,1,6,2
850e8006b4f239916012dfd4f9bdeb0e,ed7aae0bd6dae2a07a54cd4f9c0b9b0a,1.0,1,6,2
850e8006b4f239916012dfd4f9bdeb0e,fcabb1c1914da0aff9378a59942ff133,1.0,1,6,2
894a2fac1dcb705a1e4097b8a9131e90,9fafb9bc4f2296fe5d2d0bc2f8e19a0b,1.0,1,3,5
894a2fac1dcb705a1e4097b8a9131e90,eb742a3b914c53d45f1a30c8e2fcd8bd,1.0,1,3,5
8ee1e34425fc54b1f87318160b378c3b,9fafb9bc4f2296fe5d2d0bc2f8e19a0b,1.0,1,3,5
8ee1e34425fc54b1f87318160b378c3b,eb742a3b914c53d45f1a30c8e2fcd8bd,1.0,1,3,5
938f430a30c511a883c71999f6d01dcc,9fafb9bc4f2296fe5d2d0bc2f8e19a0b,1.0,1,3,5
938f430a30c511a883c71999f6d01dcc,eb742a3b914c53d45f1a30c8e2fcd8bd,1.0,1,3,5
9e3cc1906aa2db29c30aecb2d642a41d,9fafb9bc4f2296fe5d2d0bc2f8e19a0b,1.0,1,3,5
9e3cc1906aa2db29c30aecb2d642a41d,eb742a3b914c53d45f1a30c8e2fcd8bd,1.0,1,3,5
9fafb9bc4f2296fe5d2d0bc2f8e19a0b,ad60ba535e4fa2b72c924290d6337913,1.0,1,5,3
9fafb9bc4f2296fe5d2d0bc2f8e19a0b,e4923ae2c32e70e3c5a6e73a9fb872f2,1.0,1,5,3
9fafb9bc4f2296fe5d2d0bc2f8e19a0b,e8ca08f200cf74746cd5e671efcb61f3,1.0,1,5,3
ad60ba535e4fa2b72c924290d6337913,eb742a3b914c53d45f1a30c8e2fcd8bd,1.0,1,3,5
e4923ae2c32e70e3c5a6e73a9fb872f2,eb742a3b914c53d45f1a30c8e2fcd8bd,1.0,1,3,5
e8ca08f200cf74746cd5e671efcb61f3,eb742a3b914c53d45f1a30c8e2fcd8bd,1.0,1,3,5
24764284d4d67f146daa546143e1d0d9,2f704bf55357c99fbb6015e3bffc5422,1.0,1,6,2
14e8fa3ae839122091f7ebacad945ebe,1573b77edd530a9750e7245acb45ba67,1.0,1,2,6
1573b77edd530a9750e7245acb45ba67,190d1e49534d839d6db2880759d8e40f,1.0,1,6,2
1573b77edd530a9750e7245acb45ba67,19907f11bb921f810c74da2d118ac218,1.0,1,6,2
1573b77edd530a9750e7245acb45ba67,23377791df925b1158ea0e673839b1e3,1.0,1,6,2
1573b77edd530a9750e7245acb45ba67,2d511ba1ec0a22de693b9492d6e4e67a,1.0,1,6,2
1573b77edd530a9750e7245acb45ba67,3e084c2b3948e5beff170f89a2e9b653,1.0,1,6,2
1573b77edd530a9750e7245acb45ba67,5ba5ed538b8b1117e83297b343d4d8ad,1.0,1,6,2
1573b77edd530a9750e7245acb45ba67,6628b7edac9b0cedad21d9be3b179ba0,1.0,1,6,2
1573b77edd530a9750e7245acb45ba67,82a5e0a32808abf9bb604e683dd28b96,1.0,1,6,2
1573b77edd530a9750e7245acb45ba67,92ed49c89b00a33df67afde16ad3fe02,1.0,1,6,2
1573b77edd530a9750e7245acb45ba67,bcb8ec660f9d6212d52115aa8183ca04,1.0,1,6,2
3b3ef0a0f4d944aa4baa38a856287d9e,c04dc38af3ee271e9c8863809023adee,1.0,1,3,5
7e4ecd0fe41e1c98597eaedf447e2347,c04dc38af3ee271e9c8863809023adee,1.0,1,3,5
00b1066a65657ee1759544f6b61a4e2c,4c4584a82633ac90e58fe2d141d7433e,1.0,1,2,6
10b442e762ba8a5ad22de5ba2207e5f1,b259b009b425d402eb2160a3a614d3be,1.0,1,4,4
4c4584a82633ac90e58fe2d141d7433e,91b721d32e8d30023ad17bddb6f6eee7,1.0,1,6,2
4c4584a82633ac90e58fe2d141d7433e,95f4b915c12f5b61a638f3928d23a89c,1.0,1,6,2
4c4584a82633ac90e58fe2d141d7433e,dbe1af764dcabd00ec0e60e989c1a46e,1.0,1,6,2
4c4584a82633ac90e58fe2d141d7433e,dfe0f45b0b8cf0ce9c4cfb41c0808240,1.0,1,6,2
4c4584a82633ac90e58fe2d141d7433e,f6a0ba639e185c1b11c1712fad9879c2,1.0,1,6,2
1d836478690eafcf2a72f010445388f6,31d1ec8fb80004b9a556acace88a9468,1.0,1,2,6
31d1ec8fb80004b9a556acace88a9468,39a25ffcc4f83a144eff541e56ef7988,1.0,1,6,2
31d1ec8fb80004b9a556acace88a9468,4a858d3e945b66b74a3b87cd245338a8,1.0,1,6,2
31d1ec8fb80004b9a556acace88a9468,b48348743e921a4c82657d401675e069,1.0,1,6,2
07aa0e46a3fec5c648422487a2efe4a9,f9242445fc633a8871f2a6c4a033c8bf,1.0,1,2,6
08ac5a9c44cd0c632183f1c6cafc3a06,f9242445fc633a8871f2a6c4a033c8bf,1.0,1,2,6
0b63b2c21b768c3575305cf04214e173,f9242445fc633a8871f2a6c4a033c8bf,1.0,1,2,6
0c303bd1eccb3d9bcda642c900a8e336,f9242445fc633a8871f2a6c4a033c8bf,1.0,1,2,6
0ccb948a381d9527ed8500bf8ac516f9,f9242445fc633a8871f2a6c4a033c8bf,1.0,1,2,6
0d51e1d665d652b294c5246222e8b716,f9242445fc633a8871f2a6c4a033c8bf,1.0,1,2,6
24ef20f64a513f7b0b0767fccb5a0ada,f9242445fc633a8871f2a6c4a033c8bf,1.0,1,2,6
28441d18136bcfeb0fca3cf21c286081,f9242445fc633a8871f2a6c4a033c8bf,1.0,1,2,6
2d2dff303a27fadc670dd6434d524afa,f9242445fc633a8871f2a6c4a033c8bf,1.0,1,2,6
32a4ff4e454bc77a7a08d48a27bf07cf,f9242445fc633a8871f2a6c4a033c8bf,1.0,1,2,6
446480ca430fd34b345ae78cb641b30b,f9242445fc633a8871f2a6c4a033c8bf,1.0,1,2,6
4b293b0eba86e10fcecd40a7aac6608b,a440ac198e3e7e955a1e99fa738b81d1,1.0,1,4,4
4ca1119b9bdb444929ab6051f92ca4b4,f9242445fc633a8871f2a6c4a033c8bf,1.0,1,2,6
4dc0803521660b2f150f8a42d20765fa,f9242445fc633a8871f2a6c4a033c8bf,1.0,1,2,6
56f98f3a059befb5c3c16a07975c8ba5,f9242445fc633a8871f2a6c4a033c8bf,1.0,1,2,6
6ed6bb491ea47ae1a0b331414148c5e2,f9242445fc633a8871f2a6c4a033c8bf,1.0,1,2,6
74f1cb6900dadb1afca23c04643b06ce,f9242445fc633a8871f2a6c4a033c8bf,1.0,1,2,6
8038505867c69488c5dbba1ebf144739,f9242445fc633a8871f2a6c4a033c8bf,1.0,1,2,6
8360a5c47afc3de8a5f3c52e8d693845,f9242445fc633a8871f2a6c4a033c8bf,1.0,1,2,6
84878dd72193c6b08a3c5bfd8246ad0b,f9242445fc633a8871f2a6c4a033c8bf,1.0,1,2,6
886c8a8c924043f8fa45387ddd9a16f7,f9242445fc633a8871f2a6c4a033c8bf,1.0,1,2,6
8e22f5266528ca059d8cbeebee73fc52,f9242445fc633a8871f2a6c4a033c8bf,1.0,1,2,6
8f42e9cb526d4a8ea42877dac8c86453,f9242445fc633a8871f2a6c4a033c8bf,1.0,1,2,6
94fe756b3e56a9bc28dcf7f832f0e11c,f9242445fc633a8871f2a6c4a033c8bf,1.0,1,2,6
97a0c4f33bf1982206bc39b40e040e50,f9242445fc633a8871f2a6c4a033c8bf,1.0,1,2,6
99348d90573af76cd7c8e64fd097e6d3,f9242445fc633a8871f2a6c4a033c8bf,1.0,1,2,6
9c7bc34fa4b2fd8e3f132a6337ba8828,f9242445fc633a8871f2a6c4a033c8bf,1.0,1,2,6
9ca97e91d9d0e7bae9dbe2b2cb731028,f9242445fc633a8871f2a6c4a033c8bf,1.0,1,2,6
a8ad190dbcf7b411dcba3d4518334a58,f9242445fc633a8871f2a6c4a033c8bf,1.0,1,2,6
beeb7358d68ef0a3115fde6746b9a8d4,f9242445fc633a8871f2a6c4a033c8bf,1.0,1,2,6
c0b7396785476307956e73355fc066d3,f9242445fc633a8871f2a6c4a033c8bf,1.0,1,2,6
c21443baab50d67603067254b941bfcc,f9242445fc633a8871f2a6c4a033c8bf,1.0,1,2,6
c7143a9592032729e880d38d25c39125,f9242445fc633a8871f2a6c4a033c8bf,1.0,1,2,6
c78db4a3f138ebc9ce5772aa324ef95b,f9242445fc633a8871f2a6c4a033c8bf,1.0,1,2,6
cd2cc97ebeb86f5791f07c0717c2311f,f9242445fc633a8871f2a6c4a033c8bf,1.0,1,2,6
ce3cf3ac5e131ddb0c0949c86fc73ffb,f9242445fc633a8871f2a6c4a033c8bf,1.0,1,2,6
d2451d65b521da4ef51178a1563bc5fe,f9242445fc633a8871f2a6c4a033c8bf,1.0,1,2,6
d2cdc1bc229c5e1848f8f7ce60a415f7,f9242445fc633a8871f2a6c4a033c8bf,1.0,1,2,6
daf5439ad0693ccbe6f840fc7699721e,f9242445fc633a8871f2a6c4a033c8bf,1.0,1,2,6
e5d0fb67add1702e8fdc93634910b5e8,f9242445fc633a8871f2a6c4a033c8bf,1.0,1,2,6
f9242445fc633a8871f2a6c4a033c8bf,fdbc9e3e8ff4d5fa66c92c652912aef4,1.0,1,6,2
f9242445fc633a8871f2a6c4a033c8bf,ff5f0e6c9223056cd0e65b534856f5d0,1.0,1,6,2
0fd475edfa0b61c59ecde6f89c21dedb,7a3c2c001de18686d8f87037b28ad0ec,1.0,1,4,4
0fd475edfa0b61c59ecde6f89c21dedb,a00e0a3b162f9b407172ffd674477ce7,1.0,1,4,4
215e81304459427c1cc8a7390754a4c8,3c084b2007d6efc5db0eb0ab4bbf4a92,1.0,1,3,5
215e81304459427c1cc8a7390754a4c8,d8f8afc9b9992b49ab2e12ad9f1a9e5b,1.0,1,3,5
2a791088702b2842fed7ca1e30366441,3c084b2007d6efc5db0eb0ab4bbf4a92,1.0,1,3,5
2a791088702b2842fed7ca1e30366441,d8f8afc9b9992b49ab2e12ad9f1a9e5b,1.0,1,3,5
3c084b2007d6efc5db0eb0ab4bbf4a92,7480359f2bfb287f5723a3025890d06a,1.0,1,5,3
3c084b2007d6efc5db0eb0ab4bbf4a92,c0b34be03e16c03ae344ada47dfd78a5,1.0,1,5,3
3c084b2007d6efc5db0eb0ab4bbf4a92,ef64a53bcd0bdebae1d80e977ce62988,1.0,1,5,3
7480359f2bfb287f5723a3025890d06a,d8f8afc9b9992b49ab2e12ad9f1a9e5b,1.0,1,3,5
7a3c2c001de18686d8f87037b28ad0ec,a00e0a3b162f9b407172ffd674477ce7,1.0,1,4,4
c0b34be03e16c03ae344ada47dfd78a5,d8f8afc9b9992b49ab2e12ad9f1a9e5b,1.0,1,3,5
d8f8afc9b9992b49ab2e12ad9f1a9e5b,ef64a53bcd0bdebae1d80e977ce62988,1.0,1,5,3
0fb360a422d2297dcf21d4d7b91028db,70bb8d40cce49a25b570533ee5ac3d28,1.0,1,4,4
49482ea59e5df9ca522b982c7518dcaa,8c108bbb0e50260292b20cc76a647aaf,1.0,1,5,3
49482ea59e5df9ca522b982c7518dcaa,b2b9d8df6bf7845fd234b7ebabdff6c3,1.0,1,5,3
100e4838d0bc624505f1e8d87294ac69,77001b080dd723bc9a22e538e5e06e41,1.0,1,6,2
019ed386aec9ff0f9eab4a590231174e,5d6222887465eb9455b65d76d5954089,1.0,1,6,2
c12ac817e00e9afad51c327ab2fc2ec3,d06f106a141c540ca3b3cc0a3a8bba39,1.0,1,6,2
d06f106a141c540ca3b3cc0a3a8bba39,e816453a1cbe8d142e5c5c9a80eb920a,1.0,1,2,6
715e295d8e0bf31c06df39a9b01c25e2,d7a7fcfd963d57dbb3063730285c5d95,1.0,1,2,6
91a8b965bb2d34b3e586844dc4a40d1b,d7a7fcfd963d57dbb3063730285c5d95,1.0,1,2,6
ceeab4e8d40747cd863a7e360b25a52b,d7a7fcfd963d57dbb3063730285c5d95,1.0,1,2,6
0700983d7f5192901b3732bc96c03c23,1b23b82407cdce1a111b6c6539ef6963,1.0,1,6,2
0700983d7f5192901b3732bc96c03c23,1d90ebd8cb04c7a434474e7d3041ac84,1.0,1,6,2
0700983d7f5192901b3732bc96c03c23,28851a7f91fd1087baaaa471dfe40d4e,1.0,1,6,2
0700983d7f5192901b3732bc96c03c23,3c9ee8e3d67eb535effa8ee1852e8af4,1.0,1,6,2
0700983d7f5192901b3732bc96c03c23,3f654376253697ad9c4458b7705d8c6e,1.0,1,6,2
0700983d7f5192901b3732bc96c03c23,422216465de1d7aebca58316c7a603e3,1.0,1,6,2
0700983d7f5192901b3732bc96c03c23,4badbcac33ce2de21e8cd1eb1f5d0770,1.0,1,6,2
0700983d7f5192901b3732bc96c03c23,7208473b38c41df492ad9c8dce605545,1.0,1,6,2
0700983d7f5192901b3732bc96c03c23,814ea47c5ea63f6232386e8696b42252,1.0,1,6,2
0700983d7f5192901b3732bc96c03c23,872cc652790b0509134cd9873aae6c83,1.0,1,6,2
0700983d7f5192901b3732bc96c03c23,a7ac48ebc47cc191ff1998b37e3d9af0,1.0,1,6,2
0700983d7f5192901b3732bc96c03c23,a8f5f264d76ea2feb08de11e2bb39fac,1.0,1,6,2
0700983d7f5192901b3732bc96c03c23,bdeed1aa4eca0066f5bb4a20d07bda29,1.0,1,6,2
0700983d7f5192901b3732bc96c03c23,bea5f2cfcdec8bea50e482f0bf428cdb,1.0,1,6,2
0700983d7f5192901b3732bc96c03c23,d338e4f7143511cdb6af7c1aa2bcb75d,1.0,1,6,2
0700983d7f5192901b3732bc96c03c23,ea31fe9cf08d1d9433616b7883b759f4,1.0,1,6,2
0700983d7f5192901b3732bc96c03c23,ffad6a7a0e13be3dfd9de96a81b77c9e,1.0,1,6,2
1287f6d27e4d6b299b6df65340831bc0,6223bdc5aab952ee49dea3511f89e7ec,1.0,1,5,3
1287f6d27e4d6b299b6df65340831bc0,6d0d4fc6d3394afe566b5672bd7d4863,1.0,1,5,3
1287f6d27e4d6b299b6df65340831bc0,79296e3467d0afbe0e255170dbad2e21,1.0,1,5,3
1287f6d27e4d6b299b6df65340831bc0,92e6265dbbc8fd3ee150c14f65ab4214,1.0,1,5,3
1287f6d27e4d6b299b6df65340831bc0,aa6a8d63220dc100aeb3b8eb301ed741,1.0,1,5,3
1287f6d27e4d6b299b6df65340831bc0,b3594bb146f9ab181aeb6c72deaabe54,1.0,1,5,3
1287f6d27e4d6b299b6df65340831bc0,c3250286ba5655a8d4a12ded47a5348a,1.0,1,5,3
1287f6d27e4d6b299b6df65340831bc0,f984282dbc5ed83718ccdb6bebcb14bc,1.0,1,5,3
19af2c88e8c0ea187366bb5d82789df6,c9ae1d598a33315fdace01e3bfefc5ea,1.0,1,2,6
6223bdc5aab952ee49dea3511f89e7ec,62b1b62058c7572c90f08ec692ff0533,1.0,1,3,5
62b1b62058c7572c90f08ec692ff0533,6d0d4fc6d3394afe566b5672bd7d4863,1.0,1,5,3
62b1b62058c7572c90f08ec692ff0533,79296e3467d0afbe0e255170dbad2e21,1.0,1,5,3
62b1b62058c7572c90f08ec692ff0533,92e6265dbbc8fd3ee150c14f65ab4214,1.0,1,5,3
62b1b62058c7572c90f08ec692ff0533,aa6a8d63220dc100aeb3b8eb301ed741,1.0,1,5,3
62b1b62058c7572c90f08ec692ff0533,b3594bb146f9ab181aeb6c72deaabe54,1.0,1,5,3
62b1b62058c7572c90f08ec692ff0533,c3250286ba5655a8d4a12ded47a5348a,1.0,1,5,3
62b1b62058c7572c90f08ec692ff0533,f984282dbc5ed83718ccdb6bebcb14bc,1.0,1,5,3
86cc04e5bc655593599274e0dd520aa4,c9ae1d598a33315fdace01e3bfefc5ea,1.0,1,2,6
885bde6cd101f111ebd417241a95230a,c9ae1d598a33315fdace01e3bfefc5ea,1.0,1,2,6
af45bf15204ddbf0c87eb843da61a7b2,c9ae1d598a33315fdace01e3bfefc5ea,1.0,1,2,6
b1b8abbd682ba19285f7385b65e43976,c9ae1d598a33315fdace01e3bfefc5ea,1.0,1,2,6
bc78714cd38d3fa7ea02300180c86b18,c9ae1d598a33315fdace01e3bfefc5ea,1.0,1,2,6
c9ae1d598a33315fdace01e3bfefc5ea,cf0eafe7f379f346a0a59994f393fd44,1.0,1,6,2
c9ae1d598a33315fdace01e3bfefc5ea,d2e8e60becc01f5725cca8d1183b3d01,1.0,1,6,2
c9ae1d598a33315fdace01e3bfefc5ea,d2fa6ec543f3e7dbdb9ad4a1bc7b2e5e,1.0,1,6,2
c9ae1d598a33315fdace01e3bfefc5ea,ed7ca272c833eeec1a3fbf86a84bb5ec,1.0,1,6,2
c9ae1d598a33315fdace01e3bfefc5ea,f25c83fef4ae7252feec416e7927acac,1.0,1,6,2
0b9485d1b170c7f8da17f8d2b0228d2f,37d7f68849e1f7a6bcc58225180fc4f3,1.0,1,2,6
37d7f68849e1f7a6bcc58225180fc4f3,3a0a586cd72c9a4cc0052fbe8b3a8951,1.0,1,6,2
37d7f68849e1f7a6bcc58225180fc4f3,471c60b2055e13359c7e4f1e180dad7f,1.0,1,6,2
37d7f68849e1f7a6bcc58225180fc4f3,5a7e0dfe4d69f143ac9a89c4d98deba3,1.0,1,6,2
37d7f68849e1f7a6bcc58225180fc4f3,a35068958ae8c346aaf117b763850f0f,1.0,1,6,2
37d7f68849e1f7a6bcc58225180fc4f3,b9b4f87b1dda942a40985da54ddf40cc,1.0,1,6,2
37d7f68849e1f7a6bcc58225180fc4f3,f6d3570a6defa3ebd67df54f01a9b176,1.0,1,6,2
02168ea18740a0fdaaa15f11bebba5db,4224676a902730ca200b123d65797053,1.0,1,4,4
02168ea18740a0fdaaa15f11bebba5db,58f8465c4ee7d392af213008278698a3,1.0,1,4,4
4224676a902730ca200b123d65797053,58f8465c4ee7d392af213008278698a3,1.0,1,4,4
c98f13bd8800b42134db9d3867aabe2f,f25f06e6fe07270ef5d0e88f19f178d0,1.0,1,3,5
d60a2f23557ba7c63bd1be0c3a9df384,f25f06e6fe07270ef5d0e88f19f178d0,1.0,1,3,5
3e2662d873c55f390786c29319aaaeac,54eae13cf903f276910579af6d1351d4,1.0,1,6,2
141bcfc7a11b7a56fd5c9c0cd020792f,9271b12d584732342f9ab94f9f08dddb,1.0,1,2,6
27a09991ce74f723742165ebf54c609d,9271b12d584732342f9ab94f9f08dddb,1.0,1,2,6
3f3963943d834ff871027fadb0addb26,9271b12d584732342f9ab94f9f08dddb,1.0,1,2,6
75734e576b6be4897449c86ef0681eba,9271b12d584732342f9ab94f9f08dddb,1.0,1,2,6
9271b12d584732342f9ab94f9f08dddb,b563e67983132284e5f6cde72d2d308f,1.0,1,6,2
9271b12d584732342f9ab94f9f08dddb,b65a65447f8a14cef396f6fb89195088,1.0,1,6,2
9271b12d584732342f9ab94f9f08dddb,b7343dc001a69a3fc9c31961b5dea892,1.0,1,6,2
9271b12d584732342f9ab94f9f08dddb,c9e24d1044102ec9b590df097e3dcdc0,1.0,1,6,2
9271b12d584732342f9ab94f9f08dddb,db1029b1f63308c837eabdbf054e9dd4,1.0,1,6,2
394dc24b7c4c8fa4ffbd0d36ddf26477,80d8a69b7c8b84247423da36627c0402,1.0,1,4,4
394dc24b7c4c8fa4ffbd0d36ddf26477,82746368fb04a9a9cc401ff05daac352,1.0,1,4,4
394dc24b7c4c8fa4ffbd0d36ddf26477,bfd87e5c567d5b53600cd4645b56a316,1.0,1,4,4
394dc24b7c4c8fa4ffbd0d36ddf26477,cd94dd7a37a6160bf004a86f9d36765d,1.0,1,4,4
80d8a69b7c8b84247423da36627c0402,82746368fb04a9a9cc401ff05daac352,1.0,1,4,4
80d8a69b7c8b84247423da36627c0402,bfd87e5c567d5b53600cd4645b56a316,1.0,1,4,4
80d8a69b7c8b84247423da36627c0402,cd94dd7a37a6160bf004a86f9d36765d,1.0,1,4,4
82746368fb04a9a9cc401ff05daac352,bfd87e5c567d5b53600cd4645b56a316,1.0,1,4,4
82746368fb04a9a9cc401ff05daac352,cd94dd7a37a6160bf004a86f9d36765d,1.0,1,4,4
bfd87e5c567d5b53600cd4645b56a316,cd94dd7a37a6160bf004a86f9d36765d,1.0,1,4,4
0332fb05cd4a72c2eb50088262a4586f,94183723d784d37f33a1f6dd09ac7567,1.0,1,2,6
0332fb05cd4a72c2eb50088262a4586f,9b07fe36ad116125147576cb5894f231,1.0,1,2,6
152663d70e4be4581a920ddd1c7c6aac,94183723d784d37f33a1f6dd09ac7567,1.0,1,2,6
152663d70e4be4581a920ddd1c7c6aac,9b07fe36ad116125147576cb5894f231,1.0,1,2,6
1b691ff991aeb3802c0ac4545055af92,94183723d784d37f33a1f6dd09ac7567,1.0,1,2,6
1b691ff991aeb3802c0ac4545055af92,9b07fe36ad116125147576cb5894f231,1.0,1,2,6
373d3f34130410953210f0a3b76292d4,94183723d784d37f33a1f6dd09ac7567,1.0,1,2,6
373d3f34130410953210f0a3b76292d4,9b07fe36ad116125147576cb5894f231,1.0,1,2,6
3bb9fa30f4bbd9b9f1aac2be8d5928d7,94183723d784d37f33a1f6dd09ac7567,1.0,1,2,6
3bb9fa30f4bbd9b9f1aac2be8d5928d7,9b07fe36ad116125147576cb5894f231,1.0,1,2,6
3e4113733cb7d8c9cf71ea079787d94e,94183723d784d37f33a1f6dd09ac7567,1.0,1,2,6
3e4113733cb7d8c9cf71ea079787d94e,9b07fe36ad116125147576cb5894f231,1.0,1,2,6
3e6bc4180ba32d44f8278f211e2231f7,94183723d784d37f33a1f6dd09ac7567,1.0,1,2,6
3e6bc4180ba32d44f8278f211e2231f7,9b07fe36ad116125147576cb5894f231,1.0,1,2,6
4695e6647d14732e03a9091967c4d24a,94183723d784d37f33a1f6dd09ac7567,1.0,1,2,6
4695e6647d14732e03a9091967c4d24a,9b07fe36ad116125147576cb5894f231,1.0,1,2,6
533a17479e9f1cbe8d564a3c7673ad32,94183723d784d37f33a1f6dd09ac7567,1.0,1,2,6
533a17479e9f1cbe8d564a3c7673ad32,9b07fe36ad116125147576cb5894f231,1.0,1,2,6
6234bff8b25bd8336455555eb5f749da,94183723d784d37f33a1f6dd09ac7567,1.0,1,2,6
6234bff8b25bd8336455555eb5f749da,9b07fe36ad116125147576cb5894f231,1.0,1,2,6
8445873bcdd92958ac21038876888f88,94183723d784d37f33a1f6dd09ac7567,1.0,1,2,6
8445873bcdd92958ac21038876888f88,9b07fe36ad116125147576cb5894f231,1.0,1,2,6
86c8ebf0f68ffdcb8f01ff23de42d769,94183723d784d37f33a1f6dd09ac7567,1.0,1,2,6
86c8ebf0f68ffdcb8f01ff23de42d769,9b07fe36ad116125147576cb5894f231,1.0,1,2,6
94183723d784d37f33a1f6dd09ac7567,9f54b233b9ad5b53537a0eea4b718ed6,1.0,1,6,2
94183723d784d37f33a1f6dd09ac7567,b0393dd04c5516902c42d133f56fcee2,1.0,1,6,2
94183723d784d37f33a1f6dd09ac7567,d277892816aee9101b17cecd451657b0,1.0,1,6,2
94183723d784d37f33a1f6dd09ac7567,da8aa1e488d3f4b92fd348694ea1d075,1.0,1,6,2
94183723d784d37f33a1f6dd09ac7567,eb21f863a49a0d183c4fe97fb5e6b48e,1.0,1,6,2
94183723d784d37f33a1f6dd09ac7567,eca42597306dd33b3f771960f5c05acc,1.0,1,6,2
9b07fe36ad116125147576cb5894f231,9f54b233b9ad5b53537a0eea4b718ed6,1.0,1,6,2
9b07fe36ad116125147576cb5894f231,b0393dd04c5516902c42d133f56fcee2,1.0,1,6,2
9b07fe36ad116125147576cb5894f231,d277892816aee9101b17cecd451657b0,1.0,1,6,2
9b07fe36ad116125147576cb5894f231,da8aa1e488d3f4b92fd348694ea1d075,1.0,1,6,2
9b07fe36ad116125147576cb5894f231,eb21f863a49a0d183c4fe97fb5e6b48e,1.0,1,6,2
9b07fe36ad116125147576cb5894f231,eca42597306dd33b3f771960f5c05acc,1.0,1,6,2
2cac2c968d6e64f3d4dbc358ea518a8f,ff7f36f6ba0f1126bb95b635322cf9d2,1.0,1,2,6
4805c944b7235f559e0056dab6bc43f4,ff7f36f6ba0f1126bb95b635322cf9d2,1.0,1,2,6
51918bf7fe5503914943adb1960b9bf2,f6ce56125dd12927a023b879008a5ced,1.0,1,3,5
522e244a96d13876c5bac4985a8d5075,601d40163a6d34466955fe5b67a2c549,1.0,1,6,2
522e244a96d13876c5bac4985a8d5075,7dad8fac5907c97cce8b740ce67f178b,1.0,1,6,2
522e244a96d13876c5bac4985a8d5075,c1c7632732a487b1221e7bfb627c575f,1.0,1,6,2
3c1c78609df1d7b24046f141189d6476,3c7a1b8817ce0f7814a53f3fc779bc19,1.0,1,2,6
3c7a1b8817ce0f7814a53f3fc779bc19,8492c2c6148ac3449374058371dc78c6,1.0,1,6,2
3c7a1b8817ce0f7814a53f3fc779bc19,95c2ad3e523a6395602cb25b83e419c7,1.0,1,6,2
0461e1439177eb1bc814bc4d48dbd0bb,064fb6f70338688d1372235d95d92ff7,1.0,1,2,6
b1e45bddd6621638cecdf5eb6cce0f92,b507103bd81e5d0dc3e6c3d50a732f36,1.0,1,3,5
5e173e3a61caee66b96f214a6e5bf4cc,8b29166c3e2b7a11a9d08d33d8c2855d,1.0,1,3,5
776cad3fee13e08b582b75eb3cff929b,8b29166c3e2b7a11a9d08d33d8c2855d,1.0,1,3,5
06ef40d6e048bc6ca4c8b6f2190227e1,0f984f9ca7135856453915690249541f,1.0,1,4,4
175c218b2c3faf004c66a515df967b4f,b679873b72df26318869974877c766d5,1.0,1,4,4
a10c0d1e68e919e3d91ed940a0ba6aed,f4371991881a328886a134bbc99cec9e,1.0,1,2,6
a601294fe5eeb1f05f93b1a11bdd01cd,f4371991881a328886a134bbc99cec9e,1.0,1,2,6
b04f9b6744c2b4091990a9dd1e0c7aaf,f4371991881a328886a134bbc99cec9e,1.0,1,2,6
1985ee4e25eee7fc657c6052e733c3d3,83aca63b2193ea126b287f3ae61528d9,1.0,1,2,6
31318a0597cd9d50ce4cfd03c80fe780,83aca63b2193ea126b287f3ae61528d9,1.0,1,2,6
452fab1c62b178922fc011b0eb89c1b9,83aca63b2193ea126b287f3ae61528d9,1.0,1,2,6
5bd86f8bd79bd3de2c99a5af1699b6a1,5fff3ec8fc85df5fe57190fd9b6543ed,1.0,1,3,5
83aca63b2193ea126b287f3ae61528d9,9e8993ba2665307b71bd1641c2e1cb3d,1.0,1,6,2
83aca63b2193ea126b287f3ae61528d9,9eae34bbd3a474ec5d07949ca7de67c0,1.0,1,6,2
83aca63b2193ea126b287f3ae61528d9,ca9522ba7a7c70fc06b2a82471681ce4,1.0,1,6,2
83aca63b2193ea126b287f3ae61528d9,e8198977f57313464a8c3fd122c40050,1.0,1,6,2
1387a0c12934ae05c968ec7313927811,39a2f936ce8890dc3112d7869c18200f,1.0,1,4,4
08f77862a18100d978ece3564a80366d,998137918d30f89547129f9f991f98e8,1.0,1,6,2
06ee95df85ab27db04eebc85ce42e3df,c143eafe10719dcc7dc0a855b2e3554d,1.0,1,2,6
3e8ec82c18ec9053aca2a527a3eb8494,c143eafe10719dcc7dc0a855b2e3554d,1.0,1,2,6
c143eafe10719dcc7dc0a855b2e3554d,e6c6259c52ccacc4cf38c2dbedcb7ee5,1.0,1,6,2
159d2ae0c3234b0dcaf35bd844a99564,831a032a3327e2b8325faf9d37953870,1.0,1,2,6
2051da8c86950104ad66748a1024abb8,831a032a3327e2b8325faf9d37953870,1.0,1,2,6
52bfbce3fe777635d0c5bb7b948ea28d,7a1596106b2eba9105f0ca6a5676ab33,1.0,1,5,3
6cbfcc29787035834a40a46f5898436a,831a032a3327e2b8325faf9d37953870,1.0,1,2,6
831a032a3327e2b8325faf9d37953870,a8cace4dc9e5fcc3be52319160150f24,1.0,1,6,2
07edb6092d391eea668598f604cb8a80,95525127999a756443df590cc5aabe88,1.0,1,3,5
108a66846771910748a726a8073ee888,2ee975c9c2318bfa81d7c2ba24325099,1.0,1,2,6
108a66846771910748a726a8073ee888,8c4f1ee04e97bc9c43c73916cbb78479,1.0,1,2,6
2ee975c9c2318bfa81d7c2ba24325099,6741fe058b7a7605920b9060b234294e,1.0,1,6,2
2ee975c9c2318bfa81d7c2ba24325099,75c1ef8a4a5dfef887f4fdc9cf843da5,1.0,1,6,2
2ee975c9c2318bfa81d7c2ba24325099,f145d50379275ab9931636f83b0102eb,1.0,1,6,2
5fe7677db087a1f3a4078a4fa15c7a56,95525127999a756443df590cc5aabe88,1.0,1,3,5
6741fe058b7a7605920b9060b234294e,8c4f1ee04e97bc9c43c73916cbb78479,1.0,1,2,6
75c1ef8a4a5dfef887f4fdc9cf843da5,8c4f1ee04e97bc9c43c73916cbb78479,1.0,1,2,6
8c4f1ee04e97bc9c43c73916cbb78479,f145d50379275ab9931636f83b0102eb,1.0,1,6,2
a35e6ad969a4298593c504f69c03efb4,b08b68bac767c3269e827f822d308182,1.0,1,3,5
22149fef0f3bf67cfb02c878f3cfc2a0,e34062e6dec5792011cd8a2a18aa451e,1.0,1,2,6
597985c8ce3d3724c7a28dd36ebeb2a0,e34062e6dec5792011cd8a2a18aa451e,1.0,1,2,6
09ed9b91e77dcb56c1c1e7fdf7fc100c,1025bf870ecc9804564c89a9607c23c8,1.0,1,6,2
09ed9b91e77dcb56c1c1e7fdf7fc100c,5788b89c1d6ae5994dd642df916ef589,1.0,1,6,2
09ed9b91e77dcb56c1c1e7fdf7fc100c,5a7d5a787e29740d5655145a9aa59f70,1.0,1,6,2
0abde252539bc2518655872435b9fa54,12be5c21c3dd91c968ba438dec8804e2,1.0,1,2,6
12be5c21c3dd91c968ba438dec8804e2,207a5537c81aceaf5ef4f5b1ee4cd09c,1.0,1,6,2
1adda1d29648d09ecb614183224283ab,6ff2b31b4f80df6b9788d08a13de9ba0,1.0,1,3,5
6ff2b31b4f80df6b9788d08a13de9ba0,d2bbc82920b7993ce1ed23b1d6313afc,1.0,1,5,3
0bd0b4a708763e74a231d629b7b881fb,9627e55290c60f562fa06f399ec6b82f,1.0,1,2,6
9627e55290c60f562fa06f399ec6b82f,9f969d9db04ebeab0ec2c9b7ad3b5bbe,1.0,1,6,2
9627e55290c60f562fa06f399ec6b82f,b3c80916d91d2b4773aa20445910efc1,1.0,1,6,2
bc50d0c6d5effaefb4d2423feda931d7,e50ff3ebfcf05fa082ade56e01b56539,1.0,1,6,2
898c64f6f6832078c1ea7f006ad3a54f,f13279d72188bad67ecedf9c1c6a0cf7,1.0,1,6,2
3f1577ae405a1a1aad963e093b05ac6d,cccea89786378fa8bec9e9bbbea8f494,1.0,1,4,4
bdb2114573d1e00a29b0e01a67441cb5,ce839bf77a192f7bf02be8b01ee3af1f,1.0,1,3,5
d18ba4602d649c19b02974c0cb8aa016,fb51f201e03ae4c1660697b469f3333f,1.0,1,5,3
11d324484eaf9aeec19043bba2afd001,1bc971bb9063045e77e998c939cc394e,1.0,1,4,4
b7a2031a9c81771331eca9f0f8213ee0,d26420cca939f78a409db32872c4c8f5,1.0,1,3,5
114c08b859e275589938f3af9b2c6773,1d3e756d12649ccfe5a47a02628baec3,1.0,1,6,2
14391c381a3011bdaac2c5ab5fee642d,154a5a9962a76cee141236c96aa045ca,1.0,1,6,2
14391c381a3011bdaac2c5ab5fee642d,15bd73fd31976616a6857ebe833c006d,1.0,1,6,2
14391c381a3011bdaac2c5ab5fee642d,531f8d2a8f04b3fbbb76e35ceaf8dfe2,1.0,1,6,2
14391c381a3011bdaac2c5ab5fee642d,670df3711f72fcfcd719c07d8d2e568e,1.0,1,6,2
14391c381a3011bdaac2c5ab5fee642d,694bde413be910bc563ab60079e097b4,1.0,1,6,2
14391c381a3011bdaac2c5ab5fee642d,7dc8324c65afb4144c93e81a06ca1686,1.0,1,6,2
14391c381a3011bdaac2c5ab5fee642d,b816c3f833722212e7dd706e07292a0e,1.0,1,6,2
154a5a9962a76cee141236c96aa045ca,94bfb520c0cb6ffd9f36aa7b75f0efe1,1.0,1,2,6
154a5a9962a76cee141236c96aa045ca,b1972e951abdf114b6ebc0182b3b31c6,1.0,1,2,6
15bd73fd31976616a6857ebe833c006d,94bfb520c0cb6ffd9f36aa7b75f0efe1,1.0,1,2,6
15bd73fd31976616a6857ebe833c006d,b1972e951abdf114b6ebc0182b3b31c6,1.0,1,2,6
531f8d2a8f04b3fbbb76e35ceaf8dfe2,94bfb520c0cb6ffd9f36aa7b75f0efe1,1.0,1,2,6
531f8d2a8f04b3fbbb76e35ceaf8dfe2,b1972e951abdf114b6ebc0182b3b31c6,1.0,1,2,6
6419a1be8feac26ec793667b71cbaeb4,e8cb0c78d44d572d96674d666f082fed,1.0,1,5,3
670df3711f72fcfcd719c07d8d2e568e,94bfb520c0cb6ffd9f36aa7b75f0efe1,1.0,1,2,6
670df3711f72fcfcd719c07d8d2e568e,b1972e951abdf114b6ebc0182b3b31c6,1.0,1,2,6
694bde413be910bc563ab60079e097b4,94bfb520c0cb6ffd9f36aa7b75f0efe1,1.0,1,2,6
694bde413be910bc563ab60079e097b4,b1972e951abdf114b6ebc0182b3b31c6,1.0,1,2,6
7dc8324c65afb4144c93e81a06ca1686,94bfb520c0cb6ffd9f36aa7b75f0efe1,1.0,1,2,6
7dc8324c65afb4144c93e81a06ca1686,b1972e951abdf114b6ebc0182b3b31c6,1.0,1,2,6
94bfb520c0cb6ffd9f36aa7b75f0efe1,b816c3f833722212e7dd706e07292a0e,1.0,1,6,2
b1972e951abdf114b6ebc0182b3b31c6,b816c3f833722212e7dd706e07292a0e,1.0,1,6,2
118a3106c2751acaec7b49424cefda3e,c711281b84a34c675e87a38a6ec7b578,1.0,1,2,6
12138e8ba93973c9b561253683f5581b,9271d8382e15324f1704571bb2dd3147,1.0,1,7,1
13071413b2d7b730db1cd98a4611f2b2,d194eea5b8f6b67992f5a3ca32ac401c,1.0,1,6,2
364f7934597f72889dd3e205e8c80778,4b7e6033848b60b9492388db740eaa13,1.0,1,6,2
56e712c4cd3247a596f8806f950459bc,624923d10b950e6ba1e98731d5d157c3,1.0,1,4,4
17fdbc7bf5923361a92c5630bdd80cd6,d5cce2d8c29533983e7932fc9f914a86,1.0,1,6,2
1a431b876dce84b93132c2f8bf2701a0,74cb21ed97707645fbb69231f30a55ba,1.0,1,2,6
2a9671898590b884d3b740014991a33d,74cb21ed97707645fbb69231f30a55ba,1.0,1,2,6
3cd3127e3533fe632e21af1862a51c7b,f43e533381a4e43d80c05aa7d4508d27,1.0,1,3,5
74cb21ed97707645fbb69231f30a55ba,c540aa5574eeb88d5f8a75d3bf3440d9,1.0,1,6,2
74cb21ed97707645fbb69231f30a55ba,e396ecdd3e04d8260909e5b5193179fa,1.0,1,6,2
7fb191b031c09431d3aebc2af9136bf3,f43e533381a4e43d80c05aa7d4508d27,1.0,1,3,5
c32b20d9385cb48398ec96ff8c75357d,f43e533381a4e43d80c05aa7d4508d27,1.0,1,3,5
3d540559ce0677a17f45eab0cb113c8d,e246473a236ca29747182e7986dbdb7a,1.0,1,4,4
632d1a92422747296ed01d83281f874c,ca8a8f33d835d768e8480c755581f2f9,1.0,1,6,2
52e9d962b5cd7e8dee12b5086a6f2f1f,721d3d94afffd9ef57b7b06fcbcbdeae,1.0,1,4,4
1f76b2116007307fb127ce70e489e0be,dfe404bc538d4172a3c0291fca2e74ee,1.0,1,2,6
6502d0e082d6440dbe54d92418a450ed,dfe404bc538d4172a3c0291fca2e74ee,1.0,1,2,6
6e084572257e542c43e139553ac21a41,a2db815b0f1b2ee7993ab1ca583f8bf4,1.0,1,6,2
2846c0c6219403dd2c92c53ffa41453b,acc619a5022471a3007a9bf8c7779f07,1.0,1,6,2
2534aafcae446257e91626269b9e185e,633965a3dd93f01be3a94fc5b0a5f5d6,1.0,1,4,4
26c602fff4586cb473c2c37abe87caef,6db178649b8d1204db26f123bc69a81b,1.0,1,5,3
2909970316bbbd6a90d8902bd1b426ec,ffe96201d466b0e0dc8139850be29d5d,1.0,1,6,2
29e4b8a35002f9a22daf3e7664046f3d,cbc8cdd177ca382f628067cee8107104,1.0,1,2,6
33aa7a655357393d343ab311ad339df0,60d2143d5622c5f6708253156c308b5e,1.0,1,6,2
3a205021b542565ebf170c0ec55783d9,c5365631fcd0f5ae1802e798e1b7d692,1.0,1,4,4
3b3cc28dd7cc5ac2e6ee4ca3192e4c0e,66687f241e65be2fc37e4213aebd2d76,1.0,1,2,6
3c0a84971d7dc4508677de941491ac3e,d5f4d315a02dde7b381306b21a2bb9c2,1.0,1,1,7
4852ba4cb09d03a665c840db8e61a749,559026a1299bd2ede976c8d516d92258,1.0,1,3,5
54aeac14df5ddad1e55f76c88d37d49f,774e14c9e99818f29dc050f9cf9f9cff,1.0,1,4,4
54aeac14df5ddad1e55f76c88d37d49f,85e2c6230d1b9e2241cdd03d81bd0069,1.0,1,4,4
54aeac14df5ddad1e55f76c88d37d49f,a464f750556546a0989d9326ec003ccf,1.0,1,4,4
774e14c9e99818f29dc050f9cf9f9cff,85e2c6230d1b9e2241cdd03d81bd0069,1.0,1,4,4
774e14c9e99818f29dc050f9cf9f9cff,a464f750556546a0989d9326ec003ccf,1.0,1,4,4
85e2c6230d1b9e2241cdd03d81bd0069,a464f750556546a0989d9326ec003ccf,1.0,1,4,4
78acd50d033f80538ef65fb5c5bb07ce,cd076285a12f40041b32f5ad8c98699f,1.0,1,6,2
8092414d9e685a6d762729fccdd4af93,ed2aefc9429d94cbdb95134933ff9894,1.0,1,6,2
5b1c8840f193d447fa06ec6cfba429ec,d36fc675519adcbd1e824cabc25bda07,1.0,1,4,4
64d2c91cc64e2257f6f2bfec86a1e68d,90ea7a4241b8ef1972e506ffa3edc740,1.0,1,6,2
889ca357651222fc08560aa20b75f59b,d242c2a33b19c5fab2ccf4f67dcaba86,1.0,1,3,5
9dbe75b8fae867304de2035d63f6f62f,dfe96ce580a21f177c1d85fe2c78e1ab,1.0,1,3,5
0005ef4cd20d2893f0d9fbd94d3c0d97,bf429f20c75a39eab83442cda8e59832,1.0,1,1,6
3a14c1c15d664589b4b5fa4a5b458c0a,bf429f20c75a39eab83442cda8e59832,1.0,1,1,6
929031309b8a3bc294614f8562a1eece,bf429f20c75a39eab83442cda8e59832,1.0,1,1,6
b7bf41e97e42aae7517baf9c28887010,bf429f20c75a39eab83442cda8e59832,1.0,1,1,6
bf429f20c75a39eab83442cda8e59832,ffef0ffa736c7b3d9af741611089729b,1.0,1,6,1
0029bd580d3012618731f5abb174a07f,5ed5ff23e88328ba909334ac76a282f9,1.0,1,1,6
0f6eccf6038c19979ef7336561d15bbf,5ed5ff23e88328ba909334ac76a282f9,1.0,1,1,6
1b6d5b92615ec6c0d7dafa4002ba63be,5ed5ff23e88328ba909334ac76a282f9,1.0,1,1,6
1eaa53faf68bb4c2a2d95a56b63aa8b1,5ed5ff23e88328ba909334ac76a282f9,1.0,1,1,6
33bdb3c2a43deb2066f3a83bd6590e4b,5ed5ff23e88328ba909334ac76a282f9,1.0,1,1,6
354786594ffe758a2f3737c071b0e298,5ed5ff23e88328ba909334ac76a282f9,1.0,1,1,6
4e6661ca84f39a29a21ee322e4ae6009,5ed5ff23e88328ba909334ac76a282f9,1.0,1,1,6
52ce1bd79371ddbd7327858e68d5d30a,5ed5ff23e88328ba909334ac76a282f9,1.0,1,1,6
5ed5ff23e88328ba909334ac76a282f9,6e9b39abcb66317159d3c1404ebba41f,1.0,1,6,1
5ed5ff23e88328ba909334ac76a282f9,71dbcb0126e65f6f0b396e8f36752972,1.0,1,6,1
5ed5ff23e88328ba909334ac76a282f9,8a5ec8d40544bd13f6e090182ba60008,1.0,1,6,1
5ed5ff23e88328ba909334ac76a282f9,a5f267050a4c3388618910798d404fad,1.0,1,6,1
5ed5ff23e88328ba909334ac76a282f9,b006daf9e364b459b9069d408dfda18c,1.0,1,6,1
5ed5ff23e88328ba909334ac76a282f9,b5868411e17e4c39e9f05bcce025c4e5,1.0,1,6,1
5ed5ff23e88328ba909334ac76a282f9,bc48a527681808922a9f84958a8d2632,1.0,1,6,1
5ed5ff23e88328ba909334ac76a282f9,cab8bb774d68b4a3941fb96c4e18e975,1.0,1,6,1
5ed5ff23e88328ba909334ac76a282f9,f78a3ca3b592aed753aa6e98ca754552,1.0,1,6,1
002cdf87d4c03f08f7eb4551a923affc,fb98136edc2c0f996bfad36a0c7e1306,1.0,1,1,6
004177f7bf62929186b32c7fdaa6157b,2214477bc746c01d7e790dba816a9a2c,1.0,1,2,5
061978c4a1b3012b567a5d51eefd1157,fb98136edc2c0f996bfad36a0c7e1306,1.0,1,1,6
07d190f123147d9e89d4b922543d7948,fb98136edc2c0f996bfad36a0c7e1306,1.0,1,1,6
142ed0dad12a73d4e9eac64b4918fe2a,fb98136edc2c0f996bfad36a0c7e1306,1.0,1,1,6
157c95d6d16d5c99d6c0355f3f8fb220,5336f61f924dcb211eb237913264ba03,1.0,1,3,4
1ff84fc35d497c84a22e3540c5ec01bb,fb98136edc2c0f996bfad36a0c7e1306,1.0,1,1,6
214629c0968df90a29892da7512fcf8a,fb98136edc2c0f996bfad36a0c7e1306,1.0,1,1,6
2214477bc746c01d7e790dba816a9a2c,83a16b78a57c8394d33c2f5d1cb87ee5,1.0,1,5,2
2214477bc746c01d7e790dba816a9a2c,e3ef84cf39eff855c409b42542ce9be9,1.0,1,5,2
2214477bc746c01d7e790dba816a9a2c,ff763f6fccce840a04aea139ec04c86c,1.0,1,5,2
2979ee9a051b1e82604d7dfbfcec73ec,fb98136edc2c0f996bfad36a0c7e1306,1.0,1,1,6
4a790a1b18f0a9d7fcb468a407fa045b,fb98136edc2c0f996bfad36a0c7e1306,1.0,1,1,6
50a4d93c1a7e41dbc70d422195ac75b3,fb98136edc2c0f996bfad36a0c7e1306,1.0,1,1,6
6a53109a98162e696df52f83d20a2c03,fb98136edc2c0f996bfad36a0c7e1306,1.0,1,1,6
71c53de9f8c6c2572a8308ed382774a4,fb98136edc2c0f996bfad36a0c7e1306,1.0,1,1,6
7395b7864f1b33252013547d30b94240,fb98136edc2c0f996bfad36a0c7e1306,1.0,1,1,6
752fc5cc8aa8402ab155ab39828beaf6,fb98136edc2c0f996bfad36a0c7e1306,1.0,1,1,6
7731e7b84ca2c215e20d08c4ebbb50ff,fb98136edc2c0f996bfad36a0c7e1306,1.0,1,1,6
833dd5cf1e199f5ff69147376894a0aa,fb98136edc2c0f996bfad36a0c7e1306,1.0,1,1,6
8fb0376e151713747c496f5786f8e042,fb98136edc2c0f996bfad36a0c7e1306,1.0,1,1,6
8ffc19affc6337074163ce2baf5ad841,fb98136edc2c0f996bfad36a0c7e1306,1.0,1,1,6
97931a3564e3864b299b37bb238568dd,fb98136edc2c0f996bfad36a0c7e1306,1.0,1,1,6
a1c839a978e05fedd92fec96d4ea685d,fb98136edc2c0f996bfad36a0c7e1306,1.0,1,1,6
a68fe6e56f82c6c8a3dfaff569685f6f,fb98136edc2c0f996bfad36a0c7e1306,1.0,1,1,6
b2132bdaf756ec51ced38891421b72d6,fb98136edc2c0f996bfad36a0c7e1306,1.0,1,1,6
b3b93eb44cd2fca7c68c31839c478070,fb98136edc2c0f996bfad36a0c7e1306,1.0,1,1,6
bac4a0cb0d264eed664e810165d1c5c7,fb98136edc2c0f996bfad36a0c7e1306,1.0,1,1,6
c14bcf825efa083cbffda0036cccde7d,fb98136edc2c0f996bfad36a0c7e1306,1.0,1,1,6
c6c0b794d3e4eb69cd85d1438a0db26e,fb98136edc2c0f996bfad36a0c7e1306,1.0,1,1,6
c6e9898e783e5d990c462199a8314ba8,fb98136edc2c0f996bfad36a0c7e1306,1.0,1,1,6
c6fc2915052475470fcee6e3b07b4f46,fb98136edc2c0f996bfad36a0c7e1306,1.0,1,1,6
ce7ad2b963f8246d249b10fae033937f,fb98136edc2c0f996bfad36a0c7e1306,1.0,1,1,6
cf36ed9ae038c623d695d40cb7ef0890,fb98136edc2c0f996bfad36a0c7e1306,1.0,1,1,6
cfcdff180fb001b7c81c50010eaee53c,fb98136edc2c0f996bfad36a0c7e1306,1.0,1,1,6
d867d0c1c893268d9473255b0f8480c7,fb98136edc2c0f996bfad36a0c7e1306,1.0,1,1,6
dd20cdd757450654f15bdf7a62c4d18a,fb98136edc2c0f996bfad36a0c7e1306,1.0,1,1,6
e5e2698d69db1201c1084f1cdae68239,fb98136edc2c0f996bfad36a0c7e1306,1.0,1,1,6
e74047a9c3d3695325da90d83efc6e69,fb98136edc2c0f996bfad36a0c7e1306,1.0,1,1,6
fb98136edc2c0f996bfad36a0c7e1306,fc29c90853ee133fe921be3fc4ce9e02,1.0,1,6,1
fb98136edc2c0f996bfad36a0c7e1306,ff7e4c6d850a75c37a13d0bfcdee483e,1.0,1,6,1
0064a1b5f5cddd047c987b988a90c8c1,270aac56747e4e1b47a2ab1058a4ca4d,1.0,1,4,3
0064a1b5f5cddd047c987b988a90c8c1,2c50af4ba02025d2f9256d89723d3c18,1.0,1,4,3
0064a1b5f5cddd047c987b988a90c8c1,4ea07e24e59ceae33aeb18024919b4d8,1.0,1,4,3
0064a1b5f5cddd047c987b988a90c8c1,62d04de212af0333758cfb1a2d98dad0,1.0,1,4,3
0064a1b5f5cddd047c987b988a90c8c1,768e9ed92dd4fe880672c8e90dc4f74c,1.0,1,4,3
0064a1b5f5cddd047c987b988a90c8c1,9cbd11daac8f21468a69219da8eeed76,1.0,1,4,3
0064a1b5f5cddd047c987b988a90c8c1,a96d5cfa0d3181817e2b946f921ea021,1.0,1,4,3
0064a1b5f5cddd047c987b988a90c8c1,c85df1c6ef6f7bb605e1c49d34f172ee,1.0,1,4,3
0064a1b5f5cddd047c987b988a90c8c1,e87cdd2fb9f1d3ff3438a9d02e454793,1.0,1,4,3
0aff838d826afd9c11d8d35f114c0505,1c3a2bab6b3e18d65aa3923e2ec7b5db,1.0,1,2,5
0aff838d826afd9c11d8d35f114c0505,f50e0207673076aa6cd350a771426079,1.0,1,2,5
15090f48004f3b0fc18a167ef82af4db,270aac56747e4e1b47a2ab1058a4ca4d,1.0,1,4,3
15090f48004f3b0fc18a167ef82af4db,2c50af4ba02025d2f9256d89723d3c18,1.0,1,4,3
15090f48004f3b0fc18a167ef82af4db,4ea07e24e59ceae33aeb18024919b4d8,1.0,1,4,3
15090f48004f3b0fc18a167ef82af4db,62d04de212af0333758cfb1a2d98dad0,1.0,1,4,3
15090f48004f3b0fc18a167ef82af4db,768e9ed92dd4fe880672c8e90dc4f74c,1.0,1,4,3
15090f48004f3b0fc18a167ef82af4db,9cbd11daac8f21468a69219da8eeed76,1.0,1,4,3
15090f48004f3b0fc18a167ef82af4db,a96d5cfa0d3181817e2b946f921ea021,1.0,1,4,3
15090f48004f3b0fc18a167ef82af4db,c85df1c6ef6f7bb605e1c49d34f172ee,1.0,1,4,3
15090f48004f3b0fc18a167ef82af4db,e87cdd2fb9f1d3ff3438a9d02e454793,1.0,1,4,3
19a16d1ed9ac39eacc3f8ba2aad13898,270aac56747e4e1b47a2ab1058a4ca4d,1.0,1,4,3
19a16d1ed9ac39eacc3f8ba2aad13898,2c50af4ba02025d2f9256d89723d3c18,1.0,1,4,3
19a16d1ed9ac39eacc3f8ba2aad13898,4ea07e24e59ceae33aeb18024919b4d8,1.0,1,4,3
19a16d1ed9ac39eacc3f8ba2aad13898,62d04de212af0333758cfb1a2d98dad0,1.0,1,4,3
19a16d1ed9ac39eacc3f8ba2aad13898,768e9ed92dd4fe880672c8e90dc4f74c,1.0,1,4,3
19a16d1ed9ac39eacc3f8ba2aad13898,9cbd11daac8f21468a69219da8eeed76,1.0,1,4,3
19a16d1ed9ac39eacc3f8ba2aad13898,a96d5cfa0d3181817e2b946f921ea021,1.0,1,4,3
19a16d1ed9ac39eacc3f8ba2aad13898,c85df1c6ef6f7bb605e1c49d34f172ee,1.0,1,4,3
19a16d1ed9ac39eacc3f8ba2aad13898,e87cdd2fb9f1d3ff3438a9d02e454793,1.0,1,4,3
1c3a2bab6b3e18d65aa3923e2ec7b5db,1d89dac71bba7665752a6e92475eacf7,1.0,1,5,2
1c3a2bab6b3e18d65aa3923e2ec7b5db,20315d2fd2943f5ee5fd4b4cac993a7b,1.0,1,5,2
1c3a2bab6b3e18d65aa3923e2ec7b5db,25d0c258ec48d01a49f900159b925fe6,1.0,1,5,2
1c3a2bab6b3e18d65aa3923e2ec7b5db,2e88baab9c2ef8e9e915a90d0c7fb5ae,1.0,1,5,2
1c3a2bab6b3e18d65aa3923e2ec7b5db,36580bf41e01fe07a72d6e9b4a8d4dfc,1.0,1,5,2
1c3a2bab6b3e18d65aa3923e2ec7b5db,36a99d467d12cc521cb622bc4927bfca,1.0,1,5,2
1c3a2bab6b3e18d65aa3923e2ec7b5db,3cd77f358fcbe4116c33ac9875f27705,1.0,1,5,2
1c3a2bab6b3e18d65aa3923e2ec7b5db,3e92141d9fe7b1e89a4ee67b91f30bba,1.0,1,5,2
1c3a2bab6b3e18d65aa3923e2ec7b5db,41d7a050f54d46cc6afff79ff1ac4997,1.0,1,5,2
1c3a2bab6b3e18d65aa3923e2ec7b5db,43a549267000aab7a3773f5e6f97d1c6,1.0,1,5,2
1c3a2bab6b3e18d65aa3923e2ec7b5db,49e3dd51659577fd2fff8f09779586af,1.0,1,5,2
1c3a2bab6b3e18d65aa3923e2ec7b5db,4cda12819dc2b2df02ab1cdc1a0aaf0d,1.0,1,5,2
1c3a2bab6b3e18d65aa3923e2ec7b5db,61205a70bc04dfe2dcca28367704ca40,1.0,1,5,2
1c3a2bab6b3e18d65aa3923e2ec7b5db,6181411328cc49b514bc84fa11502752,1.0,1,5,2
1c3a2bab6b3e18d65aa3923e2ec7b5db,6db3c61deb6b9959f4204e302af02215,1.0,1,5,2
1c3a2bab6b3e18d65aa3923e2ec7b5db,798c51ba7cb7ae0428009a93ee51ebb8,1.0,1,5,2
1c3a2bab6b3e18d65aa3923e2ec7b5db,817dda6a694ae70dbe4157d6a5ec917d,1.0,1,5,2
1c3a2bab6b3e18d65aa3923e2ec7b5db,8bc6490faac5eb5d8698443dad129f2f,1.0,1,5,2
1c3a2bab6b3e18d65aa3923e2ec7b5db,8e84222ad36cb6ab528b745ae6e18d11,1.0,1,5,2
1c3a2bab6b3e18d65aa3923e2ec7b5db,8e8b93eb17dd51b9b77e72eedb03dd32,1.0,1,5,2
1c3a2bab6b3e18d65aa3923e2ec7b5db,92cacd5d8e7a748b2a50db01988535b8,1.0,1,5,2
1c3a2bab6b3e18d65aa3923e2ec7b5db,97f33c3c715c866be7eade4186a891bd,1.0,1,5,2
1c3a2bab6b3e18d65aa3923e2ec7b5db,9da935f0be40e2ceb003fe01731fac57,1.0,1,5,2
1c3a2bab6b3e18d65aa3923e2ec7b5db,9e4159995424971423b98c4a8bc11529,1.0,1,5,2
1c3a2bab6b3e18d65aa3923e2ec7b5db,a6303dd3323275ac03b5c38a55a16659,1.0,1,5,2
1c3a2bab6b3e18d65aa3923e2ec7b5db,a9e7ef3d62f583d305fccfcc632f45df,1.0,1,5,2
1c3a2bab6b3e18d65aa3923e2ec7b5db,af361e6472bebb98baf67b62201f9abb,1.0,1,5,2
1c3a2bab6b3e18d65aa3923e2ec7b5db,afad0f2ff6db48eaf48e85d9eff34373,1.0,1,5,2
1c3a2bab6b3e18d65aa3923e2ec7b5db,b47ab9a33340be8e600a66b36022eb36,1.0,1,5,2
1c3a2bab6b3e18d65aa3923e2ec7b5db,b991b7e059c4f9e3743242db138403f7,1.0,1,5,2
1c3a2bab6b3e18d65aa3923e2ec7b5db,bbfbf00ca35317821c1d773e7509c4d1,1.0,1,5,2
1c3a2bab6b3e18d65aa3923e2ec7b5db,bc129fa5a30c1e9f64d840dd6d0e574a,1.0,1,5,2
1c3a2bab6b3e18d65aa3923e2ec7b5db,c5ae8dc077209a38cc64ba830ac26bbd,1.0,1,5,2
1c3a2bab6b3e18d65aa3923e2ec7b5db,c7b5bf93064681e82c7ba602c7a28837,1.0,1,5,2
1c3a2bab6b3e18d65aa3923e2ec7b5db,d18801986f1018abdb3cba0470a6b9a6,1.0,1,5,2
1c3a2bab6b3e18d65aa3923e2ec7b5db,eed3d9c8e42c6b95338e0a8b675640e6,1.0,1,5,2
1c3a2bab6b3e18d65aa3923e2ec7b5db,f0bde7d292f0931e16e51d29340433ea,1.0,1,5,2
1c3a2bab6b3e18d65aa3923e2ec7b5db,f0f25e4076f56c818856f368f7928ae7,1.0,1,5,2
1c3a2bab6b3e18d65aa3923e2ec7b5db,f1097c9562bd8f87de1e69c30b3b08eb,1.0,1,5,2
1c3a2bab6b3e18d65aa3923e2ec7b5db,fb68daff9a009ca8d050e427e84c231e,1.0,1,5,2
1d89dac71bba7665752a6e92475eacf7,f50e0207673076aa6cd350a771426079,1.0,1,2,5
20315d2fd2943f5ee5fd4b4cac993a7b,f50e0207673076aa6cd350a771426079,1.0,1,2,5
25d0c258ec48d01a49f900159b925fe6,f50e0207673076aa6cd350a771426079,1.0,1,2,5
270aac56747e4e1b47a2ab1058a4ca4d,4d6365e0380d725248a1a2aa490d7f0b,1.0,1,3,4
270aac56747e4e1b47a2ab1058a4ca4d,f81d21d920dcc2483b1043a064f3a9bd,1.0,1,3,4
2c50af4ba02025d2f9256d89723d3c18,4d6365e0380d725248a1a2aa490d7f0b,1.0,1,3,4
2c50af4ba02025d2f9256d89723d3c18,f81d21d920dcc2483b1043a064f3a9bd,1.0,1,3,4
2e88baab9c2ef8e9e915a90d0c7fb5ae,f50e0207673076aa6cd350a771426079,1.0,1,2,5
36580bf41e01fe07a72d6e9b4a8d4dfc,f50e0207673076aa6cd350a771426079,1.0,1,2,5
36a99d467d12cc521cb622bc4927bfca,f50e0207673076aa6cd350a771426079,1.0,1,2,5
3cd77f358fcbe4116c33ac9875f27705,f50e0207673076aa6cd350a771426079,1.0,1,2,5
3e92141d9fe7b1e89a4ee67b91f30bba,f50e0207673076aa6cd350a771426079,1.0,1,2,5
41d7a050f54d46cc6afff79ff1ac4997,f50e0207673076aa6cd350a771426079,1.0,1,2,5
43a549267000aab7a3773f5e6f97d1c6,f50e0207673076aa6cd350a771426079,1.0,1,2,5
49e3dd51659577fd2fff8f09779586af,f50e0207673076aa6cd350a771426079,1.0,1,2,5
4cda12819dc2b2df02ab1cdc1a0aaf0d,f50e0207673076aa6cd350a771426079,1.0,1,2,5
4d6365e0380d725248a1a2aa490d7f0b,4ea07e24e59ceae33aeb18024919b4d8,1.0,1,4,3
4d6365e0380d725248a1a2aa490d7f0b,62d04de212af0333758cfb1a2d98dad0,1.0,1,4,3
4d6365e0380d725248a1a2aa490d7f0b,768e9ed92dd4fe880672c8e90dc4f74c,1.0,1,4,3
4d6365e0380d725248a1a2aa490d7f0b,9cbd11daac8f21468a69219da8eeed76,1.0,1,4,3
4d6365e0380d725248a1a2aa490d7f0b,a96d5cfa0d3181817e2b946f921ea021,1.0,1,4,3
4d6365e0380d725248a1a2aa490d7f0b,c85df1c6ef6f7bb605e1c49d34f172ee,1.0,1,4,3
4d6365e0380d725248a1a2aa490d7f0b,e87cdd2fb9f1d3ff3438a9d02e454793,1.0,1,4,3
4ea07e24e59ceae33aeb18024919b4d8,f81d21d920dcc2483b1043a064f3a9bd,1.0,1,3,4
61205a70bc04dfe2dcca28367704ca40,f50e0207673076aa6cd350a771426079,1.0,1,2,5
6181411328cc49b514bc84fa11502752,f50e0207673076aa6cd350a771426079,1.0,1,2,5
62d04de212af0333758cfb1a2d98dad0,f81d21d920dcc2483b1043a064f3a9bd,1.0,1,3,4
6db3c61deb6b9959f4204e302af02215,f50e0207673076aa6cd350a771426079,1.0,1,2,5
768e9ed92dd4fe880672c8e90dc4f74c,f81d21d920dcc2483b1043a064f3a9bd,1.0,1,3,4
798c51ba7cb7ae0428009a93ee51ebb8,f50e0207673076aa6cd350a771426079,1.0,1,2,5
817dda6a694ae70dbe4157d6a5ec917d,f50e0207673076aa6cd350a771426079,1.0,1,2,5
8bc6490faac5eb5d8698443dad129f2f,f50e0207673076aa6cd350a771426079,1.0,1,2,5
8e84222ad36cb6ab528b745ae6e18d11,f50e0207673076aa6cd350a771426079,1.0,1,2,5
8e8b93eb17dd51b9b77e72eedb03dd32,f50e0207673076aa6cd350a771426079,1.0,1,2,5
92cacd5d8e7a748b2a50db01988535b8,f50e0207673076aa6cd350a771426079,1.0,1,2,5
97f33c3c715c866be7eade4186a891bd,f50e0207673076aa6cd350a771426079,1.0,1,2,5
9cbd11daac8f21468a69219da8eeed76,f81d21d920dcc2483b1043a064f3a9bd,1.0,1,3,4
9da935f0be40e2ceb003fe01731fac57,f50e0207673076aa6cd350a771426079,1.0,1,2,5
9e4159995424971423b98c4a8bc11529,f50e0207673076aa6cd350a771426079,1.0,1,2,5
a6303dd3323275ac03b5c38a55a16659,f50e0207673076aa6cd350a771426079,1.0,1,2,5
a96d5cfa0d3181817e2b946f921ea021,f81d21d920dcc2483b1043a064f3a9bd,1.0,1,3,4
a9e7ef3d62f583d305fccfcc632f45df,f50e0207673076aa6cd350a771426079,1.0,1,2,5
af361e6472bebb98baf67b62201f9abb,f50e0207673076aa6cd350a771426079,1.0,1,2,5
afad0f2ff6db48eaf48e85d9eff34373,f50e0207673076aa6cd350a771426079,1.0,1,2,5
b47ab9a33340be8e600a66b36022eb36,f50e0207673076aa6cd350a771426079,1.0,1,2,5
b991b7e059c4f9e3743242db138403f7,f50e0207673076aa6cd350a771426079,1.0,1,2,5
bbfbf00ca35317821c1d773e7509c4d1,f50e0207673076aa6cd350a771426079,1.0,1,2,5
bc129fa5a30c1e9f64d840dd6d0e574a,f50e0207673076aa6cd350a771426079,1.0,1,2,5
c5ae8dc077209a38cc64ba830ac26bbd,f50e0207673076aa6cd350a771426079,1.0,1,2,5
c7b5bf93064681e82c7ba602c7a28837,f50e0207673076aa6cd350a771426079,1.0,1,2,5
c85df1c6ef6f7bb605e1c49d34f172ee,f81d21d920dcc2483b1043a064f3a9bd,1.0,1,3,4
d18801986f1018abdb3cba0470a6b9a6,f50e0207673076aa6cd350a771426079,1.0,1,2,5
e87cdd2fb9f1d3ff3438a9d02e454793,f81d21d920dcc2483b1043a064f3a9bd,1.0,1,3,4
eed3d9c8e42c6b95338e0a8b675640e6,f50e0207673076aa6cd350a771426079,1.0,1,2,5
f0bde7d292f0931e16e51d29340433ea,f50e0207673076aa6cd350a771426079,1.0,1,2,5
f0f25e4076f56c818856f368f7928ae7,f50e0207673076aa6cd350a771426079,1.0,1,2,5
f1097c9562bd8f87de1e69c30b3b08eb,f50e0207673076aa6cd350a771426079,1.0,1,2,5
f50e0207673076aa6cd350a771426079,fb68daff9a009ca8d050e427e84c231e,1.0,1,5,2
0036a074f98b80c4f1fc33dbbcf9c552,6681ad9a826614b39ecc67e175aa2575,1.0,1,1,6
092f9a44ba4f3f80e3a0179845997bed,6681ad9a826614b39ecc67e175aa2575,1.0,1,1,6
0ca871bfcec4f2ec8211b5550a4ac892,6681ad9a826614b39ecc67e175aa2575,1.0,1,1,6
154b79b89da73c15d64202bda6f47f9e,6681ad9a826614b39ecc67e175aa2575,1.0,1,1,6
1cb19c768aa3b18465cd7c6a4a8fcd31,6681ad9a826614b39ecc67e175aa2575,1.0,1,1,6
1ec6e5f5e1b3db61b2a2cd862d8038d2,6681ad9a826614b39ecc67e175aa2575,1.0,1,1,6
22876ec792000c7850b9a1923280f98e,6681ad9a826614b39ecc67e175aa2575,1.0,1,1,6
321eddb23f1befe8aab392e953f78caa,6681ad9a826614b39ecc67e175aa2575,1.0,1,1,6
3583128d8a12a3a38e40ac8363a3b8f0,6681ad9a826614b39ecc67e175aa2575,1.0,1,1,6
36bf4779c5d09a3ce8162eb5acdeb711,6681ad9a826614b39ecc67e175aa2575,1.0,1,1,6
38e0065e651f28acfafc97253458e410,6681ad9a826614b39ecc67e175aa2575,1.0,1,1,6
38ffcf9d0335fcd271b71de0238ab312,6681ad9a826614b39ecc67e175aa2575,1.0,1,1,6
3bc5ba33ab9b05bf23a44d88debecc74,6681ad9a826614b39ecc67e175aa2575,1.0,1,1,6
3e4ff24b051b3808294d9c5f0ca9678d,6681ad9a826614b39ecc67e175aa2575,1.0,1,1,6
413a6b89cf416018f157c63462412e71,6681ad9a826614b39ecc67e175aa2575,1.0,1,1,6
43d24df8fd7f818116fbf626afa5adee,6681ad9a826614b39ecc67e175aa2575,1.0,1,1,6
4a4a8bf9c5ce8d2a9a76e23804a5c533,6681ad9a826614b39ecc67e175aa2575,1.0,1,1,6
501fc307c6793e9e68bd0546f41bb1d5,6681ad9a826614b39ecc67e175aa2575,1.0,1,1,6
509de51c702ef70edc8d69cad60ecf11,6681ad9a826614b39ecc67e175aa2575,1.0,1,1,6
5d67dca5f030100d1fee3c30619827a0,6681ad9a826614b39ecc67e175aa2575,1.0,1,1,6
5dd2534fbe0705c26df4c13679ff20de,6681ad9a826614b39ecc67e175aa2575,1.0,1,1,6
5e0bab9d40f07a7b5f8555b15eb5703b,6681ad9a826614b39ecc67e175aa2575,1.0,1,1,6
5e3f9ee4b948b61e902cce42e227cae8,6681ad9a826614b39ecc67e175aa2575,1.0,1,1,6
6681ad9a826614b39ecc67e175aa2575,6900d122a58641c46c1610802aca744b,1.0,1,6,1
6681ad9a826614b39ecc67e175aa2575,6abcf0b657d294f0de5e96131b1368e6,1.0,1,6,1
6681ad9a826614b39ecc67e175aa2575,6fc4be26d93f94de084b9a929664c52f,1.0,1,6,1
6681ad9a826614b39ecc67e175aa2575,7148611df27dafdcc43298d60254d334,1.0,1,6,1
6681ad9a826614b39ecc67e175aa2575,725cb977c43a3b241e128393cf1182c6,1.0,1,6,1
6681ad9a826614b39ecc67e175aa2575,72681597c0f75321d4979581859d9d08,1.0,1,6,1
6681ad9a826614b39ecc67e175aa2575,729a2696f78da805198eb9b531775daf,1.0,1,6,1
6681ad9a826614b39ecc67e175aa2575,738c80de5b70ba1cdd2d2df446d06f25,1.0,1,6,1
6681ad9a826614b39ecc67e175aa2575,7524d10f03a898acbcf917fb4e71c9da,1.0,1,6,1
6681ad9a826614b39ecc67e175aa2575,79096a17020f8eb6b0e72b4aa232cde9,1.0,1,6,1
6681ad9a826614b39ecc67e175aa2575,7b40921cca0ac7cab63f62261c25efee,1.0,1,6,1
6681ad9a826614b39ecc67e175aa2575,85581a001197d6fe7ee64a2b4aa355ff,1.0,1,6,1
6681ad9a826614b39ecc67e175aa2575,85c53662a0c8677dc3cab11f9138e295,1.0,1,6,1
6681ad9a826614b39ecc67e175aa2575,8a4945ba37651a97cafc08c45e63986a,1.0,1,6,1
6681ad9a826614b39ecc67e175aa2575,959957b04abdb0acd726e8f0e700a899,1.0,1,6,1
6681ad9a826614b39ecc67e175aa2575,963c6b493b91cdf21df85e3b4bfb741d,1.0,1,6,1
6681ad9a826614b39ecc67e175aa2575,97815a7fb6efce9322ee1a17afeb1b96,1.0,1,6,1
6681ad9a826614b39ecc67e175aa2575,9eec9fe3b7e795eb94126ba9c3afab1b,1.0,1,6,1
6681ad9a826614b39ecc67e175aa2575,9f8a7e986ffdeaca19ea1fc0189a4083,1.0,1,6,1
6681ad9a826614b39ecc67e175aa2575,a61bdd3195ef6c83350ef0e8e16f67de,1.0,1,6,1
6681ad9a826614b39ecc67e175aa2575,abbfcc305fb76cc3492024ab39c005b5,1.0,1,6,1
6681ad9a826614b39ecc67e175aa2575,ac2e90c33f62c6d3c5be825779c3736c,1.0,1,6,1
6681ad9a826614b39ecc67e175aa2575,af26054dcb45c7d1850b06f4dcef17fb,1.0,1,6,1
6681ad9a826614b39ecc67e175aa2575,affe4f4b1746347a85182fb0d2b29a30,1.0,1,6,1
6681ad9a826614b39ecc67e175aa2575,b2cf27725215d78797c4f00e05f642f7,1.0,1,6,1
6681ad9a826614b39ecc67e175aa2575,b3dec7c277aa6dc3286018616ac9322c,1.0,1,6,1
6681ad9a826614b39ecc67e175aa2575,b824817bedb40fd8ffce42af94d0d159,1.0,1,6,1
6681ad9a826614b39ecc67e175aa2575,beeabe8deffa11b18c2a7fed32b92c60,1.0,1,6,1
6681ad9a826614b39ecc67e175aa2575,cf0466c3f2ec13c9c46c5173c2ba5c70,1.0,1,6,1
6681ad9a826614b39ecc67e175aa2575,cff81dae0e5355c0eb407d3be054d2ca,1.0,1,6,1
6681ad9a826614b39ecc67e175aa2575,d4952cce083968d08bd3e6b11f0bbfe5,1.0,1,6,1
6681ad9a826614b39ecc67e175aa2575,daed0f436e49530f55719f74b1c7f358,1.0,1,6,1
6681ad9a826614b39ecc67e175aa2575,db87b9a23aca22405ab394338f087a68,1.0,1,6,1
6681ad9a826614b39ecc67e175aa2575,dd68fedcc13ecfb683373b95b4215c28,1.0,1,6,1
6681ad9a826614b39ecc67e175aa2575,e449489aac70922208e33e080712941c,1.0,1,6,1
6681ad9a826614b39ecc67e175aa2575,e4a3e12a38e84615ed5377597f23c270,1.0,1,6,1
6681ad9a826614b39ecc67e175aa2575,f25c64d74c6188c7fb8d3c58d83c6a85,1.0,1,6,1
6681ad9a826614b39ecc67e175aa2575,fbb8b4e196ec6cae904ac8fd4ad2168d,1.0,1,6,1
6681ad9a826614b39ecc67e175aa2575,ffbb8dfaa0e54649d8690b85a3ef890d,1.0,1,6,1
cdb5cfd897eae464933d6fbd24354fbf,d557ddc6a5d521f22173bebc2d116806,1.0,1,4,3
38244f285d64696e19b5d2ff854a3ea3,755b01b2c86cb92e6b25d45f9fa8c238,1.0,1,4,3
38244f285d64696e19b5d2ff854a3ea3,bf06b935e76a7545da01410a6befbb1c,1.0,1,4,3
38244f285d64696e19b5d2ff854a3ea3,cfa9a212b3e5986d1b03abe4c2acff4b,1.0,1,4,3
38244f285d64696e19b5d2ff854a3ea3,d1ac08467e5ac5e907b719c89c80ff2c,1.0,1,4,3
1924d194ed54e34435791cd233c5db29,aabfe4bed1559f2d0db606df41c670e5,1.0,1,1,6
1924d194ed54e34435791cd233c5db29,ef377d6dfc9ebad1f91cce05f8202cd7,1.0,1,1,6
4e756b60c02fc0445da510e7fe4a08ac,aabfe4bed1559f2d0db606df41c670e5,1.0,1,1,6
4e756b60c02fc0445da510e7fe4a08ac,ef377d6dfc9ebad1f91cce05f8202cd7,1.0,1,1,6
5d823c5e7d1d0e13ee32090ca889975d,aabfe4bed1559f2d0db606df41c670e5,1.0,1,1,6
5d823c5e7d1d0e13ee32090ca889975d,ef377d6dfc9ebad1f91cce05f8202cd7,1.0,1,1,6
61ac7e9c4e03f8bfcc5ce5cd7c0fd2ce,9aa77033cbc28074b161f96cbda9b7c4,1.0,1,3,4
9aa77033cbc28074b161f96cbda9b7c4,c5f8ad9c7a984ed40bafe7cf3da28991,1.0,1,4,3
aabfe4bed1559f2d0db606df41c670e5,ca6a08cf73e5804caebd8c0544941afb,1.0,1,6,1
aabfe4bed1559f2d0db606df41c670e5,e04615084acfad18a8f3c1f6daff4a3a,1.0,1,6,1
aabfe4bed1559f2d0db606df41c670e5,e66e20554b301694df07bec45298e25d,1.0,1,6,1
aabfe4bed1559f2d0db606df41c670e5,fab45e0710673a39066fd1d8e0120102,1.0,1,6,1
aabfe4bed1559f2d0db606df41c670e5,fb512346f037df411e4a62c3181f5aaf,1.0,1,6,1
ca6a08cf73e5804caebd8c0544941afb,ef377d6dfc9ebad1f91cce05f8202cd7,1.0,1,1,6
e04615084acfad18a8f3c1f6daff4a3a,ef377d6dfc9ebad1f91cce05f8202cd7,1.0,1,1,6
e66e20554b301694df07bec45298e25d,ef377d6dfc9ebad1f91cce05f8202cd7,1.0,1,1,6
ef377d6dfc9ebad1f91cce05f8202cd7,fab45e0710673a39066fd1d8e0120102,1.0,1,6,1
ef377d6dfc9ebad1f91cce05f8202cd7,fb512346f037df411e4a62c3181f5aaf,1.0,1,6,1
084d29b95577d79bd5ce9019727daa66,43d8583b06491695df9872fa1ef418af,1.0,1,3,4
2becf6f55d064453e6d7abe2af4ad36b,43d8583b06491695df9872fa1ef418af,1.0,1,3,4
31b8437b83b69d714e1567144351b70f,43d8583b06491695df9872fa1ef418af,1.0,1,3,4
43d8583b06491695df9872fa1ef418af,af0e8073c41a35f102f00bc95792d93a,1.0,1,4,3
01bbbfc56b8ec1052e46f260226e34f9,2b80802d3e1ca452e18559c9c999b11e,1.0,1,3,4
01bbbfc56b8ec1052e46f260226e34f9,86187e13a3420bf45ceeddbfc7843113,1.0,1,3,4
01bbbfc56b8ec1052e46f260226e34f9,bb9b4553d42e28d6b5d59fd8b2540207,1.0,1,3,4
21da1ed023e8748fc0716785be815825,2b80802d3e1ca452e18559c9c999b11e,1.0,1,3,4
21da1ed023e8748fc0716785be815825,86187e13a3420bf45ceeddbfc7843113,1.0,1,3,4
21da1ed023e8748fc0716785be815825,bb9b4553d42e28d6b5d59fd8b2540207,1.0,1,3,4
2b80802d3e1ca452e18559c9c999b11e,ed18ac3d4b68e1401845d3e48636a8e8,1.0,1,4,3
86187e13a3420bf45ceeddbfc7843113,ed18ac3d4b68e1401845d3e48636a8e8,1.0,1,4,3
bb9b4553d42e28d6b5d59fd8b2540207,ed18ac3d4b68e1401845d3e48636a8e8,1.0,1,4,3
006a8c1784d622ebe06bab57e72ee045,2b26db3c45d52a1b983f12f2201cea88,1.0,1,1,6
006a8c1784d622ebe06bab57e72ee045,850e8006b4f239916012dfd4f9bdeb0e,1.0,1,1,6
00797f371bc0f6adb4d267be541a92da,2b26db3c45d52a1b983f12f2201cea88,1.0,1,1,6
00797f371bc0f6adb4d267be541a92da,850e8006b4f239916012dfd4f9bdeb0e,1.0,1,1,6
00bfe974afd63b30ed282dc69892fb98,7b35fb694a1c478f507173167fbe234e,1.0,1,2,5
00bfe974afd63b30ed282dc69892fb98,82cffd5880c953933b9ebe4e4789edd0,1.0,1,2,5
00bfe974afd63b30ed282dc69892fb98,9fafb9bc4f2296fe5d2d0bc2f8e19a0b,1.0,1,2,5
00bfe974afd63b30ed282dc69892fb98,eb742a3b914c53d45f1a30c8e2fcd8bd,1.0,1,2,5
01561f92006fd3ba8a8a4246b7f38101,7b35fb694a1c478f507173167fbe234e,1.0,1,2,5
01561f92006fd3ba8a8a4246b7f38101,82cffd5880c953933b9ebe4e4789edd0,1.0,1,2,5
01561f92006fd3ba8a8a4246b7f38101,9fafb9bc4f2296fe5d2d0bc2f8e19a0b,1.0,1,2,5
01561f92006fd3ba8a8a4246b7f38101,eb742a3b914c53d45f1a30c8e2fcd8bd,1.0,1,2,5
02943af04041ca7713d7ef096d5d7a8a,2b26db3c45d52a1b983f12f2201cea88,1.0,1,1,6
02943af04041ca7713d7ef096d5d7a8a,850e8006b4f239916012dfd4f9bdeb0e,1.0,1,1,6
04bfca470bca6cb201479f0d7a57c7f9,2b26db3c45d52a1b983f12f2201cea88,1.0,1,1,6
04bfca470bca6cb201479f0d7a57c7f9,850e8006b4f239916012dfd4f9bdeb0e,1.0,1,1,6
05b5bf96be35948171c3ddbf97c7536b,2b26db3c45d52a1b983f12f2201cea88,1.0,1,1,6
05b5bf96be35948171c3ddbf97c7536b,850e8006b4f239916012dfd4f9bdeb0e,1.0,1,1,6
06f6ca742a26f906cac6f9f1ee7656d4,2b26db3c45d52a1b983f12f2201cea88,1.0,1,1,6
06f6ca742a26f906cac6f9f1ee7656d4,850e8006b4f239916012dfd4f9bdeb0e,1.0,1,1,6
07292d06afd6c45ff8de56079ef4cfdc,2b26db3c45d52a1b983f12f2201cea88,1.0,1,1,6
07292d06afd6c45ff8de56079ef4cfdc,850e8006b4f239916012dfd4f9bdeb0e,1.0,1,1,6
08093480aa587422c2c694a534ddaf3a,2b26db3c45d52a1b983f12f2201cea88,1.0,1,1,6
08093480aa587422c2c694a534ddaf3a,850e8006b4f239916012dfd4f9bdeb0e,1.0,1,1,6
08a5e43a460ed2d16c7ca07bf3ebd815,2b26db3c45d52a1b983f12f2201cea88,1.0,1,1,6
08a5e43a460ed2d16c7ca07bf3ebd815,850e8006b4f239916012dfd4f9bdeb0e,1.0,1,1,6
08f41d7a0e37794d8852fc796141e2e6,2b26db3c45d52a1b983f12f2201cea88,1.0,1,1,6
08f41d7a0e37794d8852fc796141e2e6,850e8006b4f239916012dfd4f9bdeb0e,1.0,1,1,6
0a9d365af1a48bc62a840243cdfcb4e6,2b26db3c45d52a1b983f12f2201cea88,1.0,1,1,6
0a9d365af1a48bc62a840243cdfcb4e6,850e8006b4f239916012dfd4f9bdeb0e,1.0,1,1,6
0af17a81442299d992348c65d70ff4db,2b26db3c45d52a1b983f12f2201cea88,1.0,1,1,6
0af17a81442299d992348c65d70ff4db,850e8006b4f239916012dfd4f9bdeb0e,1.0,1,1,6
0b772332566a51299fda7ea04c96cba4,2b26db3c45d52a1b983f12f2201cea88,1.0,1,1,6
0b772332566a51299fda7ea04c96cba4,850e8006b4f239916012dfd4f9bdeb0e,1.0,1,1,6
0b8cdfff31c16993664702e011f530ce,2b26db3c45d52a1b983f12f2201cea88,1.0,1,1,6
0b8cdfff31c16993664702e011f530ce,850e8006b4f239916012dfd4f9bdeb0e,1.0,1,1,6
0baff0ebd92e998ee0f4a8f812070ec8,7b35fb694a1c478f507173167fbe234e,1.0,1,2,5
0baff0ebd92e998ee0f4a8f812070ec8,82cffd5880c953933b9ebe4e4789edd0,1.0,1,2,5
0baff0ebd92e998ee0f4a8f812070ec8,9fafb9bc4f2296fe5d2d0bc2f8e19a0b,1.0,1,2,5
0baff0ebd92e998ee0f4a8f812070ec8,eb742a3b914c53d45f1a30c8e2fcd8bd,1.0,1,2,5
0c9370f31e3bf20c068a9d9ada3ea903,2b26db3c45d52a1b983f12f2201cea88,1.0,1,1,6
0c9370f31e3bf20c068a9d9ada3ea903,850e8006b4f239916012dfd4f9bdeb0e,1.0,1,1,6
0de8fca815c152cde2197d1f7e191f75,2b26db3c45d52a1b983f12f2201cea88,1.0,1,1,6
0de8fca815c152cde2197d1f7e191f75,850e8006b4f239916012dfd4f9bdeb0e,1.0,1,1,6
0e3e01275a3d617393b91e4c1029e3dc,2b26db3c45d52a1b983f12f2201cea88,1.0,1,1,6
0e3e01275a3d617393b91e4c1029e3dc,850e8006b4f239916012dfd4f9bdeb0e,1.0,1,1,6
0fee4adcd47e19eb91c84f2449500247,2b26db3c45d52a1b983f12f2201cea88,1.0,1,1,6
0fee4adcd47e19eb91c84f2449500247,850e8006b4f239916012dfd4f9bdeb0e,1.0,1,1,6
1013194e8e0710a463933a1b01e9dbc3,2b26db3c45d52a1b983f12f2201cea88,1.0,1,1,6
1013194e8e0710a463933a1b01e9dbc3,850e8006b4f239916012dfd4f9bdeb0e,1.0,1,1,6
1029c9af0ba3fa1769ae5c879c6fcb35,2b26db3c45d52a1b983f12f2201cea88,1.0,1,1,6
1029c9af0ba3fa1769ae5c879c6fcb35,850e8006b4f239916012dfd4f9bdeb0e,1.0,1,1,6
116eb01461ae0ac3f20de05d49756fa1,2b26db3c45d52a1b983f12f2201cea88,1.0,1,1,6
116eb01461ae0ac3f20de05d49756fa1,850e8006b4f239916012dfd4f9bdeb0e,1.0,1,1,6
133c1a11944c3c8f0174c08c4f0d24db,7b35fb694a1c478f507173167fbe234e,1.0,1,2,5
133c1a11944c3c8f0174c08c4f0d24db,82cffd5880c953933b9ebe4e4789edd0,1.0,1,2,5
133c1a11944c3c8f0174c08c4f0d24db,9fafb9bc4f2296fe5d2d0bc2f8e19a0b,1.0,1,2,5
133c1a11944c3c8f0174c08c4f0d24db,eb742a3b914c53d45f1a30c8e2fcd8bd,1.0,1,2,5
1363c62de6c14f60355310d49546b720,2b26db3c45d52a1b983f12f2201cea88,1.0,1,1,6
1363c62de6c14f60355310d49546b720,850e8006b4f239916012dfd4f9bdeb0e,1.0,1,1,6
13c5865b7b534dbe5983384eb555ed1c,7b35fb694a1c478f507173167fbe234e,1.0,1,2,5
13c5865b7b534dbe5983384eb555ed1c,82cffd5880c953933b9ebe4e4789edd0,1.0,1,2,5
13c5865b7b534dbe5983384eb555ed1c,9fafb9bc4f2296fe5d2d0bc2f8e19a0b,1.0,1,2,5
13c5865b7b534dbe5983384eb555ed1c,eb742a3b914c53d45f1a30c8e2fcd8bd,1.0,1,2,5
13ece232fdf1ca084551f8a7d1fa503b,2b26db3c45d52a1b983f12f2201cea88,1.0,1,1,6
13ece232fdf1ca084551f8a7d1fa503b,850e8006b4f239916012dfd4f9bdeb0e,1.0,1,1,6
146a2253a3918c412431c4cb9d13b863,7b35fb694a1c478f507173167fbe234e,1.0,1,2,5
146a2253a3918c412431c4cb9d13b863,82cffd5880c953933b9ebe4e4789edd0,1.0,1,2,5
146a2253a3918c412431c4cb9d13b863,9fafb9bc4f2296fe5d2d0bc2f8e19a0b,1.0,1,2,5
146a2253a3918c412431c4cb9d13b863,eb742a3b914c53d45f1a30c8e2fcd8bd,1.0,1,2,5
15459cd10a963461ad4b5eeb0a09ba84,2b26db3c45d52a1b983f12f2201cea88,1.0,1,1,6
15459cd10a963461ad4b5eeb0a09ba84,850e8006b4f239916012dfd4f9bdeb0e,1.0,1,1,6
16cfeea551909cfb6cfbafad8ad059ec,2b26db3c45d52a1b983f12f2201cea88,1.0,1,1,6
16cfeea551909cfb6cfbafad8ad059ec,850e8006b4f239916012dfd4f9bdeb0e,1.0,1,1,6
18492e62ff399a6263616b7b9181dd45,2b26db3c45d52a1b983f12f2201cea88,1.0,1,1,6
18492e62ff399a6263616b7b9181dd45,850e8006b4f239916012dfd4f9bdeb0e,1.0,1,1,6
185246288eb4cea28a37bb3269141e03,7b35fb694a1c478f507173167fbe234e,1.0,1,2,5
185246288eb4cea28a37bb3269141e03,82cffd5880c953933b9ebe4e4789edd0,1.0,1,2,5
185246288eb4cea28a37bb3269141e03,9fafb9bc4f2296fe5d2d0bc2f8e19a0b,1.0,1,2,5
185246288eb4cea28a37bb3269141e03,eb742a3b914c53d45f1a30c8e2fcd8bd,1.0,1,2,5
19cf4ef9675b3aaebe19267c20ef8128,2b26db3c45d52a1b983f12f2201cea88,1.0,1,1,6
19cf4ef9675b3aaebe19267c20ef8128,850e8006b4f239916012dfd4f9bdeb0e,1.0,1,1,6
1c79e1fdf2d55ffc251aed0f621a0795,2b26db3c45d52a1b983f12f2201cea88,1.0,1,1,6
1c79e1fdf2d55ffc251aed0f621a0795,850e8006b4f239916012dfd4f9bdeb0e,1.0,1,1,6
1c8c2e37ecc2ddc12198fa9fe1e9edf5,2b26db3c45d52a1b983f12f2201cea88,1.0,1,1,6
1c8c2e37ecc2ddc12198fa9fe1e9edf5,850e8006b4f239916012dfd4f9bdeb0e,1.0,1,1,6
1ce6662e2bd2879094fb4118f6b2d578,2b26db3c45d52a1b983f12f2201cea88,1.0,1,1,6
1ce6662e2bd2879094fb4118f6b2d578,850e8006b4f239916012dfd4f9bdeb0e,1.0,1,1,6
1d8acbbabb9111c1a5298eedb4f9567a,2b26db3c45d52a1b983f12f2201cea88,1.0,1,1,6
1d8acbbabb9111c1a5298eedb4f9567a,850e8006b4f239916012dfd4f9bdeb0e,1.0,1,1,6
1db0216c962ecdbf435323897004bd10,2b26db3c45d52a1b983f12f2201cea88,1.0,1,1,6
1db0216c962ecdbf435323897004bd10,850e8006b4f239916012dfd4f9bdeb0e,1.0,1,1,6
1f4ebf25894e7c8c46e382a20a90e457,2b26db3c45d52a1b983f12f2201cea88,1.0,1,1,6
1f4ebf25894e7c8c46e382a20a90e457,850e8006b4f239916012dfd4f9bdeb0e,1.0,1,1,6
204d69d0bd4871eef08a4bfe6831a518,2b26db3c45d52a1b983f12f2201cea88,1.0,1,1,6
204d69d0bd4871eef08a4bfe6831a518,850e8006b4f239916012dfd4f9bdeb0e,1.0,1,1,6
208a127c790f3aa6b6ae229acfae97da,4df9aee56fa602c72756abb22ee60b17,1.0,1,3,4
208a127c790f3aa6b6ae229acfae97da,6cd5ad2783f175ab9dac5072bc7e3d73,1.0,1,3,4
208a127c790f3aa6b6ae229acfae97da,cc02224a63bfaa52e0007916dea1b669,1.0,1,3,4
20cd5b764031558858597379fa3c3345,2b26db3c45d52a1b983f12f2201cea88,1.0,1,1,6
20cd5b764031558858597379fa3c3345,850e8006b4f239916012dfd4f9bdeb0e,1.0,1,1,6
21342e5b1004a60189babbe685c06845,7b35fb694a1c478f507173167fbe234e,1.0,1,2,5
21342e5b1004a60189babbe685c06845,82cffd5880c953933b9ebe4e4789edd0,1.0,1,2,5
21342e5b1004a60189babbe685c06845,9fafb9bc4f2296fe5d2d0bc2f8e19a0b,1.0,1,2,5
21342e5b1004a60189babbe685c06845,eb742a3b914c53d45f1a30c8e2fcd8bd,1.0,1,2,5
215b9a9848df6dd29932574ccebb5b3e,7b35fb694a1c478f507173167fbe234e,1.0,1,2,5
215b9a9848df6dd29932574ccebb5b3e,82cffd5880c953933b9ebe4e4789edd0,1.0,1,2,5
215b9a9848df6dd29932574ccebb5b3e,9fafb9bc4f2296fe5d2d0bc2f8e19a0b,1.0,1,2,5
215b9a9848df6dd29932574ccebb5b3e,eb742a3b914c53d45f1a30c8e2fcd8bd,1.0,1,2,5
21a9c9dd4248d18bf8edced7762b70ae,2b26db3c45d52a1b983f12f2201cea88,1.0,1,1,6
21a9c9dd4248d18bf8edced7762b70ae,850e8006b4f239916012dfd4f9bdeb0e,1.0,1,1,6
21c9ca31959d08bb5455023f84951387,2b26db3c45d52a1b983f12f2201cea88,1.0,1,1,6
21c9ca31959d08bb5455023f84951387,850e8006b4f239916012dfd4f9bdeb0e,1.0,1,1,6
242cec3046a78f37ed419b24e80c7f70,2b26db3c45d52a1b983f12f2201cea88,1.0,1,1,6
242cec3046a78f37ed419b24e80c7f70,850e8006b4f239916012dfd4f9bdeb0e,1.0,1,1,6
24561d5dff99c04231cdc4103b8e03d6,2b26db3c45d52a1b983f12f2201cea88,1.0,1,1,6
24561d5dff99c04231cdc4103b8e03d6,850e8006b4f239916012dfd4f9bdeb0e,1.0,1,1,6
256c321af58ca588b5af1b46e42b0fb2,2b26db3c45d52a1b983f12f2201cea88,1.0,1,1,6
256c321af58ca588b5af1b46e42b0fb2,850e8006b4f239916012dfd4f9bdeb0e,1.0,1,1,6
2699b1bdee690329303fb2c0aada1c1b,7b35fb694a1c478f507173167fbe234e,1.0,1,2,5
2699b1bdee690329303fb2c0aada1c1b,82cffd5880c953933b9ebe4e4789edd0,1.0,1,2,5
2699b1bdee690329303fb2c0aada1c1b,9fafb9bc4f2296fe5d2d0bc2f8e19a0b,1.0,1,2,5
2699b1bdee690329303fb2c0aada1c1b,eb742a3b914c53d45f1a30c8e2fcd8bd,1.0,1,2,5
2703e9529e5fc34e102971bb838b81e2,2b26db3c45d52a1b983f12f2201cea88,1.0,1,1,6
2703e9529e5fc34e102971bb838b81e2,850e8006b4f239916012dfd4f9bdeb0e,1.0,1,1,6
27aacd37c12bc685a275af86f14d2c23,2b26db3c45d52a1b983f12f2201cea88,1.0,1,1,6
27aacd37c12bc685a275af86f14d2c23,850e8006b4f239916012dfd4f9bdeb0e,1.0,1,1,6
28cfdde4bdf02f44c1d3dd458afe42b3,2b26db3c45d52a1b983f12f2201cea88,1.0,1,1,6
28cfdde4bdf02f44c1d3dd458afe42b3,850e8006b4f239916012dfd4f9bdeb0e,1.0,1,1,6
28fd13ff21ae041e65609843d3ab61f3,2b26db3c45d52a1b983f12f2201cea88,1.0,1,1,6
28fd13ff21ae041e65609843d3ab61f3,850e8006b4f239916012dfd4f9bdeb0e,1.0,1,1,6
290ce5a6a8a3f663dc629e8f39726aca,2b26db3c45d52a1b983f12f2201cea88,1.0,1,1,6
290ce5a6a8a3f663dc629e8f39726aca,850e8006b4f239916012dfd4f9bdeb0e,1.0,1,1,6
2a6d464f307f26f32873ba9f9209a96d,2b26db3c45d52a1b983f12f2201cea88,1.0,1,1,6
2a6d464f307f26f32873ba9f9209a96d,850e8006b4f239916012dfd4f9bdeb0e,1.0,1,1,6
2ada850dbe866246a92524d882e166d5,2b26db3c45d52a1b983f12f2201cea88,1.0,1,1,6
2ada850dbe866246a92524d882e166d5,850e8006b4f239916012dfd4f9bdeb0e,1.0,1,1,6
2b26db3c45d52a1b983f12f2201cea88,2b57b9cf10e96a6799f420d508d2d6bd,1.0,1,6,1
2b26db3c45d52a1b983f12f2201cea88,2d2ec6a0e67ef647ec215a9b5b285df0,1.0,1,6,1
2b26db3c45d52a1b983f12f2201cea88,31211ce721363d74816326589e637b60,1.0,1,6,1
2b26db3c45d52a1b983f12f2201cea88,35c27e8cee784e79831f61f475ec7641,1.0,1,6,1
2b26db3c45d52a1b983f12f2201cea88,36894a55d9d9fdddcd897fde049aede1,1.0,1,6,1
2b26db3c45d52a1b983f12f2201cea88,36c5770cc8e136abf9b1e5e149f75fb2,1.0,1,6,1
2b26db3c45d52a1b983f12f2201cea88,36ce0bb312886e4755466775a3041fbb,1.0,1,6,1
2b26db3c45d52a1b983f12f2201cea88,38dff03b64c3e9adbb2d4c610838cf5c,1.0,1,6,1
2b26db3c45d52a1b983f12f2201cea88,3b53a1869c7172b2e89266d4e7d7b6a4,1.0,1,6,1
2b26db3c45d52a1b983f12f2201cea88,3c5b1ee70d755d1532a021f00a46b66b,1.0,1,6,1
2b26db3c45d52a1b983f12f2201cea88,3cd73d6b67aa9d944d55978280201ac5,1.0,1,6,1
2b26db3c45d52a1b983f12f2201cea88,3df236402bc02ce30ba3ec32896f3a50,1.0,1,6,1
2b26db3c45d52a1b983f12f2201cea88,3e36afbf5d9f5e833d612294f376526d,1.0,1,6,1
2b26db3c45d52a1b983f12f2201cea88,3f55e2796985b6c5901d097fb3685c72,1.0,1,6,1
2b26db3c45d52a1b983f12f2201cea88,3fe205252c153bf71775e1fe3a198e57,1.0,1,6,1
2b26db3c45d52a1b983f12f2201cea88,407aae22e9afdd8f5d7071d81c16e705,1.0,1,6,1
2b26db3c45d52a1b983f12f2201cea88,412c6ec29d51104253bcb1095dd03140,1.0,1,6,1
2b26db3c45d52a1b983f12f2201cea88,416f8cebc9e3455b81aed90642f926ad,1.0,1,6,1
2b26db3c45d52a1b983f12f2201cea88,417bad2a750c8f7149b42cf699adc0d4,1.0,1,6,1
2b26db3c45d52a1b983f12f2201cea88,424aca6872c5bab80780a8dec03b7516,1.0,1,6,1
2b26db3c45d52a1b983f12f2201cea88,442128e0c7f34325b757846c8678cfa9,1.0,1,6,1
2b26db3c45d52a1b983f12f2201cea88,451c5698bffc864831a6f041782712d9,1.0,1,6,1
2b26db3c45d52a1b983f12f2201cea88,46a23b5b38c9caebf785829998db475b,1.0,1,6,1
2b26db3c45d52a1b983f12f2201cea88,46d5bdcc50df53ec8d503a81c0d2fa31,1.0,1,6,1
2b26db3c45d52a1b983f12f2201cea88,4735373c70fabcc3c705771f828362d7,1.0,1,6,1
2b26db3c45d52a1b983f12f2201cea88,47b22f6eef47620586ac43f2660bcc82,1.0,1,6,1
2b26db3c45d52a1b983f12f2201cea88,483bc92f963bbc90c3006e11f9ac552a,1.0,1,6,1
2b26db3c45d52a1b983f12f2201cea88,4919dda3f4b213104acc3d25b84c44ed,1.0,1,6,1
2b26db3c45d52a1b983f12f2201cea88,4c074bb1435cc724b6937a95b88c9841,1.0,1,6,1
2b26db3c45d52a1b983f12f2201cea88,4c8435d3bb762a8b99931fbfca190ac4,1.0,1,6,1
2b26db3c45d52a1b983f12f2201cea88,4ffc1a8259e81bc30151f421fca472d2,1.0,1,6,1
2b26db3c45d52a1b983f12f2201cea88,5121548ab605cd18cc133074f17c0aaa,1.0,1,6,1
2b26db3c45d52a1b983f12f2201cea88,5206a6a64eeb54d092be68b3427f3d92,1.0,1,6,1
2b26db3c45d52a1b983f12f2201cea88,52ed5a07cfa81a6802763aa0e29e4311,1.0,1,6,1
2b26db3c45d52a1b983f12f2201cea88,53b2aa3aafb865f1c2c681804b8eb3b9,1.0,1,6,1
2b26db3c45d52a1b983f12f2201cea88,5441ea58ad29bdc53d456f310654639d,1.0,1,6,1
2b26db3c45d52a1b983f12f2201cea88,544700b9ab72069e540fbb463ea3ee1b,1.0,1,6,1
2b26db3c45d52a1b983f12f2201cea88,5451dcc40a5b3ed99be461fcee2d45da,1.0,1,6,1
2b26db3c45d52a1b983f12f2201cea88,5494a11727f3bd095725ff9fcd6d7275,1.0,1,6,1
2b26db3c45d52a1b983f12f2201cea88,55bb91a06e34d43837b86890e1c9a217,1.0,1,6,1
2b26db3c45d52a1b983f12f2201cea88,55d9dfbb0709232b92bd2781c2d03858,1.0,1,6,1
2b26db3c45d52a1b983f12f2201cea88,578a97bb13e088306095bd0401426700,1.0,1,6,1
2b26db3c45d52a1b983f12f2201cea88,58ce8787c619ba5a1780c0a870214b42,1.0,1,6,1
2b26db3c45d52a1b983f12f2201cea88,5c4ea1d19f5c54967ec857a2f9b1d82f,1.0,1,6,1
2b26db3c45d52a1b983f12f2201cea88,5c5cf3dc9c487f7c743ca5384b5dce6c,1.0,1,6,1
2b26db3c45d52a1b983f12f2201cea88,5d29867262a9a3e7a02cac5ad5f77f0d,1.0,1,6,1
2b26db3c45d52a1b983f12f2201cea88,5e4c21084ec2a785f22d323b1535ee3a,1.0,1,6,1
2b26db3c45d52a1b983f12f2201cea88,5f07691fd7182196e872455e8a3e6bff,1.0,1,6,1
2b26db3c45d52a1b983f12f2201cea88,5f095bae3dcbd3ca1a3467e92d926207,1.0,1,6,1
2b26db3c45d52a1b983f12f2201cea88,609854a129474911451a1f000a125c3b,1.0,1,6,1
2b26db3c45d52a1b983f12f2201cea88,61d8d78be66c92e75a0ab33f95363e1e,1.0,1,6,1
2b26db3c45d52a1b983f12f2201cea88,62e32e0b239b36c93427f7910eb6a173,1.0,1,6,1
2b26db3c45d52a1b983f12f2201cea88,63462aead859a244b974f6443e5fdb36,1.0,1,6,1
2b26db3c45d52a1b983f12f2201cea88,63fa3dad6bde01314fc7e125df83fd00,1.0,1,6,1
2b26db3c45d52a1b983f12f2201cea88,64fea8f835a632f5380fcbe463524004,1.0,1,6,1
2b26db3c45d52a1b983f12f2201cea88,684fda5905aa430123c7b293106a337b,1.0,1,6,1
2b26db3c45d52a1b983f12f2201cea88,6a1250106d0de8395377553e4dd2b5fc,1.0,1,6,1
2b26db3c45d52a1b983f12f2201cea88,6a663eef93e1bbb5a16b79f43ac8f49b,1.0,1,6,1
2b26db3c45d52a1b983f12f2201cea88,6a7244a47d9adb99cba594626b9c8bc0,1.0,1,6,1
2b26db3c45d52a1b983f12f2201cea88,6b97ccd3953e4d28f91641bf60e279bb,1.0,1,6,1
2b26db3c45d52a1b983f12f2201cea88,6c16b745c25238952857221d6cd7e866,1.0,1,6,1
2b26db3c45d52a1b983f12f2201cea88,6dba6f8d6b28cb57dc4c873f578d5086,1.0,1,6,1
2b26db3c45d52a1b983f12f2201cea88,6f66c072ff5a7307dfce47b246844ff7,1.0,1,6,1
2b26db3c45d52a1b983f12f2201cea88,6f84e5f81b7daece37fdddcc6cf99ad4,1.0,1,6,1
2b26db3c45d52a1b983f12f2201cea88,73595bddc6727413b0b83311fe7963dc,1.0,1,6,1
2b26db3c45d52a1b983f12f2201cea88,74ea4ce57f080f34b6ccd680a9fdfb25,1.0,1,6,1
2b26db3c45d52a1b983f12f2201cea88,7636a32fe04dd56f6e5c00431009bffa,1.0,1,6,1
2b26db3c45d52a1b983f12f2201cea88,76a64080f30c054c5355e766a926ecb6,1.0,1,6,1
2b26db3c45d52a1b983f12f2201cea88,76a74caf44c92f49f951964b79d191a9,1.0,1,6,1
2b26db3c45d52a1b983f12f2201cea88,7902cd1145bb7d876512310c3baa3f01,1.0,1,6,1
2b26db3c45d52a1b983f12f2201cea88,796ec09645a8532d92921de19a33d6ed,1.0,1,6,1
2b26db3c45d52a1b983f12f2201cea88,79aaa40216d464f6571c1ade510d094d,1.0,1,6,1
2b26db3c45d52a1b983f12f2201cea88,7a30c2f4ee4d9f8370e1ed8acf3eefb4,1.0,1,6,1
2b26db3c45d52a1b983f12f2201cea88,7a674ed79e331684053a0f36fcce0b16,1.0,1,6,1
2b26db3c45d52a1b983f12f2201cea88,7b3d5e9819f245927a29ccfae22ed449,1.0,1,6,1
2b26db3c45d52a1b983f12f2201cea88,7d7aa5c4be05a0443a77a744255c7b01,1.0,1,6,1
2b26db3c45d52a1b983f12f2201cea88,7d94c9f2049fc3e2283a4b29646ad1cb,1.0,1,6,1
2b26db3c45d52a1b983f12f2201cea88,82b10cac246970ffdf60e1d93a9a9816,1.0,1,6,1
2b26db3c45d52a1b983f12f2201cea88,896ae021b16a75c0400fad89141227b2,1.0,1,6,1
2b26db3c45d52a1b983f12f2201cea88,897df847354833789262d872ee1062d1,1.0,1,6,1
2b26db3c45d52a1b983f12f2201cea88,8b562fe20fc1a0a18898b2dcd62008d5,1.0,1,6,1
2b26db3c45d52a1b983f12f2201cea88,8b789c08cf290e40475d63308dafa12e,1.0,1,6,1
2b26db3c45d52a1b983f12f2201cea88,8cf98fbd02b0efdde35bbc7aab39764a,1.0,1,6,1
2b26db3c45d52a1b983f12f2201cea88,8dd960c9315fce711c04a4411ed03310,1.0,1,6,1
2b26db3c45d52a1b983f12f2201cea88,91db2e9633e507c47274a5767ef6fb2f,1.0,1,6,1
2b26db3c45d52a1b983f12f2201cea88,931f73eb317aa12c10e3fbb2a7a59650,1.0,1,6,1
2b26db3c45d52a1b983f12f2201cea88,94167fb69e0fff5cbd22cae95133ae88,1.0,1,6,1
2b26db3c45d52a1b983f12f2201cea88,94433e52e7cb4d2755e1ce5954f4ecf2,1.0,1,6,1
2b26db3c45d52a1b983f12f2201cea88,9578265ad4a29c7330ea61d6b7b83862,1.0,1,6,1
2b26db3c45d52a1b983f12f2201cea88,95b621869cf337eac6bd9d42bf59c0c9,1.0,1,6,1
2b26db3c45d52a1b983f12f2201cea88,95d319b707fca3ca22e48d189e5fbb38,1.0,1,6,1
2b26db3c45d52a1b983f12f2201cea88,969eb8bf4c0fce047dfd0ee78ce9a205,1.0,1,6,1
2b26db3c45d52a1b983f12f2201cea88,96b5aafd242ce556960678bf8d654fc8,1.0,1,6,1
2b26db3c45d52a1b983f12f2201cea88,987c0da67e68ec3a785ba1d8c608841b,1.0,1,6,1
2b26db3c45d52a1b983f12f2201cea88,99137c8a71db73be44549e5a5274981a,1.0,1,6,1
2b26db3c45d52a1b983f12f2201cea88,99d0d6b77f343be4a009eba1f5b75591,1.0,1,6,1
2b26db3c45d52a1b983f12f2201cea88,9bad4b41b80bb43afad57032f839451e,1.0,1,6,1
2b26db3c45d52a1b983f12f2201cea88,9d1f8629dc5f3107dded59e772dbf9ad,1.0,1,6,1
2b26db3c45d52a1b983f12f2201cea88,9d68d3a0a28583b68e7d8e6a07adaf31,1.0,1,6,1
2b26db3c45d52a1b983f12f2201cea88,9f18b9b8c2b650a9d97a84ac353f1b88,1.0,1,6,1
2b26db3c45d52a1b983f12f2201cea88,9f7fbc34b444b91c1ef03f2a7af6a33c,1.0,1,6,1
2b26db3c45d52a1b983f12f2201cea88,a053b33caad9b237f40a312e1dbe7af5,1.0,1,6,1
2b26db3c45d52a1b983f12f2201cea88,a05b42abd28b0e788776cc00acca82db,1.0,1,6,1
2b26db3c45d52a1b983f12f2201cea88,a1b1a0117238e884965678ce035f10d0,1.0,1,6,1
2b26db3c45d52a1b983f12f2201cea88,a1cbaab4236d5ac6f71bcfc7fdc87d10,1.0,1,6,1
2b26db3c45d52a1b983f12f2201cea88,a22db6502caed90511467435a9aa9c22,1.0,1,6,1
2b26db3c45d52a1b983f12f2201cea88,a2681e61ce4cd09c84e028a4963812da,1.0,1,6,1
2b26db3c45d52a1b983f12f2201cea88,a39f499be584ce0057dd5c0485123575,1.0,1,6,1
2b26db3c45d52a1b983f12f2201cea88,a5e783156c30ef47a0209fe04f0c8f73,1.0,1,6,1
2b26db3c45d52a1b983f12f2201cea88,a8d91aea91e95b9fc06492ac162a7876,1.0,1,6,1
2b26db3c45d52a1b983f12f2201cea88,abbf98c4b6e413fe48405159b17f9a51,1.0,1,6,1
2b26db3c45d52a1b983f12f2201cea88,abca17a50929e00d09e56810f3f09274,1.0,1,6,1
2b26db3c45d52a1b983f12f2201cea88,ad93fad8236116a49b08059fb2bd8145,1.0,1,6,1
2b26db3c45d52a1b983f12f2201cea88,afda5cfb8f4c578a54efbef23e45c621,1.0,1,6,1
2b26db3c45d52a1b983f12f2201cea88,b02fdd2b810e62da62cd5b2b26a66cac,1.0,1,6,1
2b26db3c45d52a1b983f12f2201cea88,b2fda5c6e63de74ec7e21c4d02fc9baa,1.0,1,6,1
2b26db3c45d52a1b983f12f2201cea88,b32bcb59268e3494d9b1295b47bb8df2,1.0,1,6,1
2b26db3c45d52a1b983f12f2201cea88,b4b1a11b3ee17f1c046b64e52a5a8515,1.0,1,6,1
2b26db3c45d52a1b983f12f2201cea88,b609e84c9c83295bb241da5a704bccd8,1.0,1,6,1
2b26db3c45d52a1b983f12f2201cea88,b69b6115798a2e61e52386ad74cf9371,1.0,1,6,1
2b26db3c45d52a1b983f12f2201cea88,b6ad6d0ceec51b14ddaaec22ea6e6e97,1.0,1,6,1
2b26db3c45d52a1b983f12f2201cea88,b7ed52180f08c7227df351919f7dba09,1.0,1,6,1
2b26db3c45d52a1b983f12f2201cea88,b814fa64605cc425160403d78fb75f4c,1.0,1,6,1
2b26db3c45d52a1b983f12f2201cea88,bb639133b3e1a03c5f3b221c80a414db,1.0,1,6,1
2b26db3c45d52a1b983f12f2201cea88,bccf1f04597bf7d228479c66d874061b,1.0,1,6,1
2b26db3c45d52a1b983f12f2201cea88,c0a37e61c7980c62666befa53e300142,1.0,1,6,1
2b26db3c45d52a1b983f12f2201cea88,c11b49cd5e286f19445c7211b6039abe,1.0,1,6,1
2b26db3c45d52a1b983f12f2201cea88,c11f3aaf8e1577c0e2214499ef0f27ba,1.0,1,6,1
2b26db3c45d52a1b983f12f2201cea88,c332980c78958a4328aa453e4f7dd73f,1.0,1,6,1
2b26db3c45d52a1b983f12f2201cea88,c3496e2536d8347b97f7afe5d7d211ab,1.0,1,6,1
2b26db3c45d52a1b983f12f2201cea88,c4c8a6af60b58aed2b0edfc848a28700,1.0,1,6,1
2b26db3c45d52a1b983f12f2201cea88,c5afdb21fdb0a3e8c4a55742dfe7c644,1.0,1,6,1
2b26db3c45d52a1b983f12f2201cea88,c5e0bea8d76cf467944d3feb699ad06e,1.0,1,6,1
2b26db3c45d52a1b983f12f2201cea88,c6bab6d0a0ba93b7672fddc3c965d8bb,1.0,1,6,1
2b26db3c45d52a1b983f12f2201cea88,c78fddb6f257881a62b4de591bb5a1f1,1.0,1,6,1
2b26db3c45d52a1b983f12f2201cea88,c80e8eba85e03db9cf73f0ed349d18bd,1.0,1,6,1
2b26db3c45d52a1b983f12f2201cea88,c84c8ac4dcafc7aefe37b07a9343320b,1.0,1,6,1
2b26db3c45d52a1b983f12f2201cea88,cdc6cd6f0a8b8f844db9a61e779055b3,1.0,1,6,1
2b26db3c45d52a1b983f12f2201cea88,ce26bcc126789faf8d51fa4cc4f0d407,1.0,1,6,1
2b26db3c45d52a1b983f12f2201cea88,cef354e35d130e1452229886c37e5b7d,1.0,1,6,1
2b26db3c45d52a1b983f12f2201cea88,d07448b2437bfe83d9b7e226a9809ff7,1.0,1,6,1
2b26db3c45d52a1b983f12f2201cea88,d198625af1483191f3c684f96c168f98,1.0,1,6,1
2b26db3c45d52a1b983f12f2201cea88,d1fc7c21dd26886b28e4973eb89d91b8,1.0,1,6,1
2b26db3c45d52a1b983f12f2201cea88,d207167b0278a7b67f1dd13537969796,1.0,1,6,1
2b26db3c45d52a1b983f12f2201cea88,d2f3349e7c047fe8c4fe06a251027d21,1.0,1,6,1
2b26db3c45d52a1b983f12f2201cea88,d335baecca5030833f520b089d1f5de0,1.0,1,6,1
2b26db3c45d52a1b983f12f2201cea88,d372a040e57bcdc6b9ecb52f3feda0d9,1.0,1,6,1
2b26db3c45d52a1b983f12f2201cea88,d5521a550c8276ef263a830852342242,1.0,1,6,1
2b26db3c45d52a1b983f12f2201cea88,d5e4bc3ab51abd788eaf77fce19a12d3,1.0,1,6,1
2b26db3c45d52a1b983f12f2201cea88,d94137816541d7919b82c664a8f3937f,1.0,1,6,1
2b26db3c45d52a1b983f12f2201cea88,d9c528dea1e5035e1c94ce8f14c6ed0b,1.0,1,6,1
2b26db3c45d52a1b983f12f2201cea88,da4f9f9ac73ecec9f3a1ee1c0de6d6d9,1.0,1,6,1
2b26db3c45d52a1b983f12f2201cea88,dbaf90a340588b6b0d35609707c9e28e,1.0,1,6,1
2b26db3c45d52a1b983f12f2201cea88,dc9601017e7242b2d4731669d1ce7bc5,1.0,1,6,1
2b26db3c45d52a1b983f12f2201cea88,dc9c904e32d80642b359205d9aedaff9,1.0,1,6,1
2b26db3c45d52a1b983f12f2201cea88,dd54dc717fbbcc67d92a15d8b2350249,1.0,1,6,1
2b26db3c45d52a1b983f12f2201cea88,dd83c210f2179d6c893b5c0bf9da0268,1.0,1,6,1
2b26db3c45d52a1b983f12f2201cea88,de62b1930ddc37c005aff8c0edf2a3e2,1.0,1,6,1
2b26db3c45d52a1b983f12f2201cea88,dfbfbe79debfab1266fc7ae4abfd98ae,1.0,1,6,1
2b26db3c45d52a1b983f12f2201cea88,e017e385eca212c9245b334a1b500fc2,1.0,1,6,1
2b26db3c45d52a1b983f12f2201cea88,e0d57fcc716125d70f48d5e7e165a23c,1.0,1,6,1
2b26db3c45d52a1b983f12f2201cea88,e3636ed2c618b2eecdf1970d8c87bc67,1.0,1,6,1
2b26db3c45d52a1b983f12f2201cea88,e3ad4e23b9a9ea0760eca68158b6ebc2,1.0,1,6,1
2b26db3c45d52a1b983f12f2201cea88,e44728753775d439f900bc11d70dda23,1.0,1,6,1
2b26db3c45d52a1b983f12f2201cea88,e46c733f67479a6d5447886afb6d5f39,1.0,1,6,1
2b26db3c45d52a1b983f12f2201cea88,e5e9da3a61436d34efc3250a52495330,1.0,1,6,1
2b26db3c45d52a1b983f12f2201cea88,e94e6e62ffdd16f148f9496d32d31779,1.0,1,6,1
2b26db3c45d52a1b983f12f2201cea88,ebe981a1b4ae51ee6e244e207acd3562,1.0,1,6,1
2b26db3c45d52a1b983f12f2201cea88,ebf92f18f7a148f0511a4e532e917e82,1.0,1,6,1
2b26db3c45d52a1b983f12f2201cea88,ec7df3e6f0c28ce6265380ea09534200,1.0,1,6,1
2b26db3c45d52a1b983f12f2201cea88,ecfe549039ca14574c34d8e5f2e2bce8,1.0,1,6,1
2b26db3c45d52a1b983f12f2201cea88,ed6bb3579d99a0ed255c44da1280231e,1.0,1,6,1
2b26db3c45d52a1b983f12f2201cea88,ee95e177ab3f145dbe033160ced52d68,1.0,1,6,1
2b26db3c45d52a1b983f12f2201cea88,f0f8ceeadedd747aef7967d0f9e5969e,1.0,1,6,1
2b26db3c45d52a1b983f12f2201cea88,f236672cde392cc6ae3c0700fef8ada5,1.0,1,6,1
2b26db3c45d52a1b983f12f2201cea88,f283d62df3aed3073aa2796eecd01ccf,1.0,1,6,1
2b26db3c45d52a1b983f12f2201cea88,f35d345c137deaccf9c26ab701108f20,1.0,1,6,1
2b26db3c45d52a1b983f12f2201cea88,f362be295de5e69caf19361b902825e9,1.0,1,6,1
2b26db3c45d52a1b983f12f2201cea88,f491087d01a37428ba96de3897bf6814,1.0,1,6,1
2b26db3c45d52a1b983f12f2201cea88,f58d91eb07ca65178e04b1887adc8c17,1.0,1,6,1
2b26db3c45d52a1b983f12f2201cea88,f5b73a2dfb6011b07b2f4aad915ce171,1.0,1,6,1
2b26db3c45d52a1b983f12f2201cea88,f75bc8b1aa3841ba66a6cf79255d3486,1.0,1,6,1
2b26db3c45d52a1b983f12f2201cea88,f82cb85be599c614a9665bb050d03dbb,1.0,1,6,1
2b26db3c45d52a1b983f12f2201cea88,fb08731fcd69d0cc9cc2c730e5aa8691,1.0,1,6,1
2b26db3c45d52a1b983f12f2201cea88,fc16565ad8c9887ecc561e0708cd14ba,1.0,1,6,1
2b26db3c45d52a1b983f12f2201cea88,fc6c2db1e5fc8d4e826df52031c08dc6,1.0,1,6,1
2b26db3c45d52a1b983f12f2201cea88,fcaba43cfd594b9a6e1389bcbd33d5bd,1.0,1,6,1
2b26db3c45d52a1b983f12f2201cea88,fdcf823822a86833a95cbe82fb08dc13,1.0,1,6,1
2b26db3c45d52a1b983f12f2201cea88,fed51c3432d9ca128dc6a81c892a1168,1.0,1,6,1
2b26db3c45d52a1b983f12f2201cea88,ffc9d8a98ebd09a78c8adb729c3cfa2a,1.0,1,6,1
2b26db3c45d52a1b983f12f2201cea88,ffdcd85e0e81fc93f49bef4d54a4e61f,1.0,1,6,1
2b57b9cf10e96a6799f420d508d2d6bd,850e8006b4f239916012dfd4f9bdeb0e,1.0,1,1,6
2d2ec6a0e67ef647ec215a9b5b285df0,850e8006b4f239916012dfd4f9bdeb0e,1.0,1,1,6
2d8a123a57292aae47580aac65f55d4f,7b35fb694a1c478f507173167fbe234e,1.0,1,2,5
2d8a123a57292aae47580aac65f55d4f,82cffd5880c953933b9ebe4e4789edd0,1.0,1,2,5
2d8a123a57292aae47580aac65f55d4f,9fafb9bc4f2296fe5d2d0bc2f8e19a0b,1.0,1,2,5
2d8a123a57292aae47580aac65f55d4f,eb742a3b914c53d45f1a30c8e2fcd8bd,1.0,1,2,5
31211ce721363d74816326589e637b60,850e8006b4f239916012dfd4f9bdeb0e,1.0,1,1,6
35c27e8cee784e79831f61f475ec7641,850e8006b4f239916012dfd4f9bdeb0e,1.0,1,1,6
36894a55d9d9fdddcd897fde049aede1,850e8006b4f239916012dfd4f9bdeb0e,1.0,1,1,6
36c5770cc8e136abf9b1e5e149f75fb2,850e8006b4f239916012dfd4f9bdeb0e,1.0,1,1,6
36ce0bb312886e4755466775a3041fbb,850e8006b4f239916012dfd4f9bdeb0e,1.0,1,1,6
3897924b7801bceca8326098b209832d,7b35fb694a1c478f507173167fbe234e,1.0,1,2,5
3897924b7801bceca8326098b209832d,82cffd5880c953933b9ebe4e4789edd0,1.0,1,2,5
3897924b7801bceca8326098b209832d,9fafb9bc4f2296fe5d2d0bc2f8e19a0b,1.0,1,2,5
3897924b7801bceca8326098b209832d,eb742a3b914c53d45f1a30c8e2fcd8bd,1.0,1,2,5
38dff03b64c3e9adbb2d4c610838cf5c,850e8006b4f239916012dfd4f9bdeb0e,1.0,1,1,6
39b9889bd17bc241ade364ee15bbe74c,7b35fb694a1c478f507173167fbe234e,1.0,1,2,5
39b9889bd17bc241ade364ee15bbe74c,82cffd5880c953933b9ebe4e4789edd0,1.0,1,2,5
39b9889bd17bc241ade364ee15bbe74c,9fafb9bc4f2296fe5d2d0bc2f8e19a0b,1.0,1,2,5
39b9889bd17bc241ade364ee15bbe74c,eb742a3b914c53d45f1a30c8e2fcd8bd,1.0,1,2,5
3b53a1869c7172b2e89266d4e7d7b6a4,850e8006b4f239916012dfd4f9bdeb0e,1.0,1,1,6
3c5b1ee70d755d1532a021f00a46b66b,850e8006b4f239916012dfd4f9bdeb0e,1.0,1,1,6
3cd73d6b67aa9d944d55978280201ac5,850e8006b4f239916012dfd4f9bdeb0e,1.0,1,1,6
3df236402bc02ce30ba3ec32896f3a50,850e8006b4f239916012dfd4f9bdeb0e,1.0,1,1,6
3e36afbf5d9f5e833d612294f376526d,850e8006b4f239916012dfd4f9bdeb0e,1.0,1,1,6
3f55e2796985b6c5901d097fb3685c72,850e8006b4f239916012dfd4f9bdeb0e,1.0,1,1,6
3fe205252c153bf71775e1fe3a198e57,850e8006b4f239916012dfd4f9bdeb0e,1.0,1,1,6
407aae22e9afdd8f5d7071d81c16e705,850e8006b4f239916012dfd4f9bdeb0e,1.0,1,1,6
40fdb731f416e141a80418867178b510,7b35fb694a1c478f507173167fbe234e,1.0,1,2,5
40fdb731f416e141a80418867178b510,82cffd5880c953933b9ebe4e4789edd0,1.0,1,2,5
40fdb731f416e141a80418867178b510,9fafb9bc4f2296fe5d2d0bc2f8e19a0b,1.0,1,2,5
40fdb731f416e141a80418867178b510,eb742a3b914c53d45f1a30c8e2fcd8bd,1.0,1,2,5
412c6ec29d51104253bcb1095dd03140,850e8006b4f239916012dfd4f9bdeb0e,1.0,1,1,6
4153163515e1dc07e02777b45b79121a,7b35fb694a1c478f507173167fbe234e,1.0,1,2,5
4153163515e1dc07e02777b45b79121a,82cffd5880c953933b9ebe4e4789edd0,1.0,1,2,5
4153163515e1dc07e02777b45b79121a,9fafb9bc4f2296fe5d2d0bc2f8e19a0b,1.0,1,2,5
4153163515e1dc07e02777b45b79121a,eb742a3b914c53d45f1a30c8e2fcd8bd,1.0,1,2,5
416f8cebc9e3455b81aed90642f926ad,850e8006b4f239916012dfd4f9bdeb0e,1.0,1,1,6
417bad2a750c8f7149b42cf699adc0d4,850e8006b4f239916012dfd4f9bdeb0e,1.0,1,1,6
424aca6872c5bab80780a8dec03b7516,850e8006b4f239916012dfd4f9bdeb0e,1.0,1,1,6
442128e0c7f34325b757846c8678cfa9,850e8006b4f239916012dfd4f9bdeb0e,1.0,1,1,6
451c5698bffc864831a6f041782712d9,850e8006b4f239916012dfd4f9bdeb0e,1.0,1,1,6
460cd758614a0be9739d2f8d9bc1494d,7b35fb694a1c478f507173167fbe234e,1.0,1,2,5
460cd758614a0be9739d2f8d9bc1494d,82cffd5880c953933b9ebe4e4789edd0,1.0,1,2,5
460cd758614a0be9739d2f8d9bc1494d,9fafb9bc4f2296fe5d2d0bc2f8e19a0b,1.0,1,2,5
460cd758614a0be9739d2f8d9bc1494d,eb742a3b914c53d45f1a30c8e2fcd8bd,1.0,1,2,5
46a23b5b38c9caebf785829998db475b,850e8006b4f239916012dfd4f9bdeb0e,1.0,1,1,6
46d5bdcc50df53ec8d503a81c0d2fa31,850e8006b4f239916012dfd4f9bdeb0e,1.0,1,1,6
4735373c70fabcc3c705771f828362d7,850e8006b4f239916012dfd4f9bdeb0e,1.0,1,1,6
47b22f6eef47620586ac43f2660bcc82,850e8006b4f239916012dfd4f9bdeb0e,1.0,1,1,6
483bc92f963bbc90c3006e11f9ac552a,850e8006b4f239916012dfd4f9bdeb0e,1.0,1,1,6
4919dda3f4b213104acc3d25b84c44ed,850e8006b4f239916012dfd4f9bdeb0e,1.0,1,1,6
4c074bb1435cc724b6937a95b88c9841,850e8006b4f239916012dfd4f9bdeb0e,1.0,1,1,6
4c8435d3bb762a8b99931fbfca190ac4,850e8006b4f239916012dfd4f9bdeb0e,1.0,1,1,6
4df9aee56fa602c72756abb22ee60b17,6a583f4c6790a4c8330beb7612e17f42,1.0,1,4,3
4df9aee56fa602c72756abb22ee60b17,7cd931d3566a9c43e15d5e6ce9ff5759,1.0,1,4,3
4df9aee56fa602c72756abb22ee60b17,894a2fac1dcb705a1e4097b8a9131e90,1.0,1,4,3
4df9aee56fa602c72756abb22ee60b17,8ee1e34425fc54b1f87318160b378c3b,1.0,1,4,3
4df9aee56fa602c72756abb22ee60b17,938f430a30c511a883c71999f6d01dcc,1.0,1,4,3
4df9aee56fa602c72756abb22ee60b17,9e3cc1906aa2db29c30aecb2d642a41d,1.0,1,4,3
4df9aee56fa602c72756abb22ee60b17,ad60ba535e4fa2b72c924290d6337913,1.0,1,4,3
4df9aee56fa602c72756abb22ee60b17,e4923ae2c32e70e3c5a6e73a9fb872f2,1.0,1,4,3
4df9aee56fa602c72756abb22ee60b17,e8ca08f200cf74746cd5e671efcb61f3,1.0,1,4,3
4ffc1a8259e81bc30151f421fca472d2,850e8006b4f239916012dfd4f9bdeb0e,1.0,1,1,6
5121548ab605cd18cc133074f17c0aaa,850e8006b4f239916012dfd4f9bdeb0e,1.0,1,1,6
5206a6a64eeb54d092be68b3427f3d92,850e8006b4f239916012dfd4f9bdeb0e,1.0,1,1,6
52ed5a07cfa81a6802763aa0e29e4311,850e8006b4f239916012dfd4f9bdeb0e,1.0,1,1,6
53b2aa3aafb865f1c2c681804b8eb3b9,850e8006b4f239916012dfd4f9bdeb0e,1.0,1,1,6
5441ea58ad29bdc53d456f310654639d,850e8006b4f239916012dfd4f9bdeb0e,1.0,1,1,6
544700b9ab72069e540fbb463ea3ee1b,850e8006b4f239916012dfd4f9bdeb0e,1.0,1,1,6
5451dcc40a5b3ed99be461fcee2d45da,850e8006b4f239916012dfd4f9bdeb0e,1.0,1,1,6
5494a11727f3bd095725ff9fcd6d7275,850e8006b4f239916012dfd4f9bdeb0e,1.0,1,1,6
5499856e5c59ce4b1178f38c1f0d2f8c,7b35fb694a1c478f507173167fbe234e,1.0,1,2,5
5499856e5c59ce4b1178f38c1f0d2f8c,82cffd5880c953933b9ebe4e4789edd0,1.0,1,2,5
5499856e5c59ce4b1178f38c1f0d2f8c,9fafb9bc4f2296fe5d2d0bc2f8e19a0b,1.0,1,2,5
5499856e5c59ce4b1178f38c1f0d2f8c,eb742a3b914c53d45f1a30c8e2fcd8bd,1.0,1,2,5
55bb91a06e34d43837b86890e1c9a217,850e8006b4f239916012dfd4f9bdeb0e,1.0,1,1,6
55d9dfbb0709232b92bd2781c2d03858,850e8006b4f239916012dfd4f9bdeb0e,1.0,1,1,6
56a074e0fc79b287c1170d998519f1e8,7b35fb694a1c478f507173167fbe234e,1.0,1,2,5
56a074e0fc79b287c1170d998519f1e8,82cffd5880c953933b9ebe4e4789edd0,1.0,1,2,5
56a074e0fc79b287c1170d998519f1e8,9fafb9bc4f2296fe5d2d0bc2f8e19a0b,1.0,1,2,5
56a074e0fc79b287c1170d998519f1e8,eb742a3b914c53d45f1a30c8e2fcd8bd,1.0,1,2,5
578a97bb13e088306095bd0401426700,850e8006b4f239916012dfd4f9bdeb0e,1.0,1,1,6
58ce8787c619ba5a1780c0a870214b42,850e8006b4f239916012dfd4f9bdeb0e,1.0,1,1,6
5a113bd934e8b75919fbddeef0f9282d,7b35fb694a1c478f507173167fbe234e,1.0,1,2,5
5a113bd934e8b75919fbddeef0f9282d,82cffd5880c953933b9ebe4e4789edd0,1.0,1,2,5
5a113bd934e8b75919fbddeef0f9282d,9fafb9bc4f2296fe5d2d0bc2f8e19a0b,1.0,1,2,5
5a113bd934e8b75919fbddeef0f9282d,eb742a3b914c53d45f1a30c8e2fcd8bd,1.0,1,2,5
5c4ea1d19f5c54967ec857a2f9b1d82f,850e8006b4f239916012dfd4f9bdeb0e,1.0,1,1,6
5c5cf3dc9c487f7c743ca5384b5dce6c,850e8006b4f239916012dfd4f9bdeb0e,1.0,1,1,6
5d29867262a9a3e7a02cac5ad5f77f0d,850e8006b4f239916012dfd4f9bdeb0e,1.0,1,1,6
5e4c21084ec2a785f22d323b1535ee3a,850e8006b4f239916012dfd4f9bdeb0e,1.0,1,1,6
5f07691fd7182196e872455e8a3e6bff,850e8006b4f239916012dfd4f9bdeb0e,1.0,1,1,6
5f095bae3dcbd3ca1a3467e92d926207,850e8006b4f239916012dfd4f9bdeb0e,1.0,1,1,6
609854a129474911451a1f000a125c3b,850e8006b4f239916012dfd4f9bdeb0e,1.0,1,1,6
60d34509419ce4f132570db40e6ea985,7b35fb694a1c478f507173167fbe234e,1.0,1,2,5
60d34509419ce4f132570db40e6ea985,82cffd5880c953933b9ebe4e4789edd0,1.0,1,2,5
60d34509419ce4f132570db40e6ea985,9fafb9bc4f2296fe5d2d0bc2f8e19a0b,1.0,1,2,5
60d34509419ce4f132570db40e6ea985,eb742a3b914c53d45f1a30c8e2fcd8bd,1.0,1,2,5
61d8d78be66c92e75a0ab33f95363e1e,850e8006b4f239916012dfd4f9bdeb0e,1.0,1,1,6
628b5fda35baf944099fc4da84a69ac1,7b35fb694a1c478f507173167fbe234e,1.0,1,2,5
628b5fda35baf944099fc4da84a69ac1,82cffd5880c953933b9ebe4e4789edd0,1.0,1,2,5
628b5fda35baf944099fc4da84a69ac1,9fafb9bc4f2296fe5d2d0bc2f8e19a0b,1.0,1,2,5
628b5fda35baf944099fc4da84a69ac1,eb742a3b914c53d45f1a30c8e2fcd8bd,1.0,1,2,5
62e32e0b239b36c93427f7910eb6a173,850e8006b4f239916012dfd4f9bdeb0e,1.0,1,1,6
63462aead859a244b974f6443e5fdb36,850e8006b4f239916012dfd4f9bdeb0e,1.0,1,1,6
6364655a115c9a45a9283cd8e00aa643,7b35fb694a1c478f507173167fbe234e,1.0,1,2,5
6364655a115c9a45a9283cd8e00aa643,82cffd5880c953933b9ebe4e4789edd0,1.0,1,2,5
6364655a115c9a45a9283cd8e00aa643,9fafb9bc4f2296fe5d2d0bc2f8e19a0b,1.0,1,2,5
6364655a115c9a45a9283cd8e00aa643,eb742a3b914c53d45f1a30c8e2fcd8bd,1.0,1,2,5
63fa3dad6bde01314fc7e125df83fd00,850e8006b4f239916012dfd4f9bdeb0e,1.0,1,1,6
64fea8f835a632f5380fcbe463524004,850e8006b4f239916012dfd4f9bdeb0e,1.0,1,1,6
684fda5905aa430123c7b293106a337b,850e8006b4f239916012dfd4f9bdeb0e,1.0,1,1,6
6a1250106d0de8395377553e4dd2b5fc,850e8006b4f239916012dfd4f9bdeb0e,1.0,1,1,6
6a583f4c6790a4c8330beb7612e17f42,6cd5ad2783f175ab9dac5072bc7e3d73,1.0,1,3,4
6a583f4c6790a4c8330beb7612e17f42,cc02224a63bfaa52e0007916dea1b669,1.0,1,3,4
6a663eef93e1bbb5a16b79f43ac8f49b,850e8006b4f239916012dfd4f9bdeb0e,1.0,1,1,6
6a7244a47d9adb99cba594626b9c8bc0,850e8006b4f239916012dfd4f9bdeb0e,1.0,1,1,6
6b97ccd3953e4d28f91641bf60e279bb,850e8006b4f239916012dfd4f9bdeb0e,1.0,1,1,6
6c16b745c25238952857221d6cd7e866,850e8006b4f239916012dfd4f9bdeb0e,1.0,1,1,6
6cd5ad2783f175ab9dac5072bc7e3d73,7cd931d3566a9c43e15d5e6ce9ff5759,1.0,1,4,3
6cd5ad2783f175ab9dac5072bc7e3d73,894a2fac1dcb705a1e4097b8a9131e90,1.0,1,4,3
6cd5ad2783f175ab9dac5072bc7e3d73,8ee1e34425fc54b1f87318160b378c3b,1.0,1,4,3
6cd5ad2783f175ab9dac5072bc7e3d73,938f430a30c511a883c71999f6d01dcc,1.0,1,4,3
6cd5ad2783f175ab9dac5072bc7e3d73,9e3cc1906aa2db29c30aecb2d642a41d,1.0,1,4,3
6cd5ad2783f175ab9dac5072bc7e3d73,ad60ba535e4fa2b72c924290d6337913,1.0,1,4,3
6cd5ad2783f175ab9dac5072bc7e3d73,e4923ae2c32e70e3c5a6e73a9fb872f2,1.0,1,4,3
6cd5ad2783f175ab9dac5072bc7e3d73,e8ca08f200cf74746cd5e671efcb61f3,1.0,1,4,3
6dba6f8d6b28cb57dc4c873f578d5086,850e8006b4f239916012dfd4f9bdeb0e,1.0,1,1,6
6f66c072ff5a7307dfce47b246844ff7,850e8006b4f239916012dfd4f9bdeb0e,1.0,1,1,6
6f84e5f81b7daece37fdddcc6cf99ad4,850e8006b4f239916012dfd4f9bdeb0e,1.0,1,1,6
73595bddc6727413b0b83311fe7963dc,850e8006b4f239916012dfd4f9bdeb0e,1.0,1,1,6
74084969d4b912b9bd10439ebb79ce6b,7b35fb694a1c478f507173167fbe234e,1.0,1,2,5
74084969d4b912b9bd10439ebb79ce6b,82cffd5880c953933b9ebe4e4789edd0,1.0,1,2,5
74084969d4b912b9bd10439ebb79ce6b,9fafb9bc4f2296fe5d2d0bc2f8e19a0b,1.0,1,2,5
74084969d4b912b9bd10439ebb79ce6b,eb742a3b914c53d45f1a30c8e2fcd8bd,1.0,1,2,5
74ea4ce57f080f34b6ccd680a9fdfb25,850e8006b4f239916012dfd4f9bdeb0e,1.0,1,1,6
7636a32fe04dd56f6e5c00431009bffa,850e8006b4f239916012dfd4f9bdeb0e,1.0,1,1,6
76a64080f30c054c5355e766a926ecb6,850e8006b4f239916012dfd4f9bdeb0e,1.0,1,1,6
76a74caf44c92f49f951964b79d191a9,850e8006b4f239916012dfd4f9bdeb0e,1.0,1,1,6
7902cd1145bb7d876512310c3baa3f01,850e8006b4f239916012dfd4f9bdeb0e,1.0,1,1,6
796ec09645a8532d92921de19a33d6ed,850e8006b4f239916012dfd4f9bdeb0e,1.0,1,1,6
79aaa40216d464f6571c1ade510d094d,850e8006b4f239916012dfd4f9bdeb0e,1.0,1,1,6
7a30c2f4ee4d9f8370e1ed8acf3eefb4,850e8006b4f239916012dfd4f9bdeb0e,1.0,1,1,6
7a674ed79e331684053a0f36fcce0b16,850e8006b4f239916012dfd4f9bdeb0e,1.0,1,1,6
7afbf983eb484fb14e40092c0139d66f,7b35fb694a1c478f507173167fbe234e,1.0,1,2,5
7afbf983eb484fb14e40092c0139d66f,82cffd5880c953933b9ebe4e4789edd0,1.0,1,2,5
7afbf983eb484fb14e40092c0139d66f,9fafb9bc4f2296fe5d2d0bc2f8e19a0b,1.0,1,2,5
7afbf983eb484fb14e40092c0139d66f,eb742a3b914c53d45f1a30c8e2fcd8bd,1.0,1,2,5
7b35fb694a1c478f507173167fbe234e,7ca19647e1200895475475186a3e072e,1.0,1,5,2
7b35fb694a1c478f507173167fbe234e,80b5c70d20058c553d662a56cbff22e5,1.0,1,5,2
7b35fb694a1c478f507173167fbe234e,85ac3e23bde65bd5628fdd6f15db5295,1.0,1,5,2
7b35fb694a1c478f507173167fbe234e,889fc057c77157659bdef1206d47d08c,1.0,1,5,2
7b35fb694a1c478f507173167fbe234e,8a56bc1f46776cf85828e336fa75dcd5,1.0,1,5,2
7b35fb694a1c478f507173167fbe234e,942a5e1f3f7b206e11354f6d84121a3e,1.0,1,5,2
7b35fb694a1c478f507173167fbe234e,9efc7f2a9ac5c2cf72565008f1914206,1.0,1,5,2
7b35fb694a1c478f507173167fbe234e,9f1591824452a9d9a9f225b9fca168d2,1.0,1,5,2
7b35fb694a1c478f507173167fbe234e,a16656b34f59e202ef32dfc53b947847,1.0,1,5,2
7b35fb694a1c478f507173167fbe234e,a7de0c8480d07cef1e8f55f8c61f548f,1.0,1,5,2
7b35fb694a1c478f507173167fbe234e,b6da6ab100de9d85d855bb67aaa2157d,1.0,1,5,2
7b35fb694a1c478f507173167fbe234e,bb00460af4cda6bd1252e99ef3168b56,1.0,1,5,2
7b35fb694a1c478f507173167fbe234e,bb361861b83a556ce2a5b2d537e22df9,1.0,1,5,2
7b35fb694a1c478f507173167fbe234e,c550705284a6b10b8b2c2e6c40e90580,1.0,1,5,2
7b35fb694a1c478f507173167fbe234e,c9f633ba06746056943f5e6d4bf1f1cd,1.0,1,5,2
7b35fb694a1c478f507173167fbe234e,d10e1d04f94eea6c40bc55ad964930f2,1.0,1,5,2
7b35fb694a1c478f507173167fbe234e,d88ab33b7eb886fea1b8ff195c9a9781,1.0,1,5,2
7b35fb694a1c478f507173167fbe234e,e5535f0b3bd13a577b26dab17ed44a0f,1.0,1,5,2
7b35fb694a1c478f507173167fbe234e,e7f05599a82aa0ff9745e92f4b9a9188,1.0,1,5,2
7b35fb694a1c478f507173167fbe234e,ea45fdfe8aaa3f81604b23a652c49fcf,1.0,1,5,2
7b35fb694a1c478f507173167fbe234e,ed7aae0bd6dae2a07a54cd4f9c0b9b0a,1.0,1,5,2
7b35fb694a1c478f507173167fbe234e,fcabb1c1914da0aff9378a59942ff133,1.0,1,5,2
7b3d5e9819f245927a29ccfae22ed449,850e8006b4f239916012dfd4f9bdeb0e,1.0,1,1,6
7ca19647e1200895475475186a3e072e,82cffd5880c953933b9ebe4e4789edd0,1.0,1,2,5
7ca19647e1200895475475186a3e072e,9fafb9bc4f2296fe5d2d0bc2f8e19a0b,1.0,1,2,5
7ca19647e1200895475475186a3e072e,eb742a3b914c53d45f1a30c8e2fcd8bd,1.0,1,2,5
7cd931d3566a9c43e15d5e6ce9ff5759,cc02224a63bfaa52e0007916dea1b669,1.0,1,3,4
7d7aa5c4be05a0443a77a744255c7b01,850e8006b4f239916012dfd4f9bdeb0e,1.0,1,1,6
7d94c9f2049fc3e2283a4b29646ad1cb,850e8006b4f239916012dfd4f9bdeb0e,1.0,1,1,6
80b5c70d20058c553d662a56cbff22e5,82cffd5880c953933b9ebe4e4789edd0,1.0,1,2,5
80b5c70d20058c553d662a56cbff22e5,9fafb9bc4f2296fe5d2d0bc2f8e19a0b,1.0,1,2,5
80b5c70d20058c553d662a56cbff22e5,eb742a3b914c53d45f1a30c8e2fcd8bd,1.0,1,2,5
82b10cac246970ffdf60e1d93a9a9816,850e8006b4f239916012dfd4f9bdeb0e,1.0,1,1,6
82cffd5880c953933b9ebe4e4789edd0,85ac3e23bde65bd5628fdd6f15db5295,1.0,1,5,2
82cffd5880c953933b9ebe4e4789edd0,889fc057c77157659bdef1206d47d08c,1.0,1,5,2
82cffd5880c953933b9ebe4e4789edd0,8a56bc1f46776cf85828e336fa75dcd5,1.0,1,5,2
82cffd5880c953933b9ebe4e4789edd0,942a5e1f3f7b206e11354f6d84121a3e,1.0,1,5,2
82cffd5880c953933b9ebe4e4789edd0,9efc7f2a9ac5c2cf72565008f1914206,1.0,1,5,2
82cffd5880c953933b9ebe4e4789edd0,9f1591824452a9d9a9f225b9fca168d2,1.0,1,5,2
82cffd5880c953933b9ebe4e4789edd0,a16656b34f59e202ef32dfc53b947847,1.0,1,5,2
82cffd5880c953933b9ebe4e4789edd0,a7de0c8480d07cef1e8f55f8c61f548f,1.0,1,5,2
82cffd5880c953933b9ebe4e4789edd0,b6da6ab100de9d85d855bb67aaa2157d,1.0,1,5,2
82cffd5880c953933b9ebe4e4789edd0,bb00460af4cda6bd1252e99ef3168b56,1.0,1,5,2
82cffd5880c953933b9ebe4e4789edd0,bb361861b83a556ce2a5b2d537e22df9,1.0,1,5,2
82cffd5880c953933b9ebe4e4789edd0,c550705284a6b10b8b2c2e6c40e90580,1.0,1,5,2
82cffd5880c953933b9ebe4e4789edd0,c9f633ba06746056943f5e6d4bf1f1cd,1.0,1,5,2
82cffd5880c953933b9ebe4e4789edd0,d10e1d04f94eea6c40bc55ad964930f2,1.0,1,5,2
82cffd5880c953933b9ebe4e4789edd0,d88ab33b7eb886fea1b8ff195c9a9781,1.0,1,5,2
82cffd5880c953933b9ebe4e4789edd0,e5535f0b3bd13a577b26dab17ed44a0f,1.0,1,5,2
82cffd5880c953933b9ebe4e4789edd0,e7f05599a82aa0ff9745e92f4b9a9188,1.0,1,5,2
82cffd5880c953933b9ebe4e4789edd0,ea45fdfe8aaa3f81604b23a652c49fcf,1.0,1,5,2
82cffd5880c953933b9ebe4e4789edd0,ed7aae0bd6dae2a07a54cd4f9c0b9b0a,1.0,1,5,2
82cffd5880c953933b9ebe4e4789edd0,fcabb1c1914da0aff9378a59942ff133,1.0,1,5,2
850e8006b4f239916012dfd4f9bdeb0e,896ae021b16a75c0400fad89141227b2,1.0,1,6,1
850e8006b4f239916012dfd4f9bdeb0e,897df847354833789262d872ee1062d1,1.0,1,6,1
850e8006b4f239916012dfd4f9bdeb0e,8b562fe20fc1a0a18898b2dcd62008d5,1.0,1,6,1
850e8006b4f239916012dfd4f9bdeb0e,8b789c08cf290e40475d63308dafa12e,1.0,1,6,1
850e8006b4f239916012dfd4f9bdeb0e,8cf98fbd02b0efdde35bbc7aab39764a,1.0,1,6,1
850e8006b4f239916012dfd4f9bdeb0e,8dd960c9315fce711c04a4411ed03310,1.0,1,6,1
850e8006b4f239916012dfd4f9bdeb0e,91db2e9633e507c47274a5767ef6fb2f,1.0,1,6,1
850e8006b4f239916012dfd4f9bdeb0e,931f73eb317aa12c10e3fbb2a7a59650,1.0,1,6,1
850e8006b4f239916012dfd4f9bdeb0e,94167fb69e0fff5cbd22cae95133ae88,1.0,1,6,1
850e8006b4f239916012dfd4f9bdeb0e,94433e52e7cb4d2755e1ce5954f4ecf2,1.0,1,6,1
850e8006b4f239916012dfd4f9bdeb0e,9578265ad4a29c7330ea61d6b7b83862,1.0,1,6,1
850e8006b4f239916012dfd4f9bdeb0e,95b621869cf337eac6bd9d42bf59c0c9,1.0,1,6,1
850e8006b4f239916012dfd4f9bdeb0e,95d319b707fca3ca22e48d189e5fbb38,1.0,1,6,1
850e8006b4f239916012dfd4f9bdeb0e,969eb8bf4c0fce047dfd0ee78ce9a205,1.0,1,6,1
850e8006b4f239916012dfd4f9bdeb0e,96b5aafd242ce556960678bf8d654fc8,1.0,1,6,1
850e8006b4f239916012dfd4f9bdeb0e,987c0da67e68ec3a785ba1d8c608841b,1.0,1,6,1
850e8006b4f239916012dfd4f9bdeb0e,99137c8a71db73be44549e5a5274981a,1.0,1,6,1
850e8006b4f239916012dfd4f9bdeb0e,99d0d6b77f343be4a009eba1f5b75591,1.0,1,6,1
850e8006b4f239916012dfd4f9bdeb0e,9bad4b41b80bb43afad57032f839451e,1.0,1,6,1
850e8006b4f239916012dfd4f9bdeb0e,9d1f8629dc5f3107dded59e772dbf9ad,1.0,1,6,1
850e8006b4f239916012dfd4f9bdeb0e,9d68d3a0a28583b68e7d8e6a07adaf31,1.0,1,6,1
850e8006b4f239916012dfd4f9bdeb0e,9f18b9b8c2b650a9d97a84ac353f1b88,1.0,1,6,1
850e8006b4f239916012dfd4f9bdeb0e,9f7fbc34b444b91c1ef03f2a7af6a33c,1.0,1,6,1
850e8006b4f239916012dfd4f9bdeb0e,a053b33caad9b237f40a312e1dbe7af5,1.0,1,6,1
850e8006b4f239916012dfd4f9bdeb0e,a05b42abd28b0e788776cc00acca82db,1.0,1,6,1
850e8006b4f239916012dfd4f9bdeb0e,a1b1a0117238e884965678ce035f10d0,1.0,1,6,1
850e8006b4f239916012dfd4f9bdeb0e,a1cbaab4236d5ac6f71bcfc7fdc87d10,1.0,1,6,1
850e8006b4f239916012dfd4f9bdeb0e,a22db6502caed90511467435a9aa9c22,1.0,1,6,1
850e8006b4f239916012dfd4f9bdeb0e,a2681e61ce4cd09c84e028a4963812da,1.0,1,6,1
850e8006b4f239916012dfd4f9bdeb0e,a39f499be584ce0057dd5c0485123575,1.0,1,6,1
850e8006b4f239916012dfd4f9bdeb0e,a5e783156c30ef47a0209fe04f0c8f73,1.0,1,6,1
850e8006b4f239916012dfd4f9bdeb0e,a8d91aea91e95b9fc06492ac162a7876,1.0,1,6,1
850e8006b4f239916012dfd4f9bdeb0e,abbf98c4b6e413fe48405159b17f9a51,1.0,1,6,1
850e8006b4f239916012dfd4f9bdeb0e,abca17a50929e00d09e56810f3f09274,1.0,1,6,1
850e8006b4f239916012dfd4f9bdeb0e,ad93fad8236116a49b08059fb2bd8145,1.0,1,6,1
850e8006b4f239916012dfd4f9bdeb0e,afda5cfb8f4c578a54efbef23e45c621,1.0,1,6,1
850e8006b4f239916012dfd4f9bdeb0e,b02fdd2b810e62da62cd5b2b26a66cac,1.0,1,6,1
850e8006b4f239916012dfd4f9bdeb0e,b2fda5c6e63de74ec7e21c4d02fc9baa,1.0,1,6,1
850e8006b4f239916012dfd4f9bdeb0e,b32bcb59268e3494d9b1295b47bb8df2,1.0,1,6,1
850e8006b4f239916012dfd4f9bdeb0e,b4b1a11b3ee17f1c046b64e52a5a8515,1.0,1,6,1
850e8006b4f239916012dfd4f9bdeb0e,b609e84c9c83295bb241da5a704bccd8,1.0,1,6,1
850e8006b4f239916012dfd4f9bdeb0e,b69b6115798a2e61e52386ad74cf9371,1.0,1,6,1
850e8006b4f239916012dfd4f9bdeb0e,b6ad6d0ceec51b14ddaaec22ea6e6e97,1.0,1,6,1
850e8006b4f239916012dfd4f9bdeb0e,b7ed52180f08c7227df351919f7dba09,1.0,1,6,1
850e8006b4f239916012dfd4f9bdeb0e,b814fa64605cc425160403d78fb75f4c,1.0,1,6,1
850e8006b4f239916012dfd4f9bdeb0e,bb639133b3e1a03c5f3b221c80a414db,1.0,1,6,1
850e8006b4f239916012dfd4f9bdeb0e,bccf1f04597bf7d228479c66d874061b,1.0,1,6,1
850e8006b4f239916012dfd4f9bdeb0e,c0a37e61c7980c62666befa53e300142,1.0,1,6,1
850e8006b4f239916012dfd4f9bdeb0e,c11b49cd5e286f19445c7211b6039abe,1.0,1,6,1
850e8006b4f239916012dfd4f9bdeb0e,c11f3aaf8e1577c0e2214499ef0f27ba,1.0,1,6,1
850e8006b4f239916012dfd4f9bdeb0e,c332980c78958a4328aa453e4f7dd73f,1.0,1,6,1
850e8006b4f239916012dfd4f9bdeb0e,c3496e2536d8347b97f7afe5d7d211ab,1.0,1,6,1
850e8006b4f239916012dfd4f9bdeb0e,c4c8a6af60b58aed2b0edfc848a28700,1.0,1,6,1
850e8006b4f239916012dfd4f9bdeb0e,c5afdb21fdb0a3e8c4a55742dfe7c644,1.0,1,6,1
850e8006b4f239916012dfd4f9bdeb0e,c5e0bea8d76cf467944d3feb699ad06e,1.0,1,6,1
850e8006b4f239916012dfd4f9bdeb0e,c6bab6d0a0ba93b7672fddc3c965d8bb,1.0,1,6,1
850e8006b4f239916012dfd4f9bdeb0e,c78fddb6f257881a62b4de591bb5a1f1,1.0,1,6,1
850e8006b4f239916012dfd4f9bdeb0e,c80e8eba85e03db9cf73f0ed349d18bd,1.0,1,6,1
850e8006b4f239916012dfd4f9bdeb0e,c84c8ac4dcafc7aefe37b07a9343320b,1.0,1,6,1
850e8006b4f239916012dfd4f9bdeb0e,cdc6cd6f0a8b8f844db9a61e779055b3,1.0,1,6,1
850e8006b4f239916012dfd4f9bdeb0e,ce26bcc126789faf8d51fa4cc4f0d407,1.0,1,6,1
850e8006b4f239916012dfd4f9bdeb0e,cef354e35d130e1452229886c37e5b7d,1.0,1,6,1
850e8006b4f239916012dfd4f9bdeb0e,d07448b2437bfe83d9b7e226a9809ff7,1.0,1,6,1
850e8006b4f239916012dfd4f9bdeb0e,d198625af1483191f3c684f96c168f98,1.0,1,6,1
850e8006b4f239916012dfd4f9bdeb0e,d1fc7c21dd26886b28e4973eb89d91b8,1.0,1,6,1
850e8006b4f239916012dfd4f9bdeb0e,d207167b0278a7b67f1dd13537969796,1.0,1,6,1
850e8006b4f239916012dfd4f9bdeb0e,d2f3349e7c047fe8c4fe06a251027d21,1.0,1,6,1
850e8006b4f239916012dfd4f9bdeb0e,d335baecca5030833f520b089d1f5de0,1.0,1,6,1
850e8006b4f239916012dfd4f9bdeb0e,d372a040e57bcdc6b9ecb52f3feda0d9,1.0,1,6,1
850e8006b4f239916012dfd4f9bdeb0e,d5521a550c8276ef263a830852342242,1.0,1,6,1
850e8006b4f239916012dfd4f9bdeb0e,d5e4bc3ab51abd788eaf77fce19a12d3,1.0,1,6,1
850e8006b4f239916012dfd4f9bdeb0e,d94137816541d7919b82c664a8f3937f,1.0,1,6,1
850e8006b4f239916012dfd4f9bdeb0e,d9c528dea1e5035e1c94ce8f14c6ed0b,1.0,1,6,1
850e8006b4f239916012dfd4f9bdeb0e,da4f9f9ac73ecec9f3a1ee1c0de6d6d9,1.0,1,6,1
850e8006b4f239916012dfd4f9bdeb0e,dbaf90a340588b6b0d35609707c9e28e,1.0,1,6,1
850e8006b4f239916012dfd4f9bdeb0e,dc9601017e7242b2d4731669d1ce7bc5,1.0,1,6,1
850e8006b4f239916012dfd4f9bdeb0e,dc9c904e32d80642b359205d9aedaff9,1.0,1,6,1
850e8006b4f239916012dfd4f9bdeb0e,dd54dc717fbbcc67d92a15d8b2350249,1.0,1,6,1
850e8006b4f239916012dfd4f9bdeb0e,dd83c210f2179d6c893b5c0bf9da0268,1.0,1,6,1
850e8006b4f239916012dfd4f9bdeb0e,de62b1930ddc37c005aff8c0edf2a3e2,1.0,1,6,1
850e8006b4f239916012dfd4f9bdeb0e,dfbfbe79debfab1266fc7ae4abfd98ae,1.0,1,6,1
850e8006b4f239916012dfd4f9bdeb0e,e017e385eca212c9245b334a1b500fc2,1.0,1,6,1
850e8006b4f239916012dfd4f9bdeb0e,e0d57fcc716125d70f48d5e7e165a23c,1.0,1,6,1
850e8006b4f239916012dfd4f9bdeb0e,e3636ed2c618b2eecdf1970d8c87bc67,1.0,1,6,1
850e8006b4f239916012dfd4f9bdeb0e,e3ad4e23b9a9ea0760eca68158b6ebc2,1.0,1,6,1
850e8006b4f239916012dfd4f9bdeb0e,e44728753775d439f900bc11d70dda23,1.0,1,6,1
850e8006b4f239916012dfd4f9bdeb0e,e46c733f67479a6d5447886afb6d5f39,1.0,1,6,1
850e8006b4f239916012dfd4f9bdeb0e,e5e9da3a61436d34efc3250a52495330,1.0,1,6,1
850e8006b4f239916012dfd4f9bdeb0e,e94e6e62ffdd16f148f9496d32d31779,1.0,1,6,1
850e8006b4f239916012dfd4f9bdeb0e,ebe981a1b4ae51ee6e244e207acd3562,1.0,1,6,1
850e8006b4f239916012dfd4f9bdeb0e,ebf92f18f7a148f0511a4e532e917e82,1.0,1,6,1
850e8006b4f239916012dfd4f9bdeb0e,ec7df3e6f0c28ce6265380ea09534200,1.0,1,6,1
850e8006b4f239916012dfd4f9bdeb0e,ecfe549039ca14574c34d8e5f2e2bce8,1.0,1,6,1
850e8006b4f239916012dfd4f9bdeb0e,ed6bb3579d99a0ed255c44da1280231e,1.0,1,6,1
850e8006b4f239916012dfd4f9bdeb0e,ee95e177ab3f145dbe033160ced52d68,1.0,1,6,1
850e8006b4f239916012dfd4f9bdeb0e,f0f8ceeadedd747aef7967d0f9e5969e,1.0,1,6,1
850e8006b4f239916012dfd4f9bdeb0e,f236672cde392cc6ae3c0700fef8ada5,1.0,1,6,1
850e8006b4f239916012dfd4f9bdeb0e,f283d62df3aed3073aa2796eecd01ccf,1.0,1,6,1
850e8006b4f239916012dfd4f9bdeb0e,f35d345c137deaccf9c26ab701108f20,1.0,1,6,1
850e8006b4f239916012dfd4f9bdeb0e,f362be295de5e69caf19361b902825e9,1.0,1,6,1
850e8006b4f239916012dfd4f9bdeb0e,f491087d01a37428ba96de3897bf6814,1.0,1,6,1
850e8006b4f239916012dfd4f9bdeb0e,f58d91eb07ca65178e04b1887adc8c17,1.0,1,6,1
850e8006b4f239916012dfd4f9bdeb0e,f5b73a2dfb6011b07b2f4aad915ce171,1.0,1,6,1
850e8006b4f239916012dfd4f9bdeb0e,f75bc8b1aa3841ba66a6cf79255d3486,1.0,1,6,1
850e8006b4f239916012dfd4f9bdeb0e,f82cb85be599c614a9665bb050d03dbb,1.0,1,6,1
850e8006b4f239916012dfd4f9bdeb0e,fb08731fcd69d0cc9cc2c730e5aa8691,1.0,1,6,1
850e8006b4f239916012dfd4f9bdeb0e,fc16565ad8c9887ecc561e0708cd14ba,1.0,1,6,1
850e8006b4f239916012dfd4f9bdeb0e,fc6c2db1e5fc8d4e826df52031c08dc6,1.0,1,6,1
850e8006b4f239916012dfd4f9bdeb0e,fcaba43cfd594b9a6e1389bcbd33d5bd,1.0,1,6,1
850e8006b4f239916012dfd4f9bdeb0e,fdcf823822a86833a95cbe82fb08dc13,1.0,1,6,1
850e8006b4f239916012dfd4f9bdeb0e,fed51c3432d9ca128dc6a81c892a1168,1.0,1,6,1
850e8006b4f239916012dfd4f9bdeb0e,ffc9d8a98ebd09a78c8adb729c3cfa2a,1.0,1,6,1
850e8006b4f239916012dfd4f9bdeb0e,ffdcd85e0e81fc93f49bef4d54a4e61f,1.0,1,6,1
85ac3e23bde65bd5628fdd6f15db5295,9fafb9bc4f2296fe5d2d0bc2f8e19a0b,1.0,1,2,5
85ac3e23bde65bd5628fdd6f15db5295,eb742a3b914c53d45f1a30c8e2fcd8bd,1.0,1,2,5
889fc057c77157659bdef1206d47d08c,9fafb9bc4f2296fe5d2d0bc2f8e19a0b,1.0,1,2,5
889fc057c77157659bdef1206d47d08c,eb742a3b914c53d45f1a30c8e2fcd8bd,1.0,1,2,5
894a2fac1dcb705a1e4097b8a9131e90,cc02224a63bfaa52e0007916dea1b669,1.0,1,3,4
8a56bc1f46776cf85828e336fa75dcd5,9fafb9bc4f2296fe5d2d0bc2f8e19a0b,1.0,1,2,5
8a56bc1f46776cf85828e336fa75dcd5,eb742a3b914c53d45f1a30c8e2fcd8bd,1.0,1,2,5
8ee1e34425fc54b1f87318160b378c3b,cc02224a63bfaa52e0007916dea1b669,1.0,1,3,4
938f430a30c511a883c71999f6d01dcc,cc02224a63bfaa52e0007916dea1b669,1.0,1,3,4
942a5e1f3f7b206e11354f6d84121a3e,9fafb9bc4f2296fe5d2d0bc2f8e19a0b,1.0,1,2,5
942a5e1f3f7b206e11354f6d84121a3e,eb742a3b914c53d45f1a30c8e2fcd8bd,1.0,1,2,5
9e3cc1906aa2db29c30aecb2d642a41d,cc02224a63bfaa52e0007916dea1b669,1.0,1,3,4
9efc7f2a9ac5c2cf72565008f1914206,9fafb9bc4f2296fe5d2d0bc2f8e19a0b,1.0,1,2,5
9efc7f2a9ac5c2cf72565008f1914206,eb742a3b914c53d45f1a30c8e2fcd8bd,1.0,1,2,5
9f1591824452a9d9a9f225b9fca168d2,9fafb9bc4f2296fe5d2d0bc2f8e19a0b,1.0,1,2,5
9f1591824452a9d9a9f225b9fca168d2,eb742a3b914c53d45f1a30c8e2fcd8bd,1.0,1,2,5
9fafb9bc4f2296fe5d2d0bc2f8e19a0b,a16656b34f59e202ef32dfc53b947847,1.0,1,5,2
9fafb9bc4f2296fe5d2d0bc2f8e19a0b,a7de0c8480d07cef1e8f55f8c61f548f,1.0,1,5,2
9fafb9bc4f2296fe5d2d0bc2f8e19a0b,b6da6ab100de9d85d855bb67aaa2157d,1.0,1,5,2
9fafb9bc4f2296fe5d2d0bc2f8e19a0b,bb00460af4cda6bd1252e99ef3168b56,1.0,1,5,2
9fafb9bc4f2296fe5d2d0bc2f8e19a0b,bb361861b83a556ce2a5b2d537e22df9,1.0,1,5,2
9fafb9bc4f2296fe5d2d0bc2f8e19a0b,c550705284a6b10b8b2c2e6c40e90580,1.0,1,5,2
9fafb9bc4f2296fe5d2d0bc2f8e19a0b,c9f633ba06746056943f5e6d4bf1f1cd,1.0,1,5,2
9fafb9bc4f2296fe5d2d0bc2f8e19a0b,d10e1d04f94eea6c40bc55ad964930f2,1.0,1,5,2
9fafb9bc4f2296fe5d2d0bc2f8e19a0b,d88ab33b7eb886fea1b8ff195c9a9781,1.0,1,5,2
9fafb9bc4f2296fe5d2d0bc2f8e19a0b,e5535f0b3bd13a577b26dab17ed44a0f,1.0,1,5,2
9fafb9bc4f2296fe5d2d0bc2f8e19a0b,e7f05599a82aa0ff9745e92f4b9a9188,1.0,1,5,2
9fafb9bc4f2296fe5d2d0bc2f8e19a0b,ea45fdfe8aaa3f81604b23a652c49fcf,1.0,1,5,2
9fafb9bc4f2296fe5d2d0bc2f8e19a0b,ed7aae0bd6dae2a07a54cd4f9c0b9b0a,1.0,1,5,2
9fafb9bc4f2296fe5d2d0bc2f8e19a0b,fcabb1c1914da0aff9378a59942ff133,1.0,1,5,2
a16656b34f59e202ef32dfc53b947847,eb742a3b914c53d45f1a30c8e2fcd8bd,1.0,1,2,5
a7de0c8480d07cef1e8f55f8c61f548f,eb742a3b914c53d45f1a30c8e2fcd8bd,1.0,1,2,5
ad60ba535e4fa2b72c924290d6337913,cc02224a63bfaa52e0007916dea1b669,1.0,1,3,4
b6da6ab100de9d85d855bb67aaa2157d,eb742a3b914c53d45f1a30c8e2fcd8bd,1.0,1,2,5
bb00460af4cda6bd1252e99ef3168b56,eb742a3b914c53d45f1a30c8e2fcd8bd,1.0,1,2,5
bb361861b83a556ce2a5b2d537e22df9,eb742a3b914c53d45f1a30c8e2fcd8bd,1.0,1,2,5
c550705284a6b10b8b2c2e6c40e90580,eb742a3b914c53d45f1a30c8e2fcd8bd,1.0,1,2,5
c9f633ba06746056943f5e6d4bf1f1cd,eb742a3b914c53d45f1a30c8e2fcd8bd,1.0,1,2,5
cc02224a63bfaa52e0007916dea1b669,e4923ae2c32e70e3c5a6e73a9fb872f2,1.0,1,4,3
cc02224a63bfaa52e0007916dea1b669,e8ca08f200cf74746cd5e671efcb61f3,1.0,1,4,3
d10e1d04f94eea6c40bc55ad964930f2,eb742a3b914c53d45f1a30c8e2fcd8bd,1.0,1,2,5
d88ab33b7eb886fea1b8ff195c9a9781,eb742a3b914c53d45f1a30c8e2fcd8bd,1.0,1,2,5
e5535f0b3bd13a577b26dab17ed44a0f,eb742a3b914c53d45f1a30c8e2fcd8bd,1.0,1,2,5
e7f05599a82aa0ff9745e92f4b9a9188,eb742a3b914c53d45f1a30c8e2fcd8bd,1.0,1,2,5
ea45fdfe8aaa3f81604b23a652c49fcf,eb742a3b914c53d45f1a30c8e2fcd8bd,1.0,1,2,5
eb742a3b914c53d45f1a30c8e2fcd8bd,ed7aae0bd6dae2a07a54cd4f9c0b9b0a,1.0,1,5,2
eb742a3b914c53d45f1a30c8e2fcd8bd,fcabb1c1914da0aff9378a59942ff133,1.0,1,5,2
7699251a3d88d4fc6b9480bdef4856c5,a7ae825c00e6e6bd9c2a7b34568c847f,1.0,1,3,4
7caf7197bf231963249e66cb4ce875d5,a7ae825c00e6e6bd9c2a7b34568c847f,1.0,1,3,4
a7ae825c00e6e6bd9c2a7b34568c847f,c3807b5e102688c2dde01ce0292c7aa8,1.0,1,4,3
009dd7b313c04f4ccd9d4e423bc04ba7,24764284d4d67f146daa546143e1d0d9,1.0,1,1,6
24764284d4d67f146daa546143e1d0d9,4b83f8eb0d4d579e20d192dec4d8480e,1.0,1,6,1
24764284d4d67f146daa546143e1d0d9,53ce59821e6c5041654f61c58e99bcc2,1.0,1,6,1
24764284d4d67f146daa546143e1d0d9,5835494e5add24ed02f3e2339be0d60e,1.0,1,6,1
24764284d4d67f146daa546143e1d0d9,fc07d9d0bcec4b21e5023c7ddc1a0a97,1.0,1,6,1
2f704bf55357c99fbb6015e3bffc5422,d7484dd44acca3ca523936dd5b8f1b09,1.0,1,2,5
00a6ee75a90222405df9d8d59babc513,1573b77edd530a9750e7245acb45ba67,1.0,1,1,6
0116f610fa1418cda75e0d96e1639a03,1573b77edd530a9750e7245acb45ba67,1.0,1,1,6
0189137aa093295df2116467b8201d66,1573b77edd530a9750e7245acb45ba67,1.0,1,1,6
0dddb1f8f7a4b64555e6084fc18c832f,1573b77edd530a9750e7245acb45ba67,1.0,1,1,6
12d1cda209613cd60b9d242181be7077,1573b77edd530a9750e7245acb45ba67,1.0,1,1,6
14e8fa3ae839122091f7ebacad945ebe,c04dc38af3ee271e9c8863809023adee,1.0,1,2,5
1573b77edd530a9750e7245acb45ba67,231a0b20227b9d5b4967016e775415d6,1.0,1,6,1
1573b77edd530a9750e7245acb45ba67,2d7f8c99a4a402e38681f31b05518dfc,1.0,1,6,1
1573b77edd530a9750e7245acb45ba67,2e13ebc6d59404e724a28325c1a4357b,1.0,1,6,1
1573b77edd530a9750e7245acb45ba67,2efdab402b57b0040f1f04c74cf3bef3,1.0,1,6,1
1573b77edd530a9750e7245acb45ba67,3f7486480ac9eef5ee7c5a9efe95276b,1.0,1,6,1
1573b77edd530a9750e7245acb45ba67,4118b91e5342b4c4fa0192a131cfba90,1.0,1,6,1
1573b77edd530a9750e7245acb45ba67,4d4c322f24e2e73249d9b0d21cf4e1fb,1.0,1,6,1
1573b77edd530a9750e7245acb45ba67,4f60e4ed8104dedbd1aeedad9d9fd5dc,1.0,1,6,1
1573b77edd530a9750e7245acb45ba67,573605dc73227f843b291cd789a45d03,1.0,1,6,1
1573b77edd530a9750e7245acb45ba67,61ffb1cf1b889fb5d66b8527b9b12d3e,1.0,1,6,1
1573b77edd530a9750e7245acb45ba67,6b1549c509ef8c31aa1eaa92f318e5b8,1.0,1,6,1
1573b77edd530a9750e7245acb45ba67,6f6aea891f7b1c17c8ed5048d1a801ae,1.0,1,6,1
1573b77edd530a9750e7245acb45ba67,770e794c4208b19cd89bddfb46b20883,1.0,1,6,1
1573b77edd530a9750e7245acb45ba67,7e6977a143b9420c9c2f5d4452f70fbd,1.0,1,6,1
1573b77edd530a9750e7245acb45ba67,7ec1eababd5b609375f53565333a16ca,1.0,1,6,1
1573b77edd530a9750e7245acb45ba67,8c438ceb9afe35e513cf671de8a65f7e,1.0,1,6,1
1573b77edd530a9750e7245acb45ba67,8e8c4acebf28ff8b76b0c3997fed207d,1.0,1,6,1
1573b77edd530a9750e7245acb45ba67,9fb23c0934b300ecec67d95926d1d09d,1.0,1,6,1
1573b77edd530a9750e7245acb45ba67,b0164212434295e7e87590bb18e5371c,1.0,1,6,1
1573b77edd530a9750e7245acb45ba67,baa8b1be14b8baaaff1561406dbc93e2,1.0,1,6,1
1573b77edd530a9750e7245acb45ba67,c1d0cbc16303f3d4a3442589a692495a,1.0,1,6,1
1573b77edd530a9750e7245acb45ba67,c3a1bf5cf9959122b9093f515e3493d6,1.0,1,6,1
1573b77edd530a9750e7245acb45ba67,c5c65dc72006fffa3c07a8884e595e71,1.0,1,6,1
1573b77edd530a9750e7245acb45ba67,c5f4a17332cac9eea14c1147093298dc,1.0,1,6,1
1573b77edd530a9750e7245acb45ba67,d992447e02093cff2f784f9602d1f72c,1.0,1,6,1
1573b77edd530a9750e7245acb45ba67,d9b2fdebb3f293e4f8eeb174c035cc2c,1.0,1,6,1
1573b77edd530a9750e7245acb45ba67,e32e9ffa72fe957a48b8c21d9576eb63,1.0,1,6,1
1573b77edd530a9750e7245acb45ba67,f3262b4152fc46b20c4b3e8c6523ddad,1.0,1,6,1
190d1e49534d839d6db2880759d8e40f,c04dc38af3ee271e9c8863809023adee,1.0,1,2,5
19907f11bb921f810c74da2d118ac218,c04dc38af3ee271e9c8863809023adee,1.0,1,2,5
23377791df925b1158ea0e673839b1e3,c04dc38af3ee271e9c8863809023adee,1.0,1,2,5
2d511ba1ec0a22de693b9492d6e4e67a,c04dc38af3ee271e9c8863809023adee,1.0,1,2,5
3e084c2b3948e5beff170f89a2e9b653,c04dc38af3ee271e9c8863809023adee,1.0,1,2,5
5ba5ed538b8b1117e83297b343d4d8ad,c04dc38af3ee271e9c8863809023adee,1.0,1,2,5
6628b7edac9b0cedad21d9be3b179ba0,c04dc38af3ee271e9c8863809023adee,1.0,1,2,5
82a5e0a32808abf9bb604e683dd28b96,c04dc38af3ee271e9c8863809023adee,1.0,1,2,5
92ed49c89b00a33df67afde16ad3fe02,c04dc38af3ee271e9c8863809023adee,1.0,1,2,5
bcb8ec660f9d6212d52115aa8183ca04,c04dc38af3ee271e9c8863809023adee,1.0,1,2,5
08371b8fa87d33d519335b836d8abf12,4c4584a82633ac90e58fe2d141d7433e,1.0,1,1,6
0f1057714bc593f65f125ca25d140d17,4c4584a82633ac90e58fe2d141d7433e,1.0,1,1,6
10b442e762ba8a5ad22de5ba2207e5f1,3f33e7e7a4f7ee0ccf8fe97631476ee1,1.0,1,4,3
10b442e762ba8a5ad22de5ba2207e5f1,9f3495fec7de50e7f0e31d3f1ed3c526,1.0,1,4,3
161a927c39ab276c394039d5f64c9c99,4c4584a82633ac90e58fe2d141d7433e,1.0,1,1,6
17cf7606dd2c75de6761b0a30652c8ce,4c4584a82633ac90e58fe2d141d7433e,1.0,1,1,6
197884ee7c9574b7d8c907d911035aa4,4c4584a82633ac90e58fe2d141d7433e,1.0,1,1,6
1e728b530adb1a64bd4e2a3f728e65e5,4c4584a82633ac90e58fe2d141d7433e,1.0,1,1,6
327a48c6f5aa9ae7cec1faa4576bad5d,4c4584a82633ac90e58fe2d141d7433e,1.0,1,1,6
33959d22e93db0d397bfb42624e1ba92,4c4584a82633ac90e58fe2d141d7433e,1.0,1,1,6
3792b591c5fa50a7e1cce6087fd02bec,4c4584a82633ac90e58fe2d141d7433e,1.0,1,1,6
3f33e7e7a4f7ee0ccf8fe97631476ee1,b259b009b425d402eb2160a3a614d3be,1.0,1,3,4
4c4584a82633ac90e58fe2d141d7433e,4df547e9d237aae3fe69a0a21ac1f809,1.0,1,6,1
4c4584a82633ac90e58fe2d141d7433e,5b38ad98107098293758a5a9a7a6aca4,1.0,1,6,1
4c4584a82633ac90e58fe2d141d7433e,62ed60b3cf99e01f09499205314419aa,1.0,1,6,1
4c4584a82633ac90e58fe2d141d7433e,6ca72e10ed21fc12e5be15d7812c7eea,1.0,1,6,1
4c4584a82633ac90e58fe2d141d7433e,72b43a3cbfcbf7f7b6c08deed86d7cc7,1.0,1,6,1
4c4584a82633ac90e58fe2d141d7433e,732c586984ab33016e174c8e51e38297,1.0,1,6,1
4c4584a82633ac90e58fe2d141d7433e,74484a93945a08b6209abcfc66e42522,1.0,1,6,1
4c4584a82633ac90e58fe2d141d7433e,7ab70dec691e6ced0e10140d4668ab00,1.0,1,6,1
4c4584a82633ac90e58fe2d141d7433e,7e04891cacaba45a6160a80c09758633,1.0,1,6,1
4c4584a82633ac90e58fe2d141d7433e,851806f49ab128d0acfef8ea997e137d,1.0,1,6,1
4c4584a82633ac90e58fe2d141d7433e,97c7d72d01f83be7cd235a3658b938c5,1.0,1,6,1
4c4584a82633ac90e58fe2d141d7433e,9892bcb1734eb6ee2e801296ddcee713,1.0,1,6,1
4c4584a82633ac90e58fe2d141d7433e,9a6f808e3b85babc574ea2f425415936,1.0,1,6,1
4c4584a82633ac90e58fe2d141d7433e,a7bebc53acf7b2c31550f06a58076d17,1.0,1,6,1
4c4584a82633ac90e58fe2d141d7433e,ab37ef857a91599810a1aad74cd34407,1.0,1,6,1
4c4584a82633ac90e58fe2d141d7433e,abcf3aaa32c5bc43782f0e3cb2a3cba4,1.0,1,6,1
4c4584a82633ac90e58fe2d141d7433e,b12e97cb3bf8d1b59fc21cfac8e9dfd4,1.0,1,6,1
4c4584a82633ac90e58fe2d141d7433e,bd6758b5fc97ec419f070b803fec362b,1.0,1,6,1
4c4584a82633ac90e58fe2d141d7433e,c278306315d869f89e9e0f813192911b,1.0,1,6,1
4c4584a82633ac90e58fe2d141d7433e,c683ed9776a3bb038982ef2aaacdb9a5,1.0,1,6,1
4c4584a82633ac90e58fe2d141d7433e,cfa0256f86108d8c0cdfa164b042d862,1.0,1,6,1
4c4584a82633ac90e58fe2d141d7433e,d00ba4e03045ecb66917ad9eb1b76bb5,1.0,1,6,1
4c4584a82633ac90e58fe2d141d7433e,d8f5d0ec371c4c801da02488edc6aeb8,1.0,1,6,1
4c4584a82633ac90e58fe2d141d7433e,dc170fa9d3d1635e5584b8f137ee3992,1.0,1,6,1
4c4584a82633ac90e58fe2d141d7433e,dda38d4b3e3efd152b4bad4b9d57963f,1.0,1,6,1
4c4584a82633ac90e58fe2d141d7433e,e005e7fb556bb7b6c677dfe30a85846d,1.0,1,6,1
4c4584a82633ac90e58fe2d141d7433e,ec0d14f6ecca05089a0a9e0440d3d8de,1.0,1,6,1
4c4584a82633ac90e58fe2d141d7433e,f00feb2d02bbc58957ea2cd1d9b4f815,1.0,1,6,1
4c4584a82633ac90e58fe2d141d7433e,f102240598836332442c455abbcecfbc,1.0,1,6,1
4c4584a82633ac90e58fe2d141d7433e,fb8497fbbc2245f9911574aa498414e7,1.0,1,6,1
9f3495fec7de50e7f0e31d3f1ed3c526,b259b009b425d402eb2160a3a614d3be,1.0,1,3,4
00b742e2f6d8fa571cd560007081d53b,31d1ec8fb80004b9a556acace88a9468,1.0,1,1,6
0a9d4f38c3d7205716db907be3a06491,31d1ec8fb80004b9a556acace88a9468,1.0,1,1,6
135d0249c65cdb8f5c8b30da582a6865,31d1ec8fb80004b9a556acace88a9468,1.0,1,1,6
1554ab45e7c8ff7191ddccdfcd2c8d20,31d1ec8fb80004b9a556acace88a9468,1.0,1,1,6
1c09e25b8c3430a1651682fca49cddab,31d1ec8fb80004b9a556acace88a9468,1.0,1,1,6
1d836478690eafcf2a72f010445388f6,44a90aebe64383d8d551ddd72bac9274,1.0,1,2,5
1d836478690eafcf2a72f010445388f6,a0988feb55f4bf6cd3643c2a0d8d3899,1.0,1,2,5
30228cb42efd930c08874d5f05230fc1,31d1ec8fb80004b9a556acace88a9468,1.0,1,1,6
31d1ec8fb80004b9a556acace88a9468,43849878f47ce035e165e820b6914ac9,1.0,1,6,1
31d1ec8fb80004b9a556acace88a9468,43978cedabadf283de4a06dfac108ffd,1.0,1,6,1
31d1ec8fb80004b9a556acace88a9468,607be94942447115f229a062199e5d49,1.0,1,6,1
31d1ec8fb80004b9a556acace88a9468,623d392cefd1e9b743242b556b6bb0ef,1.0,1,6,1
31d1ec8fb80004b9a556acace88a9468,713de0d4ee2b16c452a355a29022d94b,1.0,1,6,1
31d1ec8fb80004b9a556acace88a9468,71d0bdb856934e63fe9fd8019d7e3dcc,1.0,1,6,1
31d1ec8fb80004b9a556acace88a9468,72260708c2950a289d5b32794b574502,1.0,1,6,1
31d1ec8fb80004b9a556acace88a9468,9dbe78aa2dd8b7f5247ceb88038f1292,1.0,1,6,1
31d1ec8fb80004b9a556acace88a9468,a0b3658bff11e9414a501fef4be81a78,1.0,1,6,1
31d1ec8fb80004b9a556acace88a9468,b5492cdcd2cb70885607dd676780ac77,1.0,1,6,1
31d1ec8fb80004b9a556acace88a9468,e162a7eb6ab7506dbf180f1f98c158f0,1.0,1,6,1
31d1ec8fb80004b9a556acace88a9468,e27a73a5d870af369e93eac58482ebba,1.0,1,6,1
31d1ec8fb80004b9a556acace88a9468,e6e672ede70da04486fbb08ed54f989b,1.0,1,6,1
39a25ffcc4f83a144eff541e56ef7988,44a90aebe64383d8d551ddd72bac9274,1.0,1,2,5
39a25ffcc4f83a144eff541e56ef7988,a0988feb55f4bf6cd3643c2a0d8d3899,1.0,1,2,5
44a90aebe64383d8d551ddd72bac9274,4a858d3e945b66b74a3b87cd245338a8,1.0,1,5,2
44a90aebe64383d8d551ddd72bac9274,b48348743e921a4c82657d401675e069,1.0,1,5,2
4a858d3e945b66b74a3b87cd245338a8,a0988feb55f4bf6cd3643c2a0d8d3899,1.0,1,2,5
a0988feb55f4bf6cd3643c2a0d8d3899,b48348743e921a4c82657d401675e069,1.0,1,5,2
00bbfe2f540d0cfccbb098d92c503eca,f9242445fc633a8871f2a6c4a033c8bf,1.0,1,1,6
026e135c007282454338db204e44381f,f9242445fc633a8871f2a6c4a033c8bf,1.0,1,1,6
03bd6312bff2b8bc0b9b621ab23c1169,f9242445fc633a8871f2a6c4a033c8bf,1.0,1,1,6
047fee6d20e56bd3465d2c4b558373cf,f9242445fc633a8871f2a6c4a033c8bf,1.0,1,1,6
04a710ba27c70647fb2a4ffc6fe48e43,f9242445fc633a8871f2a6c4a033c8bf,1.0,1,1,6
05b580c24df8ccb5d7a77e8c8c661e85,f9242445fc633a8871f2a6c4a033c8bf,1.0,1,1,6
0a62ae425772a001e2b3d3eb810f810e,f9242445fc633a8871f2a6c4a033c8bf,1.0,1,1,6
0b70d1e8e5462729e993c3e82ba3d5f1,4b293b0eba86e10fcecd40a7aac6608b,1.0,1,3,4
0b70d1e8e5462729e993c3e82ba3d5f1,a440ac198e3e7e955a1e99fa738b81d1,1.0,1,3,4
0ecb7751a7060a4fa039126fd7c30323,f9242445fc633a8871f2a6c4a033c8bf,1.0,1,1,6
12d60b3f10be6303d4ed41fc27a0e490,f9242445fc633a8871f2a6c4a033c8bf,1.0,1,1,6
137d09ae9e41e9c1035cdfde4ab2925a,f9242445fc633a8871f2a6c4a033c8bf,1.0,1,1,6
14cf7b9dfb9a5edb2095dce25379772a,f9242445fc633a8871f2a6c4a033c8bf,1.0,1,1,6
16c18db342c87c7e6123be902585dd24,f9242445fc633a8871f2a6c4a033c8bf,1.0,1,1,6
186cb38b3f0b4e012761355aacad7d64,f9242445fc633a8871f2a6c4a033c8bf,1.0,1,1,6
188d67366ef38cb34c89cf94347a8574,f9242445fc633a8871f2a6c4a033c8bf,1.0,1,1,6
199518f9eacfe6b6297851b562c87d4f,f9242445fc633a8871f2a6c4a033c8bf,1.0,1,1,6
19985af3c12dfe54be14ba9740aa993c,f9242445fc633a8871f2a6c4a033c8bf,1.0,1,1,6
1c033aec1cee02a6cacc7b228f69667d,f9242445fc633a8871f2a6c4a033c8bf,1.0,1,1,6
1c31e9e0651dcb9bb941ff68c87365ee,4b293b0eba86e10fcecd40a7aac6608b,1.0,1,3,4
1c31e9e0651dcb9bb941ff68c87365ee,a440ac198e3e7e955a1e99fa738b81d1,1.0,1,3,4
1c9ed81f7bb6e825a13612758cb4442e,f9242445fc633a8871f2a6c4a033c8bf,1.0,1,1,6
20665adc96b4c09aa93d35c8c1d02993,f9242445fc633a8871f2a6c4a033c8bf,1.0,1,1,6
22520c2c5d7878679e8451c218a61937,f9242445fc633a8871f2a6c4a033c8bf,1.0,1,1,6
245893d21e95542564c17f06bf854972,f9242445fc633a8871f2a6c4a033c8bf,1.0,1,1,6
24abf93a73a57ab3fe56df52deb2c6c5,f9242445fc633a8871f2a6c4a033c8bf,1.0,1,1,6
25ae9abe0b78d72df39294a640db19ad,f9242445fc633a8871f2a6c4a033c8bf,1.0,1,1,6
271ec2410ab588a07c8aed43957935af,f9242445fc633a8871f2a6c4a033c8bf,1.0,1,1,6
2733b02828ccc30fa2b580bd68a7490d,f9242445fc633a8871f2a6c4a033c8bf,1.0,1,1,6
2833606277939d24ef033ba7a4051906,f9242445fc633a8871f2a6c4a033c8bf,1.0,1,1,6
2a8f929287429e825e794f73d916e5e4,f9242445fc633a8871f2a6c4a033c8bf,1.0,1,1,6
2b19e222fcbfd5584211b6b663d09260,f9242445fc633a8871f2a6c4a033c8bf,1.0,1,1,6
2bb655e5a68145d14491771f4a29e58f,f9242445fc633a8871f2a6c4a033c8bf,1.0,1,1,6
2d10b4a9a412ef6bf4476223677a7a7a,f9242445fc633a8871f2a6c4a033c8bf,1.0,1,1,6
2d492d6891a7147e2d2bd5af668190d7,f9242445fc633a8871f2a6c4a033c8bf,1.0,1,1,6
2e38bca431661c403a3756836fd73071,f9242445fc633a8871f2a6c4a033c8bf,1.0,1,1,6
315cf02fd1575037cf6af382062bc1fe,f9242445fc633a8871f2a6c4a033c8bf,1.0,1,1,6
33e156bda7e4550b1c7714b0cd34ceb7,f9242445fc633a8871f2a6c4a033c8bf,1.0,1,1,6
3443aa1df045d475ffb79648c36494e7,f9242445fc633a8871f2a6c4a033c8bf,1.0,1,1,6
34de78d15366663da947a58b7e9aa88b,f9242445fc633a8871f2a6c4a033c8bf,1.0,1,1,6
3615a0782b52edcb08716ac2e1c17b05,f9242445fc633a8871f2a6c4a033c8bf,1.0,1,1,6
36d402f853294b32a5db1a96a1b64cba,f9242445fc633a8871f2a6c4a033c8bf,1.0,1,1,6
39a67a9d203abf027ebac4a1ffeeb663,f9242445fc633a8871f2a6c4a033c8bf,1.0,1,1,6
39ee4c5bd3f97c8e59b32017bb911c62,f9242445fc633a8871f2a6c4a033c8bf,1.0,1,1,6
3a2ee2dd9846be1336b673162b178b6b,f9242445fc633a8871f2a6c4a033c8bf,1.0,1,1,6
3b77909bfca56bb59872359d7586f8ef,f9242445fc633a8871f2a6c4a033c8bf,1.0,1,1,6
3bf6a63c31087f3d9ca40b4639a9c68c,f9242445fc633a8871f2a6c4a033c8bf,1.0,1,1,6
3c38645e45e10d29cba2897019948d4e,f9242445fc633a8871f2a6c4a033c8bf,1.0,1,1,6
3c5ff761d061ce0996eacf738795e760,f9242445fc633a8871f2a6c4a033c8bf,1.0,1,1,6
3c77b44e70a34b2d8b5d0b4f0fe0afd8,f9242445fc633a8871f2a6c4a033c8bf,1.0,1,1,6
3e627ef309be5df7f53b9dca70d51346,f9242445fc633a8871f2a6c4a033c8bf,1.0,1,1,6
3edb4054ab915a9e3ff74ec855f40c41,f9242445fc633a8871f2a6c4a033c8bf,1.0,1,1,6
3ef6f3712c0d045d9546a3cbcb7d65d3,f9242445fc633a8871f2a6c4a033c8bf,1.0,1,1,6
4124240c9ffeddd7074ba3535e6fcdaf,f9242445fc633a8871f2a6c4a033c8bf,1.0,1,1,6
422e3a837e4b97707cac86272dc8baa9,f9242445fc633a8871f2a6c4a033c8bf,1.0,1,1,6
47785f23f38b208f70c7bcc32c282953,f9242445fc633a8871f2a6c4a033c8bf,1.0,1,1,6
48a43a82b83f1e3b08e691ffb1d04c58,4b293b0eba86e10fcecd40a7aac6608b,1.0,1,3,4
48a43a82b83f1e3b08e691ffb1d04c58,a440ac198e3e7e955a1e99fa738b81d1,1.0,1,3,4
48b8f663f9f79dd181687df9ddcf8603,f9242445fc633a8871f2a6c4a033c8bf,1.0,1,1,6
48baee36b8865e911ae4b5521360546e,f9242445fc633a8871f2a6c4a033c8bf,1.0,1,1,6
48e6f23af32f72ee663c68227e85e732,f9242445fc633a8871f2a6c4a033c8bf,1.0,1,1,6
49cd02c6f66c420d1e524b05f0e0a292,f9242445fc633a8871f2a6c4a033c8bf,1.0,1,1,6
4a25960170e665848bf0c39a21577c14,f9242445fc633a8871f2a6c4a033c8bf,1.0,1,1,6
4a6672015de0bbed2971095373df32b7,f9242445fc633a8871f2a6c4a033c8bf,1.0,1,1,6
4b293b0eba86e10fcecd40a7aac6608b,4edc8b814260113b58134ee968726c5a,1.0,1,4,3
4b293b0eba86e10fcecd40a7aac6608b,672afa8a0a510643b1be75d99ec3dab5,1.0,1,4,3
4b293b0eba86e10fcecd40a7aac6608b,97b8ceed37878640ed723315f621694e,1.0,1,4,3
4b293b0eba86e10fcecd40a7aac6608b,a63c88e3bd0344de106461ab8a3c3f03,1.0,1,4,3
4b293b0eba86e10fcecd40a7aac6608b,c0237d2d96bbcd13d2352c520b9bff0d,1.0,1,4,3
4b293b0eba86e10fcecd40a7aac6608b,cb2d00950f18d7d8f7fcfc8cc3a173b7,1.0,1,4,3
4b293b0eba86e10fcecd40a7aac6608b,cd7fabbed6374d8d014eed4b87bfa9f5,1.0,1,4,3
4b293b0eba86e10fcecd40a7aac6608b,f39c3ad6a39afe38f5e885d72d772f0e,1.0,1,4,3
4e4033522a311e3660bb42addf44398b,f9242445fc633a8871f2a6c4a033c8bf,1.0,1,1,6
4edc8b814260113b58134ee968726c5a,a440ac198e3e7e955a1e99fa738b81d1,1.0,1,3,4
4f8959e75186c78246b83bfb4219e419,f9242445fc633a8871f2a6c4a033c8bf,1.0,1,1,6
4f900739d9a032546ce7b9940099715e,f9242445fc633a8871f2a6c4a033c8bf,1.0,1,1,6
507867d3d755ceb1ddf5dac3932b23cc,f9242445fc633a8871f2a6c4a033c8bf,1.0,1,1,6
51578e3d67b394de2d5f399eb75f85f5,f9242445fc633a8871f2a6c4a033c8bf,1.0,1,1,6
53740dd6b589027ff2c4cd033eceafe2,f9242445fc633a8871f2a6c4a033c8bf,1.0,1,1,6
53fb629421f4abbf193879a5a897a5a4,f9242445fc633a8871f2a6c4a033c8bf,1.0,1,1,6
5733364acefd6b132d4617348374034c,f9242445fc633a8871f2a6c4a033c8bf,1.0,1,1,6
58ce1cfb0c76f21cbc8dd0ac12a154eb,f9242445fc633a8871f2a6c4a033c8bf,1.0,1,1,6
5afa58a8f5f4690413cfa9e809d551c1,f9242445fc633a8871f2a6c4a033c8bf,1.0,1,1,6
5bf7e4023dc44c2d8a70a12a2f3e0f1d,f9242445fc633a8871f2a6c4a033c8bf,1.0,1,1,6
5eb8a18c3f0aadfd60d9194deb33364a,f9242445fc633a8871f2a6c4a033c8bf,1.0,1,1,6
5f3c00815858edfb034def7fcccb098d,f9242445fc633a8871f2a6c4a033c8bf,1.0,1,1,6
5fc0305f0da09d506614f7f4cb74c4c3,f9242445fc633a8871f2a6c4a033c8bf,1.0,1,1,6
64a06910b689ca2dc9b3f88eb5134785,f9242445fc633a8871f2a6c4a033c8bf,1.0,1,1,6
65c6b170ceaa4ae3ee5bd6c46c0df5fa,f9242445fc633a8871f2a6c4a033c8bf,1.0,1,1,6
672afa8a0a510643b1be75d99ec3dab5,a440ac198e3e7e955a1e99fa738b81d1,1.0,1,3,4
681ee02113c8b572d0318265d7e8f92b,f9242445fc633a8871f2a6c4a033c8bf,1.0,1,1,6
68d5d57eba6caf31a18fdd1fc75153c9,f9242445fc633a8871f2a6c4a033c8bf,1.0,1,1,6
6bf1e2d6911c925d0475d1c3b09eb270,f9242445fc633a8871f2a6c4a033c8bf,1.0,1,1,6
6d286b9d631a22762e1ef5209ca76ef3,f9242445fc633a8871f2a6c4a033c8bf,1.0,1,1,6
6d47c2341b395b7e0294d8692016f6de,f9242445fc633a8871f2a6c4a033c8bf,1.0,1,1,6
712c9e0b60317d7902a5e6678650cf07,f9242445fc633a8871f2a6c4a033c8bf,1.0,1,1,6
7158f4fa0f85c3da884e3092008066eb,f9242445fc633a8871f2a6c4a033c8bf,1.0,1,1,6
71b873eededd786d027896414aee453e,f9242445fc633a8871f2a6c4a033c8bf,1.0,1,1,6
7218da49ef6bca3a8d862b83e6112cf5,f9242445fc633a8871f2a6c4a033c8bf,1.0,1,1,6
73254f2121f9a121ae8a5a32458bd7c2,f9242445fc633a8871f2a6c4a033c8bf,1.0,1,1,6
73a04ac8f87c858cc6116e8da8a957b0,f9242445fc633a8871f2a6c4a033c8bf,1.0,1,1,6
73ce91b4d6d80f326d0c1488d2566294,f9242445fc633a8871f2a6c4a033c8bf,1.0,1,1,6
73ef942e57c6e44b52506f4b90943073,f9242445fc633a8871f2a6c4a033c8bf,1.0,1,1,6
75662d5614222cc2e7bf5b40f3929642,f9242445fc633a8871f2a6c4a033c8bf,1.0,1,1,6
76eb770df6be0fe7e270abfe304fc86f,f9242445fc633a8871f2a6c4a033c8bf,1.0,1,1,6
78d3e9eb8049ab569d7b3265e0a7c50b,f9242445fc633a8871f2a6c4a033c8bf,1.0,1,1,6
7de55da799876f3835e69fe484c6153d,f9242445fc633a8871f2a6c4a033c8bf,1.0,1,1,6
7e05fc45a5b781d7ee8ae205f947da54,f9242445fc633a8871f2a6c4a033c8bf,1.0,1,1,6
7e063d87578c3438c8c086b4d5c93df2,f9242445fc633a8871f2a6c4a033c8bf,1.0,1,1,6
7fc3adfc3eebed5f1a9aa571c391f3b8,f9242445fc633a8871f2a6c4a033c8bf,1.0,1,1,6
7fde9b9f9d4350aa6d569b24c82c49ab,f9242445fc633a8871f2a6c4a033c8bf,1.0,1,1,6
80f1dc61e6737016a7b9214c6cc412f7,f9242445fc633a8871f2a6c4a033c8bf,1.0,1,1,6
826c82db79dc086400a19839e47099da,f9242445fc633a8871f2a6c4a033c8bf,1.0,1,1,6
82a62aed54f385f3bcfdc990fceb57fd,f9242445fc633a8871f2a6c4a033c8bf,1.0,1,1,6
82f04f173a9cea307a6e19dad330b86c,f9242445fc633a8871f2a6c4a033c8bf,1.0,1,1,6
8459ee508c1b6da0559bc181ba1554c2,f9242445fc633a8871f2a6c4a033c8bf,1.0,1,1,6
854653f952d2f4226c01355a42daa1ea,f9242445fc633a8871f2a6c4a033c8bf,1.0,1,1,6
8781c9fd53cc8eec28b7e9b875cba0cd,f9242445fc633a8871f2a6c4a033c8bf,1.0,1,1,6
89325436d09d60572f85ec97270ed9a8,f9242445fc633a8871f2a6c4a033c8bf,1.0,1,1,6
8bb9052ccae07ec6a7153f577f447486,f9242445fc633a8871f2a6c4a033c8bf,1.0,1,1,6
8bda983d52480e279ee8d6ef0b0c806b,f9242445fc633a8871f2a6c4a033c8bf,1.0,1,1,6
8c35a2255d7ea0aa80bb9e4bf5556806,f9242445fc633a8871f2a6c4a033c8bf,1.0,1,1,6
8ca0758a088771517b25de6d7f820cd9,f9242445fc633a8871f2a6c4a033c8bf,1.0,1,1,6
8cec3ca20d5d56eeb3587b4411cfbe0e,f9242445fc633a8871f2a6c4a033c8bf,1.0,1,1,6
8d3f3ca0e53a6d74eec77ccb7623fd82,f9242445fc633a8871f2a6c4a033c8bf,1.0,1,1,6
8e5102c8123b48eb09d2362c18337d4e,f9242445fc633a8871f2a6c4a033c8bf,1.0,1,1,6
94d6c1edd73b2f0b78f1ddf284c88521,f9242445fc633a8871f2a6c4a033c8bf,1.0,1,1,6
96849dcfacea8dbb9bde85ef21dc06ce,f9242445fc633a8871f2a6c4a033c8bf,1.0,1,1,6
9794264dd1bdfd78006c7cb741b42fea,f9242445fc633a8871f2a6c4a033c8bf,1.0,1,1,6
97b8ceed37878640ed723315f621694e,a440ac198e3e7e955a1e99fa738b81d1,1.0,1,3,4
9811341012232acb695c989f1fb0c14e,f9242445fc633a8871f2a6c4a033c8bf,1.0,1,1,6
99e7b400886c9bc2ada6ca957f7e6fef,f9242445fc633a8871f2a6c4a033c8bf,1.0,1,1,6
9a6cf088dc9a259ef2b7736c229a12f4,f9242445fc633a8871f2a6c4a033c8bf,1.0,1,1,6
9a6fcde7014269861d6fa57d4719900b,f9242445fc633a8871f2a6c4a033c8bf,1.0,1,1,6
9e9e2a8949bc17bbcdeb154d907f411e,f9242445fc633a8871f2a6c4a033c8bf,1.0,1,1,6
9f52aa42e2fd7bc958a8268f0c5945d0,f9242445fc633a8871f2a6c4a033c8bf,1.0,1,1,6
a0a42c4599cce684b3537bb863608e9b,f9242445fc633a8871f2a6c4a033c8bf,1.0,1,1,6
a127d16055b7a1530476349068e3a64b,f9242445fc633a8871f2a6c4a033c8bf,1.0,1,1,6
a1e464b37bdcfa390b3eebd18eed5ee3,f9242445fc633a8871f2a6c4a033c8bf,1.0,1,1,6
a22a3e29000f4d6eb82fc4f0bb2177f7,f9242445fc633a8871f2a6c4a033c8bf,1.0,1,1,6
a376eea6ecea6b0d118026e785f8e448,f9242445fc633a8871f2a6c4a033c8bf,1.0,1,1,6
a440ac198e3e7e955a1e99fa738b81d1,a63c88e3bd0344de106461ab8a3c3f03,1.0,1,4,3
a440ac198e3e7e955a1e99fa738b81d1,c0237d2d96bbcd13d2352c520b9bff0d,1.0,1,4,3
a440ac198e3e7e955a1e99fa738b81d1,cb2d00950f18d7d8f7fcfc8cc3a173b7,1.0,1,4,3
a440ac198e3e7e955a1e99fa738b81d1,cd7fabbed6374d8d014eed4b87bfa9f5,1.0,1,4,3
a440ac198e3e7e955a1e99fa738b81d1,f39c3ad6a39afe38f5e885d72d772f0e,1.0,1,4,3
a44d8c451b62aee20189cf53906c9b40,f9242445fc633a8871f2a6c4a033c8bf,1.0,1,1,6
a510ff24bca6c62023fc9b6be4082eaa,f9242445fc633a8871f2a6c4a033c8bf,1.0,1,1,6
a66c441eed909a1be5447b3490acecfe,f9242445fc633a8871f2a6c4a033c8bf,1.0,1,1,6
a69bc3bdf000ea4e9d4ab48291597c2e,f9242445fc633a8871f2a6c4a033c8bf,1.0,1,1,6
a79678c360b11a982dfdb55a42778e88,f9242445fc633a8871f2a6c4a033c8bf,1.0,1,1,6
a7aa43bfb35e39fb77b26123d0effbbb,f9242445fc633a8871f2a6c4a033c8bf,1.0,1,1,6
a7c51352795b68e880d4ca685a631e83,f9242445fc633a8871f2a6c4a033c8bf,1.0,1,1,6
a8b73585f061814653136e5a19d79b03,f9242445fc633a8871f2a6c4a033c8bf,1.0,1,1,6
a8c6090d9d8904b70c2a29726ffea041,f9242445fc633a8871f2a6c4a033c8bf,1.0,1,1,6
ab42daa0e23e5cab504e10e72209f085,f9242445fc633a8871f2a6c4a033c8bf,1.0,1,1,6
abc2f288c101295b7c534371a51b6354,f9242445fc633a8871f2a6c4a033c8bf,1.0,1,1,6
ada34b99e77d7427f903b45fdf1d3772,f9242445fc633a8871f2a6c4a033c8bf,1.0,1,1,6
aebefd2d765960adf3e077b6345a455d,f9242445fc633a8871f2a6c4a033c8bf,1.0,1,1,6
b032eb4f89573f4421aeee6d871f5150,f9242445fc633a8871f2a6c4a033c8bf,1.0,1,1,6
b144b34fcfd688ed6872f6ac1e1dc8e5,f9242445fc633a8871f2a6c4a033c8bf,1.0,1,1,6
b1f252c8d8114e1fa25e602e7a333f70,f9242445fc633a8871f2a6c4a033c8bf,1.0,1,1,6
b58b3b92d64c4fd12f04c5e45c2c7d75,f9242445fc633a8871f2a6c4a033c8bf,1.0,1,1,6
b5e17dbc212c98d29909cb74208dec08,f9242445fc633a8871f2a6c4a033c8bf,1.0,1,1,6
b94a3a62951ea50358ba1f0a6ed8f280,f9242445fc633a8871f2a6c4a033c8bf,1.0,1,1,6
ba1fe3dc6ce8decbdac878b67f4a23c0,f9242445fc633a8871f2a6c4a033c8bf,1.0,1,1,6
bba38923aa817f25c6dec24021ae3f09,f9242445fc633a8871f2a6c4a033c8bf,1.0,1,1,6
bbae933638e0c8b2d9d09f85657439f9,f9242445fc633a8871f2a6c4a033c8bf,1.0,1,1,6
bbc8b9ab90288d37ad3541f5ec64bc1f,f9242445fc633a8871f2a6c4a033c8bf,1.0,1,1,6
bd5fb6a2e66d7bfb061efd93b994f168,f9242445fc633a8871f2a6c4a033c8bf,1.0,1,1,6
bdfc69088acb8fa55f52fb37bdf087a0,f9242445fc633a8871f2a6c4a033c8bf,1.0,1,1,6
be543eddd218005f10c5aa685e1d96fa,f9242445fc633a8871f2a6c4a033c8bf,1.0,1,1,6
bf4862777db128507e9efcc789215e9b,f9242445fc633a8871f2a6c4a033c8bf,1.0,1,1,6
bfc1df2bcc9d8c1457bf962d8c9ab204,f9242445fc633a8871f2a6c4a033c8bf,1.0,1,1,6
c0637f59de56986fa292c06681ffbbec,f9242445fc633a8871f2a6c4a033c8bf,1.0,1,1,6
c0f7e8c0c647d0a9a0875bf9c10a532a,f9242445fc633a8871f2a6c4a033c8bf,1.0,1,1,6
c21a03e97ae6aa0c1774a9845a94e440,f9242445fc633a8871f2a6c4a033c8bf,1.0,1,1,6
c2444d16d5895f11864f83fd92dcbfb1,f9242445fc633a8871f2a6c4a033c8bf,1.0,1,1,6
c420ec10595dfc16830afdc6233f8916,f9242445fc633a8871f2a6c4a033c8bf,1.0,1,1,6
c5a65d154638d2699e01bb8dce88e917,f9242445fc633a8871f2a6c4a033c8bf,1.0,1,1,6
c5cc879614b6acdf5b62db3edd062e81,f9242445fc633a8871f2a6c4a033c8bf,1.0,1,1,6
c76ec4b6c3ef80913c4744442973a501,f9242445fc633a8871f2a6c4a033c8bf,1.0,1,1,6
ca78fff00da17f797d47a08069bf9f64,f9242445fc633a8871f2a6c4a033c8bf,1.0,1,1,6
ca7e51a36f9ace4d07d6548599785bab,f9242445fc633a8871f2a6c4a033c8bf,1.0,1,1,6
ca961b973ecf9de95e3c17421f60a9a4,f9242445fc633a8871f2a6c4a033c8bf,1.0,1,1,6
cb2f7536c5a771fe4855342a6a488298,f9242445fc633a8871f2a6c4a033c8bf,1.0,1,1,6
cc30806e46501a4ee6f39db712313142,f9242445fc633a8871f2a6c4a033c8bf,1.0,1,1,6
ce8251a9f8544b727db671f529988f85,f9242445fc633a8871f2a6c4a033c8bf,1.0,1,1,6
ce942f2a2db9d5706f7b09f2c7d5cc17,f9242445fc633a8871f2a6c4a033c8bf,1.0,1,1,6
cf36fa9b6e276c0559a4e80cf5ab44eb,f9242445fc633a8871f2a6c4a033c8bf,1.0,1,1,6
cf8e62100de6ab82083dc80b8fa8384b,f9242445fc633a8871f2a6c4a033c8bf,1.0,1,1,6
d1a460316c3d76c8470f6bd34412b70f,f9242445fc633a8871f2a6c4a033c8bf,1.0,1,1,6
d81785b6d65605aeef42c591602ac3f9,f9242445fc633a8871f2a6c4a033c8bf,1.0,1,1,6
d89bbed2bfc8b18edbd8fa87c7e214e1,f9242445fc633a8871f2a6c4a033c8bf,1.0,1,1,6
d8eafc07c9e450d0bddbf75e0c6562ae,f9242445fc633a8871f2a6c4a033c8bf,1.0,1,1,6
d9e1b12be9642c910bfff38ee736b010,f9242445fc633a8871f2a6c4a033c8bf,1.0,1,1,6
daba2e7a00c149161c68cbb18db656a9,f9242445fc633a8871f2a6c4a033c8bf,1.0,1,1,6
e45f2a5243076524f9fa34824a58ad15,f9242445fc633a8871f2a6c4a033c8bf,1.0,1,1,6
e48c34104caa1c6ad2fbcaddabe30092,f9242445fc633a8871f2a6c4a033c8bf,1.0,1,1,6
e5c307e0a23e5c98639294a4cbe73854,f9242445fc633a8871f2a6c4a033c8bf,1.0,1,1,6
e7e71f4e4180338d304ccaafc862e16d,f9242445fc633a8871f2a6c4a033c8bf,1.0,1,1,6
e83c62678a1ff461d5e490c3e8e6e28a,f9242445fc633a8871f2a6c4a033c8bf,1.0,1,1,6
e8c8def5450ce0cd1d3bc4f724aa48c5,f9242445fc633a8871f2a6c4a033c8bf,1.0,1,1,6
e8ec187368d8dfbda17f255e0137ea38,f9242445fc633a8871f2a6c4a033c8bf,1.0,1,1,6
e9208400ec82e1a949bfee43628a6e76,f9242445fc633a8871f2a6c4a033c8bf,1.0,1,1,6
ec2121e4614c17cbad97cc243a299d17,f9242445fc633a8871f2a6c4a033c8bf,1.0,1,1,6
eca8479257eba8c8caddc0617d9d587e,f9242445fc633a8871f2a6c4a033c8bf,1.0,1,1,6
ed2b3f325265fe93991e55adab759757,f9242445fc633a8871f2a6c4a033c8bf,1.0,1,1,6
ed54b14f4dc54b13120bcc86931c5255,f9242445fc633a8871f2a6c4a033c8bf,1.0,1,1,6
ed5a19597135c123f7c58790f3293231,f9242445fc633a8871f2a6c4a033c8bf,1.0,1,1,6
ed70284f4fa4d46d53d9f93ad9dc0dc0,f9242445fc633a8871f2a6c4a033c8bf,1.0,1,1,6
ed8f9f65799b0844c21b87c0ad74f57f,f9242445fc633a8871f2a6c4a033c8bf,1.0,1,1,6
ee8a9b1d79fd7cf8077ffd6613ce1eb1,f9242445fc633a8871f2a6c4a033c8bf,1.0,1,1,6
eee67a226fbc44e23e1fd7e747b3994f,f9242445fc633a8871f2a6c4a033c8bf,1.0,1,1,6
ef13abbd47a1708370f8df7899582a16,f9242445fc633a8871f2a6c4a033c8bf,1.0,1,1,6
ef3925178975e16f70808ac3b5cf62c6,f9242445fc633a8871f2a6c4a033c8bf,1.0,1,1,6
ef90d313ee8e90d73a26e97f615f7e9d,f9242445fc633a8871f2a6c4a033c8bf,1.0,1,1,6
f1aef84cc9848a0f2618b6cee49c8628,f9242445fc633a8871f2a6c4a033c8bf,1.0,1,1,6
f284b6400d8da91ce8587853a4f2c9c0,f9242445fc633a8871f2a6c4a033c8bf,1.0,1,1,6
f2a1c4621acc0bd77c6323284e41a586,f9242445fc633a8871f2a6c4a033c8bf,1.0,1,1,6
f403df18bd660efdea86e7d2c91f8944,f9242445fc633a8871f2a6c4a033c8bf,1.0,1,1,6
f6ee8291b6a190067c03176e4b5ab465,f9242445fc633a8871f2a6c4a033c8bf,1.0,1,1,6
f9242445fc633a8871f2a6c4a033c8bf,fa47a4f98e223465e39628dbbe6ecd00,1.0,1,6,1
f9242445fc633a8871f2a6c4a033c8bf,fb70db26464e394fbb1183c5d5c36218,1.0,1,6,1
f9242445fc633a8871f2a6c4a033c8bf,fc5351f63f69eff75df74e44868ff374,1.0,1,6,1
03e617aa03379916298509c50f723bbe,3c084b2007d6efc5db0eb0ab4bbf4a92,1.0,1,2,5
03e617aa03379916298509c50f723bbe,d8f8afc9b9992b49ab2e12ad9f1a9e5b,1.0,1,2,5
07f4d82acd0d57d83ddeabecb75a7358,3c084b2007d6efc5db0eb0ab4bbf4a92,1.0,1,2,5
07f4d82acd0d57d83ddeabecb75a7358,d8f8afc9b9992b49ab2e12ad9f1a9e5b,1.0,1,2,5
0e7a4804f1665261e1257726779f6348,3c084b2007d6efc5db0eb0ab4bbf4a92,1.0,1,2,5
0e7a4804f1665261e1257726779f6348,d8f8afc9b9992b49ab2e12ad9f1a9e5b,1.0,1,2,5
0fd475edfa0b61c59ecde6f89c21dedb,215e81304459427c1cc8a7390754a4c8,1.0,1,4,3
0fd475edfa0b61c59ecde6f89c21dedb,2a791088702b2842fed7ca1e30366441,1.0,1,4,3
0fd475edfa0b61c59ecde6f89c21dedb,7480359f2bfb287f5723a3025890d06a,1.0,1,4,3
0fd475edfa0b61c59ecde6f89c21dedb,c0b34be03e16c03ae344ada47dfd78a5,1.0,1,4,3
0fd475edfa0b61c59ecde6f89c21dedb,ef64a53bcd0bdebae1d80e977ce62988,1.0,1,4,3
0ffa25f95f44a01acfd9fa22da91cecd,3c084b2007d6efc5db0eb0ab4bbf4a92,1.0,1,2,5
0ffa25f95f44a01acfd9fa22da91cecd,d8f8afc9b9992b49ab2e12ad9f1a9e5b,1.0,1,2,5
1315c7d9c8d3a0f451cf5c84b046aaf7,3c084b2007d6efc5db0eb0ab4bbf4a92,1.0,1,2,5
1315c7d9c8d3a0f451cf5c84b046aaf7,d8f8afc9b9992b49ab2e12ad9f1a9e5b,1.0,1,2,5
207fe5bb1b002dd89788c15163ccae8d,3c084b2007d6efc5db0eb0ab4bbf4a92,1.0,1,2,5
207fe5bb1b002dd89788c15163ccae8d,d8f8afc9b9992b49ab2e12ad9f1a9e5b,1.0,1,2,5
215e81304459427c1cc8a7390754a4c8,7a3c2c001de18686d8f87037b28ad0ec,1.0,1,3,4
215e81304459427c1cc8a7390754a4c8,a00e0a3b162f9b407172ffd674477ce7,1.0,1,3,4
2177d3f6b642082495fa4be219205596,3c084b2007d6efc5db0eb0ab4bbf4a92,1.0,1,2,5
2177d3f6b642082495fa4be219205596,d8f8afc9b9992b49ab2e12ad9f1a9e5b,1.0,1,2,5
277a0fd25284b93fd983a0387f6de274,3c084b2007d6efc5db0eb0ab4bbf4a92,1.0,1,2,5
277a0fd25284b93fd983a0387f6de274,d8f8afc9b9992b49ab2e12ad9f1a9e5b,1.0,1,2,5
28a42ce270d16184b183a4a8f6abe13a,3c084b2007d6efc5db0eb0ab4bbf4a92,1.0,1,2,5
28a42ce270d16184b183a4a8f6abe13a,d8f8afc9b9992b49ab2e12ad9f1a9e5b,1.0,1,2,5
2a791088702b2842fed7ca1e30366441,7a3c2c001de18686d8f87037b28ad0ec,1.0,1,3,4
2a791088702b2842fed7ca1e30366441,a00e0a3b162f9b407172ffd674477ce7,1.0,1,3,4
3629c99b2eeb7ce39e112a13db76a08f,3c084b2007d6efc5db0eb0ab4bbf4a92,1.0,1,2,5
3629c99b2eeb7ce39e112a13db76a08f,d8f8afc9b9992b49ab2e12ad9f1a9e5b,1.0,1,2,5
3c084b2007d6efc5db0eb0ab4bbf4a92,3e626615eff8fd5206108ee715584f39,1.0,1,5,2
3c084b2007d6efc5db0eb0ab4bbf4a92,47a71b49f98984efd3c62cb213f977e8,1.0,1,5,2
3c084b2007d6efc5db0eb0ab4bbf4a92,4dbdde6e1e0a6931a1872f33d61b541d,1.0,1,5,2
3c084b2007d6efc5db0eb0ab4bbf4a92,4eda116add853323e439c104b7d0824c,1.0,1,5,2
3c084b2007d6efc5db0eb0ab4bbf4a92,4ff03022ad97615c6387aa546a541eb4,1.0,1,5,2
3c084b2007d6efc5db0eb0ab4bbf4a92,514d0edccea1e112e84554602ba861bb,1.0,1,5,2
3c084b2007d6efc5db0eb0ab4bbf4a92,58d0e2c853c7d6c8e8ac7cbf705a4616,1.0,1,5,2
3c084b2007d6efc5db0eb0ab4bbf4a92,5ac168e8bb77e7e8ece45cb166d5a42c,1.0,1,5,2
3c084b2007d6efc5db0eb0ab4bbf4a92,5b3aa7925728df96748677b2878c5dcf,1.0,1,5,2
3c084b2007d6efc5db0eb0ab4bbf4a92,63dba92b86bb0f9ae0c8c881d3094b0f,1.0,1,5,2
3c084b2007d6efc5db0eb0ab4bbf4a92,64f4edd5b6c33fb305990d88886ffb19,1.0,1,5,2
3c084b2007d6efc5db0eb0ab4bbf4a92,7139d062a8bf1437539fa7bb236efc97,1.0,1,5,2
3c084b2007d6efc5db0eb0ab4bbf4a92,73bf20bb22133ed5ae8457527dcd5e4c,1.0,1,5,2
3c084b2007d6efc5db0eb0ab4bbf4a92,7d61d43aab9091b002e8d1059c9b6140,1.0,1,5,2
3c084b2007d6efc5db0eb0ab4bbf4a92,817c452e40b5ee98d28b212e51999b24,1.0,1,5,2
3c084b2007d6efc5db0eb0ab4bbf4a92,81d59547135bb962c771484f86d08c11,1.0,1,5,2
3c084b2007d6efc5db0eb0ab4bbf4a92,84059a5500a2b11eccc76f80bd2cefa8,1.0,1,5,2
3c084b2007d6efc5db0eb0ab4bbf4a92,867a7afe9f7ca8c6df22e1c9ce91a9fa,1.0,1,5,2
3c084b2007d6efc5db0eb0ab4bbf4a92,86abf43f4071842e9d3622e6f710599c,1.0,1,5,2
3c084b2007d6efc5db0eb0ab4bbf4a92,8e2cbe0458411443853166c1a81d2f9d,1.0,1,5,2
3c084b2007d6efc5db0eb0ab4bbf4a92,937b8d4ebb303e18913ad7c7587a92e7,1.0,1,5,2
3c084b2007d6efc5db0eb0ab4bbf4a92,9749e3b7d02a7194473d5a6784071186,1.0,1,5,2
3c084b2007d6efc5db0eb0ab4bbf4a92,a6e02bb5726752f81bd16ccc3ed5391f,1.0,1,5,2
3c084b2007d6efc5db0eb0ab4bbf4a92,ae171525746b8e60fb722fa9d1ca3f4d,1.0,1,5,2
3c084b2007d6efc5db0eb0ab4bbf4a92,afdd204d84a80bf0269cd6a84eb8c274,1.0,1,5,2
3c084b2007d6efc5db0eb0ab4bbf4a92,b5f029222bbc62ba62a6bc324be6a721,1.0,1,5,2
3c084b2007d6efc5db0eb0ab4bbf4a92,b98f07c1577a24dc45f9d2d01eeff3d3,1.0,1,5,2
3c084b2007d6efc5db0eb0ab4bbf4a92,bcf958b042ece5fd995de0dabb3abf56,1.0,1,5,2
3c084b2007d6efc5db0eb0ab4bbf4a92,be5265d8f173d7f8538dfb483e97e50c,1.0,1,5,2
3c084b2007d6efc5db0eb0ab4bbf4a92,c07e64c68b9365508a2d88604868106a,1.0,1,5,2
3c084b2007d6efc5db0eb0ab4bbf4a92,c857c97338c7ba7b62ef19a19f0ab62b,1.0,1,5,2
3c084b2007d6efc5db0eb0ab4bbf4a92,cb1ee2e01b9af016ea99da7ee32e28df,1.0,1,5,2
3c084b2007d6efc5db0eb0ab4bbf4a92,d36f96e1eda5c86966988768b21d34d0,1.0,1,5,2
3c084b2007d6efc5db0eb0ab4bbf4a92,d8b406d490ede7bca2403b6f083bfabf,1.0,1,5,2
3c084b2007d6efc5db0eb0ab4bbf4a92,db8e8670fc0cb9e2adeba735ae379ea7,1.0,1,5,2
3c084b2007d6efc5db0eb0ab4bbf4a92,f208c2e0e8c456b2359638526812c1e4,1.0,1,5,2
3c084b2007d6efc5db0eb0ab4bbf4a92,f923b1574da0d99a5e27e7ad1de64cf9,1.0,1,5,2
3c084b2007d6efc5db0eb0ab4bbf4a92,fad3c89098c5e008e93d79dc390a16ea,1.0,1,5,2
3c084b2007d6efc5db0eb0ab4bbf4a92,fe80881541b7cb0a0732cf82eed3c82b,1.0,1,5,2
3e626615eff8fd5206108ee715584f39,d8f8afc9b9992b49ab2e12ad9f1a9e5b,1.0,1,2,5
47a71b49f98984efd3c62cb213f977e8,d8f8afc9b9992b49ab2e12ad9f1a9e5b,1.0,1,2,5
4dbdde6e1e0a6931a1872f33d61b541d,d8f8afc9b9992b49ab2e12ad9f1a9e5b,1.0,1,2,5
4eda116add853323e439c104b7d0824c,d8f8afc9b9992b49ab2e12ad9f1a9e5b,1.0,1,2,5
4ff03022ad97615c6387aa546a541eb4,d8f8afc9b9992b49ab2e12ad9f1a9e5b,1.0,1,2,5
514d0edccea1e112e84554602ba861bb,d8f8afc9b9992b49ab2e12ad9f1a9e5b,1.0,1,2,5
58d0e2c853c7d6c8e8ac7cbf705a4616,d8f8afc9b9992b49ab2e12ad9f1a9e5b,1.0,1,2,5
5ac168e8bb77e7e8ece45cb166d5a42c,d8f8afc9b9992b49ab2e12ad9f1a9e5b,1.0,1,2,5
5b3aa7925728df96748677b2878c5dcf,d8f8afc9b9992b49ab2e12ad9f1a9e5b,1.0,1,2,5
63dba92b86bb0f9ae0c8c881d3094b0f,d8f8afc9b9992b49ab2e12ad9f1a9e5b,1.0,1,2,5
64f4edd5b6c33fb305990d88886ffb19,d8f8afc9b9992b49ab2e12ad9f1a9e5b,1.0,1,2,5
7139d062a8bf1437539fa7bb236efc97,d8f8afc9b9992b49ab2e12ad9f1a9e5b,1.0,1,2,5
73bf20bb22133ed5ae8457527dcd5e4c,d8f8afc9b9992b49ab2e12ad9f1a9e5b,1.0,1,2,5
7480359f2bfb287f5723a3025890d06a,7a3c2c001de18686d8f87037b28ad0ec,1.0,1,3,4
7480359f2bfb287f5723a3025890d06a,a00e0a3b162f9b407172ffd674477ce7,1.0,1,3,4
7a3c2c001de18686d8f87037b28ad0ec,c0b34be03e16c03ae344ada47dfd78a5,1.0,1,4,3
7a3c2c001de18686d8f87037b28ad0ec,ef64a53bcd0bdebae1d80e977ce62988,1.0,1,4,3
7d61d43aab9091b002e8d1059c9b6140,d8f8afc9b9992b49ab2e12ad9f1a9e5b,1.0,1,2,5
817c452e40b5ee98d28b212e51999b24,d8f8afc9b9992b49ab2e12ad9f1a9e5b,1.0,1,2,5
81d59547135bb962c771484f86d08c11,d8f8afc9b9992b49ab2e12ad9f1a9e5b,1.0,1,2,5
84059a5500a2b11eccc76f80bd2cefa8,d8f8afc9b9992b49ab2e12ad9f1a9e5b,1.0,1,2,5
867a7afe9f7ca8c6df22e1c9ce91a9fa,d8f8afc9b9992b49ab2e12ad9f1a9e5b,1.0,1,2,5
86abf43f4071842e9d3622e6f710599c,d8f8afc9b9992b49ab2e12ad9f1a9e5b,1.0,1,2,5
8e2cbe0458411443853166c1a81d2f9d,d8f8afc9b9992b49ab2e12ad9f1a9e5b,1.0,1,2,5
937b8d4ebb303e18913ad7c7587a92e7,d8f8afc9b9992b49ab2e12ad9f1a9e5b,1.0,1,2,5
9749e3b7d02a7194473d5a6784071186,d8f8afc9b9992b49ab2e12ad9f1a9e5b,1.0,1,2,5
a00e0a3b162f9b407172ffd674477ce7,c0b34be03e16c03ae344ada47dfd78a5,1.0,1,4,3
a00e0a3b162f9b407172ffd674477ce7,ef64a53bcd0bdebae1d80e977ce62988,1.0,1,4,3
a6e02bb5726752f81bd16ccc3ed5391f,d8f8afc9b9992b49ab2e12ad9f1a9e5b,1.0,1,2,5
ae171525746b8e60fb722fa9d1ca3f4d,d8f8afc9b9992b49ab2e12ad9f1a9e5b,1.0,1,2,5
afdd204d84a80bf0269cd6a84eb8c274,d8f8afc9b9992b49ab2e12ad9f1a9e5b,1.0,1,2,5
b5f029222bbc62ba62a6bc324be6a721,d8f8afc9b9992b49ab2e12ad9f1a9e5b,1.0,1,2,5
b98f07c1577a24dc45f9d2d01eeff3d3,d8f8afc9b9992b49ab2e12ad9f1a9e5b,1.0,1,2,5
bcf958b042ece5fd995de0dabb3abf56,d8f8afc9b9992b49ab2e12ad9f1a9e5b,1.0,1,2,5
be5265d8f173d7f8538dfb483e97e50c,d8f8afc9b9992b49ab2e12ad9f1a9e5b,1.0,1,2,5
c07e64c68b9365508a2d88604868106a,d8f8afc9b9992b49ab2e12ad9f1a9e5b,1.0,1,2,5
c857c97338c7ba7b62ef19a19f0ab62b,d8f8afc9b9992b49ab2e12ad9f1a9e5b,1.0,1,2,5
cb1ee2e01b9af016ea99da7ee32e28df,d8f8afc9b9992b49ab2e12ad9f1a9e5b,1.0,1,2,5
d36f96e1eda5c86966988768b21d34d0,d8f8afc9b9992b49ab2e12ad9f1a9e5b,1.0,1,2,5
d8b406d490ede7bca2403b6f083bfabf,d8f8afc9b9992b49ab2e12ad9f1a9e5b,1.0,1,2,5
d8f8afc9b9992b49ab2e12ad9f1a9e5b,db8e8670fc0cb9e2adeba735ae379ea7,1.0,1,5,2
d8f8afc9b9992b49ab2e12ad9f1a9e5b,f208c2e0e8c456b2359638526812c1e4,1.0,1,5,2
d8f8afc9b9992b49ab2e12ad9f1a9e5b,f923b1574da0d99a5e27e7ad1de64cf9,1.0,1,5,2
d8f8afc9b9992b49ab2e12ad9f1a9e5b,fad3c89098c5e008e93d79dc390a16ea,1.0,1,5,2
d8f8afc9b9992b49ab2e12ad9f1a9e5b,fe80881541b7cb0a0732cf82eed3c82b,1.0,1,5,2
c375736396906dff8414217e02c45661,d86bd19d5f63decf0f8146854d1c7778,1.0,1,3,4
00da34ebf22b87f6c2f53dc069f237df,0fb360a422d2297dcf21d4d7b91028db,1.0,1,3,4
00da34ebf22b87f6c2f53dc069f237df,70bb8d40cce49a25b570533ee5ac3d28,1.0,1,3,4
02a6a137ef7fe2414c9e14fc4d060790,0fb360a422d2297dcf21d4d7b91028db,1.0,1,3,4
02a6a137ef7fe2414c9e14fc4d060790,70bb8d40cce49a25b570533ee5ac3d28,1.0,1,3,4
0fb360a422d2297dcf21d4d7b91028db,2b6aa183c14ace1bbfb595f840bc6c75,1.0,1,4,3
0fb360a422d2297dcf21d4d7b91028db,5a6b5514e636a2cf9fb3b08f277ad865,1.0,1,4,3
0fb360a422d2297dcf21d4d7b91028db,7ee99f5c522d01621617d63bda047019,1.0,1,4,3
0fb360a422d2297dcf21d4d7b91028db,91d1f79f98b7fe73a0cc8a3732e1b5ec,1.0,1,4,3
0fb360a422d2297dcf21d4d7b91028db,922e15ce9c01f0a09b6883fcbf89c17d,1.0,1,4,3
0fb360a422d2297dcf21d4d7b91028db,95fff4a89f72c360c56ffb33713bebb9,1.0,1,4,3
0fb360a422d2297dcf21d4d7b91028db,e8e4b74753e577683c109ea6a50283c9,1.0,1,4,3
2b6aa183c14ace1bbfb595f840bc6c75,70bb8d40cce49a25b570533ee5ac3d28,1.0,1,3,4
5a6b5514e636a2cf9fb3b08f277ad865,70bb8d40cce49a25b570533ee5ac3d28,1.0,1,3,4
70bb8d40cce49a25b570533ee5ac3d28,7ee99f5c522d01621617d63bda047019,1.0,1,4,3
70bb8d40cce49a25b570533ee5ac3d28,91d1f79f98b7fe73a0cc8a3732e1b5ec,1.0,1,4,3
70bb8d40cce49a25b570533ee5ac3d28,922e15ce9c01f0a09b6883fcbf89c17d,1.0,1,4,3
70bb8d40cce49a25b570533ee5ac3d28,95fff4a89f72c360c56ffb33713bebb9,1.0,1,4,3
70bb8d40cce49a25b570533ee5ac3d28,e8e4b74753e577683c109ea6a50283c9,1.0,1,4,3
0eb8fc3d7874dbda89ec5baacdbff18c,80eebb1b3aa9d15814f2cdee6cb584fe,1.0,1,3,4
49482ea59e5df9ca522b982c7518dcaa,fc43075230d63f6ca93c8c0481aa269a,1.0,1,5,2
4c784e9b5694686ca87374656421b3a0,ae981c3f2169be56a72188c98eacbf35,1.0,1,3,4
030d75f71f5db22bf54db16fc57bae5e,6183466d2bb310b5b0698d30fff75685,1.0,1,1,6
03ad4da45ade1177f901a1af0da11777,6183466d2bb310b5b0698d30fff75685,1.0,1,1,6
05b18010a8a20bb7103a7c67b1b37800,6183466d2bb310b5b0698d30fff75685,1.0,1,1,6
09fda7853bc6c9c585f288349c38a6ba,6183466d2bb310b5b0698d30fff75685,1.0,1,1,6
0b516f76aa9396c53be2527ceb5479aa,6183466d2bb310b5b0698d30fff75685,1.0,1,1,6
11a70f262b8ebca18b88fcb5a5f6882b,6183466d2bb310b5b0698d30fff75685,1.0,1,1,6
13311146f695cf999bc37612c1330cdb,6183466d2bb310b5b0698d30fff75685,1.0,1,1,6
18aa81b516fd270cfdbb7b414773077e,6183466d2bb310b5b0698d30fff75685,1.0,1,1,6
2354fd276b3909d8b5ab740063adf118,6183466d2bb310b5b0698d30fff75685,1.0,1,1,6
28c40902bbe4870f16d52a48f64e668f,6183466d2bb310b5b0698d30fff75685,1.0,1,1,6
36c2380dab8d55dcd256c2d5be0f1861,6183466d2bb310b5b0698d30fff75685,1.0,1,1,6
3971f4c7f3c96fef10932785e1093510,6183466d2bb310b5b0698d30fff75685,1.0,1,1,6
3a50452c8f7d9cf9f50633cead7e3c9b,6183466d2bb310b5b0698d30fff75685,1.0,1,1,6
3fa1c17af99ac89a176ecf62649d30bc,6183466d2bb310b5b0698d30fff75685,1.0,1,1,6
6183466d2bb310b5b0698d30fff75685,78130fb0014a1ecce98e7faa41b6f06e,1.0,1,6,1
6183466d2bb310b5b0698d30fff75685,78f4e955f2e59fc45cbde586820d347d,1.0,1,6,1
6183466d2bb310b5b0698d30fff75685,8c03ef120e5bc1a1a6ed2996c2229b11,1.0,1,6,1
6183466d2bb310b5b0698d30fff75685,8f3111ce59c5dc5de1f424c61c2bd9a8,1.0,1,6,1
6183466d2bb310b5b0698d30fff75685,a616efa5c39f96dd2ac56f99b4b3b14d,1.0,1,6,1
6183466d2bb310b5b0698d30fff75685,aea237c2c4df22724a09c622f75633c2,1.0,1,6,1
6183466d2bb310b5b0698d30fff75685,aea52c1d62f77c0915d73a054c439b77,1.0,1,6,1
6183466d2bb310b5b0698d30fff75685,c48e63d50a74ae2177fcf5d66ab51754,1.0,1,6,1
6183466d2bb310b5b0698d30fff75685,e2de515cdfbc762d89f6e5a72f0e2aaf,1.0,1,6,1
6183466d2bb310b5b0698d30fff75685,e51c52eb0b141e3ffdfede6630aaf7c0,1.0,1,6,1
6183466d2bb310b5b0698d30fff75685,e6be62f693673ca3da7ded8c46122ae0,1.0,1,6,1
6183466d2bb310b5b0698d30fff75685,e6c7994b4e2c0834fd605d13eb61cda7,1.0,1,6,1
6183466d2bb310b5b0698d30fff75685,f4fd7e1941a0bdd0751f1e6c399fd496,1.0,1,6,1
6183466d2bb310b5b0698d30fff75685,ff9c030fb4209fbf442ae1368a6b376a,1.0,1,6,1
9bb7daf6a48895aff8b6df81932ab6c2,d9997a7f31ab2f0e410be938a3d251fa,1.0,1,3,4
0187e88f4c9b2e4c92e5d47ffa0e1da9,100e4838d0bc624505f1e8d87294ac69,1.0,1,1,6
100e4838d0bc624505f1e8d87294ac69,1c27865fd31e4e0d9c2a285946507d6d,1.0,1,6,1
100e4838d0bc624505f1e8d87294ac69,1ecd5e139fbbcd7a6b6eb3e30ed8cc6c,1.0,1,6,1
100e4838d0bc624505f1e8d87294ac69,46c66ed53217d42a41a10e6261fcf459,1.0,1,6,1
100e4838d0bc624505f1e8d87294ac69,6cc96d0fb8d89fc46fe8c7fda4dc57ed,1.0,1,6,1
100e4838d0bc624505f1e8d87294ac69,87c1421512334fbce198a15504d64523,1.0,1,6,1
100e4838d0bc624505f1e8d87294ac69,8e36b3754bb9cb4a6b0f783a199468af,1.0,1,6,1
100e4838d0bc624505f1e8d87294ac69,d58b4f7e679c57d0c5d0f7b8cf3e5722,1.0,1,6,1
100e4838d0bc624505f1e8d87294ac69,ff892cc741cb946aa3d909c57d905b88,1.0,1,6,1
0e1e99d27fe5ed6a7feaa7072343506c,acf44dfee8ef086ef411e130c9b7e23d,1.0,1,4,3
019ed386aec9ff0f9eab4a590231174e,286f68deaed72fcd74c89cffc9e02e35,1.0,1,6,1
019ed386aec9ff0f9eab4a590231174e,427f6f216297f88375a77b64ef36d43e,1.0,1,6,1
019ed386aec9ff0f9eab4a590231174e,7a55652bc8fe2d7d316936a9947da7d0,1.0,1,6,1
019ed386aec9ff0f9eab4a590231174e,7f83faa7e0d4c4d40da81805e4565a74,1.0,1,6,1
019ed386aec9ff0f9eab4a590231174e,de83f3a69319c7c7e238c58bf0f219e4,1.0,1,6,1
019ed386aec9ff0f9eab4a590231174e,f8628a4efe561643a0bed9b9e87864af,1.0,1,6,1
01ac1e0b4421bb9946e56692e21226f0,c12ac817e00e9afad51c327ab2fc2ec3,1.0,1,1,6
01ac1e0b4421bb9946e56692e21226f0,e816453a1cbe8d142e5c5c9a80eb920a,1.0,1,1,6
1df2e75b69db2b96a79542957c763bd4,c12ac817e00e9afad51c327ab2fc2ec3,1.0,1,1,6
1df2e75b69db2b96a79542957c763bd4,e816453a1cbe8d142e5c5c9a80eb920a,1.0,1,1,6
3f0348a29d7fa6f4ab557653f87473a6,c12ac817e00e9afad51c327ab2fc2ec3,1.0,1,1,6
3f0348a29d7fa6f4ab557653f87473a6,e816453a1cbe8d142e5c5c9a80eb920a,1.0,1,1,6
4b0a2eb6cad52bcbb4df29d278fede29,c12ac817e00e9afad51c327ab2fc2ec3,1.0,1,1,6
4b0a2eb6cad52bcbb4df29d278fede29,e816453a1cbe8d142e5c5c9a80eb920a,1.0,1,1,6
52d1bac4dbdabe62db871ba0a6ec62ce,c12ac817e00e9afad51c327ab2fc2ec3,1.0,1,1,6
52d1bac4dbdabe62db871ba0a6ec62ce,e816453a1cbe8d142e5c5c9a80eb920a,1.0,1,1,6
5ef5ee5db0d3088844b10293c5535a95,c12ac817e00e9afad51c327ab2fc2ec3,1.0,1,1,6
5ef5ee5db0d3088844b10293c5535a95,e816453a1cbe8d142e5c5c9a80eb920a,1.0,1,1,6
72eaaf7ab48bd234c4ccab3d894b874d,c12ac817e00e9afad51c327ab2fc2ec3,1.0,1,1,6
72eaaf7ab48bd234c4ccab3d894b874d,e816453a1cbe8d142e5c5c9a80eb920a,1.0,1,1,6
a21a8c17fb2d281bb4890748efc12200,c12ac817e00e9afad51c327ab2fc2ec3,1.0,1,1,6
a21a8c17fb2d281bb4890748efc12200,e816453a1cbe8d142e5c5c9a80eb920a,1.0,1,1,6
a9a4a946df26f6a76a14e9dd57d3d073,c12ac817e00e9afad51c327ab2fc2ec3,1.0,1,1,6
a9a4a946df26f6a76a14e9dd57d3d073,e816453a1cbe8d142e5c5c9a80eb920a,1.0,1,1,6
b8ba68f226b720edd0f6c241b1294a55,c12ac817e00e9afad51c327ab2fc2ec3,1.0,1,1,6
b8ba68f226b720edd0f6c241b1294a55,e816453a1cbe8d142e5c5c9a80eb920a,1.0,1,1,6
01bc72407ac3ab328e54938f599d2231,d7a7fcfd963d57dbb3063730285c5d95,1.0,1,1,6
09c88fcf7130bab6aa31303499d46d8f,d7a7fcfd963d57dbb3063730285c5d95,1.0,1,1,6
4805277a7be85a34763edea6ab8f677b,d7a7fcfd963d57dbb3063730285c5d95,1.0,1,1,6
4b25f866232ce890939c85623bfa9605,d7a7fcfd963d57dbb3063730285c5d95,1.0,1,1,6
5749db99c2cc3b61de99a7798e61c4e1,d7a7fcfd963d57dbb3063730285c5d95,1.0,1,1,6
592eac42cd018a90af006cc5495ebaf9,d7a7fcfd963d57dbb3063730285c5d95,1.0,1,1,6
59ecdf85e2990f37a49405f00c8409bc,d7a7fcfd963d57dbb3063730285c5d95,1.0,1,1,6
6b33d9914861774e1f9ea1aa9c14382f,d7a7fcfd963d57dbb3063730285c5d95,1.0,1,1,6
7b4de8d471a6d1a8968e3967368c4efc,d7a7fcfd963d57dbb3063730285c5d95,1.0,1,1,6
8fd94d11ef77cfcc270af98129f3c8ea,d7a7fcfd963d57dbb3063730285c5d95,1.0,1,1,6
9dce0295c54f623a23e39f89a6902387,d7a7fcfd963d57dbb3063730285c5d95,1.0,1,1,6
9dfcb42882951698dbe204fad100581e,d7a7fcfd963d57dbb3063730285c5d95,1.0,1,1,6
a8bfaddc94bd785d9bc7a1a2c56d3795,d7a7fcfd963d57dbb3063730285c5d95,1.0,1,1,6
afc1b02bde53f181c6f9377c97f0e726,d7a7fcfd963d57dbb3063730285c5d95,1.0,1,1,6
d7a7fcfd963d57dbb3063730285c5d95,e8944655e056e5df9087061401b322bd,1.0,1,6,1
d7a7fcfd963d57dbb3063730285c5d95,f31678029fa95b71d2ea307993fba04c,1.0,1,6,1
3f8554f744a8a476a4ebbafcb10c63b6,f5cbf249b2dd5e417a0e5daf035e6faa,1.0,1,4,3
01c19b1261325781dcf2f82c9892f80e,229eb22d6cd2e70148026fe758adf054,1.0,1,3,4
0700983d7f5192901b3732bc96c03c23,078be618dd35512c0e3306e8ff7e9166,1.0,1,6,1
0700983d7f5192901b3732bc96c03c23,0bf56b1c99c4270ae0c516e06924532a,1.0,1,6,1
0700983d7f5192901b3732bc96c03c23,852de9c8adefefe4482f0aa99676ef95,1.0,1,6,1
0700983d7f5192901b3732bc96c03c23,89d98f92428e1ab7fe3e3244efe4b2d5,1.0,1,6,1
0700983d7f5192901b3732bc96c03c23,aa4fc6bd5cf9d541b5a808cdada1301c,1.0,1,6,1
0700983d7f5192901b3732bc96c03c23,ba36311f5ecc3232608a4becdd416325,1.0,1,6,1
0700983d7f5192901b3732bc96c03c23,ba66e5bc2e087243b725c956f1765196,1.0,1,6,1
0700983d7f5192901b3732bc96c03c23,d2438db391aee59bac16f4a9d3825b9d,1.0,1,6,1
229eb22d6cd2e70148026fe758adf054,2666aeacca810e1dc86fcf9619f56a72,1.0,1,4,3
229eb22d6cd2e70148026fe758adf054,2ae691bb52b8c745d507855682a2b98b,1.0,1,4,3
229eb22d6cd2e70148026fe758adf054,3c548f8815ccc730a538bd754b555dfb,1.0,1,4,3
229eb22d6cd2e70148026fe758adf054,706530a9bda6576aa0902ae0be79c689,1.0,1,4,3
229eb22d6cd2e70148026fe758adf054,a2c92455267209d757527eb248fff32c,1.0,1,4,3
229eb22d6cd2e70148026fe758adf054,c4e1547a72a3ccc8fddc8df99fa53348,1.0,1,4,3
229eb22d6cd2e70148026fe758adf054,ca1bc4c1f280b7d3503e1d946e1f5b68,1.0,1,4,3
229eb22d6cd2e70148026fe758adf054,dac0540077981a7fd7524504a8785267,1.0,1,4,3
229eb22d6cd2e70148026fe758adf054,e8d7e19524297d8d550594ba07bb139b,1.0,1,4,3
229eb22d6cd2e70148026fe758adf054,ece03fc0e61f6068f69c308d3f7fd399,1.0,1,4,3
01dfe4b4e19154abdebe71e50f52f88d,c9ae1d598a33315fdace01e3bfefc5ea,1.0,1,1,6
04b851412c9787a6db795f277ef20e8d,c9ae1d598a33315fdace01e3bfefc5ea,1.0,1,1,6
057aabbda613ce138603880767818b6c,c9ae1d598a33315fdace01e3bfefc5ea,1.0,1,1,6
06aa519e7da1475b35304e13f28a1d5f,c9ae1d598a33315fdace01e3bfefc5ea,1.0,1,1,6
073f638e451a08d06f9b120b813cf03b,c9ae1d598a33315fdace01e3bfefc5ea,1.0,1,1,6
09130bee15c653e839ae2086afcd536d,c9ae1d598a33315fdace01e3bfefc5ea,1.0,1,1,6
0b3720d8678f7962d3a6813ad5c45acf,c9ae1d598a33315fdace01e3bfefc5ea,1.0,1,1,6
0ec84961e69f1e31b1e0086fb1f3e88c,c9ae1d598a33315fdace01e3bfefc5ea,1.0,1,1,6
0ee049c61e2e6c30345e7c2480608d20,c9ae1d598a33315fdace01e3bfefc5ea,1.0,1,1,6
10b500d102d70c16073e9d026a6251f2,c9ae1d598a33315fdace01e3bfefc5ea,1.0,1,1,6
1150ce50d96c7a4a83a3eefde2a8cb4a,c9ae1d598a33315fdace01e3bfefc5ea,1.0,1,1,6
1287f6d27e4d6b299b6df65340831bc0,19af2c88e8c0ea187366bb5d82789df6,1.0,1,5,2
1287f6d27e4d6b299b6df65340831bc0,86cc04e5bc655593599274e0dd520aa4,1.0,1,5,2
1287f6d27e4d6b299b6df65340831bc0,885bde6cd101f111ebd417241a95230a,1.0,1,5,2
1287f6d27e4d6b299b6df65340831bc0,af45bf15204ddbf0c87eb843da61a7b2,1.0,1,5,2
1287f6d27e4d6b299b6df65340831bc0,b1b8abbd682ba19285f7385b65e43976,1.0,1,5,2
1287f6d27e4d6b299b6df65340831bc0,bc78714cd38d3fa7ea02300180c86b18,1.0,1,5,2
1287f6d27e4d6b299b6df65340831bc0,cf0eafe7f379f346a0a59994f393fd44,1.0,1,5,2
1287f6d27e4d6b299b6df65340831bc0,d2e8e60becc01f5725cca8d1183b3d01,1.0,1,5,2
1287f6d27e4d6b299b6df65340831bc0,d2fa6ec543f3e7dbdb9ad4a1bc7b2e5e,1.0,1,5,2
1287f6d27e4d6b299b6df65340831bc0,ed7ca272c833eeec1a3fbf86a84bb5ec,1.0,1,5,2
1287f6d27e4d6b299b6df65340831bc0,f25c83fef4ae7252feec416e7927acac,1.0,1,5,2
12bc33b0d41518a36034c53c10e37129,c9ae1d598a33315fdace01e3bfefc5ea,1.0,1,1,6
136807606cbecd946fbe8cb0d8e66537,c9ae1d598a33315fdace01e3bfefc5ea,1.0,1,1,6
1513c0da17279442db289c0d85701e4f,c9ae1d598a33315fdace01e3bfefc5ea,1.0,1,1,6
19af2c88e8c0ea187366bb5d82789df6,62b1b62058c7572c90f08ec692ff0533,1.0,1,2,5
1ea1e0acd2233a58407899ed25e9cc8b,c9ae1d598a33315fdace01e3bfefc5ea,1.0,1,1,6
203e001040e6911c76252771b131fc63,c9ae1d598a33315fdace01e3bfefc5ea,1.0,1,1,6
2476d7ece2a612057413907e779f4837,c9ae1d598a33315fdace01e3bfefc5ea,1.0,1,1,6
252e897731145fbfc65492446f59b28e,c9ae1d598a33315fdace01e3bfefc5ea,1.0,1,1,6
255895b4ce5caa5cd2fe0ed1f9fe2a8a,c9ae1d598a33315fdace01e3bfefc5ea,1.0,1,1,6
2611f4b0d21a94052388195d93ddbfff,c9ae1d598a33315fdace01e3bfefc5ea,1.0,1,1,6
2c52be45856bc61f6c0fb93eda79d5fd,c9ae1d598a33315fdace01e3bfefc5ea,1.0,1,1,6
2d814752d2ee9984e22f7d59b8956f96,c9ae1d598a33315fdace01e3bfefc5ea,1.0,1,1,6
2e0b805455260cd1f7de32b1b5235337,c9ae1d598a33315fdace01e3bfefc5ea,1.0,1,1,6
31cfe4886266d67b1797af6638875034,c9ae1d598a33315fdace01e3bfefc5ea,1.0,1,1,6
33bfe62dbb012d0593ab2d29db456b5f,c9ae1d598a33315fdace01e3bfefc5ea,1.0,1,1,6
35b67549622f54ea9bef5df8350dc225,c9ae1d598a33315fdace01e3bfefc5ea,1.0,1,1,6
37bca04dd9b9a990a3fff549fc3e587a,c9ae1d598a33315fdace01e3bfefc5ea,1.0,1,1,6
37e17edc107a2e3feecf9514f555b5c3,c9ae1d598a33315fdace01e3bfefc5ea,1.0,1,1,6
3a537ad954f862d23c4f6a90066ae37e,c9ae1d598a33315fdace01e3bfefc5ea,1.0,1,1,6
3e43dc6f50cbde4da46b2fed0421cc5d,c9ae1d598a33315fdace01e3bfefc5ea,1.0,1,1,6
3f2aed4d624803432eee0a49bd025d7f,c9ae1d598a33315fdace01e3bfefc5ea,1.0,1,1,6
3fa39af66a46090b460b8ef8cbb42331,c9ae1d598a33315fdace01e3bfefc5ea,1.0,1,1,6
45927267a952c1861367cd861ac321f9,c9ae1d598a33315fdace01e3bfefc5ea,1.0,1,1,6
46ed8030155b00e9e89eb1cac2ac2272,c9ae1d598a33315fdace01e3bfefc5ea,1.0,1,1,6
4738f449248109741f9ef3971d2d18d7,c9ae1d598a33315fdace01e3bfefc5ea,1.0,1,1,6
4a49b885a757d5fe4c27bc2ab4dceed9,c9ae1d598a33315fdace01e3bfefc5ea,1.0,1,1,6
4b099e5dea3824468b3c30a4954844d5,c9ae1d598a33315fdace01e3bfefc5ea,1.0,1,1,6
4f33256e74e56b333e07e47064ff32fe,c9ae1d598a33315fdace01e3bfefc5ea,1.0,1,1,6
508700b6c732078a8cf3d09730c81336,c9ae1d598a33315fdace01e3bfefc5ea,1.0,1,1,6
50b6d04631e4ad910c95843dd069492b,c9ae1d598a33315fdace01e3bfefc5ea,1.0,1,1,6
5163557a4c64d842988496bffe20f016,c9ae1d598a33315fdace01e3bfefc5ea,1.0,1,1,6
51703e2a478cb9ae227d55d2b4f823e4,c9ae1d598a33315fdace01e3bfefc5ea,1.0,1,1,6
523fcd1a45edbdbe50ac7159aeb0c43b,c9ae1d598a33315fdace01e3bfefc5ea,1.0,1,1,6
56a1bf72414c3241bc94fd3f9b43e235,c9ae1d598a33315fdace01e3bfefc5ea,1.0,1,1,6
56dc20e157960ab78a89f36b57a591c4,c9ae1d598a33315fdace01e3bfefc5ea,1.0,1,1,6
56ebae6a617d81baac2e108387429255,c9ae1d598a33315fdace01e3bfefc5ea,1.0,1,1,6
56f608a6028ba769af88d66525afdc80,c9ae1d598a33315fdace01e3bfefc5ea,1.0,1,1,6
594f64c6d381fc055575cf73e433642a,c9ae1d598a33315fdace01e3bfefc5ea,1.0,1,1,6
599fa5854f3bff7c41dab552068d04bc,c9ae1d598a33315fdace01e3bfefc5ea,1.0,1,1,6
5eddb7554593a38a26c309153b3fb799,c9ae1d598a33315fdace01e3bfefc5ea,1.0,1,1,6
6223bdc5aab952ee49dea3511f89e7ec,cf42a8c1a61f7148c0f031a53c5d17da,1.0,1,3,4
62b1b62058c7572c90f08ec692ff0533,86cc04e5bc655593599274e0dd520aa4,1.0,1,5,2
62b1b62058c7572c90f08ec692ff0533,885bde6cd101f111ebd417241a95230a,1.0,1,5,2
62b1b62058c7572c90f08ec692ff0533,af45bf15204ddbf0c87eb843da61a7b2,1.0,1,5,2
62b1b62058c7572c90f08ec692ff0533,b1b8abbd682ba19285f7385b65e43976,1.0,1,5,2
62b1b62058c7572c90f08ec692ff0533,bc78714cd38d3fa7ea02300180c86b18,1.0,1,5,2
62b1b62058c7572c90f08ec692ff0533,cf0eafe7f379f346a0a59994f393fd44,1.0,1,5,2
62b1b62058c7572c90f08ec692ff0533,d2e8e60becc01f5725cca8d1183b3d01,1.0,1,5,2
62b1b62058c7572c90f08ec692ff0533,d2fa6ec543f3e7dbdb9ad4a1bc7b2e5e,1.0,1,5,2
62b1b62058c7572c90f08ec692ff0533,ed7ca272c833eeec1a3fbf86a84bb5ec,1.0,1,5,2
62b1b62058c7572c90f08ec692ff0533,f25c83fef4ae7252feec416e7927acac,1.0,1,5,2
648d59cbe9009f8ef04a6923c8659fa5,c9ae1d598a33315fdace01e3bfefc5ea,1.0,1,1,6
64d819ec87080e83c38f2281a7450311,c9ae1d598a33315fdace01e3bfefc5ea,1.0,1,1,6
65b5d23882e2bae83a96fec6a722bef2,c9ae1d598a33315fdace01e3bfefc5ea,1.0,1,1,6
69ab784981f3fd46bc5f65a70c220fdf,c9ae1d598a33315fdace01e3bfefc5ea,1.0,1,1,6
69dddc9c5b3a0e2641f9431e8e1241b4,c9ae1d598a33315fdace01e3bfefc5ea,1.0,1,1,6
6a73c808d933d5a3e2d903bb662eecaa,c9ae1d598a33315fdace01e3bfefc5ea,1.0,1,1,6
6b84645f298f7887a23a74d91771a9e7,c9ae1d598a33315fdace01e3bfefc5ea,1.0,1,1,6
6c039e3652b253b36c019353b242fd0e,c9ae1d598a33315fdace01e3bfefc5ea,1.0,1,1,6
6d09d6339a3127ac433750707484696e,c9ae1d598a33315fdace01e3bfefc5ea,1.0,1,1,6
6d0d4fc6d3394afe566b5672bd7d4863,cf42a8c1a61f7148c0f031a53c5d17da,1.0,1,3,4
6d0ed1acde6c7f61c37b82bb7117c57d,c9ae1d598a33315fdace01e3bfefc5ea,1.0,1,1,6
6e834219535a0b6f27ed1e06d86c5221,c9ae1d598a33315fdace01e3bfefc5ea,1.0,1,1,6
6f2e9b9193b3a5c590c0a2b296f81337,c9ae1d598a33315fdace01e3bfefc5ea,1.0,1,1,6
7160de3316c05aae138d7fcf5bb12520,c9ae1d598a33315fdace01e3bfefc5ea,1.0,1,1,6
717ab91d64dbbb8d498cd98f6f26c939,c9ae1d598a33315fdace01e3bfefc5ea,1.0,1,1,6
71d482c2b03b9f2bf48f8ffbc5be7f7c,c9ae1d598a33315fdace01e3bfefc5ea,1.0,1,1,6
7294e46df3e335f4c5ab90bba50b8e15,c9ae1d598a33315fdace01e3bfefc5ea,1.0,1,1,6
733bff7e3e0edb2740584c4ecdd4059c,c9ae1d598a33315fdace01e3bfefc5ea,1.0,1,1,6
73fc98fd5bb8a524a59c0ba479b2ed23,c9ae1d598a33315fdace01e3bfefc5ea,1.0,1,1,6
743c8062d9e28efb8ac776bfbb8587a8,c9ae1d598a33315fdace01e3bfefc5ea,1.0,1,1,6
79296e3467d0afbe0e255170dbad2e21,cf42a8c1a61f7148c0f031a53c5d17da,1.0,1,3,4
7a17664f59925be644711637bd72fe83,c9ae1d598a33315fdace01e3bfefc5ea,1.0,1,1,6
7dd39512d400854ff4e21b1d8b9ddff9,c9ae1d598a33315fdace01e3bfefc5ea,1.0,1,1,6
809aa9786a084d09857768b1a458ba38,c9ae1d598a33315fdace01e3bfefc5ea,1.0,1,1,6
8423f43e0049483163143ee6950c2cb7,c9ae1d598a33315fdace01e3bfefc5ea,1.0,1,1,6
863042d234810eda9cea177f2e028b2c,c9ae1d598a33315fdace01e3bfefc5ea,1.0,1,1,6
8c8fccc50566baaed602e3775d9d5665,c9ae1d598a33315fdace01e3bfefc5ea,1.0,1,1,6
8d97108dee54bbc1cb34abd9a180df3b,c9ae1d598a33315fdace01e3bfefc5ea,1.0,1,1,6
925e2f9a26476ae32a9043e4d062106c,c9ae1d598a33315fdace01e3bfefc5ea,1.0,1,1,6
92e6265dbbc8fd3ee150c14f65ab4214,cf42a8c1a61f7148c0f031a53c5d17da,1.0,1,3,4
95ade6db862a026a6d6196b74b2cdd3c,c9ae1d598a33315fdace01e3bfefc5ea,1.0,1,1,6
9646f9a3dfd2aa3e1cd8f0d1162e0164,c9ae1d598a33315fdace01e3bfefc5ea,1.0,1,1,6
971bb54683b95cf74f129c91d04976bc,c9ae1d598a33315fdace01e3bfefc5ea,1.0,1,1,6
98c649b3e1f11a006815cefbba97acc6,c9ae1d598a33315fdace01e3bfefc5ea,1.0,1,1,6
9a85c258755b5140a2f7568e32206456,c9ae1d598a33315fdace01e3bfefc5ea,1.0,1,1,6
9bfccc70b89747794ff175e9eda7cabb,c9ae1d598a33315fdace01e3bfefc5ea,1.0,1,1,6
9c2f288a383b0d36852625e0aa95e97b,c9ae1d598a33315fdace01e3bfefc5ea,1.0,1,1,6
9dd4042c3044677111fd7421578a8e95,c9ae1d598a33315fdace01e3bfefc5ea,1.0,1,1,6
9f821224cac94dfe6ee16f897bb9a953,c9ae1d598a33315fdace01e3bfefc5ea,1.0,1,1,6
a1ab8b0f81af19b4b5bf31c33525caa7,c9ae1d598a33315fdace01e3bfefc5ea,1.0,1,1,6
a255731bfece9094c40deb8fb14b6619,c9ae1d598a33315fdace01e3bfefc5ea,1.0,1,1,6
a3c6251f883470e35b3b0b8338e14446,c9ae1d598a33315fdace01e3bfefc5ea,1.0,1,1,6
a45823513135bc9eb30c0d984ae40826,c9ae1d598a33315fdace01e3bfefc5ea,1.0,1,1,6
a557b2d4e2a88cc6ae5e9dc6158d895a,c9ae1d598a33315fdace01e3bfefc5ea,1.0,1,1,6
a7c8a84341382b33914490420a0394df,c9ae1d598a33315fdace01e3bfefc5ea,1.0,1,1,6
a888fd5ece4a4f56d7c625ac4eb3bfff,c9ae1d598a33315fdace01e3bfefc5ea,1.0,1,1,6
aa6a8d63220dc100aeb3b8eb301ed741,cf42a8c1a61f7148c0f031a53c5d17da,1.0,1,3,4
aa7ec8eed57b57cba3883423af243b5e,c9ae1d598a33315fdace01e3bfefc5ea,1.0,1,1,6
aaf915da4aea5e5bcd55fc6daf8abe92,c9ae1d598a33315fdace01e3bfefc5ea,1.0,1,1,6
ab8464826de904f7996d12e32b2e45a4,c9ae1d598a33315fdace01e3bfefc5ea,1.0,1,1,6
abff52be240676ac60d0b841d69b2067,c9ae1d598a33315fdace01e3bfefc5ea,1.0,1,1,6
ac632f3aef3b65fdd24382d53636a308,c9ae1d598a33315fdace01e3bfefc5ea,1.0,1,1,6
ae9b719375655dab3c518d76cc37a843,c9ae1d598a33315fdace01e3bfefc5ea,1.0,1,1,6
afa70e82ab83aac4042ab11185a61362,c9ae1d598a33315fdace01e3bfefc5ea,1.0,1,1,6
b3594bb146f9ab181aeb6c72deaabe54,cf42a8c1a61f7148c0f031a53c5d17da,1.0,1,3,4
b4807b349d0aed8a80e0aaf8a4b0c3a2,c9ae1d598a33315fdace01e3bfefc5ea,1.0,1,1,6
b7854c9bdaa0d9650bf2cf9a89399f8a,c9ae1d598a33315fdace01e3bfefc5ea,1.0,1,1,6
b95af8a1e4210ac231669877aff22962,c9ae1d598a33315fdace01e3bfefc5ea,1.0,1,1,6
c20fa08047ed2a4d8eaee475b27da60e,c9ae1d598a33315fdace01e3bfefc5ea,1.0,1,1,6
c2850912977916129ab521d1cea9ad7f,c9ae1d598a33315fdace01e3bfefc5ea,1.0,1,1,6
c3250286ba5655a8d4a12ded47a5348a,cf42a8c1a61f7148c0f031a53c5d17da,1.0,1,3,4
c6045f53afca3e0afbdf8db95e7e1b96,c9ae1d598a33315fdace01e3bfefc5ea,1.0,1,1,6
c962ed798636811935163b5e8e87ce6a,c9ae1d598a33315fdace01e3bfefc5ea,1.0,1,1,6
c9ae1d598a33315fdace01e3bfefc5ea,cb4e82ebd60d19d259c6e4a6904fda40,1.0,1,6,1
c9ae1d598a33315fdace01e3bfefc5ea,cc4a523745078991df9b347bc94f00ba,1.0,1,6,1
c9ae1d598a33315fdace01e3bfefc5ea,cdace5c063cdf439d9a0aff912594cb8,1.0,1,6,1
c9ae1d598a33315fdace01e3bfefc5ea,d069adce83b62df420ac19008ffc57a7,1.0,1,6,1
c9ae1d598a33315fdace01e3bfefc5ea,d28ea9c0aac1e58a485da5324aae949f,1.0,1,6,1
c9ae1d598a33315fdace01e3bfefc5ea,d2f98cbf06b1366127b1fb7cecf721d1,1.0,1,6,1
c9ae1d598a33315fdace01e3bfefc5ea,d517f5ac7bbb9aa15cf098a92c41c001,1.0,1,6,1
c9ae1d598a33315fdace01e3bfefc5ea,daa4bdb7d8bf38a540c6bf3fa379e16e,1.0,1,6,1
c9ae1d598a33315fdace01e3bfefc5ea,dc70595c0013b690bc8527b5c2a1a99f,1.0,1,6,1
c9ae1d598a33315fdace01e3bfefc5ea,dca56369830d697620690535d5f43928,1.0,1,6,1
c9ae1d598a33315fdace01e3bfefc5ea,df1f63ae64a8a2cb1453e9149769adf1,1.0,1,6,1
c9ae1d598a33315fdace01e3bfefc5ea,e07bc32087f23e0d27ff1cfb337943d8,1.0,1,6,1
c9ae1d598a33315fdace01e3bfefc5ea,e26f27be060b5fe1cc613fddf08155a2,1.0,1,6,1
c9ae1d598a33315fdace01e3bfefc5ea,e380e5fe4b057596c3d126fec35b0112,1.0,1,6,1
c9ae1d598a33315fdace01e3bfefc5ea,e4b407fe17ac89534043ff4cb36598dc,1.0,1,6,1
c9ae1d598a33315fdace01e3bfefc5ea,e5109a89cf726fb1ef0e534fa284b0d3,1.0,1,6,1
c9ae1d598a33315fdace01e3bfefc5ea,e67ea1b0fe506ee2160db2ee7e2c9095,1.0,1,6,1
c9ae1d598a33315fdace01e3bfefc5ea,e9695c601dc6d29ddffd2dd3ca54720c,1.0,1,6,1
c9ae1d598a33315fdace01e3bfefc5ea,e9971332fe28c52652fc0c34f5132737,1.0,1,6,1
c9ae1d598a33315fdace01e3bfefc5ea,eb34f70d5218c736c8eb38156014cb81,1.0,1,6,1
c9ae1d598a33315fdace01e3bfefc5ea,ef39b38c38d61372681d547ae537876e,1.0,1,6,1
c9ae1d598a33315fdace01e3bfefc5ea,f2041c35a4a40792bc5bea109b816922,1.0,1,6,1
c9ae1d598a33315fdace01e3bfefc5ea,f462519ec279167796705b908d4b5efc,1.0,1,6,1
c9ae1d598a33315fdace01e3bfefc5ea,f5cdbeaf2f8a5b1411cfb92121e3b078,1.0,1,6,1
c9ae1d598a33315fdace01e3bfefc5ea,f8bbcdb4bd053103052cd5501713e845,1.0,1,6,1
c9ae1d598a33315fdace01e3bfefc5ea,f93b887b573ddbeebd93ca44eaaee548,1.0,1,6,1
c9ae1d598a33315fdace01e3bfefc5ea,f942774febec601b810cb1987bcb46da,1.0,1,6,1
c9ae1d598a33315fdace01e3bfefc5ea,fa2418e0a0f08920ee7db4e62ceb5043,1.0,1,6,1
c9ae1d598a33315fdace01e3bfefc5ea,fbe60a180b9e308b252b3151222305c1,1.0,1,6,1
c9ae1d598a33315fdace01e3bfefc5ea,fe698f543a90dd31d997b24dec8c20db,1.0,1,6,1
c9ae1d598a33315fdace01e3bfefc5ea,ff6071b8db1b9da6ca797d56bb0136fa,1.0,1,6,1
cf42a8c1a61f7148c0f031a53c5d17da,f984282dbc5ed83718ccdb6bebcb14bc,1.0,1,4,3
01e123d7c7cedf12af483fc17258b9ce,4e9fed16983d17a7db116c9215ad25c0,1.0,1,4,3
01e123d7c7cedf12af483fc17258b9ce,6402d1b2927387b210f6360a1933d931,1.0,1,4,3
0209a0a5c96cc50dd1bbe71e3730af2a,667f836c6b4cfebee7ed74b3bd753da4,1.0,1,6,1
0209a0a5c96cc50dd1bbe71e3730af2a,b049293d1dbfd9c038175bea4b9b0b72,1.0,1,6,1
02105a58e384edb89a9827dfd3b8173b,37d7f68849e1f7a6bcc58225180fc4f3,1.0,1,1,6
1af1f798bc7ec907d89c3bdd11f0decc,37d7f68849e1f7a6bcc58225180fc4f3,1.0,1,1,6
37b766aa181f72b9c44b4cb0f7e01375,37d7f68849e1f7a6bcc58225180fc4f3,1.0,1,1,6
37d7f68849e1f7a6bcc58225180fc4f3,3e95df0418e85431b735af1d9f25767f,1.0,1,6,1
37d7f68849e1f7a6bcc58225180fc4f3,5a59c21b5c231910b7ad65a00887585e,1.0,1,6,1
37d7f68849e1f7a6bcc58225180fc4f3,5cedafb876c75bab104e090505972f96,1.0,1,6,1
37d7f68849e1f7a6bcc58225180fc4f3,63a3b7ba2c46b188bd6fcd7c7ff95e4d,1.0,1,6,1
37d7f68849e1f7a6bcc58225180fc4f3,a2ce0bffbfa3b546f5d0dd261831d471,1.0,1,6,1
37d7f68849e1f7a6bcc58225180fc4f3,aedaaac7a536a3d36072cd7c6d567017,1.0,1,6,1
37d7f68849e1f7a6bcc58225180fc4f3,b9e8addf4dc38a0070d330243e27f5f9,1.0,1,6,1
37d7f68849e1f7a6bcc58225180fc4f3,dc96b0906ea35d3777641bea563e4fa0,1.0,1,6,1
37d7f68849e1f7a6bcc58225180fc4f3,ff3275ec59e53ea1693dda3b2b9c2b97,1.0,1,6,1
2755a0daa4c02d1b3093fe97a5ee414c,f25f06e6fe07270ef5d0e88f19f178d0,1.0,1,2,5
42398dee8f2098eec5579129cc1a6f5e,f25f06e6fe07270ef5d0e88f19f178d0,1.0,1,2,5
6a234e9bf30fd5642195960a3a374c22,f25f06e6fe07270ef5d0e88f19f178d0,1.0,1,2,5
c22e68114df4519c8f5a33d490245863,f25f06e6fe07270ef5d0e88f19f178d0,1.0,1,2,5
d18125b8c0fcffd0da676d56fb581bee,f25f06e6fe07270ef5d0e88f19f178d0,1.0,1,2,5
ebbcd2a9e626bb63de5ae9bb3357d2b1,f25f06e6fe07270ef5d0e88f19f178d0,1.0,1,2,5
061165fb1124ef826ed9673358e41c5d,3e2662d873c55f390786c29319aaaeac,1.0,1,1,6
10b08bdb1f35952c0ca17c39a471882b,3e2662d873c55f390786c29319aaaeac,1.0,1,1,6
3e2662d873c55f390786c29319aaaeac,4578d62c4ca82d84a7442229d96b6fc5,1.0,1,6,1
3e2662d873c55f390786c29319aaaeac,64190b91b656ab8f37eb89b93dc84584,1.0,1,6,1
3e2662d873c55f390786c29319aaaeac,81052c7914dfbac9d5093e09475d4935,1.0,1,6,1
3e2662d873c55f390786c29319aaaeac,9cf7324fd017fe2411c1633eb6cfb38d,1.0,1,6,1
3e2662d873c55f390786c29319aaaeac,a934432d25f4a0a28d928de2c07ae155,1.0,1,6,1
3e2662d873c55f390786c29319aaaeac,afa013e2707c8ee6f2908cbec286d6e2,1.0,1,6,1
3e2662d873c55f390786c29319aaaeac,afa0af01c923a0df289a64fe8b7dac05,1.0,1,6,1
3e2662d873c55f390786c29319aaaeac,be65c22b88ee97d378cd1b1da80d419a,1.0,1,6,1
3e2662d873c55f390786c29319aaaeac,c87924d33e36634a62378933ece1343b,1.0,1,6,1
02ce197e2c160b57561b0880cc8d9446,9271b12d584732342f9ab94f9f08dddb,1.0,1,1,6
04b591095aa3118bcae593d38d3bff9e,9271b12d584732342f9ab94f9f08dddb,1.0,1,1,6
07aa2ff08a800a8e109f9a6273b3eaa9,9271b12d584732342f9ab94f9f08dddb,1.0,1,1,6
07ebbbf710aeb63207a80fdcdc6d233a,9271b12d584732342f9ab94f9f08dddb,1.0,1,1,6
097ae15fdfd6324caf34dc395545f506,9271b12d584732342f9ab94f9f08dddb,1.0,1,1,6
0a91529edd0e0e5aaf2d64f8ecd9dfa8,9271b12d584732342f9ab94f9f08dddb,1.0,1,1,6
0a95cf824957a42a0213d8bca7509671,9271b12d584732342f9ab94f9f08dddb,1.0,1,1,6
0adb179862977c93a9db8246e5e35970,9271b12d584732342f9ab94f9f08dddb,1.0,1,1,6
0b040f969bf3ae07390dba83b046dde9,9271b12d584732342f9ab94f9f08dddb,1.0,1,1,6
0b35b0c15e108cf218f935d9bb2069a4,9271b12d584732342f9ab94f9f08dddb,1.0,1,1,6
0b52c0db190fe9e3558ddcfa4407ea90,9271b12d584732342f9ab94f9f08dddb,1.0,1,1,6
0f6ec9285708bf10047949b87f716567,9271b12d584732342f9ab94f9f08dddb,1.0,1,1,6
10bf2a0572bbb3684eae0400791f41c8,9271b12d584732342f9ab94f9f08dddb,1.0,1,1,6
1436bf5433bdbe653f97f153c2ea88af,9271b12d584732342f9ab94f9f08dddb,1.0,1,1,6
1760576731f518edcc21e95674f94273,9271b12d584732342f9ab94f9f08dddb,1.0,1,1,6
180c1c7a04dd28956f7a6a4c73797245,9271b12d584732342f9ab94f9f08dddb,1.0,1,1,6
18cee462713aba96605f7918cd72cc58,9271b12d584732342f9ab94f9f08dddb,1.0,1,1,6
19af6e0c256fc911a7a63c644a38d34c,9271b12d584732342f9ab94f9f08dddb,1.0,1,1,6
19f2ed5aa63588d262cd97364072da95,9271b12d584732342f9ab94f9f08dddb,1.0,1,1,6
1afad585650bcfea043426764c8ddbe5,9271b12d584732342f9ab94f9f08dddb,1.0,1,1,6
1cfd75e7861bdde8e30ad27fedc4da1a,9271b12d584732342f9ab94f9f08dddb,1.0,1,1,6
21255a171af88cd4cbb8c02d0308232a,9271b12d584732342f9ab94f9f08dddb,1.0,1,1,6
22b04aabcbf2a01fd2c923338c560559,9271b12d584732342f9ab94f9f08dddb,1.0,1,1,6
23f014663c70f3a8cf6f1be263c89933,9271b12d584732342f9ab94f9f08dddb,1.0,1,1,6
23f614484b8fc679ba0a6b1535620da0,9271b12d584732342f9ab94f9f08dddb,1.0,1,1,6
252ab93100eb1b94276be1e4c1259d55,9271b12d584732342f9ab94f9f08dddb,1.0,1,1,6
2565b2a15c99a63ee6146dfc532f068a,9271b12d584732342f9ab94f9f08dddb,1.0,1,1,6
256a6a3b559c78fa8cda69de85bfb70c,9271b12d584732342f9ab94f9f08dddb,1.0,1,1,6
2651a8c53300ca8a4eb04de1ae64ea93,9271b12d584732342f9ab94f9f08dddb,1.0,1,1,6
27892cf13678c6d9e25ff75069b04fed,9271b12d584732342f9ab94f9f08dddb,1.0,1,1,6
27d2ca358560349626ac4d8ec44524c4,9271b12d584732342f9ab94f9f08dddb,1.0,1,1,6
2811ad73853010acf94f73a07d9c3a3f,9271b12d584732342f9ab94f9f08dddb,1.0,1,1,6
2821b789e6c440b6f3515594b2592646,9271b12d584732342f9ab94f9f08dddb,1.0,1,1,6
282ae7be3c19b39aae6600da3258dc2d,9271b12d584732342f9ab94f9f08dddb,1.0,1,1,6
2a6f5b4fbc6608e1cbfe8b7b4c113ba5,9271b12d584732342f9ab94f9f08dddb,1.0,1,1,6
2a6fa2d06c29f25077fe074269eeeda7,9271b12d584732342f9ab94f9f08dddb,1.0,1,1,6
2b8e8062d6c0c32158964cdfd89f7a0a,9271b12d584732342f9ab94f9f08dddb,1.0,1,1,6
2b99c2ba00b6b2290e1853833a1d4cf2,9271b12d584732342f9ab94f9f08dddb,1.0,1,1,6
2cc63ed1634fbefdef65393d23c84fc2,9271b12d584732342f9ab94f9f08dddb,1.0,1,1,6
2cd6628c58cae6cfbc52dc52ed9f24a6,9271b12d584732342f9ab94f9f08dddb,1.0,1,1,6
2e642fa075db8661dab42c957cfe6290,9271b12d584732342f9ab94f9f08dddb,1.0,1,1,6
3091200f8c2e1070cdce20e0446f152a,9271b12d584732342f9ab94f9f08dddb,1.0,1,1,6
30f332e3c2918624115cf18e5ca3bc3e,9271b12d584732342f9ab94f9f08dddb,1.0,1,1,6
3254bb05d293f86c3423087fb91f3de7,9271b12d584732342f9ab94f9f08dddb,1.0,1,1,6
34aac96d64fc005f6a378efdae534788,9271b12d584732342f9ab94f9f08dddb,1.0,1,1,6
3617030b47c184af2837f5e5b5ef88ba,9271b12d584732342f9ab94f9f08dddb,1.0,1,1,6
369178f6105f8a6d5f54d80c9bec223a,9271b12d584732342f9ab94f9f08dddb,1.0,1,1,6
371cdb0d74b1ddd5fd83e97a29f4c4f7,9271b12d584732342f9ab94f9f08dddb,1.0,1,1,6
37582cc8ad0aa747bda8097d37580545,9271b12d584732342f9ab94f9f08dddb,1.0,1,1,6
38b32a1211126d62dbd3ccc586d9d743,9271b12d584732342f9ab94f9f08dddb,1.0,1,1,6
38c9d129dd764b8a38c722b18beb3400,9271b12d584732342f9ab94f9f08dddb,1.0,1,1,6
3c0b1de96eda92c3108a3ee0e4d37cc7,9271b12d584732342f9ab94f9f08dddb,1.0,1,1,6
3c89a307d126ce8d0b1556f569a2f873,9271b12d584732342f9ab94f9f08dddb,1.0,1,1,6
3ce1fa9f478cac95922954b388345677,9271b12d584732342f9ab94f9f08dddb,1.0,1,1,6
3da4b5990fbe91360d7ce38858cf7061,9271b12d584732342f9ab94f9f08dddb,1.0,1,1,6
3f806ddc608d1246cd93c6a750884016,9271b12d584732342f9ab94f9f08dddb,1.0,1,1,6
40386918bff25787189628d04176f7bb,9271b12d584732342f9ab94f9f08dddb,1.0,1,1,6
455025dba231735f3760572a92a7dd6b,9271b12d584732342f9ab94f9f08dddb,1.0,1,1,6
46650309632bae65395fed1019b3cfdc,9271b12d584732342f9ab94f9f08dddb,1.0,1,1,6
474cb0c8b2a121c177772005f6a27cde,9271b12d584732342f9ab94f9f08dddb,1.0,1,1,6
479cebfa6965447ce5c111a982506d2a,9271b12d584732342f9ab94f9f08dddb,1.0,1,1,6
49bbdba74838070fe0bdc269cf217cde,9271b12d584732342f9ab94f9f08dddb,1.0,1,1,6
4aaa810c22fdcb7f819405a014235380,9271b12d584732342f9ab94f9f08dddb,1.0,1,1,6
4acc0fb9699727463a16e94be5670204,9271b12d584732342f9ab94f9f08dddb,1.0,1,1,6
4b23df6166b477c87650d2970e45b046,9271b12d584732342f9ab94f9f08dddb,1.0,1,1,6
4c4cb7298a837849426bea982a676ae8,9271b12d584732342f9ab94f9f08dddb,1.0,1,1,6
4c62d633110e280bfc516aa7c6fb12e2,9271b12d584732342f9ab94f9f08dddb,1.0,1,1,6
4e29c01c1828b6e49cfb938acee69ea9,9271b12d584732342f9ab94f9f08dddb,1.0,1,1,6
4e879fd59d57eacbbf05e06cc7e96eba,9271b12d584732342f9ab94f9f08dddb,1.0,1,1,6
4ed91ed73b58213bb7b082b325b2c819,9271b12d584732342f9ab94f9f08dddb,1.0,1,1,6
4f99c339d669d50ab3d87009990197d8,9271b12d584732342f9ab94f9f08dddb,1.0,1,1,6
506851dc3dcb46d6d3780857def2576f,9271b12d584732342f9ab94f9f08dddb,1.0,1,1,6
50dee0f0f4c9d0d69da4cb4155da0463,9271b12d584732342f9ab94f9f08dddb,1.0,1,1,6
518e573d63cb0cfe30f910c25b28305f,9271b12d584732342f9ab94f9f08dddb,1.0,1,1,6
52b8c13c04ff89a74189469d6261a450,9271b12d584732342f9ab94f9f08dddb,1.0,1,1,6
52d2c4f7210ef28659735c979e991e2e,9271b12d584732342f9ab94f9f08dddb,1.0,1,1,6
56e06272391aead8929ecd6878706019,9271b12d584732342f9ab94f9f08dddb,1.0,1,1,6
57a1e272ccd2a65aedb93d759c2c7743,9271b12d584732342f9ab94f9f08dddb,1.0,1,1,6
58da8fca2126a7ea6c6e87f4f8c6ceef,9271b12d584732342f9ab94f9f08dddb,1.0,1,1,6
591dc0f2de23dca0916a96a86476dc24,9271b12d584732342f9ab94f9f08dddb,1.0,1,1,6
5a74e797db7c270957960dee96477564,9271b12d584732342f9ab94f9f08dddb,1.0,1,1,6
5c235aab3109ea0f85883bee23fb378c,9271b12d584732342f9ab94f9f08dddb,1.0,1,1,6
5c3b478f8c91b51dae98c29915811f45,9271b12d584732342f9ab94f9f08dddb,1.0,1,1,6
5e627d132aeeb2367ac18fedee35793b,9271b12d584732342f9ab94f9f08dddb,1.0,1,1,6
5f00de40d47d4d43bf38f0b34f7e694b,9271b12d584732342f9ab94f9f08dddb,1.0,1,1,6
5f8c6f3a4b96dc87a47c35c5bb018c19,9271b12d584732342f9ab94f9f08dddb,1.0,1,1,6
5fc7e4fb64cdafd77b732ffe2e9dbf32,9271b12d584732342f9ab94f9f08dddb,1.0,1,1,6
60b5c68fe249f766dc01e11e7c7fd677,9271b12d584732342f9ab94f9f08dddb,1.0,1,1,6
6239031aefb6e819108331e66ecbca75,9271b12d584732342f9ab94f9f08dddb,1.0,1,1,6
625801ebd7403ef5ee483ef9b81d6b0f,9271b12d584732342f9ab94f9f08dddb,1.0,1,1,6
62776a862c6cabc77dd4ee453a664a28,9271b12d584732342f9ab94f9f08dddb,1.0,1,1,6
62b35fe1a5889cd6b3e90874d1b4a74c,9271b12d584732342f9ab94f9f08dddb,1.0,1,1,6
64fbdfb5f46d6a1b06841e62fafae3f4,9271b12d584732342f9ab94f9f08dddb,1.0,1,1,6
6501c2cf879d54bbfaefd4a16d16ade8,9271b12d584732342f9ab94f9f08dddb,1.0,1,1,6
65037427c770e4cfac3181e3ab9cf5ff,9271b12d584732342f9ab94f9f08dddb,1.0,1,1,6
675eaf41f9af7800cbdfe802d3d18761,9271b12d584732342f9ab94f9f08dddb,1.0,1,1,6
68238c59076a730633bd2e71a08bdf95,9271b12d584732342f9ab94f9f08dddb,1.0,1,1,6
6950432d0232ba68b4f233b6d8f793dc,9271b12d584732342f9ab94f9f08dddb,1.0,1,1,6
69af5b34eefd62df6f605f2effc5524a,9271b12d584732342f9ab94f9f08dddb,1.0,1,1,6
6a624079d93205c12f5325b45d796fe5,9271b12d584732342f9ab94f9f08dddb,1.0,1,1,6
6a7771fe38afc6a2f6604d19431287ed,9271b12d584732342f9ab94f9f08dddb,1.0,1,1,6
6c930b798ccc39db819e2adfe8791714,9271b12d584732342f9ab94f9f08dddb,1.0,1,1,6
6ddae506ab27cc1de452203fefa54968,9271b12d584732342f9ab94f9f08dddb,1.0,1,1,6
6df46480643a76d16f0111c1895c03ad,9271b12d584732342f9ab94f9f08dddb,1.0,1,1,6
6f14e7220dd419f2659f0aaf9430d9af,9271b12d584732342f9ab94f9f08dddb,1.0,1,1,6
71869d940bc95136738f7ab1b004716d,9271b12d584732342f9ab94f9f08dddb,1.0,1,1,6
71d51db38ef92c129499061c9cb227f9,9271b12d584732342f9ab94f9f08dddb,1.0,1,1,6
77a50587ce3df97e7633f6f336298544,9271b12d584732342f9ab94f9f08dddb,1.0,1,1,6
77aab1794b028375b856f66e28b8b28e,9271b12d584732342f9ab94f9f08dddb,1.0,1,1,6
77b079d504476bac0eeb45b5cee8ae5d,9271b12d584732342f9ab94f9f08dddb,1.0,1,1,6
78444f8aaffc4cb5acd57733fe5dc3eb,9271b12d584732342f9ab94f9f08dddb,1.0,1,1,6
78fd1cb92103a044bc417c13050b4673,9271b12d584732342f9ab94f9f08dddb,1.0,1,1,6
7ab630d037f2c14955a4b06d272501e3,9271b12d584732342f9ab94f9f08dddb,1.0,1,1,6
7be63f0ed4d9c76ed55844021da8d5e5,9271b12d584732342f9ab94f9f08dddb,1.0,1,1,6
7bfb4300feb2a2ad6bcfba76fca42493,9271b12d584732342f9ab94f9f08dddb,1.0,1,1,6
7f0b669932ffd8ac97d38b4dec098e47,9271b12d584732342f9ab94f9f08dddb,1.0,1,1,6
80f50b80a006cb5521d2be7d8fb3bd7e,9271b12d584732342f9ab94f9f08dddb,1.0,1,1,6
824894bf9b51f6b4ae907a863ef061ac,9271b12d584732342f9ab94f9f08dddb,1.0,1,1,6
84785c66e99975e647df36cee83cb4c4,9271b12d584732342f9ab94f9f08dddb,1.0,1,1,6
84e6344dba04579fafbfedb7e49957ec,9271b12d584732342f9ab94f9f08dddb,1.0,1,1,6
87c7ba6365ad2daa9ac5370e376ea61a,9271b12d584732342f9ab94f9f08dddb,1.0,1,1,6
89bf48036b70590930a0aa95057e75b0,9271b12d584732342f9ab94f9f08dddb,1.0,1,1,6
89e6081fbc7c70389ec6715c48d0a8a1,9271b12d584732342f9ab94f9f08dddb,1.0,1,1,6
8aaa1627d1c9bc4c067ea189493a5205,9271b12d584732342f9ab94f9f08dddb,1.0,1,1,6
8eea446bbfa384e425aa5165d578755f,9271b12d584732342f9ab94f9f08dddb,1.0,1,1,6
8f80ca0abc88b6bb5e276a1257f03848,9271b12d584732342f9ab94f9f08dddb,1.0,1,1,6
9271b12d584732342f9ab94f9f08dddb,942b02e802a4dd2a3c87d82522b02ea5,1.0,1,6,1
9271b12d584732342f9ab94f9f08dddb,94fda9e078cbaebcaeff99aba5ed804f,1.0,1,6,1
9271b12d584732342f9ab94f9f08dddb,95999ca4f32318f9553b49b369827f50,1.0,1,6,1
9271b12d584732342f9ab94f9f08dddb,95cd3307a9284d501115da7611ee8133,1.0,1,6,1
9271b12d584732342f9ab94f9f08dddb,961efa774ea7c0d0a4514295647e78d5,1.0,1,6,1
9271b12d584732342f9ab94f9f08dddb,978fb8df97c474040dcf99cf41fa8a05,1.0,1,6,1
9271b12d584732342f9ab94f9f08dddb,9818f8aa559a92d5ca794743ce6d9acd,1.0,1,6,1
9271b12d584732342f9ab94f9f08dddb,98278b047cb28052979c255068136405,1.0,1,6,1
9271b12d584732342f9ab94f9f08dddb,982c96a47b0a4f79d61a4a9fa5295766,1.0,1,6,1
9271b12d584732342f9ab94f9f08dddb,989b318b195e85af6c5179fe244bbc50,1.0,1,6,1
9271b12d584732342f9ab94f9f08dddb,990bdb18726e889e74b7bb975c831c83,1.0,1,6,1
9271b12d584732342f9ab94f9f08dddb,99172dcdec60d7c00f2f6cedcdab4c3e,1.0,1,6,1
9271b12d584732342f9ab94f9f08dddb,9a74735754d42a0593bcf6356ab369e2,1.0,1,6,1
9271b12d584732342f9ab94f9f08dddb,9a99455e6bb6d535872c01ebd9d4fa0b,1.0,1,6,1
9271b12d584732342f9ab94f9f08dddb,9ad4ea7335d8855261df49867b57a722,1.0,1,6,1
9271b12d584732342f9ab94f9f08dddb,9b60266e49ee27078f2bb7b0354b274e,1.0,1,6,1
9271b12d584732342f9ab94f9f08dddb,9b80630c04e930a6391c2568d8b7225c,1.0,1,6,1
9271b12d584732342f9ab94f9f08dddb,9ba12e905e7b14f77bb5d2d2a945fd41,1.0,1,6,1
9271b12d584732342f9ab94f9f08dddb,9c4af2403363c44a1fb540c6209edda8,1.0,1,6,1
9271b12d584732342f9ab94f9f08dddb,9dbd38bc9e0624b597a5b378847c4429,1.0,1,6,1
9271b12d584732342f9ab94f9f08dddb,9ea4cd3819443c9b23090f8eb0fb3a47,1.0,1,6,1
9271b12d584732342f9ab94f9f08dddb,9ef7342827bf423b936bb90a23a12bb9,1.0,1,6,1
9271b12d584732342f9ab94f9f08dddb,a20e19f70cf92ad5bf8e1339d5ae9316,1.0,1,6,1
9271b12d584732342f9ab94f9f08dddb,a40a35483edb3ef0e55dacdee7c9fae3,1.0,1,6,1
9271b12d584732342f9ab94f9f08dddb,a59de7e204a062b46afd519f73e60260,1.0,1,6,1
9271b12d584732342f9ab94f9f08dddb,a652ad91bdba3ce3abd71247744e3395,1.0,1,6,1
9271b12d584732342f9ab94f9f08dddb,a6871717bea370207a49a2cfb70607ad,1.0,1,6,1
9271b12d584732342f9ab94f9f08dddb,aaf5d15bc05eea054704bcb37abed9a2,1.0,1,6,1
9271b12d584732342f9ab94f9f08dddb,ab02a4af72314247580be211300463cc,1.0,1,6,1
9271b12d584732342f9ab94f9f08dddb,ac20c1e1931e2997f61273ed9bdc337b,1.0,1,6,1
9271b12d584732342f9ab94f9f08dddb,adee1f41a8a1659b461473d88cb6975e,1.0,1,6,1
9271b12d584732342f9ab94f9f08dddb,ae120a3b9a0e9628f5f08781b0cdf895,1.0,1,6,1
9271b12d584732342f9ab94f9f08dddb,ae81bba2e4844fba7a51395a0d0d06ac,1.0,1,6,1
9271b12d584732342f9ab94f9f08dddb,afdc1af09e4bd876f0b3e3a73ad0436c,1.0,1,6,1
9271b12d584732342f9ab94f9f08dddb,b1a24cdf73b449d0b8b2b0b5ab183aa6,1.0,1,6,1
9271b12d584732342f9ab94f9f08dddb,b2b77fb8cda1a91493aee2fdbbf3a4d6,1.0,1,6,1
9271b12d584732342f9ab94f9f08dddb,b2bf03dcaf210222688c05da933599b2,1.0,1,6,1
9271b12d584732342f9ab94f9f08dddb,b4b3b6c43d8d695ac866a8e8c003b7bc,1.0,1,6,1
9271b12d584732342f9ab94f9f08dddb,b5d37c728f9ea12eae24f87212cf90fa,1.0,1,6,1
9271b12d584732342f9ab94f9f08dddb,b7089d62580787ff265431ca5efbc924,1.0,1,6,1
9271b12d584732342f9ab94f9f08dddb,b7a05979123e85de9be590ff37b88b60,1.0,1,6,1
9271b12d584732342f9ab94f9f08dddb,b801b3fb2ebcde305031a5d45dcc311a,1.0,1,6,1
9271b12d584732342f9ab94f9f08dddb,b849f49416bd94ee6b0a4d36fce5b3a6,1.0,1,6,1
9271b12d584732342f9ab94f9f08dddb,b9f8839c38cfc321ce5b3d3553787ff7,1.0,1,6,1
9271b12d584732342f9ab94f9f08dddb,ba567bd58efc37796eeff014b77e82cb,1.0,1,6,1
9271b12d584732342f9ab94f9f08dddb,bc0b94083a8c34bf7d8e3451197564a4,1.0,1,6,1
9271b12d584732342f9ab94f9f08dddb,be2c4c9f0fd10fd3dd16c4d3e3d8cdb9,1.0,1,6,1
9271b12d584732342f9ab94f9f08dddb,c123bffcaf20da08bc5e44e218e17cf5,1.0,1,6,1
9271b12d584732342f9ab94f9f08dddb,c1a3b5e9fc0e5ec53a4338401b2c6caa,1.0,1,6,1
9271b12d584732342f9ab94f9f08dddb,c1c2d7e232379ac754dcddc163c113e2,1.0,1,6,1
9271b12d584732342f9ab94f9f08dddb,c38273f8ef72a4ba00a78e07b2159c3c,1.0,1,6,1
9271b12d584732342f9ab94f9f08dddb,c53a41ca3f1f8285d8ab5712f9e29da9,1.0,1,6,1
9271b12d584732342f9ab94f9f08dddb,c68dc865a7bc698c90e3e42bfa063615,1.0,1,6,1
9271b12d584732342f9ab94f9f08dddb,c6c966a2924ee8d557d167a7d24347c6,1.0,1,6,1
9271b12d584732342f9ab94f9f08dddb,c808481ae340639f3deb6ab4fb5016b7,1.0,1,6,1
9271b12d584732342f9ab94f9f08dddb,c94a4fd71d10049438367c2a3f6b695a,1.0,1,6,1
9271b12d584732342f9ab94f9f08dddb,ca9aca7fb2055228a9fa927f445b7d4b,1.0,1,6,1
9271b12d584732342f9ab94f9f08dddb,caf275848cfa258e061236550f1e4fc0,1.0,1,6,1
9271b12d584732342f9ab94f9f08dddb,ccf9cfdce573bd339349628105059967,1.0,1,6,1
9271b12d584732342f9ab94f9f08dddb,cd74c43bf1fe964a63192a27a70d97a7,1.0,1,6,1
9271b12d584732342f9ab94f9f08dddb,ce8865c80c91549c0bdd2fd8da37d394,1.0,1,6,1
9271b12d584732342f9ab94f9f08dddb,ce94ae624d25743b5a418886a26f144d,1.0,1,6,1
9271b12d584732342f9ab94f9f08dddb,cfa2f237bb69bf90590d25553746e604,1.0,1,6,1
9271b12d584732342f9ab94f9f08dddb,d1cd85b1f829aff3f1b0376222b014a6,1.0,1,6,1
9271b12d584732342f9ab94f9f08dddb,d320e5d03bad7c1a6ef7f90499c98e66,1.0,1,6,1
9271b12d584732342f9ab94f9f08dddb,d33eeadf54cb883e79be640f38c32cdc,1.0,1,6,1
9271b12d584732342f9ab94f9f08dddb,d3bd02174ce36b3de0d16717771061b8,1.0,1,6,1
9271b12d584732342f9ab94f9f08dddb,d4161433b4b238a0c36242cc91c9f5a4,1.0,1,6,1
9271b12d584732342f9ab94f9f08dddb,d5b0b41b463cc37fee0a750a76243750,1.0,1,6,1
9271b12d584732342f9ab94f9f08dddb,d75fb6a485d852274d02790815fbbb34,1.0,1,6,1
9271b12d584732342f9ab94f9f08dddb,d78113394d16563b6cc3cb54ecc2db79,1.0,1,6,1
9271b12d584732342f9ab94f9f08dddb,d9e7987963242e652ba92754ca50bc96,1.0,1,6,1
9271b12d584732342f9ab94f9f08dddb,d9eb7288c21eb328d024a6a649a62f00,1.0,1,6,1
9271b12d584732342f9ab94f9f08dddb,db29ffc97121074b3434b6c2b8f5bb10,1.0,1,6,1
9271b12d584732342f9ab94f9f08dddb,dbca8ee6d3898976a0c29528064c6d17,1.0,1,6,1
9271b12d584732342f9ab94f9f08dddb,dbd83295ef91a610b2800dc2adc2968e,1.0,1,6,1
9271b12d584732342f9ab94f9f08dddb,dc39252a86e73c3cb8891bf7b21c26ce,1.0,1,6,1
9271b12d584732342f9ab94f9f08dddb,dc6efb6ea7a8e523fa8222c8550343b0,1.0,1,6,1
9271b12d584732342f9ab94f9f08dddb,dccf1a0f9b53de36973078b406226253,1.0,1,6,1
9271b12d584732342f9ab94f9f08dddb,de244e8b1a13939a7b33c3c6e4216ead,1.0,1,6,1
9271b12d584732342f9ab94f9f08dddb,debaae1c6a6a9329d64ab69d7c34e0dc,1.0,1,6,1
9271b12d584732342f9ab94f9f08dddb,dfdb5c973dfd5f686341555580a01032,1.0,1,6,1
9271b12d584732342f9ab94f9f08dddb,e0569618ad75b79f0567f4228f7dfd53,1.0,1,6,1
9271b12d584732342f9ab94f9f08dddb,e06af2f2e6365ac2b1b64ee77582a374,1.0,1,6,1
9271b12d584732342f9ab94f9f08dddb,e1bfb6e5c81f96f896f98eb8dac96253,1.0,1,6,1
9271b12d584732342f9ab94f9f08dddb,e1de62e03b4caf47d48b2dac7d8b43c4,1.0,1,6,1
9271b12d584732342f9ab94f9f08dddb,e317f87ef6a591202eb17fff79e3cdb4,1.0,1,6,1
9271b12d584732342f9ab94f9f08dddb,e350e43073d565f185843908ab262b49,1.0,1,6,1
9271b12d584732342f9ab94f9f08dddb,e3535a0059a01d1364e590fcf9fadb1b,1.0,1,6,1
9271b12d584732342f9ab94f9f08dddb,e79e1a72ae3be0874ceaed13900757a8,1.0,1,6,1
9271b12d584732342f9ab94f9f08dddb,e8bab922a31c89ae82750f3bfcd83f0c,1.0,1,6,1
9271b12d584732342f9ab94f9f08dddb,e90c83ac8c8dc897f5c2d7b7fa0c58bc,1.0,1,6,1
9271b12d584732342f9ab94f9f08dddb,e90dea10f5ce8ea6969688b172c7ba7d,1.0,1,6,1
9271b12d584732342f9ab94f9f08dddb,e9d112026934f36bffa9cfb35ff894f8,1.0,1,6,1
9271b12d584732342f9ab94f9f08dddb,ec80353a38ff10fe2b7bdf17101093d1,1.0,1,6,1
9271b12d584732342f9ab94f9f08dddb,ee8a82aa67708572e19a41f800984ecc,1.0,1,6,1
9271b12d584732342f9ab94f9f08dddb,efde0711381f58230ea70436955d5268,1.0,1,6,1
9271b12d584732342f9ab94f9f08dddb,f00a9391c1d606dbbcc0dabe9adfdb9f,1.0,1,6,1
9271b12d584732342f9ab94f9f08dddb,f0e26559ebc99fee583e3cc2c73d2ee7,1.0,1,6,1
9271b12d584732342f9ab94f9f08dddb,f1ea905daf5865c01b0ed5eb10cb6266,1.0,1,6,1
9271b12d584732342f9ab94f9f08dddb,f3587d49c0973cba419d1404a7856fad,1.0,1,6,1
9271b12d584732342f9ab94f9f08dddb,f4db22627eac951b3227c89fe131433c,1.0,1,6,1
9271b12d584732342f9ab94f9f08dddb,f5777a52ffe0bd4889e875c9d5164924,1.0,1,6,1
9271b12d584732342f9ab94f9f08dddb,f5c218fd6bf99cdef608912be0c5b92c,1.0,1,6,1
9271b12d584732342f9ab94f9f08dddb,f9279d6e21053d0ca015c69de903b453,1.0,1,6,1
9271b12d584732342f9ab94f9f08dddb,fad47992707a262559ac38f22e77ac6b,1.0,1,6,1
9271b12d584732342f9ab94f9f08dddb,fb0949346a7f2fe991579a1261fe6c41,1.0,1,6,1
9271b12d584732342f9ab94f9f08dddb,fc07f4a61baae8c314528e33351df795,1.0,1,6,1
9271b12d584732342f9ab94f9f08dddb,fc383769c0df1f6630d2571b32e2b2df,1.0,1,6,1
0695109d8c6c82bacc86e47a6246c390,401a006331c06b4b0c8830f87c13eb6a,1.0,1,3,4
2f8c8d4e3887241eb619e9597d461898,401a006331c06b4b0c8830f87c13eb6a,1.0,1,3,4
054a0e55182507d21177a99a2965911b,394dc24b7c4c8fa4ffbd0d36ddf26477,1.0,1,3,4
054a0e55182507d21177a99a2965911b,80d8a69b7c8b84247423da36627c0402,1.0,1,3,4
054a0e55182507d21177a99a2965911b,82746368fb04a9a9cc401ff05daac352,1.0,1,3,4
054a0e55182507d21177a99a2965911b,bfd87e5c567d5b53600cd4645b56a316,1.0,1,3,4
054a0e55182507d21177a99a2965911b,cd94dd7a37a6160bf004a86f9d36765d,1.0,1,3,4
1a75fd349131568b7063e35ba91efc66,394dc24b7c4c8fa4ffbd0d36ddf26477,1.0,1,3,4
1a75fd349131568b7063e35ba91efc66,80d8a69b7c8b84247423da36627c0402,1.0,1,3,4
1a75fd349131568b7063e35ba91efc66,82746368fb04a9a9cc401ff05daac352,1.0,1,3,4
1a75fd349131568b7063e35ba91efc66,bfd87e5c567d5b53600cd4645b56a316,1.0,1,3,4
1a75fd349131568b7063e35ba91efc66,cd94dd7a37a6160bf004a86f9d36765d,1.0,1,3,4
1f13a9716fb2039f8df0a0dfd8bac2f8,394dc24b7c4c8fa4ffbd0d36ddf26477,1.0,1,3,4
1f13a9716fb2039f8df0a0dfd8bac2f8,80d8a69b7c8b84247423da36627c0402,1.0,1,3,4
1f13a9716fb2039f8df0a0dfd8bac2f8,82746368fb04a9a9cc401ff05daac352,1.0,1,3,4
1f13a9716fb2039f8df0a0dfd8bac2f8,bfd87e5c567d5b53600cd4645b56a316,1.0,1,3,4
1f13a9716fb2039f8df0a0dfd8bac2f8,cd94dd7a37a6160bf004a86f9d36765d,1.0,1,3,4
25b26761ba75a1472ff2c36d3b17b5b8,394dc24b7c4c8fa4ffbd0d36ddf26477,1.0,1,3,4
25b26761ba75a1472ff2c36d3b17b5b8,80d8a69b7c8b84247423da36627c0402,1.0,1,3,4
25b26761ba75a1472ff2c36d3b17b5b8,82746368fb04a9a9cc401ff05daac352,1.0,1,3,4
25b26761ba75a1472ff2c36d3b17b5b8,bfd87e5c567d5b53600cd4645b56a316,1.0,1,3,4
25b26761ba75a1472ff2c36d3b17b5b8,cd94dd7a37a6160bf004a86f9d36765d,1.0,1,3,4
2f2ab1b5055acca714e38c613a4f2763,394dc24b7c4c8fa4ffbd0d36ddf26477,1.0,1,3,4
2f2ab1b5055acca714e38c613a4f2763,80d8a69b7c8b84247423da36627c0402,1.0,1,3,4
2f2ab1b5055acca714e38c613a4f2763,82746368fb04a9a9cc401ff05daac352,1.0,1,3,4
2f2ab1b5055acca714e38c613a4f2763,bfd87e5c567d5b53600cd4645b56a316,1.0,1,3,4
2f2ab1b5055acca714e38c613a4f2763,cd94dd7a37a6160bf004a86f9d36765d,1.0,1,3,4
330c4a922701111858639f6dc8defc3a,394dc24b7c4c8fa4ffbd0d36ddf26477,1.0,1,3,4
330c4a922701111858639f6dc8defc3a,80d8a69b7c8b84247423da36627c0402,1.0,1,3,4
330c4a922701111858639f6dc8defc3a,82746368fb04a9a9cc401ff05daac352,1.0,1,3,4
330c4a922701111858639f6dc8defc3a,bfd87e5c567d5b53600cd4645b56a316,1.0,1,3,4
330c4a922701111858639f6dc8defc3a,cd94dd7a37a6160bf004a86f9d36765d,1.0,1,3,4
37f2527bb624e379f72a742154fdb762,394dc24b7c4c8fa4ffbd0d36ddf26477,1.0,1,3,4
37f2527bb624e379f72a742154fdb762,80d8a69b7c8b84247423da36627c0402,1.0,1,3,4
37f2527bb624e379f72a742154fdb762,82746368fb04a9a9cc401ff05daac352,1.0,1,3,4
37f2527bb624e379f72a742154fdb762,bfd87e5c567d5b53600cd4645b56a316,1.0,1,3,4
37f2527bb624e379f72a742154fdb762,cd94dd7a37a6160bf004a86f9d36765d,1.0,1,3,4
394dc24b7c4c8fa4ffbd0d36ddf26477,3a6c53390e92fe5289fdbc6ef6f07d3f,1.0,1,4,3
394dc24b7c4c8fa4ffbd0d36ddf26477,3ec645c5dfd9cd47e6527566f4386809,1.0,1,4,3
394dc24b7c4c8fa4ffbd0d36ddf26477,4676d26aeee5695640b84d96de57df7d,1.0,1,4,3
394dc24b7c4c8fa4ffbd0d36ddf26477,5ab9552cd6c3162201301a5bf90e5466,1.0,1,4,3
394dc24b7c4c8fa4ffbd0d36ddf26477,65e7ba9c080c81512376e3bde1f97a87,1.0,1,4,3
394dc24b7c4c8fa4ffbd0d36ddf26477,6d884f62681147d301bb0517fb0c50e2,1.0,1,4,3
394dc24b7c4c8fa4ffbd0d36ddf26477,709358f437f82bfe6908cfb761d1a456,1.0,1,4,3
394dc24b7c4c8fa4ffbd0d36ddf26477,73619cff2fa9816a60c7599436aa2122,1.0,1,4,3
394dc24b7c4c8fa4ffbd0d36ddf26477,748ff039820a309f68d0ca5d57ba60b7,1.0,1,4,3
394dc24b7c4c8fa4ffbd0d36ddf26477,764bf13c9f7df277b9c0950b88b4c3eb,1.0,1,4,3
394dc24b7c4c8fa4ffbd0d36ddf26477,7c5dfaa81bfd0f0349fc47b92b3202f1,1.0,1,4,3
394dc24b7c4c8fa4ffbd0d36ddf26477,83947230de9d7dd167a59ffdc8efc11a,1.0,1,4,3
394dc24b7c4c8fa4ffbd0d36ddf26477,860d42fc983e6777578d4e12ac80e5e7,1.0,1,4,3
394dc24b7c4c8fa4ffbd0d36ddf26477,a3a988b211e387fba3be6fdd9b3b23be,1.0,1,4,3
394dc24b7c4c8fa4ffbd0d36ddf26477,a97cda02d5dbe045a5ea11d1fe56b2c1,1.0,1,4,3
394dc24b7c4c8fa4ffbd0d36ddf26477,b7114d94711361017988dddfb611ea0f,1.0,1,4,3
394dc24b7c4c8fa4ffbd0d36ddf26477,d2c6c89bd52a9b70417f90313b1ce4a3,1.0,1,4,3
394dc24b7c4c8fa4ffbd0d36ddf26477,d3ab6a0f035b6b09b9862540148ba972,1.0,1,4,3
394dc24b7c4c8fa4ffbd0d36ddf26477,d471f73a3e7cb6b6ea5d5c33b32f9ae6,1.0,1,4,3
394dc24b7c4c8fa4ffbd0d36ddf26477,e912e2e0f4b9f6bf101238a5f4ece57b,1.0,1,4,3
3a6c53390e92fe5289fdbc6ef6f07d3f,80d8a69b7c8b84247423da36627c0402,1.0,1,3,4
3a6c53390e92fe5289fdbc6ef6f07d3f,82746368fb04a9a9cc401ff05daac352,1.0,1,3,4
3a6c53390e92fe5289fdbc6ef6f07d3f,bfd87e5c567d5b53600cd4645b56a316,1.0,1,3,4
3a6c53390e92fe5289fdbc6ef6f07d3f,cd94dd7a37a6160bf004a86f9d36765d,1.0,1,3,4
3ec645c5dfd9cd47e6527566f4386809,80d8a69b7c8b84247423da36627c0402,1.0,1,3,4
3ec645c5dfd9cd47e6527566f4386809,82746368fb04a9a9cc401ff05daac352,1.0,1,3,4
3ec645c5dfd9cd47e6527566f4386809,bfd87e5c567d5b53600cd4645b56a316,1.0,1,3,4
3ec645c5dfd9cd47e6527566f4386809,cd94dd7a37a6160bf004a86f9d36765d,1.0,1,3,4
4676d26aeee5695640b84d96de57df7d,80d8a69b7c8b84247423da36627c0402,1.0,1,3,4
4676d26aeee5695640b84d96de57df7d,82746368fb04a9a9cc401ff05daac352,1.0,1,3,4
4676d26aeee5695640b84d96de57df7d,bfd87e5c567d5b53600cd4645b56a316,1.0,1,3,4
4676d26aeee5695640b84d96de57df7d,cd94dd7a37a6160bf004a86f9d36765d,1.0,1,3,4
5ab9552cd6c3162201301a5bf90e5466,80d8a69b7c8b84247423da36627c0402,1.0,1,3,4
5ab9552cd6c3162201301a5bf90e5466,82746368fb04a9a9cc401ff05daac352,1.0,1,3,4
5ab9552cd6c3162201301a5bf90e5466,bfd87e5c567d5b53600cd4645b56a316,1.0,1,3,4
5ab9552cd6c3162201301a5bf90e5466,cd94dd7a37a6160bf004a86f9d36765d,1.0,1,3,4
65e7ba9c080c81512376e3bde1f97a87,80d8a69b7c8b84247423da36627c0402,1.0,1,3,4
65e7ba9c080c81512376e3bde1f97a87,82746368fb04a9a9cc401ff05daac352,1.0,1,3,4
65e7ba9c080c81512376e3bde1f97a87,bfd87e5c567d5b53600cd4645b56a316,1.0,1,3,4
65e7ba9c080c81512376e3bde1f97a87,cd94dd7a37a6160bf004a86f9d36765d,1.0,1,3,4
6d884f62681147d301bb0517fb0c50e2,80d8a69b7c8b84247423da36627c0402,1.0,1,3,4
6d884f62681147d301bb0517fb0c50e2,82746368fb04a9a9cc401ff05daac352,1.0,1,3,4
6d884f62681147d301bb0517fb0c50e2,bfd87e5c567d5b53600cd4645b56a316,1.0,1,3,4
6d884f62681147d301bb0517fb0c50e2,cd94dd7a37a6160bf004a86f9d36765d,1.0,1,3,4
709358f437f82bfe6908cfb761d1a456,80d8a69b7c8b84247423da36627c0402,1.0,1,3,4
709358f437f82bfe6908cfb761d1a456,82746368fb04a9a9cc401ff05daac352,1.0,1,3,4
709358f437f82bfe6908cfb761d1a456,bfd87e5c567d5b53600cd4645b56a316,1.0,1,3,4
709358f437f82bfe6908cfb761d1a456,cd94dd7a37a6160bf004a86f9d36765d,1.0,1,3,4
73619cff2fa9816a60c7599436aa2122,80d8a69b7c8b84247423da36627c0402,1.0,1,3,4
73619cff2fa9816a60c7599436aa2122,82746368fb04a9a9cc401ff05daac352,1.0,1,3,4
73619cff2fa9816a60c7599436aa2122,bfd87e5c567d5b53600cd4645b56a316,1.0,1,3,4
73619cff2fa9816a60c7599436aa2122,cd94dd7a37a6160bf004a86f9d36765d,1.0,1,3,4
748ff039820a309f68d0ca5d57ba60b7,80d8a69b7c8b84247423da36627c0402,1.0,1,3,4
748ff039820a309f68d0ca5d57ba60b7,82746368fb04a9a9cc401ff05daac352,1.0,1,3,4
748ff039820a309f68d0ca5d57ba60b7,bfd87e5c567d5b53600cd4645b56a316,1.0,1,3,4
748ff039820a309f68d0ca5d57ba60b7,cd94dd7a37a6160bf004a86f9d36765d,1.0,1,3,4
764bf13c9f7df277b9c0950b88b4c3eb,80d8a69b7c8b84247423da36627c0402,1.0,1,3,4
764bf13c9f7df277b9c0950b88b4c3eb,82746368fb04a9a9cc401ff05daac352,1.0,1,3,4
764bf13c9f7df277b9c0950b88b4c3eb,bfd87e5c567d5b53600cd4645b56a316,1.0,1,3,4
764bf13c9f7df277b9c0950b88b4c3eb,cd94dd7a37a6160bf004a86f9d36765d,1.0,1,3,4
7c5dfaa81bfd0f0349fc47b92b3202f1,80d8a69b7c8b84247423da36627c0402,1.0,1,3,4
7c5dfaa81bfd0f0349fc47b92b3202f1,82746368fb04a9a9cc401ff05daac352,1.0,1,3,4
7c5dfaa81bfd0f0349fc47b92b3202f1,bfd87e5c567d5b53600cd4645b56a316,1.0,1,3,4
7c5dfaa81bfd0f0349fc47b92b3202f1,cd94dd7a37a6160bf004a86f9d36765d,1.0,1,3,4
80d8a69b7c8b84247423da36627c0402,83947230de9d7dd167a59ffdc8efc11a,1.0,1,4,3
80d8a69b7c8b84247423da36627c0402,860d42fc983e6777578d4e12ac80e5e7,1.0,1,4,3
80d8a69b7c8b84247423da36627c0402,a3a988b211e387fba3be6fdd9b3b23be,1.0,1,4,3
80d8a69b7c8b84247423da36627c0402,a97cda02d5dbe045a5ea11d1fe56b2c1,1.0,1,4,3
80d8a69b7c8b84247423da36627c0402,b7114d94711361017988dddfb611ea0f,1.0,1,4,3
80d8a69b7c8b84247423da36627c0402,d2c6c89bd52a9b70417f90313b1ce4a3,1.0,1,4,3
80d8a69b7c8b84247423da36627c0402,d3ab6a0f035b6b09b9862540148ba972,1.0,1,4,3
80d8a69b7c8b84247423da36627c0402,d471f73a3e7cb6b6ea5d5c33b32f9ae6,1.0,1,4,3
80d8a69b7c8b84247423da36627c0402,e912e2e0f4b9f6bf101238a5f4ece57b,1.0,1,4,3
82746368fb04a9a9cc401ff05daac352,83947230de9d7dd167a59ffdc8efc11a,1.0,1,4,3
82746368fb04a9a9cc401ff05daac352,860d42fc983e6777578d4e12ac80e5e7,1.0,1,4,3
82746368fb04a9a9cc401ff05daac352,a3a988b211e387fba3be6fdd9b3b23be,1.0,1,4,3
82746368fb04a9a9cc401ff05daac352,a97cda02d5dbe045a5ea11d1fe56b2c1,1.0,1,4,3
82746368fb04a9a9cc401ff05daac352,b7114d94711361017988dddfb611ea0f,1.0,1,4,3
82746368fb04a9a9cc401ff05daac352,d2c6c89bd52a9b70417f90313b1ce4a3,1.0,1,4,3
82746368fb04a9a9cc401ff05daac352,d3ab6a0f035b6b09b9862540148ba972,1.0,1,4,3
82746368fb04a9a9cc401ff05daac352,d471f73a3e7cb6b6ea5d5c33b32f9ae6,1.0,1,4,3
82746368fb04a9a9cc401ff05daac352,e912e2e0f4b9f6bf101238a5f4ece57b,1.0,1,4,3
83947230de9d7dd167a59ffdc8efc11a,bfd87e5c567d5b53600cd4645b56a316,1.0,1,3,4
83947230de9d7dd167a59ffdc8efc11a,cd94dd7a37a6160bf004a86f9d36765d,1.0,1,3,4
860d42fc983e6777578d4e12ac80e5e7,bfd87e5c567d5b53600cd4645b56a316,1.0,1,3,4
860d42fc983e6777578d4e12ac80e5e7,cd94dd7a37a6160bf004a86f9d36765d,1.0,1,3,4
a3a988b211e387fba3be6fdd9b3b23be,bfd87e5c567d5b53600cd4645b56a316,1.0,1,3,4
a3a988b211e387fba3be6fdd9b3b23be,cd94dd7a37a6160bf004a86f9d36765d,1.0,1,3,4
a97cda02d5dbe045a5ea11d1fe56b2c1,bfd87e5c567d5b53600cd4645b56a316,1.0,1,3,4
a97cda02d5dbe045a5ea11d1fe56b2c1,cd94dd7a37a6160bf004a86f9d36765d,1.0,1,3,4
b7114d94711361017988dddfb611ea0f,bfd87e5c567d5b53600cd4645b56a316,1.0,1,3,4
b7114d94711361017988dddfb611ea0f,cd94dd7a37a6160bf004a86f9d36765d,1.0,1,3,4
bfd87e5c567d5b53600cd4645b56a316,d2c6c89bd52a9b70417f90313b1ce4a3,1.0,1,4,3
bfd87e5c567d5b53600cd4645b56a316,d3ab6a0f035b6b09b9862540148ba972,1.0,1,4,3
bfd87e5c567d5b53600cd4645b56a316,d471f73a3e7cb6b6ea5d5c33b32f9ae6,1.0,1,4,3
bfd87e5c567d5b53600cd4645b56a316,e912e2e0f4b9f6bf101238a5f4ece57b,1.0,1,4,3
cd94dd7a37a6160bf004a86f9d36765d,d2c6c89bd52a9b70417f90313b1ce4a3,1.0,1,4,3
cd94dd7a37a6160bf004a86f9d36765d,d3ab6a0f035b6b09b9862540148ba972,1.0,1,4,3
cd94dd7a37a6160bf004a86f9d36765d,d471f73a3e7cb6b6ea5d5c33b32f9ae6,1.0,1,4,3
cd94dd7a37a6160bf004a86f9d36765d,e912e2e0f4b9f6bf101238a5f4ece57b,1.0,1,4,3
3262b9775c907ad9697f2e260c392f7e,801c1d310fbdf6f92b937b8900ed7814,1.0,1,3,4
4e028cda495e1923851032da7ce43a4b,801c1d310fbdf6f92b937b8900ed7814,1.0,1,3,4
22645719e22ee24605277c0b4e149d95,94183723d784d37f33a1f6dd09ac7567,1.0,1,1,6
22645719e22ee24605277c0b4e149d95,9b07fe36ad116125147576cb5894f231,1.0,1,1,6
3070f367c9ad56c74e4a9accf409f4ec,94183723d784d37f33a1f6dd09ac7567,1.0,1,1,6
3070f367c9ad56c74e4a9accf409f4ec,9b07fe36ad116125147576cb5894f231,1.0,1,1,6
4850bf2ffaae5bc1612b55060a71bb19,94183723d784d37f33a1f6dd09ac7567,1.0,1,1,6
4850bf2ffaae5bc1612b55060a71bb19,9b07fe36ad116125147576cb5894f231,1.0,1,1,6
4ee589f9106af7d7ec3ec8ab8c1bd7cd,94183723d784d37f33a1f6dd09ac7567,1.0,1,1,6
4ee589f9106af7d7ec3ec8ab8c1bd7cd,9b07fe36ad116125147576cb5894f231,1.0,1,1,6
746cee402ac843df98d143ede25ec692,94183723d784d37f33a1f6dd09ac7567,1.0,1,1,6
746cee402ac843df98d143ede25ec692,9b07fe36ad116125147576cb5894f231,1.0,1,1,6
94183723d784d37f33a1f6dd09ac7567,96b71af61d01165163b71ae61b354b25,1.0,1,6,1
94183723d784d37f33a1f6dd09ac7567,9d9ab3b77f0416765b3fbedf94a942a4,1.0,1,6,1
94183723d784d37f33a1f6dd09ac7567,9e4c21635f640562de1a6976374fba03,1.0,1,6,1
94183723d784d37f33a1f6dd09ac7567,b873a7fc87857fa0306e2293b37798f2,1.0,1,6,1
94183723d784d37f33a1f6dd09ac7567,ccd2c7d551400f797ed2f8dc95404f91,1.0,1,6,1
94183723d784d37f33a1f6dd09ac7567,e6044396bf1b7496100b03528f7df782,1.0,1,6,1
94183723d784d37f33a1f6dd09ac7567,f20c1d28f91e4d11247d116b95a76e9e,1.0,1,6,1
94183723d784d37f33a1f6dd09ac7567,f8654118fdfe85e9e286165ac2f7f66a,1.0,1,6,1
96b71af61d01165163b71ae61b354b25,9b07fe36ad116125147576cb5894f231,1.0,1,1,6
9b07fe36ad116125147576cb5894f231,9d9ab3b77f0416765b3fbedf94a942a4,1.0,1,6,1
9b07fe36ad116125147576cb5894f231,9e4c21635f640562de1a6976374fba03,1.0,1,6,1
9b07fe36ad116125147576cb5894f231,b873a7fc87857fa0306e2293b37798f2,1.0,1,6,1
9b07fe36ad116125147576cb5894f231,ccd2c7d551400f797ed2f8dc95404f91,1.0,1,6,1
9b07fe36ad116125147576cb5894f231,e6044396bf1b7496100b03528f7df782,1.0,1,6,1
9b07fe36ad116125147576cb5894f231,f20c1d28f91e4d11247d116b95a76e9e,1.0,1,6,1
9b07fe36ad116125147576cb5894f231,f8654118fdfe85e9e286165ac2f7f66a,1.0,1,6,1
033ef844790de4ae0aa7dfdef85a5d2f,ff7f36f6ba0f1126bb95b635322cf9d2,1.0,1,1,6
9716aa0359703cd7753c5696c45823e0,ff7f36f6ba0f1126bb95b635322cf9d2,1.0,1,1,6
ca5c1f11a1437f2fee540ec7486874b4,ff7f36f6ba0f1126bb95b635322cf9d2,1.0,1,1,6
19a4fb72bf8696a96c13e01bbe200dd4,f6ce56125dd12927a023b879008a5ced,1.0,1,2,5
2928d77d6c80350ea0b8e912c9defeb1,f6ce56125dd12927a023b879008a5ced,1.0,1,2,5
034917dc638e05834a69e3c5417fd57d,0583cd120bb9d6983181ca37d54e9d95,1.0,1,6,1
1e6d2ab66fdc23fe97ac091057970b6d,b8615c117b6d5af00a84464736ba70b0,1.0,1,4,3
1494ca09fa947d1d83b1bead79f12b7a,309acc8c68f7c802015a2b0df9602323,1.0,1,2,5
2f2f4b5a5700a5b108e6da7f0f5f5bb3,309acc8c68f7c802015a2b0df9602323,1.0,1,2,5
309acc8c68f7c802015a2b0df9602323,39ee801c4e1b061c236ef61df1152cc7,1.0,1,5,2
309acc8c68f7c802015a2b0df9602323,3d46f3720b481bf721544699010b97fd,1.0,1,5,2
309acc8c68f7c802015a2b0df9602323,525fdc9cc1afa67763b7f17ce6895e27,1.0,1,5,2
309acc8c68f7c802015a2b0df9602323,72c0cafb09a8df96f0f84bb6eb7525c2,1.0,1,5,2
309acc8c68f7c802015a2b0df9602323,87e10490e24f34fe5a034de34504f055,1.0,1,5,2
309acc8c68f7c802015a2b0df9602323,8970c7ac2c8a6acd54692b4eb5c2033a,1.0,1,5,2
309acc8c68f7c802015a2b0df9602323,9374b1da36c7464ff35b853955d3de96,1.0,1,5,2
309acc8c68f7c802015a2b0df9602323,a8a049e8e48d57264919233b49f5367f,1.0,1,5,2
309acc8c68f7c802015a2b0df9602323,ae3b3b982c1ec166edf6883547f6567a,1.0,1,5,2
309acc8c68f7c802015a2b0df9602323,cd48bf88423affa44f96b254ce5e6dd2,1.0,1,5,2
309acc8c68f7c802015a2b0df9602323,e396f66f0b2bf19462384b6b1ed1ee76,1.0,1,5,2
309acc8c68f7c802015a2b0df9602323,fb16d95d709fca0485dec8f7a6781ce0,1.0,1,5,2
309acc8c68f7c802015a2b0df9602323,feb92cba9f50befe809ad08fe01ef1a9,1.0,1,5,2
03e7923886f2bf499508dcc22da46422,522e244a96d13876c5bac4985a8d5075,1.0,1,1,6
1d6c9a45e7a7e7e4b4e6c84aba31ee93,522e244a96d13876c5bac4985a8d5075,1.0,1,1,6
2625152aff7b3ef5f24a0bf36bfd59cf,522e244a96d13876c5bac4985a8d5075,1.0,1,1,6
351e8eac3f1dc8843d6c2f627ef66179,522e244a96d13876c5bac4985a8d5075,1.0,1,1,6
522e244a96d13876c5bac4985a8d5075,5a99c21d6cfa38e2d98690b4d8fd9584,1.0,1,6,1
522e244a96d13876c5bac4985a8d5075,5d1e0feb8755d0039941ca7b82c9ae32,1.0,1,6,1
522e244a96d13876c5bac4985a8d5075,85eb32c3333fdecda3039791ed23c56d,1.0,1,6,1
522e244a96d13876c5bac4985a8d5075,8eda9387651f7554781ce5a6ca439cdf,1.0,1,6,1
522e244a96d13876c5bac4985a8d5075,9a2ae504302a5289d5f32785ece60212,1.0,1,6,1
522e244a96d13876c5bac4985a8d5075,c6c03bba166b958a40328e452ead2b3f,1.0,1,6,1
522e244a96d13876c5bac4985a8d5075,dc3daf634e488f515c5a403e107aef03,1.0,1,6,1
522e244a96d13876c5bac4985a8d5075,e70860197c087e03faa63e22638b5bac,1.0,1,6,1
044fbfba85531679c84bc0463296096f,3c7a1b8817ce0f7814a53f3fc779bc19,1.0,1,1,6
05804477d11e865ace16b31e4257c46a,3c7a1b8817ce0f7814a53f3fc779bc19,1.0,1,1,6
0a197705c44f955eef2b23c68893ede7,3c7a1b8817ce0f7814a53f3fc779bc19,1.0,1,1,6
13e287d3a441b8e6e77784338e3d926c,3c7a1b8817ce0f7814a53f3fc779bc19,1.0,1,1,6
1abb99e02611f2a9d4540470575ac3b8,3c7a1b8817ce0f7814a53f3fc779bc19,1.0,1,1,6
3b0d58daf2b91eea11f5c5972b872e32,3c7a1b8817ce0f7814a53f3fc779bc19,1.0,1,1,6
3c7a1b8817ce0f7814a53f3fc779bc19,501b28230db2d94161afce9e4c14fb1a,1.0,1,6,1
3c7a1b8817ce0f7814a53f3fc779bc19,74d9f662860f35a9b368151421f05fef,1.0,1,6,1
3c7a1b8817ce0f7814a53f3fc779bc19,86e7a171e35e9de8cfa8bdfa8780677e,1.0,1,6,1
3c7a1b8817ce0f7814a53f3fc779bc19,a83d56cc6f2defc82388a7dd029d9f92,1.0,1,6,1
3c7a1b8817ce0f7814a53f3fc779bc19,ae3b6c7fda9a934098987e72e12aa613,1.0,1,6,1
3c7a1b8817ce0f7814a53f3fc779bc19,b612c13210c682252a298fe139ba3314,1.0,1,6,1
3c7a1b8817ce0f7814a53f3fc779bc19,c2867e419f7aabfda8dacb61bac0802a,1.0,1,6,1
3c7a1b8817ce0f7814a53f3fc779bc19,c6349ea3844a74be51dc7d31ed64b16a,1.0,1,6,1
3c7a1b8817ce0f7814a53f3fc779bc19,caa1dee6e3e85ee1003cb6d78ffc38af,1.0,1,6,1
3c7a1b8817ce0f7814a53f3fc779bc19,cdc00d577be8717ddc8350eb2470a9a8,1.0,1,6,1
3c7a1b8817ce0f7814a53f3fc779bc19,cffca7ea4a5515acdeedabab22be8d38,1.0,1,6,1
3c7a1b8817ce0f7814a53f3fc779bc19,d4bdc79a55b98ad7185f06652af98eaa,1.0,1,6,1
3c7a1b8817ce0f7814a53f3fc779bc19,d599a7e610bea611bef41f645fafca0a,1.0,1,6,1
3c7a1b8817ce0f7814a53f3fc779bc19,eaefa1e081dbc951edfa76cccd68f018,1.0,1,6,1
3c7a1b8817ce0f7814a53f3fc779bc19,fe3f5b26ac1f3f88af269e7b7585a8cc,1.0,1,6,1
064fb6f70338688d1372235d95d92ff7,980572a22792ed5926c8a3bef3847743,1.0,1,6,1
1bf2349098d90e1462a6c3cb7f9395fd,b507103bd81e5d0dc3e6c3d50a732f36,1.0,1,2,5
a2b6aaaabb6a9fa56a6bca1e9ba4515c,b507103bd81e5d0dc3e6c3d50a732f36,1.0,1,2,5
8b29166c3e2b7a11a9d08d33d8c2855d,963d0a82132a191b74838b150186315e,1.0,1,5,2
8b29166c3e2b7a11a9d08d33d8c2855d,ac9414c0e58a953e90704b68745f9105,1.0,1,5,2
8b29166c3e2b7a11a9d08d33d8c2855d,b38b0ec7d754b2d5e31f854185ef6c01,1.0,1,5,2
8b29166c3e2b7a11a9d08d33d8c2855d,d1bcf56647d7675f103121f9f0142846,1.0,1,5,2
8b29166c3e2b7a11a9d08d33d8c2855d,e3d7a0d45bdf701f056d1c423f8bf0f8,1.0,1,5,2
8b29166c3e2b7a11a9d08d33d8c2855d,ffa4816b72b79e712d015c0a3640716d,1.0,1,5,2
04971801420422ac37540eea29047f22,b958e3d4722fd17423931d5fac543cf6,1.0,1,4,3
778245e76882be06eb951d90c0927bf1,adc19274ee64f1d91ef57bdab658002e,1.0,1,1,6
adc19274ee64f1d91ef57bdab658002e,b90e381f03c5c0761ec20f287472738b,1.0,1,6,1
adc19274ee64f1d91ef57bdab658002e,f1405c699dfee99f02a06fb8e6a5e46d,1.0,1,6,1
06ef40d6e048bc6ca4c8b6f2190227e1,1b231a7d116418a1a0becd7b0a9a6e28,1.0,1,4,3
06ef40d6e048bc6ca4c8b6f2190227e1,3d54e4ff73894ca933fce16491b6af27,1.0,1,4,3
06ef40d6e048bc6ca4c8b6f2190227e1,928abb7e0e74f50a0b0136df20196cd1,1.0,1,4,3
06ef40d6e048bc6ca4c8b6f2190227e1,e75ed76f494fbab8e9383b40c1a75d6a,1.0,1,4,3
06ef40d6e048bc6ca4c8b6f2190227e1,fa60093243e88c0cd6296dba1b0054e6,1.0,1,4,3
0f984f9ca7135856453915690249541f,1b231a7d116418a1a0becd7b0a9a6e28,1.0,1,4,3
0f984f9ca7135856453915690249541f,3d54e4ff73894ca933fce16491b6af27,1.0,1,4,3
0f984f9ca7135856453915690249541f,928abb7e0e74f50a0b0136df20196cd1,1.0,1,4,3
0f984f9ca7135856453915690249541f,e75ed76f494fbab8e9383b40c1a75d6a,1.0,1,4,3
0f984f9ca7135856453915690249541f,fa60093243e88c0cd6296dba1b0054e6,1.0,1,4,3
17154f5ffcd58c8389049f763e2c01c9,5015caa21691d148f370c1574b17d32d,1.0,1,5,2
175c218b2c3faf004c66a515df967b4f,8cec0fae588fbd27984abcec9ba0bea6,1.0,1,4,3
175c218b2c3faf004c66a515df967b4f,b5c8676946232d41b82710974344a0c1,1.0,1,4,3
175c218b2c3faf004c66a515df967b4f,fea74e188b7ba8b49cee6e279c64c91f,1.0,1,4,3
8cec0fae588fbd27984abcec9ba0bea6,b679873b72df26318869974877c766d5,1.0,1,3,4
b5c8676946232d41b82710974344a0c1,b679873b72df26318869974877c766d5,1.0,1,3,4
b679873b72df26318869974877c766d5,fea74e188b7ba8b49cee6e279c64c91f,1.0,1,4,3
57b605c7fea3ab53074a581ef3bfca87,6884f0f54ba0013c2f9ad2688155300a,1.0,1,3,4
3abbdb572309e93105f0ca0238df5f2c,551a43d7e0bb14426e6ca28d7eec8463,1.0,1,2,5
4ed16134a4f12d79e401be023468cbe1,551a43d7e0bb14426e6ca28d7eec8463,1.0,1,2,5
551a43d7e0bb14426e6ca28d7eec8463,5ce1e506e8e4eb088257ce0888336dd6,1.0,1,5,2
551a43d7e0bb14426e6ca28d7eec8463,949828097eebaa6b76aaac1fd75708cd,1.0,1,5,2
551a43d7e0bb14426e6ca28d7eec8463,b4c50a347f504c086ba2bf11bf8af5c8,1.0,1,5,2
551a43d7e0bb14426e6ca28d7eec8463,c6121cb9d0e34d56f4350dfda87e635d,1.0,1,5,2
551a43d7e0bb14426e6ca28d7eec8463,d8dcc60aa16110addf999dc6ed7ef42f,1.0,1,5,2
551a43d7e0bb14426e6ca28d7eec8463,dfaeedb50d4f20b01551db05f8c0691d,1.0,1,5,2
1cc71a6cc6fa66799da6f4ef12d23574,ebbd6add0f87913efc5075a1cc65cfb8,1.0,1,3,4
05b6f8d94c378446bcfe5cb4f75785b1,f4371991881a328886a134bbc99cec9e,1.0,1,1,6
0627ce0efe3310e23f89dece5347fd7c,f4371991881a328886a134bbc99cec9e,1.0,1,1,6
064dcb374e89bee36c14d918152940f2,f4371991881a328886a134bbc99cec9e,1.0,1,1,6
073977bdb15905041804ac9f8b686d73,f4371991881a328886a134bbc99cec9e,1.0,1,1,6
0a035d8e44a6712f93ad10da223c228e,f4371991881a328886a134bbc99cec9e,1.0,1,1,6
0b142164e5db564242b9a924fb8bc171,f4371991881a328886a134bbc99cec9e,1.0,1,1,6
0d059932f9a38e9a1b3f0cd13246697b,f4371991881a328886a134bbc99cec9e,1.0,1,1,6
0e649668ca5513059e459f1d2e211f5a,f4371991881a328886a134bbc99cec9e,1.0,1,1,6
183b6a83ba94aa13e76b09f2df8ed4de,f4371991881a328886a134bbc99cec9e,1.0,1,1,6
1fef19c9334f72f2f43ca0f3b5322e3d,f4371991881a328886a134bbc99cec9e,1.0,1,1,6
21c952154bbf7de26b32bc08b4b6fe47,f4371991881a328886a134bbc99cec9e,1.0,1,1,6
220eab5a5583419cbe92c023d67eb382,f4371991881a328886a134bbc99cec9e,1.0,1,1,6
23228c19192d79bc2a1d082d2f3f4cab,f4371991881a328886a134bbc99cec9e,1.0,1,1,6
2f94122ccfc8816b677ce4a9b5afd2b5,f4371991881a328886a134bbc99cec9e,1.0,1,1,6
30252a1d57cd506ae0f8e4d17ea834c9,f4371991881a328886a134bbc99cec9e,1.0,1,1,6
318a8173e6ffb6811284913d9e25bae9,f4371991881a328886a134bbc99cec9e,1.0,1,1,6
31fbbbc073c459e8e38cca0610bb250b,f736308cd9952b33b90b9fe94da9c8f5,1.0,1,3,4
3288575b2fc685ccbb88e60ad095fb4b,f4371991881a328886a134bbc99cec9e,1.0,1,1,6
329d013202109f3079446be910f5353b,f4371991881a328886a134bbc99cec9e,1.0,1,1,6
3690d0117cd4ddfe0f635c3cfae03ac5,f4371991881a328886a134bbc99cec9e,1.0,1,1,6
36f6d4191a93be39f257b4999e373a2b,f4371991881a328886a134bbc99cec9e,1.0,1,1,6
39c5bcb8856e6f8a9753a6f432af2c56,f4371991881a328886a134bbc99cec9e,1.0,1,1,6
3f2e9cee99e5489a2a881029d3b1975f,f4371991881a328886a134bbc99cec9e,1.0,1,1,6
40e76904901b914e63faa41ba28e54c8,f4371991881a328886a134bbc99cec9e,1.0,1,1,6
4563f015c75458c8d23647e56b6cfe7c,f4371991881a328886a134bbc99cec9e,1.0,1,1,6
530bc746c0c35ca8fc769faf1b5ed8ed,f4371991881a328886a134bbc99cec9e,1.0,1,1,6
5914429b9cb0e9fa4066c7080f4537c1,f4371991881a328886a134bbc99cec9e,1.0,1,1,6
59323be0d75fda67f1b8493f2c56c01e,f4371991881a328886a134bbc99cec9e,1.0,1,1,6
5c7362da4a7796e725a71031afa96579,f4371991881a328886a134bbc99cec9e,1.0,1,1,6
637ce30a59fd964de4531db820bbe887,f4371991881a328886a134bbc99cec9e,1.0,1,1,6
64f30e1dd309856d47cba0089a338ddf,f4371991881a328886a134bbc99cec9e,1.0,1,1,6
65daa8af71675f5b6e90b235f029438c,f4371991881a328886a134bbc99cec9e,1.0,1,1,6
701106e8688685b2e6eff509d209f4d1,f4371991881a328886a134bbc99cec9e,1.0,1,1,6
7c8969c14be384aaf4b5d7dde49586d2,f4371991881a328886a134bbc99cec9e,1.0,1,1,6
7f1ea01609a993bb6f8b7b52090d1661,f4371991881a328886a134bbc99cec9e,1.0,1,1,6
824409ad239e3bda3436d53b4b4ed0cf,f4371991881a328886a134bbc99cec9e,1.0,1,1,6
83aa67c9d4e7385d205591c078438491,f4371991881a328886a134bbc99cec9e,1.0,1,1,6
918d5b9108287c548ab267ab40d66d13,f4371991881a328886a134bbc99cec9e,1.0,1,1,6
9688aabd7b8d283bc2d134ef7c968a4c,f4371991881a328886a134bbc99cec9e,1.0,1,1,6
97d61292cc16e9d8ca260597a89bd70a,f4371991881a328886a134bbc99cec9e,1.0,1,1,6
991c252d91c948d7759202f7072a85d5,f4371991881a328886a134bbc99cec9e,1.0,1,1,6
9f0bce63382637ac584e0f8898ffab47,f4371991881a328886a134bbc99cec9e,1.0,1,1,6
a5b96290eee3407f15dc3a2a2a0bbbfe,f4371991881a328886a134bbc99cec9e,1.0,1,1,6
a6a445134ee58809e8424ee2a6cc16bc,f4371991881a328886a134bbc99cec9e,1.0,1,1,6
a771101744cc44227a87d406a424a9d9,f4371991881a328886a134bbc99cec9e,1.0,1,1,6
ac5e46d1db5f0fa318760ab53ed8147d,f4371991881a328886a134bbc99cec9e,1.0,1,1,6
af703c30e13bbb9839e8cdd4785758bf,f4371991881a328886a134bbc99cec9e,1.0,1,1,6
be9b53a0fdc764c7362bb9f8414090f0,f4371991881a328886a134bbc99cec9e,1.0,1,1,6
c080aa09c43bfdbb4a346864d75e2c45,f4371991881a328886a134bbc99cec9e,1.0,1,1,6
c165b645d4f9deefb1f21f9d244375aa,f4371991881a328886a134bbc99cec9e,1.0,1,1,6
c2b731c7f1e1150ff35ba9dcda1bde30,f4371991881a328886a134bbc99cec9e,1.0,1,1,6
c30e1d992894094d169c6e3946b35dcc,f4371991881a328886a134bbc99cec9e,1.0,1,1,6
c63299f6309946b11b819135ddc97501,f4371991881a328886a134bbc99cec9e,1.0,1,1,6
cef48a040edb9c64c27bc41dbd8c8131,f4371991881a328886a134bbc99cec9e,1.0,1,1,6
d11fadbe16c1187867708bf468944ee4,f4371991881a328886a134bbc99cec9e,1.0,1,1,6
d59a95b04f362565e898b4e30a3f317e,f4371991881a328886a134bbc99cec9e,1.0,1,1,6
d609dd18f8b33473adefe21f4d4cde39,f4371991881a328886a134bbc99cec9e,1.0,1,1,6
d9c29be3c2c8a8068d1775e464ce4848,f4371991881a328886a134bbc99cec9e,1.0,1,1,6
e532a64d41daee7d8deb7eff9d02cf47,f4371991881a328886a134bbc99cec9e,1.0,1,1,6
e8b4530e5e3b52fe3e8323ce802d9cc7,f4371991881a328886a134bbc99cec9e,1.0,1,1,6
eae3f6d1d783ea71988a3171c084d203,f4371991881a328886a134bbc99cec9e,1.0,1,1,6
ed4e506d123392094f41f8eb2a9cd5dc,f4371991881a328886a134bbc99cec9e,1.0,1,1,6
ee21dbc2be4018693af07d709d20b5e1,f4371991881a328886a134bbc99cec9e,1.0,1,1,6
f13d1361428a469d804919e21a84eea7,f4371991881a328886a134bbc99cec9e,1.0,1,1,6
f2974b395b29a444ff8eccc7f6c8ad0e,f4371991881a328886a134bbc99cec9e,1.0,1,1,6
f42015042a0a93d1e860d63a5cc2fbcb,f4371991881a328886a134bbc99cec9e,1.0,1,1,6
f4371991881a328886a134bbc99cec9e,f5d955e18e6b7d33361cbdf6fd0b8c48,1.0,1,6,1
f4371991881a328886a134bbc99cec9e,f7fc5d5e3debaf37ec4d5a5baf360cda,1.0,1,6,1
f4371991881a328886a134bbc99cec9e,f9240e72db5c2ba8ca8c3967a9ad7d1a,1.0,1,6,1
f4371991881a328886a134bbc99cec9e,ffeefd086fc667aaf6595c8fe3d22d54,1.0,1,6,1
89c1a3e3c96c821f7a06d1f84670727b,c230d0a507ccf302b339305e2acf3376,1.0,1,2,5
91ac74239a32254fc4a9779cf38b2226,c230d0a507ccf302b339305e2acf3376,1.0,1,2,5
c230d0a507ccf302b339305e2acf3376,d798e8eafe52d3424dc0c88e95bcf978,1.0,1,5,2
0623f038035c3a191a8c19d01965611e,dd3c1473dd2061e08c79e5b469454b05,1.0,1,2,5
46b6f86151641812862e77e5ba6a9501,dd3c1473dd2061e08c79e5b469454b05,1.0,1,2,5
7ded2cf6e92dc9829718d1d94b5797ac,dd3c1473dd2061e08c79e5b469454b05,1.0,1,2,5
831038885b8dc5814f64c46fb7c57952,dd3c1473dd2061e08c79e5b469454b05,1.0,1,2,5
062b959255257c8f1b651a4cae989853,83aca63b2193ea126b287f3ae61528d9,1.0,1,1,6
14803be716853016918954f7ef189abd,83aca63b2193ea126b287f3ae61528d9,1.0,1,1,6
1985ee4e25eee7fc657c6052e733c3d3,5fff3ec8fc85df5fe57190fd9b6543ed,1.0,1,2,5
1ad20cb261e24038bc33ebaca6ddad62,83aca63b2193ea126b287f3ae61528d9,1.0,1,1,6
1c91f8d50340522dd6601237ad13afff,83aca63b2193ea126b287f3ae61528d9,1.0,1,1,6
23397e992b09769faf5e66f9e171a241,83aca63b2193ea126b287f3ae61528d9,1.0,1,1,6
236655441ae8dd4485fd328d918186fa,83aca63b2193ea126b287f3ae61528d9,1.0,1,1,6
31318a0597cd9d50ce4cfd03c80fe780,5fff3ec8fc85df5fe57190fd9b6543ed,1.0,1,2,5
35c0fa6f2e6bbb3576e725d22e1066b8,83aca63b2193ea126b287f3ae61528d9,1.0,1,1,6
3c799d181c34d51f6d44bbbc563024db,83aca63b2193ea126b287f3ae61528d9,1.0,1,1,6
432ecfa8b7b7ad2663c7abed0dc83c51,83aca63b2193ea126b287f3ae61528d9,1.0,1,1,6
452fab1c62b178922fc011b0eb89c1b9,5fff3ec8fc85df5fe57190fd9b6543ed,1.0,1,2,5
46587168f28103639ae8249f19b53043,83aca63b2193ea126b287f3ae61528d9,1.0,1,1,6
52d8a619dff23c2985434b25e9862ff8,83aca63b2193ea126b287f3ae61528d9,1.0,1,1,6
567ab47ca4deb92d46dbf54dce07d0a7,83aca63b2193ea126b287f3ae61528d9,1.0,1,1,6
5f422502464dac44a0a981f29ec64043,83aca63b2193ea126b287f3ae61528d9,1.0,1,1,6
5fff3ec8fc85df5fe57190fd9b6543ed,9e8993ba2665307b71bd1641c2e1cb3d,1.0,1,5,2
5fff3ec8fc85df5fe57190fd9b6543ed,9eae34bbd3a474ec5d07949ca7de67c0,1.0,1,5,2
5fff3ec8fc85df5fe57190fd9b6543ed,ca9522ba7a7c70fc06b2a82471681ce4,1.0,1,5,2
5fff3ec8fc85df5fe57190fd9b6543ed,e8198977f57313464a8c3fd122c40050,1.0,1,5,2
613259d64ba972e49dc25b019b7918c3,83aca63b2193ea126b287f3ae61528d9,1.0,1,1,6
661ada8f1f0f348790c6b9ce57d51f55,83aca63b2193ea126b287f3ae61528d9,1.0,1,1,6
67d6f91d256bdf128fc960a166f413d5,83aca63b2193ea126b287f3ae61528d9,1.0,1,1,6
749943913a9851a39c9baf51877fbab6,83aca63b2193ea126b287f3ae61528d9,1.0,1,1,6
7dd466ce70871be5aba0ea1a43df6021,83aca63b2193ea126b287f3ae61528d9,1.0,1,1,6
7fcf7dc77013a88b9eef97c288b3eb8d,83aca63b2193ea126b287f3ae61528d9,1.0,1,1,6
83aca63b2193ea126b287f3ae61528d9,861eff4711a542e4b93843c6dd7febb0,1.0,1,6,1
83aca63b2193ea126b287f3ae61528d9,aaad33c5051196b5e73c7d65b9072e1d,1.0,1,6,1
83aca63b2193ea126b287f3ae61528d9,acd02fc85cf6339f896c161af2b6abcd,1.0,1,6,1
83aca63b2193ea126b287f3ae61528d9,b428f59c73c1bbeb3584744b4570654b,1.0,1,6,1
83aca63b2193ea126b287f3ae61528d9,c666e59a2d3ced923880461526113d38,1.0,1,6,1
83aca63b2193ea126b287f3ae61528d9,c71792e0cbb396e0a77258f474d971ab,1.0,1,6,1
83aca63b2193ea126b287f3ae61528d9,dff712b02bbaed94147ee35e29296897,1.0,1,6,1
83aca63b2193ea126b287f3ae61528d9,f40ab89b622248b7ca125af4b486b887,1.0,1,6,1
83aca63b2193ea126b287f3ae61528d9,fa516425f2667bd8a5a409f9112e663d,1.0,1,6,1
268b69a36c23ad6124117eb74e6c0891,620cb4f374cfbb348e54fdb28a84d115,1.0,1,4,3
268b69a36c23ad6124117eb74e6c0891,c65c00821ee53529813242267de045dd,1.0,1,4,3
06cd845bc8a9518ad68672727cf804fd,08f77862a18100d978ece3564a80366d,1.0,1,1,6
08f77862a18100d978ece3564a80366d,ac6a562cd32434d29b8dc97eb3e0dbcd,1.0,1,6,1
91798cca876208ae649532488494682b,ad96c893319ca7c9235194c71c936464,1.0,1,4,3
3a327d1b4ecddb57e1ab6b46a626edf7,c143eafe10719dcc7dc0a855b2e3554d,1.0,1,1,6
070864e2a7406d03f7071e27dd46d21e,955a2985cf248356b4ded39c0a9cc7ad,1.0,1,6,1
070864e2a7406d03f7071e27dd46d21e,c59727588c2632b14a0e72970350a3ef,1.0,1,6,1
211aaecea827d378c879c2b2f667c89d,e8b17068d79aeb79eaa00b414058b837,1.0,1,5,2
07d9274cd46ab1e4d6f47b8507e81b74,831a032a3327e2b8325faf9d37953870,1.0,1,1,6
150127cf34008127df269a5dee5c40f6,831a032a3327e2b8325faf9d37953870,1.0,1,1,6
159d2ae0c3234b0dcaf35bd844a99564,52bfbce3fe777635d0c5bb7b948ea28d,1.0,1,2,5
2051da8c86950104ad66748a1024abb8,52bfbce3fe777635d0c5bb7b948ea28d,1.0,1,2,5
52bfbce3fe777635d0c5bb7b948ea28d,6cbfcc29787035834a40a46f5898436a,1.0,1,5,2
52bfbce3fe777635d0c5bb7b948ea28d,a8cace4dc9e5fcc3be52319160150f24,1.0,1,5,2
7e5513e83362cc257098c38f999a6894,831a032a3327e2b8325faf9d37953870,1.0,1,1,6
831a032a3327e2b8325faf9d37953870,86c7815d3793c770f05377f877736e95,1.0,1,6,1
831a032a3327e2b8325faf9d37953870,929f54e2e447faf33b0a25d6ca3e4c91,1.0,1,6,1
831a032a3327e2b8325faf9d37953870,98f118214ff3eed20db45a03da54352e,1.0,1,6,1
831a032a3327e2b8325faf9d37953870,a4eccccf80e1988ddb8c320acdeac311,1.0,1,6,1
831a032a3327e2b8325faf9d37953870,a4f49fedb5cc74d4d81724e84fd9ac03,1.0,1,6,1
831a032a3327e2b8325faf9d37953870,b429f454ae59c31efffbce6cf260b267,1.0,1,6,1
831a032a3327e2b8325faf9d37953870,c09214ba56100e782501686ca3bbb119,1.0,1,6,1
831a032a3327e2b8325faf9d37953870,c96990a8287af2833c29ec5c745ab315,1.0,1,6,1
831a032a3327e2b8325faf9d37953870,e69d9607b68fc2c352c2ff451d0e1f0b,1.0,1,6,1
831a032a3327e2b8325faf9d37953870,e9070d590d0def571e12b7ab2563e380,1.0,1,6,1
831a032a3327e2b8325faf9d37953870,eef19771da1dd2927296fc1806c724ff,1.0,1,6,1
831a032a3327e2b8325faf9d37953870,f1187199c9985066ec3180eb9d00db54,1.0,1,6,1
108a66846771910748a726a8073ee888,95525127999a756443df590cc5aabe88,1.0,1,2,5
245c870b2ffc61c7cbf173b9b1667dcd,2ee975c9c2318bfa81d7c2ba24325099,1.0,1,1,6
245c870b2ffc61c7cbf173b9b1667dcd,8c4f1ee04e97bc9c43c73916cbb78479,1.0,1,1,6
25597b6c7f7f845c8475b864ef435f2b,2ee975c9c2318bfa81d7c2ba24325099,1.0,1,1,6
25597b6c7f7f845c8475b864ef435f2b,8c4f1ee04e97bc9c43c73916cbb78479,1.0,1,1,6
260898e53301ce7a48b5681f63c4280f,2ee975c9c2318bfa81d7c2ba24325099,1.0,1,1,6
260898e53301ce7a48b5681f63c4280f,8c4f1ee04e97bc9c43c73916cbb78479,1.0,1,1,6
2ee975c9c2318bfa81d7c2ba24325099,557d34854e07834bffcd81ebb340f580,1.0,1,6,1
2ee975c9c2318bfa81d7c2ba24325099,5b97eb89e71d8e7cbe9b3023a4d69f97,1.0,1,6,1
2ee975c9c2318bfa81d7c2ba24325099,61bc015848fdab0d072046b3f05bffc2,1.0,1,6,1
2ee975c9c2318bfa81d7c2ba24325099,6f8082b8f7365a98f3594867c2ae993b,1.0,1,6,1
2ee975c9c2318bfa81d7c2ba24325099,808f04062b0c72079e6139953793d3b7,1.0,1,6,1
2ee975c9c2318bfa81d7c2ba24325099,8d31197a7e5c636f67927bbf30bfc3a9,1.0,1,6,1
2ee975c9c2318bfa81d7c2ba24325099,927166030972d4c8138c8d561b6cc03c,1.0,1,6,1
2ee975c9c2318bfa81d7c2ba24325099,98de6fdee8013609f315bcbcf39fe23f,1.0,1,6,1
2ee975c9c2318bfa81d7c2ba24325099,99a8bcf23112485f3a368fd7153a3f59,1.0,1,6,1
2ee975c9c2318bfa81d7c2ba24325099,a4ee8b6fb45852f415f8291847dc5002,1.0,1,6,1
2ee975c9c2318bfa81d7c2ba24325099,b8363ff39b2e549ce62a62b0197ddfe3,1.0,1,6,1
2ee975c9c2318bfa81d7c2ba24325099,bc6514b5762cfa6194a371b54b767a32,1.0,1,6,1
2ee975c9c2318bfa81d7c2ba24325099,c584783ce1c8cdcad34f3aef3d576165,1.0,1,6,1
2ee975c9c2318bfa81d7c2ba24325099,d2e8567398f17f502a49d198a480caf5,1.0,1,6,1
2ee975c9c2318bfa81d7c2ba24325099,d37992dffa75015b8b5db9b845ffb432,1.0,1,6,1
2ee975c9c2318bfa81d7c2ba24325099,f65bf2a31e41b9fbbc1c14056b762f08,1.0,1,6,1
557d34854e07834bffcd81ebb340f580,8c4f1ee04e97bc9c43c73916cbb78479,1.0,1,1,6
5b97eb89e71d8e7cbe9b3023a4d69f97,8c4f1ee04e97bc9c43c73916cbb78479,1.0,1,1,6
61bc015848fdab0d072046b3f05bffc2,8c4f1ee04e97bc9c43c73916cbb78479,1.0,1,1,6
6741fe058b7a7605920b9060b234294e,95525127999a756443df590cc5aabe88,1.0,1,2,5
6f8082b8f7365a98f3594867c2ae993b,8c4f1ee04e97bc9c43c73916cbb78479,1.0,1,1,6
75c1ef8a4a5dfef887f4fdc9cf843da5,95525127999a756443df590cc5aabe88,1.0,1,2,5
808f04062b0c72079e6139953793d3b7,8c4f1ee04e97bc9c43c73916cbb78479,1.0,1,1,6
8c4f1ee04e97bc9c43c73916cbb78479,8d31197a7e5c636f67927bbf30bfc3a9,1.0,1,6,1
8c4f1ee04e97bc9c43c73916cbb78479,927166030972d4c8138c8d561b6cc03c,1.0,1,6,1
8c4f1ee04e97bc9c43c73916cbb78479,98de6fdee8013609f315bcbcf39fe23f,1.0,1,6,1
8c4f1ee04e97bc9c43c73916cbb78479,99a8bcf23112485f3a368fd7153a3f59,1.0,1,6,1
8c4f1ee04e97bc9c43c73916cbb78479,a4ee8b6fb45852f415f8291847dc5002,1.0,1,6,1
8c4f1ee04e97bc9c43c73916cbb78479,b8363ff39b2e549ce62a62b0197ddfe3,1.0,1,6,1
8c4f1ee04e97bc9c43c73916cbb78479,bc6514b5762cfa6194a371b54b767a32,1.0,1,6,1
8c4f1ee04e97bc9c43c73916cbb78479,c584783ce1c8cdcad34f3aef3d576165,1.0,1,6,1
8c4f1ee04e97bc9c43c73916cbb78479,d2e8567398f17f502a49d198a480caf5,1.0,1,6,1
8c4f1ee04e97bc9c43c73916cbb78479,d37992dffa75015b8b5db9b845ffb432,1.0,1,6,1
8c4f1ee04e97bc9c43c73916cbb78479,f65bf2a31e41b9fbbc1c14056b762f08,1.0,1,6,1
95525127999a756443df590cc5aabe88,f145d50379275ab9931636f83b0102eb,1.0,1,5,2
083f9c55bf04dc9af3749412568f9f6e,8e93e02a66a3c47d7f05494bcae389d0,1.0,1,2,5
2fdf390d4775f384c242cc7360a989fc,b08b68bac767c3269e827f822d308182,1.0,1,2,5
b08b68bac767c3269e827f822d308182,bd9849d9ba9ac9f05f53f393b1c85744,1.0,1,5,2
b08b68bac767c3269e827f822d308182,daf000736a5b97b67531b55ead4aff33,1.0,1,5,2
b08b68bac767c3269e827f822d308182,e5d71c2a04ee3a370295b3290a85b2fb,1.0,1,5,2
b08b68bac767c3269e827f822d308182,f501763f86860a6276ac5bd82ed23925,1.0,1,5,2
08de4d9507128e2ad419e26cc4f22b65,b9cc54385a16364650ea5c9d26c212d9,1.0,1,1,6
21ca0625d6f2e5f1560bb614095a4cae,b9cc54385a16364650ea5c9d26c212d9,1.0,1,1,6
649c3c31116502b2c532c0a4e5a339e9,b9cc54385a16364650ea5c9d26c212d9,1.0,1,1,6
7b036c2b8d58e9b305c3932c40497bea,b9cc54385a16364650ea5c9d26c212d9,1.0,1,1,6
7dedc655d3280a4f507ee70a9c34c756,b9cc54385a16364650ea5c9d26c212d9,1.0,1,1,6
82c6b7c46730c47b413b6a163563486f,b9cc54385a16364650ea5c9d26c212d9,1.0,1,1,6
b9cc54385a16364650ea5c9d26c212d9,cbd74ad8bdf05d0b7284fe30d7473f2e,1.0,1,6,1
b9cc54385a16364650ea5c9d26c212d9,e6ecf8f816d5aa381b49e989645c9471,1.0,1,6,1
b9cc54385a16364650ea5c9d26c212d9,ff9d6196f8a9419142b5a70a0dbf469d,1.0,1,6,1
0909c8582df282c1aaea66bd9dc80fd0,a45653bb3070a7504b2805d252c96cba,1.0,1,1,6
092c4554a5aad8f933a160e5b0cad7ac,e34062e6dec5792011cd8a2a18aa451e,1.0,1,1,6
23984a33d8788f851566e4b2fe549956,e34062e6dec5792011cd8a2a18aa451e,1.0,1,1,6
55b0ad0a0367e12c443680325629846e,e34062e6dec5792011cd8a2a18aa451e,1.0,1,1,6
5ab603cce283352d94cc28dad9bb9570,e34062e6dec5792011cd8a2a18aa451e,1.0,1,1,6
5afbeb166c714c40b07531d39c67164c,e34062e6dec5792011cd8a2a18aa451e,1.0,1,1,6
9a68261db8f5013c08de1b5f293acedd,e34062e6dec5792011cd8a2a18aa451e,1.0,1,1,6
a966fbec25ff8c8540fa2e3c9076ac88,e34062e6dec5792011cd8a2a18aa451e,1.0,1,1,6
ac24803bdce566fa275258a3a91ad3a9,e34062e6dec5792011cd8a2a18aa451e,1.0,1,1,6
e34062e6dec5792011cd8a2a18aa451e,fa6b78ba50ea70e2e80264669223e7cb,1.0,1,6,1
097c9194782931c718378196ed6f02db,3f01021289a4c54f1c984262f4ba625b,1.0,1,1,6
1a4c6433111c2055a506fb5d77b509db,3f01021289a4c54f1c984262f4ba625b,1.0,1,1,6
3f01021289a4c54f1c984262f4ba625b,a083c28c3702c3fec9bad7af2cd0c38e,1.0,1,6,1
3f01021289a4c54f1c984262f4ba625b,a6fc5b59016f37f2d6c0aa0f648b4d41,1.0,1,6,1
3f01021289a4c54f1c984262f4ba625b,e14f8315da8a00edc21581ff89062dd1,1.0,1,6,1
563bf685b8426233585285851fa03881,fdc4ce0f1854f89a62dc83a38c6a08db,1.0,1,4,3
09ed9b91e77dcb56c1c1e7fdf7fc100c,54eeb1557c271a8470c068c3ba84bca7,1.0,1,6,1
09ed9b91e77dcb56c1c1e7fdf7fc100c,863839e5e4557e991c4915c80f97b7e1,1.0,1,6,1
09ed9b91e77dcb56c1c1e7fdf7fc100c,d682fe4612915c050609d077c3dd2463,1.0,1,6,1
2674aeba762a1b689410d5a4e705e323,dc1ffd302d6ad854b190c4b9309c1283,1.0,1,2,5
43714f2590bcb9f935ae68073d6c34f1,dc1ffd302d6ad854b190c4b9309c1283,1.0,1,2,5
12be5c21c3dd91c968ba438dec8804e2,65f81e95242df10c2069114a421b851a,1.0,1,6,1
12be5c21c3dd91c968ba438dec8804e2,b8d95b1bc28f71750ada508312f1e176,1.0,1,6,1
12be5c21c3dd91c968ba438dec8804e2,f702d3ff30b8cf5083af2bf140043067,1.0,1,6,1
121d81c074edf74f0338b8688c1e8f6f,6ff2b31b4f80df6b9788d08a13de9ba0,1.0,1,2,5
2cb52bbf1547836a703f6c6152a1a072,6ff2b31b4f80df6b9788d08a13de9ba0,1.0,1,2,5
4e7d084161eec682220d0adeec4eec8f,6ff2b31b4f80df6b9788d08a13de9ba0,1.0,1,2,5
4e96e7e01faa4e1f7f5079fc62ec8454,6ff2b31b4f80df6b9788d08a13de9ba0,1.0,1,2,5
6ff2b31b4f80df6b9788d08a13de9ba0,e98bc5f28299b3d7371b1fa002b1383d,1.0,1,5,2
6ff2b31b4f80df6b9788d08a13de9ba0,f35b5c2b6e628290912f97deb457c38b,1.0,1,5,2
2883b515e6b720bb0ecc64965ee0aa00,364eb78108f9497580ca43f397733322,1.0,1,4,3
0bf98cd828e618e57d08a819e7382b0e,bc50d0c6d5effaefb4d2423feda931d7,1.0,1,1,6
1cb26e6bfd718f7434d7be2433e96c73,bc50d0c6d5effaefb4d2423feda931d7,1.0,1,1,6
24843ad7acdb7b6189ebc7270695cda4,bc50d0c6d5effaefb4d2423feda931d7,1.0,1,1,6
2ab38708dc2f1200d33c47ebe14a6b25,bc50d0c6d5effaefb4d2423feda931d7,1.0,1,1,6
4e8b237cda68814e622271239caf8d01,bc50d0c6d5effaefb4d2423feda931d7,1.0,1,1,6
9c585dbebfc4941478a07bef17a36a07,bc50d0c6d5effaefb4d2423feda931d7,1.0,1,1,6
b9f0263ed58ccbb9222d26b7c34e7b80,bc50d0c6d5effaefb4d2423feda931d7,1.0,1,1,6
bc50d0c6d5effaefb4d2423feda931d7,d5c6c92d26c8e49f69523dcca585bccf,1.0,1,6,1
0d27736889ec9fe9aee055fd301ae784,fde5dcb254167dcbac0ba786916bdf75,1.0,1,2,5
0d6f4e65c31419133e30ff255804a607,898c64f6f6832078c1ea7f006ad3a54f,1.0,1,1,6
350ce28b38006301c169398019915760,898c64f6f6832078c1ea7f006ad3a54f,1.0,1,1,6
76220fbb988b29050fd3982b9c35d09f,898c64f6f6832078c1ea7f006ad3a54f,1.0,1,1,6
7c474edbbab14e8f7637927815b02aa1,898c64f6f6832078c1ea7f006ad3a54f,1.0,1,1,6
898c64f6f6832078c1ea7f006ad3a54f,89c2e30b06280a8d616cfa8bd3673c7a,1.0,1,6,1
898c64f6f6832078c1ea7f006ad3a54f,da45f3e038898cb427ee5ec8cca4615b,1.0,1,6,1
3f1577ae405a1a1aad963e093b05ac6d,74b91fb33070df7709adad417fd214ec,1.0,1,4,3
74b91fb33070df7709adad417fd214ec,cccea89786378fa8bec9e9bbbea8f494,1.0,1,3,4
49cee01774f85ef576192e1038cf9cc6,a5b7de48520cea067086f5bd5518f603,1.0,1,3,4
0f0ad84441fdd8f9d3d8972667ddc403,aed838b04abeb2fb94566d0a073bd718,1.0,1,1,6
13067b107e99d6f81d2b3b82204948aa,aed838b04abeb2fb94566d0a073bd718,1.0,1,1,6
1c627eb230da69b6aac42e5cc550578f,aed838b04abeb2fb94566d0a073bd718,1.0,1,1,6
20be43f9328a6d6bdcf70c57d734a48d,aed838b04abeb2fb94566d0a073bd718,1.0,1,1,6
21148014d862cc7a041d3d67ac651cf5,aed838b04abeb2fb94566d0a073bd718,1.0,1,1,6
22bb5f27e6defb0d50a0cf5162891129,aed838b04abeb2fb94566d0a073bd718,1.0,1,1,6
27e92b85aef233fd7505b89acab00e90,aed838b04abeb2fb94566d0a073bd718,1.0,1,1,6
293e6cdfb41c3c6f0d3d58b6cdb933ed,aed838b04abeb2fb94566d0a073bd718,1.0,1,1,6
39071f970af0c193c6349207f7d890ea,aed838b04abeb2fb94566d0a073bd718,1.0,1,1,6
3a524315e7efeeb4fe2404c3a694b270,aed838b04abeb2fb94566d0a073bd718,1.0,1,1,6
3b532b639eeac65f03a99ea180fca0e0,aed838b04abeb2fb94566d0a073bd718,1.0,1,1,6
40a950e96fbd7a92a06d347bdf69482e,aed838b04abeb2fb94566d0a073bd718,1.0,1,1,6
4321093879163c2ce5a8672a99896166,aed838b04abeb2fb94566d0a073bd718,1.0,1,1,6
454f3ebfaa5cf9b2f1dfdb33303df684,aed838b04abeb2fb94566d0a073bd718,1.0,1,1,6
4cbb476250963d1e4f10b0a7b43f5c1a,aed838b04abeb2fb94566d0a073bd718,1.0,1,1,6
579a8e5987c00f125ea993640855f3cb,aed838b04abeb2fb94566d0a073bd718,1.0,1,1,6
5a77d3e9231351d3a4ea54c3fe824e79,aed838b04abeb2fb94566d0a073bd718,1.0,1,1,6
5fabe651857dca3672e8e033daa69cca,aed838b04abeb2fb94566d0a073bd718,1.0,1,1,6
60301186430a256795fcd798e9fa17d4,aed838b04abeb2fb94566d0a073bd718,1.0,1,1,6
68a23739ae7c7070369d92fb979914e2,aed838b04abeb2fb94566d0a073bd718,1.0,1,1,6
6ae69697335279530fcccf75cfe38726,aed838b04abeb2fb94566d0a073bd718,1.0,1,1,6
6dd0793d598968202be2248dc7b294ba,aed838b04abeb2fb94566d0a073bd718,1.0,1,1,6
73cbcc97b7786a8c35aee425a7cee20b,aed838b04abeb2fb94566d0a073bd718,1.0,1,1,6
7683033367a9aabafdf017fa9c393af5,aed838b04abeb2fb94566d0a073bd718,1.0,1,1,6
7a620ae82428e52991054c34da8827e6,aed838b04abeb2fb94566d0a073bd718,1.0,1,1,6
8b4cb7273a814b7134a41abd824b6485,aed838b04abeb2fb94566d0a073bd718,1.0,1,1,6
8e1c8e08724097b43730e4344f3200db,aed838b04abeb2fb94566d0a073bd718,1.0,1,1,6
9fde7d5b620128b697f4520d5edf9cc1,aed838b04abeb2fb94566d0a073bd718,1.0,1,1,6
a37b69d81327855f0fc94f7268f086eb,aed838b04abeb2fb94566d0a073bd718,1.0,1,1,6
a6b7bed1a909c5cb063d0c61dc10f593,aed838b04abeb2fb94566d0a073bd718,1.0,1,1,6
a91913d94fec6055b4b00fff604deb12,aed838b04abeb2fb94566d0a073bd718,1.0,1,1,6
aed838b04abeb2fb94566d0a073bd718,af89576d3b6bb09d68d73b00f15b1f10,1.0,1,6,1
aed838b04abeb2fb94566d0a073bd718,b2108a83e4d9e7b26a828bf42926a082,1.0,1,6,1
aed838b04abeb2fb94566d0a073bd718,bbe77ad0e1396a59c31ce6ffcf306539,1.0,1,6,1
aed838b04abeb2fb94566d0a073bd718,c0cb6f62619187c624de6516c1e3c100,1.0,1,6,1
aed838b04abeb2fb94566d0a073bd718,cb3ff5e129b14923b2dfef9acd718bb1,1.0,1,6,1
aed838b04abeb2fb94566d0a073bd718,cc6677bdee3b6e93655465f3bfbd2cfd,1.0,1,6,1
aed838b04abeb2fb94566d0a073bd718,cc6fb42cda5848164faf7edb472cb013,1.0,1,6,1
aed838b04abeb2fb94566d0a073bd718,d76d40f04f11ebc8fc62ca0230959e8d,1.0,1,6,1
aed838b04abeb2fb94566d0a073bd718,debefd4bde750f78013ed0a6217bf165,1.0,1,6,1
aed838b04abeb2fb94566d0a073bd718,e13a3db531d2a3ccdf7886e75ef8f752,1.0,1,6,1
aed838b04abeb2fb94566d0a073bd718,f0a61cf47535afda9d4454c9449e63e5,1.0,1,6,1
aed838b04abeb2fb94566d0a073bd718,f60306773615b18b4ae2a832de00e29b,1.0,1,6,1
aed838b04abeb2fb94566d0a073bd718,f81b8f53cb470ec7176b5a56fcf40606,1.0,1,6,1
bdb2114573d1e00a29b0e01a67441cb5,dafed84bd81b77b98a60f77155d1a592,1.0,1,3,4
0f2bf926e0f3cdc9092f3388063eec2e,c646c8995fb6110b5af90f3452c8ae66,1.0,1,1,6
766ca11f81d6f01e888b7371cc3933df,c646c8995fb6110b5af90f3452c8ae66,1.0,1,1,6
771743eeb0bb0b235dd0a58fc6e0711b,c646c8995fb6110b5af90f3452c8ae66,1.0,1,1,6
b6304959c9eea86ecf3711029bb11dff,c646c8995fb6110b5af90f3452c8ae66,1.0,1,1,6
6b45fae726b27f64c4c5f6ce1564ac3a,d18ba4602d649c19b02974c0cb8aa016,1.0,1,2,5
c15a9c69f715ed7787cd601d2075f525,d18ba4602d649c19b02974c0cb8aa016,1.0,1,2,5
d18ba4602d649c19b02974c0cb8aa016,d339ed835c9d8fd6b1e3c5cb60850bc5,1.0,1,5,2
d18ba4602d649c19b02974c0cb8aa016,ea5a9bb2e0b17b2f0c9b826ae0db1c22,1.0,1,5,2
d18ba4602d649c19b02974c0cb8aa016,ff8d5a4820b9e8b59cdbc2f6102e64e4,1.0,1,5,2
1095295449892204c366ea4e0f78c6de,2d10ba74e58f46cf7e01fd715430f89c,1.0,1,4,3
1095295449892204c366ea4e0f78c6de,c9b254a82a1ab13c17407076046080ad,1.0,1,4,3
1095295449892204c366ea4e0f78c6de,cc98e5935f22af62949d0691a2e42907,1.0,1,4,3
1095295449892204c366ea4e0f78c6de,d3d9b7841c6c16621fb338399bd9d727,1.0,1,4,3
15ccb6cfc415dd700bbacb94559a1643,d26420cca939f78a409db32872c4c8f5,1.0,1,2,5
a42a9b5bbf5e68e2eaa49fe7ca53577c,d26420cca939f78a409db32872c4c8f5,1.0,1,2,5
114c08b859e275589938f3af9b2c6773,45ea19ad51c0ce4719de9952e5ff16ec,1.0,1,6,1
114c08b859e275589938f3af9b2c6773,b69f63b93d7515ae7954a7f5cae50e4a,1.0,1,6,1
1188233025a9769168e1f1f1981c2444,14391c381a3011bdaac2c5ab5fee642d,1.0,1,1,6
1188233025a9769168e1f1f1981c2444,94bfb520c0cb6ffd9f36aa7b75f0efe1,1.0,1,1,6
1188233025a9769168e1f1f1981c2444,b1972e951abdf114b6ebc0182b3b31c6,1.0,1,1,6
14391c381a3011bdaac2c5ab5fee642d,265dcd451ef43594627c1cb2e245e03b,1.0,1,6,1
14391c381a3011bdaac2c5ab5fee642d,2c137b2f03299b962587ea9bd06a6fef,1.0,1,6,1
14391c381a3011bdaac2c5ab5fee642d,2c684f62b83fd608967683ed72d07da5,1.0,1,6,1
14391c381a3011bdaac2c5ab5fee642d,332d23ba1c1179a58fb692bbfa5579c9,1.0,1,6,1
14391c381a3011bdaac2c5ab5fee642d,386cdae2eabdaa39bc970f5ee88549a0,1.0,1,6,1
14391c381a3011bdaac2c5ab5fee642d,3940057886300e363df2dd94958e3d6e,1.0,1,6,1
14391c381a3011bdaac2c5ab5fee642d,53d7110d90950f5cddd3265216eb3edf,1.0,1,6,1
14391c381a3011bdaac2c5ab5fee642d,5c09246f8bb77c0c244f283b456010ea,1.0,1,6,1
14391c381a3011bdaac2c5ab5fee642d,5d5e35b7046a3e52456661ad3addc467,1.0,1,6,1
14391c381a3011bdaac2c5ab5fee642d,6b9f0ab331a35b7d166e719ff0df0cac,1.0,1,6,1
14391c381a3011bdaac2c5ab5fee642d,787c604131b47935933af5420f92948f,1.0,1,6,1
14391c381a3011bdaac2c5ab5fee642d,7aacfddaea379541015b24732ed85ad4,1.0,1,6,1
14391c381a3011bdaac2c5ab5fee642d,7c7a4d0678fb2f5a4b3e2875a30ebe5f,1.0,1,6,1
14391c381a3011bdaac2c5ab5fee642d,989678100dbad0f75fedaa8719e17009,1.0,1,6,1
14391c381a3011bdaac2c5ab5fee642d,9a0b05cb402e6191af90e38899e9fe4a,1.0,1,6,1
14391c381a3011bdaac2c5ab5fee642d,9a9d661c6b4eea1e912d7c5062b81b59,1.0,1,6,1
14391c381a3011bdaac2c5ab5fee642d,9e0c2f57faf8e4c16af890eab3100099,1.0,1,6,1
14391c381a3011bdaac2c5ab5fee642d,ac520ec12ca64a4dc712021df456d5b8,1.0,1,6,1
14391c381a3011bdaac2c5ab5fee642d,aed8cb80b5512777cb3f6361f4d00b77,1.0,1,6,1
14391c381a3011bdaac2c5ab5fee642d,b6ac496f881998e353f46cd2dac7ea81,1.0,1,6,1
14391c381a3011bdaac2c5ab5fee642d,b735dc6c2abd756cbecc90e8e33fd7db,1.0,1,6,1
14391c381a3011bdaac2c5ab5fee642d,bca2c11d85a065aba0a329a4438807f7,1.0,1,6,1
14391c381a3011bdaac2c5ab5fee642d,bd7efabc833a3e62b322f7f597e67843,1.0,1,6,1
14391c381a3011bdaac2c5ab5fee642d,bec3bacb4bdbe7752c6b7d36bd76ab3e,1.0,1,6,1
14391c381a3011bdaac2c5ab5fee642d,cdaee53ab8f7c1d14ded5eb32714a4a6,1.0,1,6,1
14391c381a3011bdaac2c5ab5fee642d,cea24d7104b107365c53eb0cc5c4eb66,1.0,1,6,1
14391c381a3011bdaac2c5ab5fee642d,d0bce8dc54dd1b03b682ebfa95c38ec1,1.0,1,6,1
14391c381a3011bdaac2c5ab5fee642d,d3c3ded6e21a0ff524eacb53240d64bd,1.0,1,6,1
14391c381a3011bdaac2c5ab5fee642d,d4e18ba02dea891aa1541250c92854d6,1.0,1,6,1
14391c381a3011bdaac2c5ab5fee642d,dc41c213511c0ec2a73cb054afa83dc6,1.0,1,6,1
14391c381a3011bdaac2c5ab5fee642d,ef6f13afb9897c1d50fa603c47749b86,1.0,1,6,1
154a5a9962a76cee141236c96aa045ca,6419a1be8feac26ec793667b71cbaeb4,1.0,1,2,5
15bd73fd31976616a6857ebe833c006d,6419a1be8feac26ec793667b71cbaeb4,1.0,1,2,5
265dcd451ef43594627c1cb2e245e03b,94bfb520c0cb6ffd9f36aa7b75f0efe1,1.0,1,1,6
265dcd451ef43594627c1cb2e245e03b,b1972e951abdf114b6ebc0182b3b31c6,1.0,1,1,6
2c137b2f03299b962587ea9bd06a6fef,94bfb520c0cb6ffd9f36aa7b75f0efe1,1.0,1,1,6
2c137b2f03299b962587ea9bd06a6fef,b1972e951abdf114b6ebc0182b3b31c6,1.0,1,1,6
2c684f62b83fd608967683ed72d07da5,94bfb520c0cb6ffd9f36aa7b75f0efe1,1.0,1,1,6
2c684f62b83fd608967683ed72d07da5,b1972e951abdf114b6ebc0182b3b31c6,1.0,1,1,6
332d23ba1c1179a58fb692bbfa5579c9,94bfb520c0cb6ffd9f36aa7b75f0efe1,1.0,1,1,6
332d23ba1c1179a58fb692bbfa5579c9,b1972e951abdf114b6ebc0182b3b31c6,1.0,1,1,6
386cdae2eabdaa39bc970f5ee88549a0,94bfb520c0cb6ffd9f36aa7b75f0efe1,1.0,1,1,6
386cdae2eabdaa39bc970f5ee88549a0,b1972e951abdf114b6ebc0182b3b31c6,1.0,1,1,6
3940057886300e363df2dd94958e3d6e,94bfb520c0cb6ffd9f36aa7b75f0efe1,1.0,1,1,6
3940057886300e363df2dd94958e3d6e,b1972e951abdf114b6ebc0182b3b31c6,1.0,1,1,6
531f8d2a8f04b3fbbb76e35ceaf8dfe2,6419a1be8feac26ec793667b71cbaeb4,1.0,1,2,5
53d7110d90950f5cddd3265216eb3edf,94bfb520c0cb6ffd9f36aa7b75f0efe1,1.0,1,1,6
53d7110d90950f5cddd3265216eb3edf,b1972e951abdf114b6ebc0182b3b31c6,1.0,1,1,6
5c09246f8bb77c0c244f283b456010ea,94bfb520c0cb6ffd9f36aa7b75f0efe1,1.0,1,1,6
5c09246f8bb77c0c244f283b456010ea,b1972e951abdf114b6ebc0182b3b31c6,1.0,1,1,6
5d5e35b7046a3e52456661ad3addc467,94bfb520c0cb6ffd9f36aa7b75f0efe1,1.0,1,1,6
5d5e35b7046a3e52456661ad3addc467,b1972e951abdf114b6ebc0182b3b31c6,1.0,1,1,6
6419a1be8feac26ec793667b71cbaeb4,670df3711f72fcfcd719c07d8d2e568e,1.0,1,5,2
6419a1be8feac26ec793667b71cbaeb4,694bde413be910bc563ab60079e097b4,1.0,1,5,2
6419a1be8feac26ec793667b71cbaeb4,7dc8324c65afb4144c93e81a06ca1686,1.0,1,5,2
6419a1be8feac26ec793667b71cbaeb4,b816c3f833722212e7dd706e07292a0e,1.0,1,5,2
64e776171d437b65921fc68d8ee4501e,e8cb0c78d44d572d96674d666f082fed,1.0,1,4,3
6b9f0ab331a35b7d166e719ff0df0cac,94bfb520c0cb6ffd9f36aa7b75f0efe1,1.0,1,1,6
6b9f0ab331a35b7d166e719ff0df0cac,b1972e951abdf114b6ebc0182b3b31c6,1.0,1,1,6
787c604131b47935933af5420f92948f,94bfb520c0cb6ffd9f36aa7b75f0efe1,1.0,1,1,6
787c604131b47935933af5420f92948f,b1972e951abdf114b6ebc0182b3b31c6,1.0,1,1,6
7aacfddaea379541015b24732ed85ad4,94bfb520c0cb6ffd9f36aa7b75f0efe1,1.0,1,1,6
7aacfddaea379541015b24732ed85ad4,b1972e951abdf114b6ebc0182b3b31c6,1.0,1,1,6
7c7a4d0678fb2f5a4b3e2875a30ebe5f,94bfb520c0cb6ffd9f36aa7b75f0efe1,1.0,1,1,6
7c7a4d0678fb2f5a4b3e2875a30ebe5f,b1972e951abdf114b6ebc0182b3b31c6,1.0,1,1,6
94bfb520c0cb6ffd9f36aa7b75f0efe1,989678100dbad0f75fedaa8719e17009,1.0,1,6,1
94bfb520c0cb6ffd9f36aa7b75f0efe1,9a0b05cb402e6191af90e38899e9fe4a,1.0,1,6,1
94bfb520c0cb6ffd9f36aa7b75f0efe1,9a9d661c6b4eea1e912d7c5062b81b59,1.0,1,6,1
94bfb520c0cb6ffd9f36aa7b75f0efe1,9e0c2f57faf8e4c16af890eab3100099,1.0,1,6,1
94bfb520c0cb6ffd9f36aa7b75f0efe1,ac520ec12ca64a4dc712021df456d5b8,1.0,1,6,1
94bfb520c0cb6ffd9f36aa7b75f0efe1,aed8cb80b5512777cb3f6361f4d00b77,1.0,1,6,1
94bfb520c0cb6ffd9f36aa7b75f0efe1,b6ac496f881998e353f46cd2dac7ea81,1.0,1,6,1
94bfb520c0cb6ffd9f36aa7b75f0efe1,b735dc6c2abd756cbecc90e8e33fd7db,1.0,1,6,1
94bfb520c0cb6ffd9f36aa7b75f0efe1,bca2c11d85a065aba0a329a4438807f7,1.0,1,6,1
94bfb520c0cb6ffd9f36aa7b75f0efe1,bd7efabc833a3e62b322f7f597e67843,1.0,1,6,1
94bfb520c0cb6ffd9f36aa7b75f0efe1,bec3bacb4bdbe7752c6b7d36bd76ab3e,1.0,1,6,1
94bfb520c0cb6ffd9f36aa7b75f0efe1,cdaee53ab8f7c1d14ded5eb32714a4a6,1.0,1,6,1
94bfb520c0cb6ffd9f36aa7b75f0efe1,cea24d7104b107365c53eb0cc5c4eb66,1.0,1,6,1
94bfb520c0cb6ffd9f36aa7b75f0efe1,d0bce8dc54dd1b03b682ebfa95c38ec1,1.0,1,6,1
94bfb520c0cb6ffd9f36aa7b75f0efe1,d3c3ded6e21a0ff524eacb53240d64bd,1.0,1,6,1
94bfb520c0cb6ffd9f36aa7b75f0efe1,d4e18ba02dea891aa1541250c92854d6,1.0,1,6,1
94bfb520c0cb6ffd9f36aa7b75f0efe1,dc41c213511c0ec2a73cb054afa83dc6,1.0,1,6,1
94bfb520c0cb6ffd9f36aa7b75f0efe1,ef6f13afb9897c1d50fa603c47749b86,1.0,1,6,1
989678100dbad0f75fedaa8719e17009,b1972e951abdf114b6ebc0182b3b31c6,1.0,1,1,6
9a0b05cb402e6191af90e38899e9fe4a,b1972e951abdf114b6ebc0182b3b31c6,1.0,1,1,6
9a9d661c6b4eea1e912d7c5062b81b59,b1972e951abdf114b6ebc0182b3b31c6,1.0,1,1,6
9e0c2f57faf8e4c16af890eab3100099,b1972e951abdf114b6ebc0182b3b31c6,1.0,1,1,6
ac520ec12ca64a4dc712021df456d5b8,b1972e951abdf114b6ebc0182b3b31c6,1.0,1,1,6
aed8cb80b5512777cb3f6361f4d00b77,b1972e951abdf114b6ebc0182b3b31c6,1.0,1,1,6
b1972e951abdf114b6ebc0182b3b31c6,b6ac496f881998e353f46cd2dac7ea81,1.0,1,6,1
b1972e951abdf114b6ebc0182b3b31c6,b735dc6c2abd756cbecc90e8e33fd7db,1.0,1,6,1
b1972e951abdf114b6ebc0182b3b31c6,bca2c11d85a065aba0a329a4438807f7,1.0,1,6,1
b1972e951abdf114b6ebc0182b3b31c6,bd7efabc833a3e62b322f7f597e67843,1.0,1,6,1
b1972e951abdf114b6ebc0182b3b31c6,bec3bacb4bdbe7752c6b7d36bd76ab3e,1.0,1,6,1
b1972e951abdf114b6ebc0182b3b31c6,cdaee53ab8f7c1d14ded5eb32714a4a6,1.0,1,6,1
b1972e951abdf114b6ebc0182b3b31c6,cea24d7104b107365c53eb0cc5c4eb66,1.0,1,6,1
b1972e951abdf114b6ebc0182b3b31c6,d0bce8dc54dd1b03b682ebfa95c38ec1,1.0,1,6,1
b1972e951abdf114b6ebc0182b3b31c6,d3c3ded6e21a0ff524eacb53240d64bd,1.0,1,6,1
b1972e951abdf114b6ebc0182b3b31c6,d4e18ba02dea891aa1541250c92854d6,1.0,1,6,1
b1972e951abdf114b6ebc0182b3b31c6,dc41c213511c0ec2a73cb054afa83dc6,1.0,1,6,1
b1972e951abdf114b6ebc0182b3b31c6,ef6f13afb9897c1d50fa603c47749b86,1.0,1,6,1
128498d867a54913fd7d7fc9bcde6cee,c711281b84a34c675e87a38a6ec7b578,1.0,1,1,6
a5ff7e4f0cd1ea64c171a172b4cbe43d,c711281b84a34c675e87a38a6ec7b578,1.0,1,1,6
b66611b74047f43bcabe8262694b1c59,c711281b84a34c675e87a38a6ec7b578,1.0,1,1,6
c711281b84a34c675e87a38a6ec7b578,f362efb7a720cb6e29d93e4e1248dce1,1.0,1,6,1
123357ae0d4f5d536b1215b1bbb3093e,164ac08c481020ea7f994bab2309b647,1.0,1,2,5
143a250ab88bd25b2fb96a0b9ae60edd,f4385a17e1f99f33340a9c51a0e042f3,1.0,1,1,6
1ad02d0636e3d2ad5047b32a5c8eecfb,f4385a17e1f99f33340a9c51a0e042f3,1.0,1,1,6
1c03430fc6888907e9b29933307ccd78,f4385a17e1f99f33340a9c51a0e042f3,1.0,1,1,6
2a43b0175206777c3bc96fc89bfbdcbd,f4385a17e1f99f33340a9c51a0e042f3,1.0,1,1,6
447b209e152bf4f68522087b3076b069,f4385a17e1f99f33340a9c51a0e042f3,1.0,1,1,6
44ea706fb81095a0733062b1fef02026,f4385a17e1f99f33340a9c51a0e042f3,1.0,1,1,6
45ce9c14f4f5486438cc7e07ef70db99,f4385a17e1f99f33340a9c51a0e042f3,1.0,1,1,6
471115dafc25680978fea214b759a522,f4385a17e1f99f33340a9c51a0e042f3,1.0,1,1,6
4a31f6df66321ed422bfd800a032c5aa,f4385a17e1f99f33340a9c51a0e042f3,1.0,1,1,6
4f3172824426870b6b0440cac764fda9,f4385a17e1f99f33340a9c51a0e042f3,1.0,1,1,6
58bd8e8e646077fbc3a02f1dbc610ac1,f4385a17e1f99f33340a9c51a0e042f3,1.0,1,1,6
5d3dd81d78174c092167fc4806807abd,f4385a17e1f99f33340a9c51a0e042f3,1.0,1,1,6
68b7f7527c630a55d405891e7da789ca,f4385a17e1f99f33340a9c51a0e042f3,1.0,1,1,6
7fb9799d995f17c3db2652a1adb14e10,f4385a17e1f99f33340a9c51a0e042f3,1.0,1,1,6
83dfc040da239e9638aad258ea6f171b,f4385a17e1f99f33340a9c51a0e042f3,1.0,1,1,6
981a779de0e55943a7d1b717ab67d554,f4385a17e1f99f33340a9c51a0e042f3,1.0,1,1,6
a21dab9a023e31db25a426c6787b65ff,f4385a17e1f99f33340a9c51a0e042f3,1.0,1,1,6
aee08cf8979ec80638b31182a20baad2,f4385a17e1f99f33340a9c51a0e042f3,1.0,1,1,6
afe9cdc000a97004ac5e560d40c4ce6a,f4385a17e1f99f33340a9c51a0e042f3,1.0,1,1,6
b9ffd9f8e3189d5e28a1b6f22a2fad69,f4385a17e1f99f33340a9c51a0e042f3,1.0,1,1,6
bc5a9f98885f5ed8951c81623a2f9d83,f4385a17e1f99f33340a9c51a0e042f3,1.0,1,1,6
cfca8dd295c27ec0011cda055a6177f4,f4385a17e1f99f33340a9c51a0e042f3,1.0,1,1,6
e728e3a7d46a49ee5a95ac5573a72d6b,f4385a17e1f99f33340a9c51a0e042f3,1.0,1,1,6
13071413b2d7b730db1cd98a4611f2b2,5381755c8bc307f642476e3168d1d826,1.0,1,6,1
13071413b2d7b730db1cd98a4611f2b2,ac63e5fe0d67d094e8cca9571c1e63ab,1.0,1,6,1
13071413b2d7b730db1cd98a4611f2b2,da8e45253ba646d4a0eba2d10ac9c889,1.0,1,6,1
1399ae4bd869e6bc8ca73f12eb71e877,f04b6c016a15fb774c27bcccc50a8424,1.0,1,6,1
13d5564cf2901c72e00fb2e2344a98a3,69afe7c27aadfa869ed76ef5342a4b76,1.0,1,1,6
182c637ab6098aa3a9474e7d803a0fee,69afe7c27aadfa869ed76ef5342a4b76,1.0,1,1,6
309f02616f34bbcfe2f58d13818685b9,69afe7c27aadfa869ed76ef5342a4b76,1.0,1,1,6
69afe7c27aadfa869ed76ef5342a4b76,cf27807d5b502af80b4e1c4d309e332f,1.0,1,6,1
17fdbc7bf5923361a92c5630bdd80cd6,538bf747b651c7cc7895ae9d9d3eb8eb,1.0,1,6,1
1a431b876dce84b93132c2f8bf2701a0,f43e533381a4e43d80c05aa7d4508d27,1.0,1,2,5
2a9671898590b884d3b740014991a33d,f43e533381a4e43d80c05aa7d4508d27,1.0,1,2,5
3cd3127e3533fe632e21af1862a51c7b,a611c80155435e6a86012d159d9e5007,1.0,1,3,4
74cb21ed97707645fbb69231f30a55ba,7c7ac4b5bd7401d0d5887371f5162c95,1.0,1,6,1
74cb21ed97707645fbb69231f30a55ba,84fd4953e8dc540fd9dc1593a2361e2e,1.0,1,6,1
74cb21ed97707645fbb69231f30a55ba,90055272cfcd6e5513388ee9d98e8da8,1.0,1,6,1
74cb21ed97707645fbb69231f30a55ba,ea5f8fd5f416eaeb6e9cce93060f5cc9,1.0,1,6,1
74cb21ed97707645fbb69231f30a55ba,f64bd0c289eeb81ae3b5fe837f2f17c0,1.0,1,6,1
7fb191b031c09431d3aebc2af9136bf3,a611c80155435e6a86012d159d9e5007,1.0,1,3,4
a611c80155435e6a86012d159d9e5007,c32b20d9385cb48398ec96ff8c75357d,1.0,1,4,3
c540aa5574eeb88d5f8a75d3bf3440d9,f43e533381a4e43d80c05aa7d4508d27,1.0,1,2,5
e396ecdd3e04d8260909e5b5193179fa,f43e533381a4e43d80c05aa7d4508d27,1.0,1,2,5
3d540559ce0677a17f45eab0cb113c8d,f68b6de1360ee86aaa65043a0a5ec6c7,1.0,1,4,3
e246473a236ca29747182e7986dbdb7a,f68b6de1360ee86aaa65043a0a5ec6c7,1.0,1,4,3
27edf5f5ae25d2e4058ff90231d6381b,5a318f8964459f0ec1af3f4bb4b1166e,1.0,1,6,1
1b5f9e9a593f59e9b716b6994ab2e197,20e934f62acf224d1c2538e2bab02427,1.0,1,3,4
862c48ca034901de6c270480e9aee0c2,92603fb137176e599427a906f8006c3c,1.0,1,3,4
1bae6a14747122a08774c74c23fe3618,632d1a92422747296ed01d83281f874c,1.0,1,1,6
632d1a92422747296ed01d83281f874c,9e02284681e4eb5b4944deec87753d37,1.0,1,6,1
5dd2800b9657f7ba5673bac5210fe0a7,b9c3dc12001699a88211928c941c0af6,1.0,1,4,3
1d301e190b5dec77e4ade6bd375b97bc,4d402e51f4e8a128657c7ac78b59bfb2,1.0,1,2,5
4d402e51f4e8a128657c7ac78b59bfb2,ea2ed024f2127b09bc5c2dccde8caeab,1.0,1,5,2
1e16fab263da8c710d7a38d8befd2eaf,33d5f77e44abcb42cdfc86854e5fce8c,1.0,1,1,6
1f344e658ffa196ea41358e684ff9085,33d5f77e44abcb42cdfc86854e5fce8c,1.0,1,1,6
2ab7fad20e1c4c7747dfc91137b862cf,33d5f77e44abcb42cdfc86854e5fce8c,1.0,1,1,6
2fbac141bcb7101d19fab96ef64100b3,33d5f77e44abcb42cdfc86854e5fce8c,1.0,1,1,6
33d5f77e44abcb42cdfc86854e5fce8c,3476f88b6c1982086dda29ac29cd345e,1.0,1,6,1
33d5f77e44abcb42cdfc86854e5fce8c,4415028333a4be92b6f62cdfd79eac6b,1.0,1,6,1
33d5f77e44abcb42cdfc86854e5fce8c,6d133afc66c51d5af4326fe767296f61,1.0,1,6,1
33d5f77e44abcb42cdfc86854e5fce8c,6fc0d32375bbbe60599f0817445e4f62,1.0,1,6,1
33d5f77e44abcb42cdfc86854e5fce8c,721583925e5e3b7f7a7f201aeeac0bb3,1.0,1,6,1
33d5f77e44abcb42cdfc86854e5fce8c,7f3ab402eb905de465544315c2469dcf,1.0,1,6,1
33d5f77e44abcb42cdfc86854e5fce8c,8b8b36965095c5206817d2b242a6a947,1.0,1,6,1
33d5f77e44abcb42cdfc86854e5fce8c,9a667674750c85328d27c1578b5db5c7,1.0,1,6,1
33d5f77e44abcb42cdfc86854e5fce8c,ade3b1e61f3ba2966b1a22324d46d3ae,1.0,1,6,1
33d5f77e44abcb42cdfc86854e5fce8c,b57d6f719e74fcb448709359e24f9d2f,1.0,1,6,1
33d5f77e44abcb42cdfc86854e5fce8c,bf2c9b13ac8de1a14454fe0f1379cfb5,1.0,1,6,1
3ac26522970439defcfbb97e77d02305,8f05f653351954408ee421352e68336f,1.0,1,5,2
8f05f653351954408ee421352e68336f,f4c6d8edc2ed35807ec325b287b190e3,1.0,1,2,5
1f730c825bb084addd4914f9c2390f35,585eb4f23058fdf743cacc442469e263,1.0,1,5,2
1f730c825bb084addd4914f9c2390f35,e750069eb4f908b95d483f1b6dd331c7,1.0,1,5,2
2136bf33d9fc1ca62184fd10978d6f24,dfe404bc538d4172a3c0291fca2e74ee,1.0,1,1,6
23ab17649e2b74a8a07ba814ca5ca016,dfe404bc538d4172a3c0291fca2e74ee,1.0,1,1,6
397cd1affbb66fa8f76e8ac24685440a,dfe404bc538d4172a3c0291fca2e74ee,1.0,1,1,6
41e373f8b7dcf58b71f63fb80cc38cb7,dfe404bc538d4172a3c0291fca2e74ee,1.0,1,1,6
8bf1dc98223704657288b7653abab62b,dfe404bc538d4172a3c0291fca2e74ee,1.0,1,1,6
adf458f98e9ee1dcbdf88c2536ea0596,dfe404bc538d4172a3c0291fca2e74ee,1.0,1,1,6
56cd9f3622c4e4c869ea8f87aa540897,c198d4177d06e5f49a7a65e8bcb8f477,1.0,1,3,4
232ab927edc46e5a920d68fe7cb545c0,2846c0c6219403dd2c92c53ffa41453b,1.0,1,1,6
2846c0c6219403dd2c92c53ffa41453b,38963cccac7ddbf4819da22bdd569be7,1.0,1,6,1
2846c0c6219403dd2c92c53ffa41453b,bde5dd3b9015c51c297ae03b0bfd0e06,1.0,1,6,1
2846c0c6219403dd2c92c53ffa41453b,bf34f637333160aa0d0698053e907b96,1.0,1,6,1
236198ab615d09261ebbb64e82cd89a7,4de6fb6ca696af186a729551a1a0e9d0,1.0,1,6,1
25e874d5e9610b2406ba7405aabb45ca,f0d3389b217aa61b5a66744ddd694cc3,1.0,1,1,6
587931cdd747effe257dea1995390314,f0d3389b217aa61b5a66744ddd694cc3,1.0,1,1,6
70748955e152a47ef2e75452a79e4660,f0d3389b217aa61b5a66744ddd694cc3,1.0,1,1,6
7630fbd37e0acf91129ec3f07deb81ea,f0d3389b217aa61b5a66744ddd694cc3,1.0,1,1,6
28ece7b2c1174e87393832aa7f64b475,6444c7cae6ce58e329f7ccd84b2e3660,1.0,1,6,1
5eecc3838a69b30738f90eca366e36a4,98d82fd3e5e584fb89d85e1a65edf10a,1.0,1,5,2
5fa89f42566eb0dc32e28d9e945c5f9a,c9aaf05e11f9c65dd3e76357606c76be,1.0,1,4,3
2fee29299e39b16c4a6148c70626d1f0,78151007275917661fd788d7ff1ce06d,1.0,1,6,1
30a8ad4d68dbd10928ea7938ab289856,e7b43333c3fbf8d66bdc844f79031711,1.0,1,6,1
30a8ad4d68dbd10928ea7938ab289856,f5ff3659df64e64ea35f673c0185ff6d,1.0,1,6,1
32e54e772d5d1dc46e64a8a37b6e7f28,33aa7a655357393d343ab311ad339df0,1.0,1,1,6
33aa7a655357393d343ab311ad339df0,778c2a858f78f3527d3701c1ce783a5a,1.0,1,6,1
33aa7a655357393d343ab311ad339df0,c2e4df08e9cdfd0187e0350d62fd22eb,1.0,1,6,1
33aa7a655357393d343ab311ad339df0,f11195d33c7c362f912c95d500a7012e,1.0,1,6,1
33aa7a655357393d343ab311ad339df0,f9b57816964006c90c458a0caba0306b,1.0,1,6,1
4ef21f52dd7c061a646005b11918cbd3,db11ee7e249e61ec6152fc740c5734e7,1.0,1,5,2
cfd6e672acc0a396764b52e0a3f7fd4a,f2cb4abe193595fe70e9c380e488004c,1.0,1,4,3
cfd6e672acc0a396764b52e0a3f7fd4a,fc5bb01ca8c286960484914ced6e7616,1.0,1,4,3
b4106ea647cdaefbf92c28cdc1c2b918,cd336c2a4679b726894657837bf1dca7,1.0,1,1,6
66687f241e65be2fc37e4213aebd2d76,972d898cec7230c1d435b308078620b6,1.0,1,6,1
d4cfcbffecd24af269cf47885448de53,e8fb22638c3bc7ccf312ea7f0a0ce08b,1.0,1,4,3
438f2fe3d586268c20da486ccaf6eea2,5655ee330a79bd1fd1e5fb220c2436dd,1.0,1,1,6
4a30520cbf8b43696d1f8b6814ff6530,aac7dfcda92f50c15f72f4f5d710ecd4,1.0,1,6,1
4b5c44f9e8ad44c7c8fc39b63af4f7e9,aee04189e16b482698853335ae6ba11f,1.0,1,1,6
4eeaf92d21f6164adece5bd0da361b23,78acd50d033f80538ef65fb5c5bb07ce,1.0,1,1,6
4f65988c2f9e8e23b372dbb590d9df49,ce9249921183ab01a54d24cde8931072,1.0,1,5,2
510b65119e1c7e25ca4043e8fd17e17c,d3f15df5924e63131bcdac6364b6a6fd,1.0,1,1,6
a26d764d8cf59a30f3d4f76ade4ab880,e34cb3307f44e210007b2d61573abe4e,1.0,1,5,2
51e32dbab59f703df32796cb616dc90d,7cc832a90de185fa7ca3c4874d914d0b,1.0,1,1,6
7cc832a90de185fa7ca3c4874d914d0b,8f96a7f4fb4e0fd2353f07078ee045ab,1.0,1,6,1
7cc832a90de185fa7ca3c4874d914d0b,b0b3c2b74b3a2db6e2d76b7615ff6b17,1.0,1,6,1
7cc832a90de185fa7ca3c4874d914d0b,b51508447e7f077a15bfa099a99d1e6f,1.0,1,6,1
7cc832a90de185fa7ca3c4874d914d0b,d248ac4f3e0b8f3e27f63414a4e61622,1.0,1,6,1
7cc832a90de185fa7ca3c4874d914d0b,f0c8f31425355056c902cf77f1125bda,1.0,1,6,1
7cc832a90de185fa7ca3c4874d914d0b,ff6a8e86ea81e48f6ee6b082ed68162a,1.0,1,6,1
545784b22ef94d0d03f2872868c43ade,8092414d9e685a6d762729fccdd4af93,1.0,1,1,6
590b61a3122106e7fc89dcd7c66b1593,64870b178a9fb3eb16dd905d8668274c,1.0,1,6,1
590b61a3122106e7fc89dcd7c66b1593,99a1229346d57cc5fcb6d99e4b740c99,1.0,1,6,1
a493e7ed9815ba5cb18de1cbcd24c68b,d09484561c33439590b44e4ec6ccf2b0,1.0,1,4,3
61a2ca40e74fd5f39b5b8a2efed0efcf,c9e88dde299927079d22c21f72ba6e3d,1.0,1,1,6
6e89568b2eebe1ed7d20f5d538eb7107,c9e88dde299927079d22c21f72ba6e3d,1.0,1,1,6
bf87a2ccf3ad8ac4d1ce63ebb89f2c5c,c9e88dde299927079d22c21f72ba6e3d,1.0,1,1,6
64d2c91cc64e2257f6f2bfec86a1e68d,99ea93287f1f1ecb9aa7722732216162,1.0,1,6,1
64d2c91cc64e2257f6f2bfec86a1e68d,a41766dad9ce706e480197e9d7124374,1.0,1,6,1
64d2c91cc64e2257f6f2bfec86a1e68d,b6f424d6007b27912d37816a7d74ffaf,1.0,1,6,1
64d2c91cc64e2257f6f2bfec86a1e68d,e78cf4d7adf7655dbdaad59a76c4d2bf,1.0,1,6,1
7589546bbc7e88f68f7ae7ceb5ac80b7,defbae0ddd4aeca563944124fbcc4bae,1.0,1,6,1
8f324e33313f720dd54e610ab196e6ac,f370ed585170c8a8ab5175e0da46ff69,1.0,1,3,4
d10582c312d1c3a03ed8ea136273c54d,f874c8b9f72ba7c01305313c3f8edd9c,1.0,1,4,3
a7acd7f8aefc1d48f618e3f15c5e327b,be825ddd3b40db3f91bf05b4e9435d56,1.0,1,3,4
b25c74b16e09b4a3390a6db984004c44,be825ddd3b40db3f91bf05b4e9435d56,1.0,1,3,4
b619178eb4f697c3283943612910230a,dfe96ce580a21f177c1d85fe2c78e1ab,1.0,1,2,5
a0368361ef07cbe4cca677b5ddd9db2c,e1f1862e74270220628e76ecc8d68f98,1.0,1,1,6
af037724adaa380eb037626157e8c573,e1f1862e74270220628e76ecc8d68f98,1.0,1,1,6
b227696bac552d618f1d93560e37ce8d,b235f3663dcbf4c7afc36a1ed91090c1,1.0,1,6,1
bdab0d95ab91d435bf79d62450d39644,ec8aed94b28577233fca03fec2567c4c,1.0,1,6,1
c7620313ad8f336ef1a86409c44858fb,ee6e503dca5ecf649eabee92d446ecf8,1.0,1,4,3
519006324ed2926a8bc03f241ae81712,8eea32e5fa9d1d7ff95e40062060680e,1.0,1,3,3
39d6725d99d64de3b46d0e9ba56d3cde,f9739394ba1f9417dfdac702e30f4b44,1.0,1,2,4
4c116f8ddec984371284ab7bc860001a,f9739394ba1f9417dfdac702e30f4b44,1.0,1,2,4
7193dd1818cc6c9a6e21276c13a5768b,f9739394ba1f9417dfdac702e30f4b44,1.0,1,2,4
e16c17b4f6833c2126de803d3f94bd87,f9739394ba1f9417dfdac702e30f4b44,1.0,1,2,4
edc9873039c3986b086a6fa6953bcf27,f9739394ba1f9417dfdac702e30f4b44,1.0,1,2,4
002cdf87d4c03f08f7eb4551a923affc,2214477bc746c01d7e790dba816a9a2c,1.0,1,1,5
004177f7bf62929186b32c7fdaa6157b,5336f61f924dcb211eb237913264ba03,1.0,1,2,4
061978c4a1b3012b567a5d51eefd1157,2214477bc746c01d7e790dba816a9a2c,1.0,1,1,5
07d190f123147d9e89d4b922543d7948,2214477bc746c01d7e790dba816a9a2c,1.0,1,1,5
142ed0dad12a73d4e9eac64b4918fe2a,2214477bc746c01d7e790dba816a9a2c,1.0,1,1,5
1ff84fc35d497c84a22e3540c5ec01bb,2214477bc746c01d7e790dba816a9a2c,1.0,1,1,5
214629c0968df90a29892da7512fcf8a,2214477bc746c01d7e790dba816a9a2c,1.0,1,1,5
2214477bc746c01d7e790dba816a9a2c,2979ee9a051b1e82604d7dfbfcec73ec,1.0,1,5,1
2214477bc746c01d7e790dba816a9a2c,4a790a1b18f0a9d7fcb468a407fa045b,1.0,1,5,1
2214477bc746c01d7e790dba816a9a2c,50a4d93c1a7e41dbc70d422195ac75b3,1.0,1,5,1
2214477bc746c01d7e790dba816a9a2c,6a53109a98162e696df52f83d20a2c03,1.0,1,5,1
2214477bc746c01d7e790dba816a9a2c,71c53de9f8c6c2572a8308ed382774a4,1.0,1,5,1
2214477bc746c01d7e790dba816a9a2c,7395b7864f1b33252013547d30b94240,1.0,1,5,1
2214477bc746c01d7e790dba816a9a2c,752fc5cc8aa8402ab155ab39828beaf6,1.0,1,5,1
2214477bc746c01d7e790dba816a9a2c,7731e7b84ca2c215e20d08c4ebbb50ff,1.0,1,5,1
2214477bc746c01d7e790dba816a9a2c,833dd5cf1e199f5ff69147376894a0aa,1.0,1,5,1
2214477bc746c01d7e790dba816a9a2c,8fb0376e151713747c496f5786f8e042,1.0,1,5,1
2214477bc746c01d7e790dba816a9a2c,8ffc19affc6337074163ce2baf5ad841,1.0,1,5,1
2214477bc746c01d7e790dba816a9a2c,97931a3564e3864b299b37bb238568dd,1.0,1,5,1
2214477bc746c01d7e790dba816a9a2c,a1c839a978e05fedd92fec96d4ea685d,1.0,1,5,1
2214477bc746c01d7e790dba816a9a2c,a68fe6e56f82c6c8a3dfaff569685f6f,1.0,1,5,1
2214477bc746c01d7e790dba816a9a2c,b2132bdaf756ec51ced38891421b72d6,1.0,1,5,1
2214477bc746c01d7e790dba816a9a2c,b3b93eb44cd2fca7c68c31839c478070,1.0,1,5,1
2214477bc746c01d7e790dba816a9a2c,bac4a0cb0d264eed664e810165d1c5c7,1.0,1,5,1
2214477bc746c01d7e790dba816a9a2c,c14bcf825efa083cbffda0036cccde7d,1.0,1,5,1
2214477bc746c01d7e790dba816a9a2c,c6c0b794d3e4eb69cd85d1438a0db26e,1.0,1,5,1
2214477bc746c01d7e790dba816a9a2c,c6e9898e783e5d990c462199a8314ba8,1.0,1,5,1
2214477bc746c01d7e790dba816a9a2c,c6fc2915052475470fcee6e3b07b4f46,1.0,1,5,1
2214477bc746c01d7e790dba816a9a2c,ce7ad2b963f8246d249b10fae033937f,1.0,1,5,1
2214477bc746c01d7e790dba816a9a2c,cf36ed9ae038c623d695d40cb7ef0890,1.0,1,5,1
2214477bc746c01d7e790dba816a9a2c,cfcdff180fb001b7c81c50010eaee53c,1.0,1,5,1
2214477bc746c01d7e790dba816a9a2c,d867d0c1c893268d9473255b0f8480c7,1.0,1,5,1
2214477bc746c01d7e790dba816a9a2c,dd20cdd757450654f15bdf7a62c4d18a,1.0,1,5,1
2214477bc746c01d7e790dba816a9a2c,e5e2698d69db1201c1084f1cdae68239,1.0,1,5,1
2214477bc746c01d7e790dba816a9a2c,e74047a9c3d3695325da90d83efc6e69,1.0,1,5,1
2214477bc746c01d7e790dba816a9a2c,fc29c90853ee133fe921be3fc4ce9e02,1.0,1,5,1
2214477bc746c01d7e790dba816a9a2c,ff7e4c6d850a75c37a13d0bfcdee483e,1.0,1,5,1
5336f61f924dcb211eb237913264ba03,83a16b78a57c8394d33c2f5d1cb87ee5,1.0,1,4,2
5336f61f924dcb211eb237913264ba03,e3ef84cf39eff855c409b42542ce9be9,1.0,1,4,2
5336f61f924dcb211eb237913264ba03,ff763f6fccce840a04aea139ec04c86c,1.0,1,4,2
d3da27895f493c450604f7380547c7f4,db7ecd3849859458fdd70064fb9afa9a,1.0,1,2,4
db7ecd3849859458fdd70064fb9afa9a,ed7bbb7378dfc803f3718216bbc38b52,1.0,1,4,2
002feefec5af0a3b26ee7839c66d205e,1c3a2bab6b3e18d65aa3923e2ec7b5db,1.0,1,1,5
002feefec5af0a3b26ee7839c66d205e,f50e0207673076aa6cd350a771426079,1.0,1,1,5
0064a1b5f5cddd047c987b988a90c8c1,0aff838d826afd9c11d8d35f114c0505,1.0,1,4,2
0064a1b5f5cddd047c987b988a90c8c1,1d89dac71bba7665752a6e92475eacf7,1.0,1,4,2
0064a1b5f5cddd047c987b988a90c8c1,20315d2fd2943f5ee5fd4b4cac993a7b,1.0,1,4,2
0064a1b5f5cddd047c987b988a90c8c1,25d0c258ec48d01a49f900159b925fe6,1.0,1,4,2
0064a1b5f5cddd047c987b988a90c8c1,2e88baab9c2ef8e9e915a90d0c7fb5ae,1.0,1,4,2
0064a1b5f5cddd047c987b988a90c8c1,36580bf41e01fe07a72d6e9b4a8d4dfc,1.0,1,4,2
0064a1b5f5cddd047c987b988a90c8c1,36a99d467d12cc521cb622bc4927bfca,1.0,1,4,2
0064a1b5f5cddd047c987b988a90c8c1,3cd77f358fcbe4116c33ac9875f27705,1.0,1,4,2
0064a1b5f5cddd047c987b988a90c8c1,3e92141d9fe7b1e89a4ee67b91f30bba,1.0,1,4,2
0064a1b5f5cddd047c987b988a90c8c1,41d7a050f54d46cc6afff79ff1ac4997,1.0,1,4,2
0064a1b5f5cddd047c987b988a90c8c1,43a549267000aab7a3773f5e6f97d1c6,1.0,1,4,2
0064a1b5f5cddd047c987b988a90c8c1,49e3dd51659577fd2fff8f09779586af,1.0,1,4,2
0064a1b5f5cddd047c987b988a90c8c1,4cda12819dc2b2df02ab1cdc1a0aaf0d,1.0,1,4,2
0064a1b5f5cddd047c987b988a90c8c1,61205a70bc04dfe2dcca28367704ca40,1.0,1,4,2
0064a1b5f5cddd047c987b988a90c8c1,6181411328cc49b514bc84fa11502752,1.0,1,4,2
0064a1b5f5cddd047c987b988a90c8c1,6db3c61deb6b9959f4204e302af02215,1.0,1,4,2
0064a1b5f5cddd047c987b988a90c8c1,798c51ba7cb7ae0428009a93ee51ebb8,1.0,1,4,2
0064a1b5f5cddd047c987b988a90c8c1,817dda6a694ae70dbe4157d6a5ec917d,1.0,1,4,2
0064a1b5f5cddd047c987b988a90c8c1,8bc6490faac5eb5d8698443dad129f2f,1.0,1,4,2
0064a1b5f5cddd047c987b988a90c8c1,8e84222ad36cb6ab528b745ae6e18d11,1.0,1,4,2
0064a1b5f5cddd047c987b988a90c8c1,8e8b93eb17dd51b9b77e72eedb03dd32,1.0,1,4,2
0064a1b5f5cddd047c987b988a90c8c1,92cacd5d8e7a748b2a50db01988535b8,1.0,1,4,2
0064a1b5f5cddd047c987b988a90c8c1,97f33c3c715c866be7eade4186a891bd,1.0,1,4,2
0064a1b5f5cddd047c987b988a90c8c1,9da935f0be40e2ceb003fe01731fac57,1.0,1,4,2
0064a1b5f5cddd047c987b988a90c8c1,9e4159995424971423b98c4a8bc11529,1.0,1,4,2
0064a1b5f5cddd047c987b988a90c8c1,a6303dd3323275ac03b5c38a55a16659,1.0,1,4,2
0064a1b5f5cddd047c987b988a90c8c1,a9e7ef3d62f583d305fccfcc632f45df,1.0,1,4,2
0064a1b5f5cddd047c987b988a90c8c1,af361e6472bebb98baf67b62201f9abb,1.0,1,4,2
0064a1b5f5cddd047c987b988a90c8c1,afad0f2ff6db48eaf48e85d9eff34373,1.0,1,4,2
0064a1b5f5cddd047c987b988a90c8c1,b47ab9a33340be8e600a66b36022eb36,1.0,1,4,2
0064a1b5f5cddd047c987b988a90c8c1,b991b7e059c4f9e3743242db138403f7,1.0,1,4,2
0064a1b5f5cddd047c987b988a90c8c1,bbfbf00ca35317821c1d773e7509c4d1,1.0,1,4,2
0064a1b5f5cddd047c987b988a90c8c1,bc129fa5a30c1e9f64d840dd6d0e574a,1.0,1,4,2
0064a1b5f5cddd047c987b988a90c8c1,c5ae8dc077209a38cc64ba830ac26bbd,1.0,1,4,2
0064a1b5f5cddd047c987b988a90c8c1,c7b5bf93064681e82c7ba602c7a28837,1.0,1,4,2
0064a1b5f5cddd047c987b988a90c8c1,d18801986f1018abdb3cba0470a6b9a6,1.0,1,4,2
0064a1b5f5cddd047c987b988a90c8c1,eed3d9c8e42c6b95338e0a8b675640e6,1.0,1,4,2
0064a1b5f5cddd047c987b988a90c8c1,f0bde7d292f0931e16e51d29340433ea,1.0,1,4,2
0064a1b5f5cddd047c987b988a90c8c1,f0f25e4076f56c818856f368f7928ae7,1.0,1,4,2
0064a1b5f5cddd047c987b988a90c8c1,f1097c9562bd8f87de1e69c30b3b08eb,1.0,1,4,2
0064a1b5f5cddd047c987b988a90c8c1,fb68daff9a009ca8d050e427e84c231e,1.0,1,4,2
02de1784e8d57ae7f72d1a984aafb108,1c3a2bab6b3e18d65aa3923e2ec7b5db,1.0,1,1,5
02de1784e8d57ae7f72d1a984aafb108,f50e0207673076aa6cd350a771426079,1.0,1,1,5
03303f6d6aef045d45a0522e613d7112,1c3a2bab6b3e18d65aa3923e2ec7b5db,1.0,1,1,5
03303f6d6aef045d45a0522e613d7112,f50e0207673076aa6cd350a771426079,1.0,1,1,5
05fc85193354fc6cf23df19aa08bde71,1c3a2bab6b3e18d65aa3923e2ec7b5db,1.0,1,1,5
05fc85193354fc6cf23df19aa08bde71,f50e0207673076aa6cd350a771426079,1.0,1,1,5
067c5427b2378f42248a92312c2e9235,1c3a2bab6b3e18d65aa3923e2ec7b5db,1.0,1,1,5
067c5427b2378f42248a92312c2e9235,f50e0207673076aa6cd350a771426079,1.0,1,1,5
06b9d6221ccd83819ac6ad3f352854a9,1c3a2bab6b3e18d65aa3923e2ec7b5db,1.0,1,1,5
06b9d6221ccd83819ac6ad3f352854a9,f50e0207673076aa6cd350a771426079,1.0,1,1,5
072a81b5a11139d7781a0024a03a2cb4,1c3a2bab6b3e18d65aa3923e2ec7b5db,1.0,1,1,5
072a81b5a11139d7781a0024a03a2cb4,f50e0207673076aa6cd350a771426079,1.0,1,1,5
072d62b795f5ddb501c3ed1d5c5079ed,1c3a2bab6b3e18d65aa3923e2ec7b5db,1.0,1,1,5
072d62b795f5ddb501c3ed1d5c5079ed,f50e0207673076aa6cd350a771426079,1.0,1,1,5
091f7424ba44e6db2873fb68ef2e67b3,1c3a2bab6b3e18d65aa3923e2ec7b5db,1.0,1,1,5
091f7424ba44e6db2873fb68ef2e67b3,f50e0207673076aa6cd350a771426079,1.0,1,1,5
0aff838d826afd9c11d8d35f114c0505,15090f48004f3b0fc18a167ef82af4db,1.0,1,2,4
0aff838d826afd9c11d8d35f114c0505,19a16d1ed9ac39eacc3f8ba2aad13898,1.0,1,2,4
0aff838d826afd9c11d8d35f114c0505,4d6365e0380d725248a1a2aa490d7f0b,1.0,1,2,4
0aff838d826afd9c11d8d35f114c0505,f81d21d920dcc2483b1043a064f3a9bd,1.0,1,2,4
0b09c28996bf229b8917bca89b5edd4f,1c3a2bab6b3e18d65aa3923e2ec7b5db,1.0,1,1,5
0b09c28996bf229b8917bca89b5edd4f,f50e0207673076aa6cd350a771426079,1.0,1,1,5
0dc1fdfbb056ae8f79c53bfe3f2bb173,1c3a2bab6b3e18d65aa3923e2ec7b5db,1.0,1,1,5
0dc1fdfbb056ae8f79c53bfe3f2bb173,f50e0207673076aa6cd350a771426079,1.0,1,1,5
0f929fdd90cb0ec6cd4c0f372e2c9ca7,1c3a2bab6b3e18d65aa3923e2ec7b5db,1.0,1,1,5
0f929fdd90cb0ec6cd4c0f372e2c9ca7,f50e0207673076aa6cd350a771426079,1.0,1,1,5
104c5f67acb03a1751fe8dc0cfb66833,1c3a2bab6b3e18d65aa3923e2ec7b5db,1.0,1,1,5
104c5f67acb03a1751fe8dc0cfb66833,f50e0207673076aa6cd350a771426079,1.0,1,1,5
11dbfe44e786e8b50df65bb358f352aa,1c3a2bab6b3e18d65aa3923e2ec7b5db,1.0,1,1,5
11dbfe44e786e8b50df65bb358f352aa,f50e0207673076aa6cd350a771426079,1.0,1,1,5
141f03f949ccbbaab16374ac9fdc2ab0,1c3a2bab6b3e18d65aa3923e2ec7b5db,1.0,1,1,5
141f03f949ccbbaab16374ac9fdc2ab0,f50e0207673076aa6cd350a771426079,1.0,1,1,5
14f3f4e2fe9bfd986a7cc66cde9ea44d,1c3a2bab6b3e18d65aa3923e2ec7b5db,1.0,1,1,5
14f3f4e2fe9bfd986a7cc66cde9ea44d,f50e0207673076aa6cd350a771426079,1.0,1,1,5
15090f48004f3b0fc18a167ef82af4db,1d89dac71bba7665752a6e92475eacf7,1.0,1,4,2
15090f48004f3b0fc18a167ef82af4db,20315d2fd2943f5ee5fd4b4cac993a7b,1.0,1,4,2
15090f48004f3b0fc18a167ef82af4db,25d0c258ec48d01a49f900159b925fe6,1.0,1,4,2
15090f48004f3b0fc18a167ef82af4db,2e88baab9c2ef8e9e915a90d0c7fb5ae,1.0,1,4,2
15090f48004f3b0fc18a167ef82af4db,36580bf41e01fe07a72d6e9b4a8d4dfc,1.0,1,4,2
15090f48004f3b0fc18a167ef82af4db,36a99d467d12cc521cb622bc4927bfca,1.0,1,4,2
15090f48004f3b0fc18a167ef82af4db,3cd77f358fcbe4116c33ac9875f27705,1.0,1,4,2
15090f48004f3b0fc18a167ef82af4db,3e92141d9fe7b1e89a4ee67b91f30bba,1.0,1,4,2
15090f48004f3b0fc18a167ef82af4db,41d7a050f54d46cc6afff79ff1ac4997,1.0,1,4,2
15090f48004f3b0fc18a167ef82af4db,43a549267000aab7a3773f5e6f97d1c6,1.0,1,4,2
15090f48004f3b0fc18a167ef82af4db,49e3dd51659577fd2fff8f09779586af,1.0,1,4,2
15090f48004f3b0fc18a167ef82af4db,4cda12819dc2b2df02ab1cdc1a0aaf0d,1.0,1,4,2
15090f48004f3b0fc18a167ef82af4db,61205a70bc04dfe2dcca28367704ca40,1.0,1,4,2
15090f48004f3b0fc18a167ef82af4db,6181411328cc49b514bc84fa11502752,1.0,1,4,2
15090f48004f3b0fc18a167ef82af4db,6db3c61deb6b9959f4204e302af02215,1.0,1,4,2
15090f48004f3b0fc18a167ef82af4db,798c51ba7cb7ae0428009a93ee51ebb8,1.0,1,4,2
15090f48004f3b0fc18a167ef82af4db,817dda6a694ae70dbe4157d6a5ec917d,1.0,1,4,2
15090f48004f3b0fc18a167ef82af4db,8bc6490faac5eb5d8698443dad129f2f,1.0,1,4,2
15090f48004f3b0fc18a167ef82af4db,8e84222ad36cb6ab528b745ae6e18d11,1.0,1,4,2
15090f48004f3b0fc18a167ef82af4db,8e8b93eb17dd51b9b77e72eedb03dd32,1.0,1,4,2
15090f48004f3b0fc18a167ef82af4db,92cacd5d8e7a748b2a50db01988535b8,1.0,1,4,2
15090f48004f3b0fc18a167ef82af4db,97f33c3c715c866be7eade4186a891bd,1.0,1,4,2
15090f48004f3b0fc18a167ef82af4db,9da935f0be40e2ceb003fe01731fac57,1.0,1,4,2
15090f48004f3b0fc18a167ef82af4db,9e4159995424971423b98c4a8bc11529,1.0,1,4,2
15090f48004f3b0fc18a167ef82af4db,a6303dd3323275ac03b5c38a55a16659,1.0,1,4,2
15090f48004f3b0fc18a167ef82af4db,a9e7ef3d62f583d305fccfcc632f45df,1.0,1,4,2
15090f48004f3b0fc18a167ef82af4db,af361e6472bebb98baf67b62201f9abb,1.0,1,4,2
15090f48004f3b0fc18a167ef82af4db,afad0f2ff6db48eaf48e85d9eff34373,1.0,1,4,2
15090f48004f3b0fc18a167ef82af4db,b47ab9a33340be8e600a66b36022eb36,1.0,1,4,2
15090f48004f3b0fc18a167ef82af4db,b991b7e059c4f9e3743242db138403f7,1.0,1,4,2
15090f48004f3b0fc18a167ef82af4db,bbfbf00ca35317821c1d773e7509c4d1,1.0,1,4,2
15090f48004f3b0fc18a167ef82af4db,bc129fa5a30c1e9f64d840dd6d0e574a,1.0,1,4,2
15090f48004f3b0fc18a167ef82af4db,c5ae8dc077209a38cc64ba830ac26bbd,1.0,1,4,2
15090f48004f3b0fc18a167ef82af4db,c7b5bf93064681e82c7ba602c7a28837,1.0,1,4,2
15090f48004f3b0fc18a167ef82af4db,d18801986f1018abdb3cba0470a6b9a6,1.0,1,4,2
15090f48004f3b0fc18a167ef82af4db,eed3d9c8e42c6b95338e0a8b675640e6,1.0,1,4,2
15090f48004f3b0fc18a167ef82af4db,f0bde7d292f0931e16e51d29340433ea,1.0,1,4,2
15090f48004f3b0fc18a167ef82af4db,f0f25e4076f56c818856f368f7928ae7,1.0,1,4,2
15090f48004f3b0fc18a167ef82af4db,f1097c9562bd8f87de1e69c30b3b08eb,1.0,1,4,2
15090f48004f3b0fc18a167ef82af4db,fb68daff9a009ca8d050e427e84c231e,1.0,1,4,2
1686671c7c7da526814358fc22ccb8b6,1c3a2bab6b3e18d65aa3923e2ec7b5db,1.0,1,1,5
1686671c7c7da526814358fc22ccb8b6,f50e0207673076aa6cd350a771426079,1.0,1,1,5
180a42f7f2f9a518a4168b74ca650848,1c3a2bab6b3e18d65aa3923e2ec7b5db,1.0,1,1,5
180a42f7f2f9a518a4168b74ca650848,f50e0207673076aa6cd350a771426079,1.0,1,1,5
19a16d1ed9ac39eacc3f8ba2aad13898,1d89dac71bba7665752a6e92475eacf7,1.0,1,4,2
19a16d1ed9ac39eacc3f8ba2aad13898,20315d2fd2943f5ee5fd4b4cac993a7b,1.0,1,4,2
19a16d1ed9ac39eacc3f8ba2aad13898,25d0c258ec48d01a49f900159b925fe6,1.0,1,4,2
19a16d1ed9ac39eacc3f8ba2aad13898,2e88baab9c2ef8e9e915a90d0c7fb5ae,1.0,1,4,2
19a16d1ed9ac39eacc3f8ba2aad13898,36580bf41e01fe07a72d6e9b4a8d4dfc,1.0,1,4,2
19a16d1ed9ac39eacc3f8ba2aad13898,36a99d467d12cc521cb622bc4927bfca,1.0,1,4,2
19a16d1ed9ac39eacc3f8ba2aad13898,3cd77f358fcbe4116c33ac9875f27705,1.0,1,4,2
19a16d1ed9ac39eacc3f8ba2aad13898,3e92141d9fe7b1e89a4ee67b91f30bba,1.0,1,4,2
19a16d1ed9ac39eacc3f8ba2aad13898,41d7a050f54d46cc6afff79ff1ac4997,1.0,1,4,2
19a16d1ed9ac39eacc3f8ba2aad13898,43a549267000aab7a3773f5e6f97d1c6,1.0,1,4,2
19a16d1ed9ac39eacc3f8ba2aad13898,49e3dd51659577fd2fff8f09779586af,1.0,1,4,2
19a16d1ed9ac39eacc3f8ba2aad13898,4cda12819dc2b2df02ab1cdc1a0aaf0d,1.0,1,4,2
19a16d1ed9ac39eacc3f8ba2aad13898,61205a70bc04dfe2dcca28367704ca40,1.0,1,4,2
19a16d1ed9ac39eacc3f8ba2aad13898,6181411328cc49b514bc84fa11502752,1.0,1,4,2
19a16d1ed9ac39eacc3f8ba2aad13898,6db3c61deb6b9959f4204e302af02215,1.0,1,4,2
19a16d1ed9ac39eacc3f8ba2aad13898,798c51ba7cb7ae0428009a93ee51ebb8,1.0,1,4,2
19a16d1ed9ac39eacc3f8ba2aad13898,817dda6a694ae70dbe4157d6a5ec917d,1.0,1,4,2
19a16d1ed9ac39eacc3f8ba2aad13898,8bc6490faac5eb5d8698443dad129f2f,1.0,1,4,2
19a16d1ed9ac39eacc3f8ba2aad13898,8e84222ad36cb6ab528b745ae6e18d11,1.0,1,4,2
19a16d1ed9ac39eacc3f8ba2aad13898,8e8b93eb17dd51b9b77e72eedb03dd32,1.0,1,4,2
19a16d1ed9ac39eacc3f8ba2aad13898,92cacd5d8e7a748b2a50db01988535b8,1.0,1,4,2
19a16d1ed9ac39eacc3f8ba2aad13898,97f33c3c715c866be7eade4186a891bd,1.0,1,4,2
19a16d1ed9ac39eacc3f8ba2aad13898,9da935f0be40e2ceb003fe01731fac57,1.0,1,4,2
19a16d1ed9ac39eacc3f8ba2aad13898,9e4159995424971423b98c4a8bc11529,1.0,1,4,2
19a16d1ed9ac39eacc3f8ba2aad13898,a6303dd3323275ac03b5c38a55a16659,1.0,1,4,2
19a16d1ed9ac39eacc3f8ba2aad13898,a9e7ef3d62f583d305fccfcc632f45df,1.0,1,4,2
19a16d1ed9ac39eacc3f8ba2aad13898,af361e6472bebb98baf67b62201f9abb,1.0,1,4,2
19a16d1ed9ac39eacc3f8ba2aad13898,afad0f2ff6db48eaf48e85d9eff34373,1.0,1,4,2
19a16d1ed9ac39eacc3f8ba2aad13898,b47ab9a33340be8e600a66b36022eb36,1.0,1,4,2
19a16d1ed9ac39eacc3f8ba2aad13898,b991b7e059c4f9e3743242db138403f7,1.0,1,4,2
19a16d1ed9ac39eacc3f8ba2aad13898,bbfbf00ca35317821c1d773e7509c4d1,1.0,1,4,2
19a16d1ed9ac39eacc3f8ba2aad13898,bc129fa5a30c1e9f64d840dd6d0e574a,1.0,1,4,2
19a16d1ed9ac39eacc3f8ba2aad13898,c5ae8dc077209a38cc64ba830ac26bbd,1.0,1,4,2
19a16d1ed9ac39eacc3f8ba2aad13898,c7b5bf93064681e82c7ba602c7a28837,1.0,1,4,2
19a16d1ed9ac39eacc3f8ba2aad13898,d18801986f1018abdb3cba0470a6b9a6,1.0,1,4,2
19a16d1ed9ac39eacc3f8ba2aad13898,eed3d9c8e42c6b95338e0a8b675640e6,1.0,1,4,2
19a16d1ed9ac39eacc3f8ba2aad13898,f0bde7d292f0931e16e51d29340433ea,1.0,1,4,2
19a16d1ed9ac39eacc3f8ba2aad13898,f0f25e4076f56c818856f368f7928ae7,1.0,1,4,2
19a16d1ed9ac39eacc3f8ba2aad13898,f1097c9562bd8f87de1e69c30b3b08eb,1.0,1,4,2
19a16d1ed9ac39eacc3f8ba2aad13898,fb68daff9a009ca8d050e427e84c231e,1.0,1,4,2
1aaef6b67bca8840918dae624f7abe86,1c3a2bab6b3e18d65aa3923e2ec7b5db,1.0,1,1,5
1aaef6b67bca8840918dae624f7abe86,f50e0207673076aa6cd350a771426079,1.0,1,1,5
1be4b3e9d2811e17fbced81bbd1dbb50,1c3a2bab6b3e18d65aa3923e2ec7b5db,1.0,1,1,5
1be4b3e9d2811e17fbced81bbd1dbb50,f50e0207673076aa6cd350a771426079,1.0,1,1,5
1c3a2bab6b3e18d65aa3923e2ec7b5db,1edbc38ed40cb9cdd110a942942b152c,1.0,1,5,1
1c3a2bab6b3e18d65aa3923e2ec7b5db,1f2cbf67251c23083af82eb26f9ae46e,1.0,1,5,1
1c3a2bab6b3e18d65aa3923e2ec7b5db,1f3616d9b523b79b9db2d9a1c83133b1,1.0,1,5,1
1c3a2bab6b3e18d65aa3923e2ec7b5db,1fc7b8501b2c236f357f215715e6ca1e,1.0,1,5,1
1c3a2bab6b3e18d65aa3923e2ec7b5db,1fc82729e465372e65390083c1ff22fe,1.0,1,5,1
1c3a2bab6b3e18d65aa3923e2ec7b5db,216488bb7fe19d4c1044ac25d62eee53,1.0,1,5,1
1c3a2bab6b3e18d65aa3923e2ec7b5db,2818ca3e861f7bc77e4acfdc1b161a9f,1.0,1,5,1
1c3a2bab6b3e18d65aa3923e2ec7b5db,29c9f44d12aaaf0afc94431a03adb873,1.0,1,5,1
1c3a2bab6b3e18d65aa3923e2ec7b5db,2b8e0c4dba500a8e998f5dbcb8dc6210,1.0,1,5,1
1c3a2bab6b3e18d65aa3923e2ec7b5db,328dd6e3fed7a5e91ed7d9aa558f0bd0,1.0,1,5,1
1c3a2bab6b3e18d65aa3923e2ec7b5db,338b4e6aeffb2e61a252a00b59b23c33,1.0,1,5,1
1c3a2bab6b3e18d65aa3923e2ec7b5db,33a6089098e9cfc00d0c2d38f4fa3db9,1.0,1,5,1
1c3a2bab6b3e18d65aa3923e2ec7b5db,33d32e24685b7eb8a64f475c476af5e8,1.0,1,5,1
1c3a2bab6b3e18d65aa3923e2ec7b5db,367e22969d3e7963ed7906e186c662bf,1.0,1,5,1
1c3a2bab6b3e18d65aa3923e2ec7b5db,36dc57c5294c8ebc374511906e1d9cc4,1.0,1,5,1
1c3a2bab6b3e18d65aa3923e2ec7b5db,37a5683a96b10a4f52ee4c0ea02aed3c,1.0,1,5,1
1c3a2bab6b3e18d65aa3923e2ec7b5db,37c759db8acec627a386cd7983075479,1.0,1,5,1
1c3a2bab6b3e18d65aa3923e2ec7b5db,3878891365ec843f9e85f0b4326b5158,1.0,1,5,1
1c3a2bab6b3e18d65aa3923e2ec7b5db,3bbc2cf672d1657ccd9d89c10b5a9feb,1.0,1,5,1
1c3a2bab6b3e18d65aa3923e2ec7b5db,3c183c9a923df352fc37986b4c6e1792,1.0,1,5,1
1c3a2bab6b3e18d65aa3923e2ec7b5db,3c7399e057696d1a324871cb80f46745,1.0,1,5,1
1c3a2bab6b3e18d65aa3923e2ec7b5db,401ac46c41b69c91c61f47f04ff73c4b,1.0,1,5,1
1c3a2bab6b3e18d65aa3923e2ec7b5db,4330a0ccfb4285690a46b1e9fe2a0994,1.0,1,5,1
1c3a2bab6b3e18d65aa3923e2ec7b5db,443228b6482c48a974f57cce036b5f58,1.0,1,5,1
1c3a2bab6b3e18d65aa3923e2ec7b5db,4511b07d2cf7c5cff947ea49fdc93879,1.0,1,5,1
1c3a2bab6b3e18d65aa3923e2ec7b5db,454660f8ac7dfb584f85ee10e3a2000d,1.0,1,5,1
1c3a2bab6b3e18d65aa3923e2ec7b5db,4790352dac464f21389858106fd211d6,1.0,1,5,1
1c3a2bab6b3e18d65aa3923e2ec7b5db,4ae7f086fbce12f0ebba73f619304e18,1.0,1,5,1
1c3a2bab6b3e18d65aa3923e2ec7b5db,4c361654a23779dba6d245db2f2bc69b,1.0,1,5,1
1c3a2bab6b3e18d65aa3923e2ec7b5db,50c6a0339f3b3ec022e753b7a67fc418,1.0,1,5,1
1c3a2bab6b3e18d65aa3923e2ec7b5db,5182d4876f1f0691e76d09e87ba9d28a,1.0,1,5,1
1c3a2bab6b3e18d65aa3923e2ec7b5db,52b542f198699b29d49584c2a894e2c6,1.0,1,5,1
1c3a2bab6b3e18d65aa3923e2ec7b5db,5394f81042dcb49bc8a7068869cf319b,1.0,1,5,1
1c3a2bab6b3e18d65aa3923e2ec7b5db,53e0be8890c339b1ed51fd43fd381f98,1.0,1,5,1
1c3a2bab6b3e18d65aa3923e2ec7b5db,5477633464629dfe2250f058ced9efa8,1.0,1,5,1
1c3a2bab6b3e18d65aa3923e2ec7b5db,54b54ddc7b72f714b125e6be04b3483f,1.0,1,5,1
1c3a2bab6b3e18d65aa3923e2ec7b5db,54eaf1acb5223654459bcc99ad1702f7,1.0,1,5,1
1c3a2bab6b3e18d65aa3923e2ec7b5db,550be95d95acf4e2d0de916442d1435a,1.0,1,5,1
1c3a2bab6b3e18d65aa3923e2ec7b5db,5674ba4c78cc9a00b85be9af1f954e3b,1.0,1,5,1
1c3a2bab6b3e18d65aa3923e2ec7b5db,58860304f7ac687337b72cd9c546424d,1.0,1,5,1
1c3a2bab6b3e18d65aa3923e2ec7b5db,59402a12bf267e09c08111b980acd9ff,1.0,1,5,1
1c3a2bab6b3e18d65aa3923e2ec7b5db,5e46241a3cc0414d8ee0be4765689c3b,1.0,1,5,1
1c3a2bab6b3e18d65aa3923e2ec7b5db,5ebcc5c8c91b96b3a4451f88903e0ab1,1.0,1,5,1
1c3a2bab6b3e18d65aa3923e2ec7b5db,607c353644b6dbd5a5324975ae4dea76,1.0,1,5,1
1c3a2bab6b3e18d65aa3923e2ec7b5db,6211c8be2376d76002f5a68e610700a2,1.0,1,5,1
1c3a2bab6b3e18d65aa3923e2ec7b5db,624e5a79f725335e414f35d3ebb3906a,1.0,1,5,1
1c3a2bab6b3e18d65aa3923e2ec7b5db,627aa63b0566ed147902c17120483893,1.0,1,5,1
1c3a2bab6b3e18d65aa3923e2ec7b5db,639a2f7f050e7e37eebaf7a74aceed51,1.0,1,5,1
1c3a2bab6b3e18d65aa3923e2ec7b5db,66858579ff59b434fdd5fc78302514a8,1.0,1,5,1
1c3a2bab6b3e18d65aa3923e2ec7b5db,66f61ee7e79db4444c7d00a9c5783a04,1.0,1,5,1
1c3a2bab6b3e18d65aa3923e2ec7b5db,678c7cf33c88babf7648252630b50b87,1.0,1,5,1
1c3a2bab6b3e18d65aa3923e2ec7b5db,680ca46a7747ede65ea40c92b183a4f4,1.0,1,5,1
1c3a2bab6b3e18d65aa3923e2ec7b5db,699ed48250faf9f3d41e91f4ede36364,1.0,1,5,1
1c3a2bab6b3e18d65aa3923e2ec7b5db,6a1afdc6c02bdfc2997c11c65a5771cb,1.0,1,5,1
1c3a2bab6b3e18d65aa3923e2ec7b5db,6bf9ed8d1f308973402be5de3bd85453,1.0,1,5,1
1c3a2bab6b3e18d65aa3923e2ec7b5db,6d0b0c852f6d5ebac937dc59c36a88f3,1.0,1,5,1
1c3a2bab6b3e18d65aa3923e2ec7b5db,6dc91982f7a9db03fb1e65fe59d89b1c,1.0,1,5,1
1c3a2bab6b3e18d65aa3923e2ec7b5db,6df827ed74b2b39a2b18b83ba11949c5,1.0,1,5,1
1c3a2bab6b3e18d65aa3923e2ec7b5db,6f15aaa0c60624c29603fc02fe85c474,1.0,1,5,1
1c3a2bab6b3e18d65aa3923e2ec7b5db,7034f37a1eb2804f0516f8dd43079110,1.0,1,5,1
1c3a2bab6b3e18d65aa3923e2ec7b5db,7184ae297323ab27f3e39fb55dcf8d8d,1.0,1,5,1
1c3a2bab6b3e18d65aa3923e2ec7b5db,718e75787e76d665818ef5b40f217c75,1.0,1,5,1
1c3a2bab6b3e18d65aa3923e2ec7b5db,71cf80748ed347ba6a5fd7e0a0828eea,1.0,1,5,1
1c3a2bab6b3e18d65aa3923e2ec7b5db,7325a5b1220c24098d76206f8b9a3362,1.0,1,5,1
1c3a2bab6b3e18d65aa3923e2ec7b5db,75095b17a04a12410cdf890291bbcfc3,1.0,1,5,1
1c3a2bab6b3e18d65aa3923e2ec7b5db,774472d1d95c93977d299b48b24b0a2e,1.0,1,5,1
1c3a2bab6b3e18d65aa3923e2ec7b5db,79f6bb4f638b4214ad8d62d60148a280,1.0,1,5,1
1c3a2bab6b3e18d65aa3923e2ec7b5db,7a1cc61a37298c3f36d52a699b1e38cf,1.0,1,5,1
1c3a2bab6b3e18d65aa3923e2ec7b5db,7b49b7bf6b00c833bcb7436987ccb511,1.0,1,5,1
1c3a2bab6b3e18d65aa3923e2ec7b5db,7baa53c871409eb1940b6b4188b7a8eb,1.0,1,5,1
1c3a2bab6b3e18d65aa3923e2ec7b5db,7dddd924d92a307ffa2261b855b4ac27,1.0,1,5,1
1c3a2bab6b3e18d65aa3923e2ec7b5db,85234917cd71e079f2cb073da6f28fdb,1.0,1,5,1
1c3a2bab6b3e18d65aa3923e2ec7b5db,8562cb7be6bb8698157e2d6522247f47,1.0,1,5,1
1c3a2bab6b3e18d65aa3923e2ec7b5db,868c08490fae8d01bd8a569f0e15d02c,1.0,1,5,1
1c3a2bab6b3e18d65aa3923e2ec7b5db,87aecbf5cf4d5e1f984e1d7a481c4f93,1.0,1,5,1
1c3a2bab6b3e18d65aa3923e2ec7b5db,897b1d92f53f6c7762b36b3e808f4d80,1.0,1,5,1
1c3a2bab6b3e18d65aa3923e2ec7b5db,8bf7a2df6dcb6e957a853072328099a1,1.0,1,5,1
1c3a2bab6b3e18d65aa3923e2ec7b5db,8ca9a1c6f69824461e8116029f08b43b,1.0,1,5,1
1c3a2bab6b3e18d65aa3923e2ec7b5db,8cd852749066c2d145e6f14f4e85e98b,1.0,1,5,1
1c3a2bab6b3e18d65aa3923e2ec7b5db,8d4d3f218fc6a54644a4c03a56e52f0e,1.0,1,5,1
1c3a2bab6b3e18d65aa3923e2ec7b5db,8df90f3c2baf58eb80e804c7567e467f,1.0,1,5,1
1c3a2bab6b3e18d65aa3923e2ec7b5db,8f5cea6168eb36b5c75205b12d5d2c5e,1.0,1,5,1
1c3a2bab6b3e18d65aa3923e2ec7b5db,8fc1b266e54db64c474e6c7909e58dc0,1.0,1,5,1
1c3a2bab6b3e18d65aa3923e2ec7b5db,8ff97d7c368d3815ee0d62687cd1f934,1.0,1,5,1
1c3a2bab6b3e18d65aa3923e2ec7b5db,9046541463206bb0f8dcba0018853adc,1.0,1,5,1
1c3a2bab6b3e18d65aa3923e2ec7b5db,9065112d8c6b59afef09c2fc67c5025e,1.0,1,5,1
1c3a2bab6b3e18d65aa3923e2ec7b5db,91c52f2a0dc4b8665cdf1a5a7cc3570f,1.0,1,5,1
1c3a2bab6b3e18d65aa3923e2ec7b5db,96c54a8cc8281eb974434459804c2ea5,1.0,1,5,1
1c3a2bab6b3e18d65aa3923e2ec7b5db,97ccf3e2a22c7979dc99e3cad4e0326c,1.0,1,5,1
1c3a2bab6b3e18d65aa3923e2ec7b5db,98aade720fde092ebf69cb336b0fc8ac,1.0,1,5,1
1c3a2bab6b3e18d65aa3923e2ec7b5db,98c685c36c1970b445ef6f5b8c15f7c7,1.0,1,5,1
1c3a2bab6b3e18d65aa3923e2ec7b5db,9c783b1c0d1721ab1bd09499aad53c32,1.0,1,5,1
1c3a2bab6b3e18d65aa3923e2ec7b5db,9d0ac1cdbfc919d676e2c2377abb32c1,1.0,1,5,1
1c3a2bab6b3e18d65aa3923e2ec7b5db,9e8876439507a7c603809927dd6ef09d,1.0,1,5,1
1c3a2bab6b3e18d65aa3923e2ec7b5db,9fdcbc70784e835736b2fc6034707c18,1.0,1,5,1
1c3a2bab6b3e18d65aa3923e2ec7b5db,a0232b17e5055711b7fc036dffd34f39,1.0,1,5,1
1c3a2bab6b3e18d65aa3923e2ec7b5db,a047a295e19f2cc33a6c72836cea230d,1.0,1,5,1
1c3a2bab6b3e18d65aa3923e2ec7b5db,a187c6cdc4e0f4c009ec12186668a7f6,1.0,1,5,1
1c3a2bab6b3e18d65aa3923e2ec7b5db,a332b2f91037ef2205e2fe0c7d9a88e9,1.0,1,5,1
1c3a2bab6b3e18d65aa3923e2ec7b5db,a3bb0985613cffa74e31739b234b3b2b,1.0,1,5,1
1c3a2bab6b3e18d65aa3923e2ec7b5db,a41c1c664fed16013ba77a1b4a874638,1.0,1,5,1
1c3a2bab6b3e18d65aa3923e2ec7b5db,a4fd91dd92817169a032d202f2c1aa06,1.0,1,5,1
1c3a2bab6b3e18d65aa3923e2ec7b5db,a7932218ab192b7c1dac7e7a847ab21d,1.0,1,5,1
1c3a2bab6b3e18d65aa3923e2ec7b5db,a85a25b2bd1193d70d8ff2b1562c8a72,1.0,1,5,1
1c3a2bab6b3e18d65aa3923e2ec7b5db,a8b63082839705d865544076498d86d3,1.0,1,5,1
1c3a2bab6b3e18d65aa3923e2ec7b5db,aab7b1bac22bbdd1444b28a6e10ba4ce,1.0,1,5,1
1c3a2bab6b3e18d65aa3923e2ec7b5db,aaf2735264f8c3c8663e37137a9913a8,1.0,1,5,1
1c3a2bab6b3e18d65aa3923e2ec7b5db,ac09ed646d92eb26c2fb2365f45e672c,1.0,1,5,1
1c3a2bab6b3e18d65aa3923e2ec7b5db,ae5b8a2e542058597f030d4a128cf81a,1.0,1,5,1
1c3a2bab6b3e18d65aa3923e2ec7b5db,af15e990c1cc87013e6819e3da3f1592,1.0,1,5,1
1c3a2bab6b3e18d65aa3923e2ec7b5db,af6f23ebcfaa795b732ac0a7cd27b302,1.0,1,5,1
1c3a2bab6b3e18d65aa3923e2ec7b5db,b01d207a038e2e22b2f6eba47d3c92dd,1.0,1,5,1
1c3a2bab6b3e18d65aa3923e2ec7b5db,b10cdda7855556f7ca3e9a9540e45edb,1.0,1,5,1
1c3a2bab6b3e18d65aa3923e2ec7b5db,b1638e7927b982cfe4f93d38a30e6700,1.0,1,5,1
1c3a2bab6b3e18d65aa3923e2ec7b5db,b9873a15933c3393da2738f39e42430f,1.0,1,5,1
1c3a2bab6b3e18d65aa3923e2ec7b5db,bae6687e2e07f749eda874adba621bd4,1.0,1,5,1
1c3a2bab6b3e18d65aa3923e2ec7b5db,bbb9032e147e7f048e926bdd0197b7ce,1.0,1,5,1
1c3a2bab6b3e18d65aa3923e2ec7b5db,bcfd923b7801435849731bd1c60509a6,1.0,1,5,1
1c3a2bab6b3e18d65aa3923e2ec7b5db,bd7e16d1c0032497400c7f1cb1c71808,1.0,1,5,1
1c3a2bab6b3e18d65aa3923e2ec7b5db,bdb132c2c3751f7f54a917955dbec063,1.0,1,5,1
1c3a2bab6b3e18d65aa3923e2ec7b5db,bf779ce6baefd04fc0895e7ee0472d3c,1.0,1,5,1
1c3a2bab6b3e18d65aa3923e2ec7b5db,c1134555e9b70e751a09bc5908f5d6fe,1.0,1,5,1
1c3a2bab6b3e18d65aa3923e2ec7b5db,c1a46e8640dbd799c39cb8fb40fd66b7,1.0,1,5,1
1c3a2bab6b3e18d65aa3923e2ec7b5db,c2038b4d8b01ceb6b509e4fc35c543bd,1.0,1,5,1
1c3a2bab6b3e18d65aa3923e2ec7b5db,c3a84c7fd010e516b355cfd1242baa86,1.0,1,5,1
1c3a2bab6b3e18d65aa3923e2ec7b5db,c46ab3da89e5a14bd17c65fa2cad9b76,1.0,1,5,1
1c3a2bab6b3e18d65aa3923e2ec7b5db,c54f254e19da79931e0e07338188cd70,1.0,1,5,1
1c3a2bab6b3e18d65aa3923e2ec7b5db,c6e5667e989cd6d3d1e8f2ab84127978,1.0,1,5,1
1c3a2bab6b3e18d65aa3923e2ec7b5db,c926f9749e71e831279c2eb90764b647,1.0,1,5,1
1c3a2bab6b3e18d65aa3923e2ec7b5db,c9f630948a29571339069519adb0630d,1.0,1,5,1
1c3a2bab6b3e18d65aa3923e2ec7b5db,cabd63ea066284b36b128a865fb15e2a,1.0,1,5,1
1c3a2bab6b3e18d65aa3923e2ec7b5db,cc821d6cb5873fbcaf145b39e890d867,1.0,1,5,1
1c3a2bab6b3e18d65aa3923e2ec7b5db,cda79a984cb522389ddedda934fd03aa,1.0,1,5,1
1c3a2bab6b3e18d65aa3923e2ec7b5db,cec1a8d048adc6db4b7a2e965d3d5ed0,1.0,1,5,1
1c3a2bab6b3e18d65aa3923e2ec7b5db,d01a79fa5a2fbab32c60144c605dcdc5,1.0,1,5,1
1c3a2bab6b3e18d65aa3923e2ec7b5db,d05655be736276d336124c2cd43a4de9,1.0,1,5,1
1c3a2bab6b3e18d65aa3923e2ec7b5db,d1da9d696ea8fd3eb079ddacbfb3b243,1.0,1,5,1
1c3a2bab6b3e18d65aa3923e2ec7b5db,d268084c48a453e8a5daa566ceb9c5ac,1.0,1,5,1
1c3a2bab6b3e18d65aa3923e2ec7b5db,d43c9a77c7348ba88fdcac7ee2f600f1,1.0,1,5,1
1c3a2bab6b3e18d65aa3923e2ec7b5db,d43d8070c7681ecb6d6915c00bd16e77,1.0,1,5,1
1c3a2bab6b3e18d65aa3923e2ec7b5db,d5b0cc21590758cf76d4b6123c7802f5,1.0,1,5,1
1c3a2bab6b3e18d65aa3923e2ec7b5db,d7f7552edf5989446012a298ff0d0d9f,1.0,1,5,1
1c3a2bab6b3e18d65aa3923e2ec7b5db,d95d145a21fbfd63292105fbca7116db,1.0,1,5,1
1c3a2bab6b3e18d65aa3923e2ec7b5db,d9ff2c2a02516ec8114c1a4cabade69f,1.0,1,5,1
1c3a2bab6b3e18d65aa3923e2ec7b5db,dab0534f26716b89fab0a6ccdb8de10a,1.0,1,5,1
1c3a2bab6b3e18d65aa3923e2ec7b5db,db16b79a79878863b1a566d75a192639,1.0,1,5,1
1c3a2bab6b3e18d65aa3923e2ec7b5db,dba5683c4fe467ed8da0dc897b8d29f5,1.0,1,5,1
1c3a2bab6b3e18d65aa3923e2ec7b5db,dfeeae009f230d66e18e029ca44e7181,1.0,1,5,1
1c3a2bab6b3e18d65aa3923e2ec7b5db,e006cec3d04f1fd59a5b3ce3809efe2b,1.0,1,5,1
1c3a2bab6b3e18d65aa3923e2ec7b5db,e2fe0b1f9429fdd3215b47c2c115511d,1.0,1,5,1
1c3a2bab6b3e18d65aa3923e2ec7b5db,e6559e513d523a4595e3395b21b6a037,1.0,1,5,1
1c3a2bab6b3e18d65aa3923e2ec7b5db,e7445ffa291c70f6e4e68379acc9ee7a,1.0,1,5,1
1c3a2bab6b3e18d65aa3923e2ec7b5db,eab31b8b1460693c283c2ca79936d106,1.0,1,5,1
1c3a2bab6b3e18d65aa3923e2ec7b5db,ecf034665697bb068f20143aa3fd4e8e,1.0,1,5,1
1c3a2bab6b3e18d65aa3923e2ec7b5db,ef6d43b3ceee29f784c07fca3ff27d71,1.0,1,5,1
1c3a2bab6b3e18d65aa3923e2ec7b5db,ef7c34bf0d4dddef8838454208706360,1.0,1,5,1
1c3a2bab6b3e18d65aa3923e2ec7b5db,f04262ae7b441d112b817c6ff5dd6b60,1.0,1,5,1
1c3a2bab6b3e18d65aa3923e2ec7b5db,f19d60373731c89c95f36599c0a87f67,1.0,1,5,1
1c3a2bab6b3e18d65aa3923e2ec7b5db,f2063195fdb9a77cb1fef31f3b6a346b,1.0,1,5,1
1c3a2bab6b3e18d65aa3923e2ec7b5db,f28fbb32a8241c93945a1047421a270b,1.0,1,5,1
1c3a2bab6b3e18d65aa3923e2ec7b5db,f4002efe3f2ff5f9f323e888b8a6d6eb,1.0,1,5,1
1c3a2bab6b3e18d65aa3923e2ec7b5db,f48786e8f17bab5cef0c96e0ef818d39,1.0,1,5,1
1c3a2bab6b3e18d65aa3923e2ec7b5db,f4aa6200cc73de4d2eec1ff37a131a18,1.0,1,5,1
1c3a2bab6b3e18d65aa3923e2ec7b5db,f4ec1b47a4e08fd853abe5c45f53bb37,1.0,1,5,1
1c3a2bab6b3e18d65aa3923e2ec7b5db,f520cdd2f000658557d6db874bd34a0a,1.0,1,5,1
1c3a2bab6b3e18d65aa3923e2ec7b5db,f55068b90747579e30d2e055155cb93a,1.0,1,5,1
1c3a2bab6b3e18d65aa3923e2ec7b5db,f5b49c7fb49aa5d02b4841b63fe7d529,1.0,1,5,1
1c3a2bab6b3e18d65aa3923e2ec7b5db,f708bf9a3f551fbdf8e3f7fcf4b889e5,1.0,1,5,1
1c3a2bab6b3e18d65aa3923e2ec7b5db,f8ac2d77e561f1a2e945285431eabff8,1.0,1,5,1
1c3a2bab6b3e18d65aa3923e2ec7b5db,f9d364fc4325aa3a238fa52a8b92b0c4,1.0,1,5,1
1c3a2bab6b3e18d65aa3923e2ec7b5db,fcc04bd980045e3fc0f78fe4578dbf15,1.0,1,5,1
1c3a2bab6b3e18d65aa3923e2ec7b5db,fd4fbaea0fdd24464c6e1738ce21a5ea,1.0,1,5,1
1c3a2bab6b3e18d65aa3923e2ec7b5db,fe3ff2b93571c00e1f2fa3bd25c845f7,1.0,1,5,1
1c3a2bab6b3e18d65aa3923e2ec7b5db,ff9c5dff16d7d6bfefc2acf5088d7b90,1.0,1,5,1
1d89dac71bba7665752a6e92475eacf7,4d6365e0380d725248a1a2aa490d7f0b,1.0,1,2,4
1d89dac71bba7665752a6e92475eacf7,f81d21d920dcc2483b1043a064f3a9bd,1.0,1,2,4
1edbc38ed40cb9cdd110a942942b152c,f50e0207673076aa6cd350a771426079,1.0,1,1,5
1f2cbf67251c23083af82eb26f9ae46e,f50e0207673076aa6cd350a771426079,1.0,1,1,5
1f3616d9b523b79b9db2d9a1c83133b1,f50e0207673076aa6cd350a771426079,1.0,1,1,5
1fc7b8501b2c236f357f215715e6ca1e,f50e0207673076aa6cd350a771426079,1.0,1,1,5
1fc82729e465372e65390083c1ff22fe,f50e0207673076aa6cd350a771426079,1.0,1,1,5
20315d2fd2943f5ee5fd4b4cac993a7b,4d6365e0380d725248a1a2aa490d7f0b,1.0,1,2,4
20315d2fd2943f5ee5fd4b4cac993a7b,f81d21d920dcc2483b1043a064f3a9bd,1.0,1,2,4
216488bb7fe19d4c1044ac25d62eee53,f50e0207673076aa6cd350a771426079,1.0,1,1,5
25d0c258ec48d01a49f900159b925fe6,4d6365e0380d725248a1a2aa490d7f0b,1.0,1,2,4
25d0c258ec48d01a49f900159b925fe6,f81d21d920dcc2483b1043a064f3a9bd,1.0,1,2,4
270aac56747e4e1b47a2ab1058a4ca4d,2c50af4ba02025d2f9256d89723d3c18,1.0,1,3,3
270aac56747e4e1b47a2ab1058a4ca4d,4ea07e24e59ceae33aeb18024919b4d8,1.0,1,3,3
270aac56747e4e1b47a2ab1058a4ca4d,62d04de212af0333758cfb1a2d98dad0,1.0,1,3,3
270aac56747e4e1b47a2ab1058a4ca4d,768e9ed92dd4fe880672c8e90dc4f74c,1.0,1,3,3
270aac56747e4e1b47a2ab1058a4ca4d,9cbd11daac8f21468a69219da8eeed76,1.0,1,3,3
270aac56747e4e1b47a2ab1058a4ca4d,a96d5cfa0d3181817e2b946f921ea021,1.0,1,3,3
270aac56747e4e1b47a2ab1058a4ca4d,c85df1c6ef6f7bb605e1c49d34f172ee,1.0,1,3,3
270aac56747e4e1b47a2ab1058a4ca4d,e87cdd2fb9f1d3ff3438a9d02e454793,1.0,1,3,3
2818ca3e861f7bc77e4acfdc1b161a9f,f50e0207673076aa6cd350a771426079,1.0,1,1,5
29c9f44d12aaaf0afc94431a03adb873,f50e0207673076aa6cd350a771426079,1.0,1,1,5
2b8e0c4dba500a8e998f5dbcb8dc6210,f50e0207673076aa6cd350a771426079,1.0,1,1,5
2c50af4ba02025d2f9256d89723d3c18,4ea07e24e59ceae33aeb18024919b4d8,1.0,1,3,3
2c50af4ba02025d2f9256d89723d3c18,62d04de212af0333758cfb1a2d98dad0,1.0,1,3,3
2c50af4ba02025d2f9256d89723d3c18,768e9ed92dd4fe880672c8e90dc4f74c,1.0,1,3,3
2c50af4ba02025d2f9256d89723d3c18,9cbd11daac8f21468a69219da8eeed76,1.0,1,3,3
2c50af4ba02025d2f9256d89723d3c18,a96d5cfa0d3181817e2b946f921ea021,1.0,1,3,3
2c50af4ba02025d2f9256d89723d3c18,c85df1c6ef6f7bb605e1c49d34f172ee,1.0,1,3,3
2c50af4ba02025d2f9256d89723d3c18,e87cdd2fb9f1d3ff3438a9d02e454793,1.0,1,3,3
2e88baab9c2ef8e9e915a90d0c7fb5ae,4d6365e0380d725248a1a2aa490d7f0b,1.0,1,2,4
2e88baab9c2ef8e9e915a90d0c7fb5ae,f81d21d920dcc2483b1043a064f3a9bd,1.0,1,2,4
328dd6e3fed7a5e91ed7d9aa558f0bd0,f50e0207673076aa6cd350a771426079,1.0,1,1,5
338b4e6aeffb2e61a252a00b59b23c33,f50e0207673076aa6cd350a771426079,1.0,1,1,5
33a6089098e9cfc00d0c2d38f4fa3db9,f50e0207673076aa6cd350a771426079,1.0,1,1,5
33d32e24685b7eb8a64f475c476af5e8,f50e0207673076aa6cd350a771426079,1.0,1,1,5
36580bf41e01fe07a72d6e9b4a8d4dfc,4d6365e0380d725248a1a2aa490d7f0b,1.0,1,2,4
36580bf41e01fe07a72d6e9b4a8d4dfc,f81d21d920dcc2483b1043a064f3a9bd,1.0,1,2,4
367e22969d3e7963ed7906e186c662bf,f50e0207673076aa6cd350a771426079,1.0,1,1,5
36a99d467d12cc521cb622bc4927bfca,4d6365e0380d725248a1a2aa490d7f0b,1.0,1,2,4
36a99d467d12cc521cb622bc4927bfca,f81d21d920dcc2483b1043a064f3a9bd,1.0,1,2,4
36dc57c5294c8ebc374511906e1d9cc4,f50e0207673076aa6cd350a771426079,1.0,1,1,5
37a5683a96b10a4f52ee4c0ea02aed3c,f50e0207673076aa6cd350a771426079,1.0,1,1,5
37c759db8acec627a386cd7983075479,f50e0207673076aa6cd350a771426079,1.0,1,1,5
3878891365ec843f9e85f0b4326b5158,f50e0207673076aa6cd350a771426079,1.0,1,1,5
3bbc2cf672d1657ccd9d89c10b5a9feb,f50e0207673076aa6cd350a771426079,1.0,1,1,5
3c183c9a923df352fc37986b4c6e1792,f50e0207673076aa6cd350a771426079,1.0,1,1,5
3c7399e057696d1a324871cb80f46745,f50e0207673076aa6cd350a771426079,1.0,1,1,5
3cd77f358fcbe4116c33ac9875f27705,4d6365e0380d725248a1a2aa490d7f0b,1.0,1,2,4
3cd77f358fcbe4116c33ac9875f27705,f81d21d920dcc2483b1043a064f3a9bd,1.0,1,2,4
3e92141d9fe7b1e89a4ee67b91f30bba,4d6365e0380d725248a1a2aa490d7f0b,1.0,1,2,4
3e92141d9fe7b1e89a4ee67b91f30bba,f81d21d920dcc2483b1043a064f3a9bd,1.0,1,2,4
401ac46c41b69c91c61f47f04ff73c4b,f50e0207673076aa6cd350a771426079,1.0,1,1,5
41d7a050f54d46cc6afff79ff1ac4997,4d6365e0380d725248a1a2aa490d7f0b,1.0,1,2,4
41d7a050f54d46cc6afff79ff1ac4997,f81d21d920dcc2483b1043a064f3a9bd,1.0,1,2,4
4330a0ccfb4285690a46b1e9fe2a0994,f50e0207673076aa6cd350a771426079,1.0,1,1,5
43a549267000aab7a3773f5e6f97d1c6,4d6365e0380d725248a1a2aa490d7f0b,1.0,1,2,4
43a549267000aab7a3773f5e6f97d1c6,f81d21d920dcc2483b1043a064f3a9bd,1.0,1,2,4
443228b6482c48a974f57cce036b5f58,f50e0207673076aa6cd350a771426079,1.0,1,1,5
4511b07d2cf7c5cff947ea49fdc93879,f50e0207673076aa6cd350a771426079,1.0,1,1,5
454660f8ac7dfb584f85ee10e3a2000d,f50e0207673076aa6cd350a771426079,1.0,1,1,5
4790352dac464f21389858106fd211d6,f50e0207673076aa6cd350a771426079,1.0,1,1,5
49e3dd51659577fd2fff8f09779586af,4d6365e0380d725248a1a2aa490d7f0b,1.0,1,2,4
49e3dd51659577fd2fff8f09779586af,f81d21d920dcc2483b1043a064f3a9bd,1.0,1,2,4
4ae7f086fbce12f0ebba73f619304e18,f50e0207673076aa6cd350a771426079,1.0,1,1,5
4c361654a23779dba6d245db2f2bc69b,f50e0207673076aa6cd350a771426079,1.0,1,1,5
4cda12819dc2b2df02ab1cdc1a0aaf0d,4d6365e0380d725248a1a2aa490d7f0b,1.0,1,2,4
4cda12819dc2b2df02ab1cdc1a0aaf0d,f81d21d920dcc2483b1043a064f3a9bd,1.0,1,2,4
4d6365e0380d725248a1a2aa490d7f0b,61205a70bc04dfe2dcca28367704ca40,1.0,1,4,2
4d6365e0380d725248a1a2aa490d7f0b,6181411328cc49b514bc84fa11502752,1.0,1,4,2
4d6365e0380d725248a1a2aa490d7f0b,6db3c61deb6b9959f4204e302af02215,1.0,1,4,2
4d6365e0380d725248a1a2aa490d7f0b,798c51ba7cb7ae0428009a93ee51ebb8,1.0,1,4,2
4d6365e0380d725248a1a2aa490d7f0b,817dda6a694ae70dbe4157d6a5ec917d,1.0,1,4,2
4d6365e0380d725248a1a2aa490d7f0b,8bc6490faac5eb5d8698443dad129f2f,1.0,1,4,2
4d6365e0380d725248a1a2aa490d7f0b,8e84222ad36cb6ab528b745ae6e18d11,1.0,1,4,2
4d6365e0380d725248a1a2aa490d7f0b,8e8b93eb17dd51b9b77e72eedb03dd32,1.0,1,4,2
4d6365e0380d725248a1a2aa490d7f0b,92cacd5d8e7a748b2a50db01988535b8,1.0,1,4,2
4d6365e0380d725248a1a2aa490d7f0b,97f33c3c715c866be7eade4186a891bd,1.0,1,4,2
4d6365e0380d725248a1a2aa490d7f0b,9da935f0be40e2ceb003fe01731fac57,1.0,1,4,2
4d6365e0380d725248a1a2aa490d7f0b,9e4159995424971423b98c4a8bc11529,1.0,1,4,2
4d6365e0380d725248a1a2aa490d7f0b,a6303dd3323275ac03b5c38a55a16659,1.0,1,4,2
4d6365e0380d725248a1a2aa490d7f0b,a9e7ef3d62f583d305fccfcc632f45df,1.0,1,4,2
4d6365e0380d725248a1a2aa490d7f0b,af361e6472bebb98baf67b62201f9abb,1.0,1,4,2
4d6365e0380d725248a1a2aa490d7f0b,afad0f2ff6db48eaf48e85d9eff34373,1.0,1,4,2
4d6365e0380d725248a1a2aa490d7f0b,b47ab9a33340be8e600a66b36022eb36,1.0,1,4,2
4d6365e0380d725248a1a2aa490d7f0b,b991b7e059c4f9e3743242db138403f7,1.0,1,4,2
4d6365e0380d725248a1a2aa490d7f0b,bbfbf00ca35317821c1d773e7509c4d1,1.0,1,4,2
4d6365e0380d725248a1a2aa490d7f0b,bc129fa5a30c1e9f64d840dd6d0e574a,1.0,1,4,2
4d6365e0380d725248a1a2aa490d7f0b,c5ae8dc077209a38cc64ba830ac26bbd,1.0,1,4,2
4d6365e0380d725248a1a2aa490d7f0b,c7b5bf93064681e82c7ba602c7a28837,1.0,1,4,2
4d6365e0380d725248a1a2aa490d7f0b,d18801986f1018abdb3cba0470a6b9a6,1.0,1,4,2
4d6365e0380d725248a1a2aa490d7f0b,eed3d9c8e42c6b95338e0a8b675640e6,1.0,1,4,2
4d6365e0380d725248a1a2aa490d7f0b,f0bde7d292f0931e16e51d29340433ea,1.0,1,4,2
4d6365e0380d725248a1a2aa490d7f0b,f0f25e4076f56c818856f368f7928ae7,1.0,1,4,2
4d6365e0380d725248a1a2aa490d7f0b,f1097c9562bd8f87de1e69c30b3b08eb,1.0,1,4,2
4d6365e0380d725248a1a2aa490d7f0b,fb68daff9a009ca8d050e427e84c231e,1.0,1,4,2
4ea07e24e59ceae33aeb18024919b4d8,62d04de212af0333758cfb1a2d98dad0,1.0,1,3,3
4ea07e24e59ceae33aeb18024919b4d8,768e9ed92dd4fe880672c8e90dc4f74c,1.0,1,3,3
4ea07e24e59ceae33aeb18024919b4d8,9cbd11daac8f21468a69219da8eeed76,1.0,1,3,3
4ea07e24e59ceae33aeb18024919b4d8,a96d5cfa0d3181817e2b946f921ea021,1.0,1,3,3
4ea07e24e59ceae33aeb18024919b4d8,c85df1c6ef6f7bb605e1c49d34f172ee,1.0,1,3,3
4ea07e24e59ceae33aeb18024919b4d8,e87cdd2fb9f1d3ff3438a9d02e454793,1.0,1,3,3
50c6a0339f3b3ec022e753b7a67fc418,f50e0207673076aa6cd350a771426079,1.0,1,1,5
5182d4876f1f0691e76d09e87ba9d28a,f50e0207673076aa6cd350a771426079,1.0,1,1,5
52b542f198699b29d49584c2a894e2c6,f50e0207673076aa6cd350a771426079,1.0,1,1,5
5394f81042dcb49bc8a7068869cf319b,f50e0207673076aa6cd350a771426079,1.0,1,1,5
53e0be8890c339b1ed51fd43fd381f98,f50e0207673076aa6cd350a771426079,1.0,1,1,5
5477633464629dfe2250f058ced9efa8,f50e0207673076aa6cd350a771426079,1.0,1,1,5
54b54ddc7b72f714b125e6be04b3483f,f50e0207673076aa6cd350a771426079,1.0,1,1,5
54eaf1acb5223654459bcc99ad1702f7,f50e0207673076aa6cd350a771426079,1.0,1,1,5
550be95d95acf4e2d0de916442d1435a,f50e0207673076aa6cd350a771426079,1.0,1,1,5
5674ba4c78cc9a00b85be9af1f954e3b,f50e0207673076aa6cd350a771426079,1.0,1,1,5
58860304f7ac687337b72cd9c546424d,f50e0207673076aa6cd350a771426079,1.0,1,1,5
59402a12bf267e09c08111b980acd9ff,f50e0207673076aa6cd350a771426079,1.0,1,1,5
5e46241a3cc0414d8ee0be4765689c3b,f50e0207673076aa6cd350a771426079,1.0,1,1,5
5ebcc5c8c91b96b3a4451f88903e0ab1,f50e0207673076aa6cd350a771426079,1.0,1,1,5
607c353644b6dbd5a5324975ae4dea76,f50e0207673076aa6cd350a771426079,1.0,1,1,5
61205a70bc04dfe2dcca28367704ca40,f81d21d920dcc2483b1043a064f3a9bd,1.0,1,2,4
6181411328cc49b514bc84fa11502752,f81d21d920dcc2483b1043a064f3a9bd,1.0,1,2,4
6211c8be2376d76002f5a68e610700a2,f50e0207673076aa6cd350a771426079,1.0,1,1,5
624e5a79f725335e414f35d3ebb3906a,f50e0207673076aa6cd350a771426079,1.0,1,1,5
627aa63b0566ed147902c17120483893,f50e0207673076aa6cd350a771426079,1.0,1,1,5
62d04de212af0333758cfb1a2d98dad0,768e9ed92dd4fe880672c8e90dc4f74c,1.0,1,3,3
62d04de212af0333758cfb1a2d98dad0,9cbd11daac8f21468a69219da8eeed76,1.0,1,3,3
62d04de212af0333758cfb1a2d98dad0,a96d5cfa0d3181817e2b946f921ea021,1.0,1,3,3
62d04de212af0333758cfb1a2d98dad0,c85df1c6ef6f7bb605e1c49d34f172ee,1.0,1,3,3
62d04de212af0333758cfb1a2d98dad0,e87cdd2fb9f1d3ff3438a9d02e454793,1.0,1,3,3
639a2f7f050e7e37eebaf7a74aceed51,f50e0207673076aa6cd350a771426079,1.0,1,1,5
66858579ff59b434fdd5fc78302514a8,f50e0207673076aa6cd350a771426079,1.0,1,1,5
66f61ee7e79db4444c7d00a9c5783a04,f50e0207673076aa6cd350a771426079,1.0,1,1,5
678c7cf33c88babf7648252630b50b87,f50e0207673076aa6cd350a771426079,1.0,1,1,5
680ca46a7747ede65ea40c92b183a4f4,f50e0207673076aa6cd350a771426079,1.0,1,1,5
699ed48250faf9f3d41e91f4ede36364,f50e0207673076aa6cd350a771426079,1.0,1,1,5
6a1afdc6c02bdfc2997c11c65a5771cb,f50e0207673076aa6cd350a771426079,1.0,1,1,5
6bf9ed8d1f308973402be5de3bd85453,f50e0207673076aa6cd350a771426079,1.0,1,1,5
6d0b0c852f6d5ebac937dc59c36a88f3,f50e0207673076aa6cd350a771426079,1.0,1,1,5
6db3c61deb6b9959f4204e302af02215,f81d21d920dcc2483b1043a064f3a9bd,1.0,1,2,4
6dc91982f7a9db03fb1e65fe59d89b1c,f50e0207673076aa6cd350a771426079,1.0,1,1,5
6df827ed74b2b39a2b18b83ba11949c5,f50e0207673076aa6cd350a771426079,1.0,1,1,5
6f15aaa0c60624c29603fc02fe85c474,f50e0207673076aa6cd350a771426079,1.0,1,1,5
7034f37a1eb2804f0516f8dd43079110,f50e0207673076aa6cd350a771426079,1.0,1,1,5
7184ae297323ab27f3e39fb55dcf8d8d,f50e0207673076aa6cd350a771426079,1.0,1,1,5
718e75787e76d665818ef5b40f217c75,f50e0207673076aa6cd350a771426079,1.0,1,1,5
71cf80748ed347ba6a5fd7e0a0828eea,f50e0207673076aa6cd350a771426079,1.0,1,1,5
7325a5b1220c24098d76206f8b9a3362,f50e0207673076aa6cd350a771426079,1.0,1,1,5
75095b17a04a12410cdf890291bbcfc3,f50e0207673076aa6cd350a771426079,1.0,1,1,5
768e9ed92dd4fe880672c8e90dc4f74c,9cbd11daac8f21468a69219da8eeed76,1.0,1,3,3
768e9ed92dd4fe880672c8e90dc4f74c,a96d5cfa0d3181817e2b946f921ea021,1.0,1,3,3
768e9ed92dd4fe880672c8e90dc4f74c,c85df1c6ef6f7bb605e1c49d34f172ee,1.0,1,3,3
768e9ed92dd4fe880672c8e90dc4f74c,e87cdd2fb9f1d3ff3438a9d02e454793,1.0,1,3,3
774472d1d95c93977d299b48b24b0a2e,f50e0207673076aa6cd350a771426079,1.0,1,1,5
798c51ba7cb7ae0428009a93ee51ebb8,f81d21d920dcc2483b1043a064f3a9bd,1.0,1,2,4
79f6bb4f638b4214ad8d62d60148a280,f50e0207673076aa6cd350a771426079,1.0,1,1,5
7a1cc61a37298c3f36d52a699b1e38cf,f50e0207673076aa6cd350a771426079,1.0,1,1,5
7b49b7bf6b00c833bcb7436987ccb511,f50e0207673076aa6cd350a771426079,1.0,1,1,5
7baa53c871409eb1940b6b4188b7a8eb,f50e0207673076aa6cd350a771426079,1.0,1,1,5
7dddd924d92a307ffa2261b855b4ac27,f50e0207673076aa6cd350a771426079,1.0,1,1,5
817dda6a694ae70dbe4157d6a5ec917d,f81d21d920dcc2483b1043a064f3a9bd,1.0,1,2,4
85234917cd71e079f2cb073da6f28fdb,f50e0207673076aa6cd350a771426079,1.0,1,1,5
8562cb7be6bb8698157e2d6522247f47,f50e0207673076aa6cd350a771426079,1.0,1,1,5
868c08490fae8d01bd8a569f0e15d02c,f50e0207673076aa6cd350a771426079,1.0,1,1,5
87aecbf5cf4d5e1f984e1d7a481c4f93,f50e0207673076aa6cd350a771426079,1.0,1,1,5
897b1d92f53f6c7762b36b3e808f4d80,f50e0207673076aa6cd350a771426079,1.0,1,1,5
8bc6490faac5eb5d8698443dad129f2f,f81d21d920dcc2483b1043a064f3a9bd,1.0,1,2,4
8bf7a2df6dcb6e957a853072328099a1,f50e0207673076aa6cd350a771426079,1.0,1,1,5
8ca9a1c6f69824461e8116029f08b43b,f50e0207673076aa6cd350a771426079,1.0,1,1,5
8cd852749066c2d145e6f14f4e85e98b,f50e0207673076aa6cd350a771426079,1.0,1,1,5
8d4d3f218fc6a54644a4c03a56e52f0e,f50e0207673076aa6cd350a771426079,1.0,1,1,5
8df90f3c2baf58eb80e804c7567e467f,f50e0207673076aa6cd350a771426079,1.0,1,1,5
8e84222ad36cb6ab528b745ae6e18d11,f81d21d920dcc2483b1043a064f3a9bd,1.0,1,2,4
8e8b93eb17dd51b9b77e72eedb03dd32,f81d21d920dcc2483b1043a064f3a9bd,1.0,1,2,4
8f5cea6168eb36b5c75205b12d5d2c5e,f50e0207673076aa6cd350a771426079,1.0,1,1,5
8fc1b266e54db64c474e6c7909e58dc0,f50e0207673076aa6cd350a771426079,1.0,1,1,5
8ff97d7c368d3815ee0d62687cd1f934,f50e0207673076aa6cd350a771426079,1.0,1,1,5
9046541463206bb0f8dcba0018853adc,f50e0207673076aa6cd350a771426079,1.0,1,1,5
9065112d8c6b59afef09c2fc67c5025e,f50e0207673076aa6cd350a771426079,1.0,1,1,5
91c52f2a0dc4b8665cdf1a5a7cc3570f,f50e0207673076aa6cd350a771426079,1.0,1,1,5
92cacd5d8e7a748b2a50db01988535b8,f81d21d920dcc2483b1043a064f3a9bd,1.0,1,2,4
96c54a8cc8281eb974434459804c2ea5,f50e0207673076aa6cd350a771426079,1.0,1,1,5
97ccf3e2a22c7979dc99e3cad4e0326c,f50e0207673076aa6cd350a771426079,1.0,1,1,5
97f33c3c715c866be7eade4186a891bd,f81d21d920dcc2483b1043a064f3a9bd,1.0,1,2,4
98aade720fde092ebf69cb336b0fc8ac,f50e0207673076aa6cd350a771426079,1.0,1,1,5
98c685c36c1970b445ef6f5b8c15f7c7,f50e0207673076aa6cd350a771426079,1.0,1,1,5
9c783b1c0d1721ab1bd09499aad53c32,f50e0207673076aa6cd350a771426079,1.0,1,1,5
9cbd11daac8f21468a69219da8eeed76,a96d5cfa0d3181817e2b946f921ea021,1.0,1,3,3
9cbd11daac8f21468a69219da8eeed76,c85df1c6ef6f7bb605e1c49d34f172ee,1.0,1,3,3
9cbd11daac8f21468a69219da8eeed76,e87cdd2fb9f1d3ff3438a9d02e454793,1.0,1,3,3
9d0ac1cdbfc919d676e2c2377abb32c1,f50e0207673076aa6cd350a771426079,1.0,1,1,5
9da935f0be40e2ceb003fe01731fac57,f81d21d920dcc2483b1043a064f3a9bd,1.0,1,2,4
9e4159995424971423b98c4a8bc11529,f81d21d920dcc2483b1043a064f3a9bd,1.0,1,2,4
9e8876439507a7c603809927dd6ef09d,f50e0207673076aa6cd350a771426079,1.0,1,1,5
9fdcbc70784e835736b2fc6034707c18,f50e0207673076aa6cd350a771426079,1.0,1,1,5
a0232b17e5055711b7fc036dffd34f39,f50e0207673076aa6cd350a771426079,1.0,1,1,5
a047a295e19f2cc33a6c72836cea230d,f50e0207673076aa6cd350a771426079,1.0,1,1,5
a187c6cdc4e0f4c009ec12186668a7f6,f50e0207673076aa6cd350a771426079,1.0,1,1,5
a332b2f91037ef2205e2fe0c7d9a88e9,f50e0207673076aa6cd350a771426079,1.0,1,1,5
a3bb0985613cffa74e31739b234b3b2b,f50e0207673076aa6cd350a771426079,1.0,1,1,5
a41c1c664fed16013ba77a1b4a874638,f50e0207673076aa6cd350a771426079,1.0,1,1,5
a4fd91dd92817169a032d202f2c1aa06,f50e0207673076aa6cd350a771426079,1.0,1,1,5
a6303dd3323275ac03b5c38a55a16659,f81d21d920dcc2483b1043a064f3a9bd,1.0,1,2,4
a7932218ab192b7c1dac7e7a847ab21d,f50e0207673076aa6cd350a771426079,1.0,1,1,5
a85a25b2bd1193d70d8ff2b1562c8a72,f50e0207673076aa6cd350a771426079,1.0,1,1,5
a8b63082839705d865544076498d86d3,f50e0207673076aa6cd350a771426079,1.0,1,1,5
a96d5cfa0d3181817e2b946f921ea021,c85df1c6ef6f7bb605e1c49d34f172ee,1.0,1,3,3
a96d5cfa0d3181817e2b946f921ea021,e87cdd2fb9f1d3ff3438a9d02e454793,1.0,1,3,3
a9e7ef3d62f583d305fccfcc632f45df,f81d21d920dcc2483b1043a064f3a9bd,1.0,1,2,4
aab7b1bac22bbdd1444b28a6e10ba4ce,f50e0207673076aa6cd350a771426079,1.0,1,1,5
aaf2735264f8c3c8663e37137a9913a8,f50e0207673076aa6cd350a771426079,1.0,1,1,5
ac09ed646d92eb26c2fb2365f45e672c,f50e0207673076aa6cd350a771426079,1.0,1,1,5
ae5b8a2e542058597f030d4a128cf81a,f50e0207673076aa6cd350a771426079,1.0,1,1,5
af15e990c1cc87013e6819e3da3f1592,f50e0207673076aa6cd350a771426079,1.0,1,1,5
af361e6472bebb98baf67b62201f9abb,f81d21d920dcc2483b1043a064f3a9bd,1.0,1,2,4
af6f23ebcfaa795b732ac0a7cd27b302,f50e0207673076aa6cd350a771426079,1.0,1,1,5
afad0f2ff6db48eaf48e85d9eff34373,f81d21d920dcc2483b1043a064f3a9bd,1.0,1,2,4
b01d207a038e2e22b2f6eba47d3c92dd,f50e0207673076aa6cd350a771426079,1.0,1,1,5
b10cdda7855556f7ca3e9a9540e45edb,f50e0207673076aa6cd350a771426079,1.0,1,1,5
b1638e7927b982cfe4f93d38a30e6700,f50e0207673076aa6cd350a771426079,1.0,1,1,5
b47ab9a33340be8e600a66b36022eb36,f81d21d920dcc2483b1043a064f3a9bd,1.0,1,2,4
b9873a15933c3393da2738f39e42430f,f50e0207673076aa6cd350a771426079,1.0,1,1,5
b991b7e059c4f9e3743242db138403f7,f81d21d920dcc2483b1043a064f3a9bd,1.0,1,2,4
bae6687e2e07f749eda874adba621bd4,f50e0207673076aa6cd350a771426079,1.0,1,1,5
bbb9032e147e7f048e926bdd0197b7ce,f50e0207673076aa6cd350a771426079,1.0,1,1,5
bbfbf00ca35317821c1d773e7509c4d1,f81d21d920dcc2483b1043a064f3a9bd,1.0,1,2,4
bc129fa5a30c1e9f64d840dd6d0e574a,f81d21d920dcc2483b1043a064f3a9bd,1.0,1,2,4
bcfd923b7801435849731bd1c60509a6,f50e0207673076aa6cd350a771426079,1.0,1,1,5
bd7e16d1c0032497400c7f1cb1c71808,f50e0207673076aa6cd350a771426079,1.0,1,1,5
bdb132c2c3751f7f54a917955dbec063,f50e0207673076aa6cd350a771426079,1.0,1,1,5
bf779ce6baefd04fc0895e7ee0472d3c,f50e0207673076aa6cd350a771426079,1.0,1,1,5
c1134555e9b70e751a09bc5908f5d6fe,f50e0207673076aa6cd350a771426079,1.0,1,1,5
c1a46e8640dbd799c39cb8fb40fd66b7,f50e0207673076aa6cd350a771426079,1.0,1,1,5
c2038b4d8b01ceb6b509e4fc35c543bd,f50e0207673076aa6cd350a771426079,1.0,1,1,5
c3a84c7fd010e516b355cfd1242baa86,f50e0207673076aa6cd350a771426079,1.0,1,1,5
c46ab3da89e5a14bd17c65fa2cad9b76,f50e0207673076aa6cd350a771426079,1.0,1,1,5
c54f254e19da79931e0e07338188cd70,f50e0207673076aa6cd350a771426079,1.0,1,1,5
c5ae8dc077209a38cc64ba830ac26bbd,f81d21d920dcc2483b1043a064f3a9bd,1.0,1,2,4
c6e5667e989cd6d3d1e8f2ab84127978,f50e0207673076aa6cd350a771426079,1.0,1,1,5
c7b5bf93064681e82c7ba602c7a28837,f81d21d920dcc2483b1043a064f3a9bd,1.0,1,2,4
c85df1c6ef6f7bb605e1c49d34f172ee,e87cdd2fb9f1d3ff3438a9d02e454793,1.0,1,3,3
c926f9749e71e831279c2eb90764b647,f50e0207673076aa6cd350a771426079,1.0,1,1,5
c9f630948a29571339069519adb0630d,f50e0207673076aa6cd350a771426079,1.0,1,1,5
cabd63ea066284b36b128a865fb15e2a,f50e0207673076aa6cd350a771426079,1.0,1,1,5
cc821d6cb5873fbcaf145b39e890d867,f50e0207673076aa6cd350a771426079,1.0,1,1,5
cda79a984cb522389ddedda934fd03aa,f50e0207673076aa6cd350a771426079,1.0,1,1,5
cec1a8d048adc6db4b7a2e965d3d5ed0,f50e0207673076aa6cd350a771426079,1.0,1,1,5
d01a79fa5a2fbab32c60144c605dcdc5,f50e0207673076aa6cd350a771426079,1.0,1,1,5
d05655be736276d336124c2cd43a4de9,f50e0207673076aa6cd350a771426079,1.0,1,1,5
d18801986f1018abdb3cba0470a6b9a6,f81d21d920dcc2483b1043a064f3a9bd,1.0,1,2,4
d1da9d696ea8fd3eb079ddacbfb3b243,f50e0207673076aa6cd350a771426079,1.0,1,1,5
d268084c48a453e8a5daa566ceb9c5ac,f50e0207673076aa6cd350a771426079,1.0,1,1,5
d43c9a77c7348ba88fdcac7ee2f600f1,f50e0207673076aa6cd350a771426079,1.0,1,1,5
d43d8070c7681ecb6d6915c00bd16e77,f50e0207673076aa6cd350a771426079,1.0,1,1,5
d5b0cc21590758cf76d4b6123c7802f5,f50e0207673076aa6cd350a771426079,1.0,1,1,5
d7f7552edf5989446012a298ff0d0d9f,f50e0207673076aa6cd350a771426079,1.0,1,1,5
d95d145a21fbfd63292105fbca7116db,f50e0207673076aa6cd350a771426079,1.0,1,1,5
d9ff2c2a02516ec8114c1a4cabade69f,f50e0207673076aa6cd350a771426079,1.0,1,1,5
dab0534f26716b89fab0a6ccdb8de10a,f50e0207673076aa6cd350a771426079,1.0,1,1,5
db16b79a79878863b1a566d75a192639,f50e0207673076aa6cd350a771426079,1.0,1,1,5
dba5683c4fe467ed8da0dc897b8d29f5,f50e0207673076aa6cd350a771426079,1.0,1,1,5
dfeeae009f230d66e18e029ca44e7181,f50e0207673076aa6cd350a771426079,1.0,1,1,5
e006cec3d04f1fd59a5b3ce3809efe2b,f50e0207673076aa6cd350a771426079,1.0,1,1,5
e2fe0b1f9429fdd3215b47c2c115511d,f50e0207673076aa6cd350a771426079,1.0,1,1,5
e6559e513d523a4595e3395b21b6a037,f50e0207673076aa6cd350a771426079,1.0,1,1,5
e7445ffa291c70f6e4e68379acc9ee7a,f50e0207673076aa6cd350a771426079,1.0,1,1,5
eab31b8b1460693c283c2ca79936d106,f50e0207673076aa6cd350a771426079,1.0,1,1,5
ecf034665697bb068f20143aa3fd4e8e,f50e0207673076aa6cd350a771426079,1.0,1,1,5
eed3d9c8e42c6b95338e0a8b675640e6,f81d21d920dcc2483b1043a064f3a9bd,1.0,1,2,4
ef6d43b3ceee29f784c07fca3ff27d71,f50e0207673076aa6cd350a771426079,1.0,1,1,5
ef7c34bf0d4dddef8838454208706360,f50e0207673076aa6cd350a771426079,1.0,1,1,5
f04262ae7b441d112b817c6ff5dd6b60,f50e0207673076aa6cd350a771426079,1.0,1,1,5
f0bde7d292f0931e16e51d29340433ea,f81d21d920dcc2483b1043a064f3a9bd,1.0,1,2,4
f0f25e4076f56c818856f368f7928ae7,f81d21d920dcc2483b1043a064f3a9bd,1.0,1,2,4
f1097c9562bd8f87de1e69c30b3b08eb,f81d21d920dcc2483b1043a064f3a9bd,1.0,1,2,4
f19d60373731c89c95f36599c0a87f67,f50e0207673076aa6cd350a771426079,1.0,1,1,5
f2063195fdb9a77cb1fef31f3b6a346b,f50e0207673076aa6cd350a771426079,1.0,1,1,5
f28fbb32a8241c93945a1047421a270b,f50e0207673076aa6cd350a771426079,1.0,1,1,5
f4002efe3f2ff5f9f323e888b8a6d6eb,f50e0207673076aa6cd350a771426079,1.0,1,1,5
f48786e8f17bab5cef0c96e0ef818d39,f50e0207673076aa6cd350a771426079,1.0,1,1,5
f4aa6200cc73de4d2eec1ff37a131a18,f50e0207673076aa6cd350a771426079,1.0,1,1,5
f4ec1b47a4e08fd853abe5c45f53bb37,f50e0207673076aa6cd350a771426079,1.0,1,1,5
f50e0207673076aa6cd350a771426079,f520cdd2f000658557d6db874bd34a0a,1.0,1,5,1
f50e0207673076aa6cd350a771426079,f55068b90747579e30d2e055155cb93a,1.0,1,5,1
f50e0207673076aa6cd350a771426079,f5b49c7fb49aa5d02b4841b63fe7d529,1.0,1,5,1
f50e0207673076aa6cd350a771426079,f708bf9a3f551fbdf8e3f7fcf4b889e5,1.0,1,5,1
f50e0207673076aa6cd350a771426079,f8ac2d77e561f1a2e945285431eabff8,1.0,1,5,1
f50e0207673076aa6cd350a771426079,f9d364fc4325aa3a238fa52a8b92b0c4,1.0,1,5,1
f50e0207673076aa6cd350a771426079,fcc04bd980045e3fc0f78fe4578dbf15,1.0,1,5,1
f50e0207673076aa6cd350a771426079,fd4fbaea0fdd24464c6e1738ce21a5ea,1.0,1,5,1
f50e0207673076aa6cd350a771426079,fe3ff2b93571c00e1f2fa3bd25c845f7,1.0,1,5,1
f50e0207673076aa6cd350a771426079,ff9c5dff16d7d6bfefc2acf5088d7b90,1.0,1,5,1
f81d21d920dcc2483b1043a064f3a9bd,fb68daff9a009ca8d050e427e84c231e,1.0,1,4,2
10117b5de5f5a438af572fce7b0639c6,cdb5cfd897eae464933d6fbd24354fbf,1.0,1,2,4
2838f9f0dab6f7621f3ac149ac0b7204,cdb5cfd897eae464933d6fbd24354fbf,1.0,1,2,4
621a8f64eb2b310fb4c518fbeef9774b,cdb5cfd897eae464933d6fbd24354fbf,1.0,1,2,4
99d909bacd88dc7a0298d3256ff13716,cdb5cfd897eae464933d6fbd24354fbf,1.0,1,2,4
ac34c6ac0b84f376ed037d65c5de029d,cdb5cfd897eae464933d6fbd24354fbf,1.0,1,2,4
b44b5bf7130f8716dfc324fecd6126ed,cdb5cfd897eae464933d6fbd24354fbf,1.0,1,2,4
b7737cd1c12adf6a0bc2de497ce2935d,cdb5cfd897eae464933d6fbd24354fbf,1.0,1,2,4
003e2af81ea3c72fbdd093f07724a4de,38244f285d64696e19b5d2ff854a3ea3,1.0,1,2,4
21a0245a37a2ab9d020db08b1ec03616,38244f285d64696e19b5d2ff854a3ea3,1.0,1,2,4
2e723603179e96cba8649edd5efb09cb,38244f285d64696e19b5d2ff854a3ea3,1.0,1,2,4
38244f285d64696e19b5d2ff854a3ea3,698dfdfff167464e3b853bf781150788,1.0,1,4,2
38244f285d64696e19b5d2ff854a3ea3,9648ed501d8dbf31fda943cd91da7d18,1.0,1,4,2
38244f285d64696e19b5d2ff854a3ea3,a6a0c904d529993ad1b94441eb5dfce7,1.0,1,4,2
38244f285d64696e19b5d2ff854a3ea3,b00cb5282106fb1f38e5407213c6a392,1.0,1,4,2
38244f285d64696e19b5d2ff854a3ea3,cd779dde46c7e539d250869c0ab7ba6f,1.0,1,4,2
755b01b2c86cb92e6b25d45f9fa8c238,bf06b935e76a7545da01410a6befbb1c,1.0,1,3,3
755b01b2c86cb92e6b25d45f9fa8c238,cfa9a212b3e5986d1b03abe4c2acff4b,1.0,1,3,3
755b01b2c86cb92e6b25d45f9fa8c238,d1ac08467e5ac5e907b719c89c80ff2c,1.0,1,3,3
bf06b935e76a7545da01410a6befbb1c,cfa9a212b3e5986d1b03abe4c2acff4b,1.0,1,3,3
bf06b935e76a7545da01410a6befbb1c,d1ac08467e5ac5e907b719c89c80ff2c,1.0,1,3,3
cfa9a212b3e5986d1b03abe4c2acff4b,d1ac08467e5ac5e907b719c89c80ff2c,1.0,1,3,3
62a7980dafa5c5b4de80c87ad992e576,c4c14d1734ff3c369881745dd0e96159,1.0,1,3,3
0501840168467a2d31102cf755e6ebcb,9aa77033cbc28074b161f96cbda9b7c4,1.0,1,2,4
2da5ee41ace2b004297ab83756b6639e,9aa77033cbc28074b161f96cbda9b7c4,1.0,1,2,4
61ac7e9c4e03f8bfcc5ce5cd7c0fd2ce,c5f8ad9c7a984ed40bafe7cf3da28991,1.0,1,3,3
7dd4e8dc5ce5ee85eb05634a38402b6c,9aa77033cbc28074b161f96cbda9b7c4,1.0,1,2,4
8731e1c5aa27eced509f47d8012ff81e,9aa77033cbc28074b161f96cbda9b7c4,1.0,1,2,4
084d29b95577d79bd5ce9019727daa66,2becf6f55d064453e6d7abe2af4ad36b,1.0,1,3,3
084d29b95577d79bd5ce9019727daa66,31b8437b83b69d714e1567144351b70f,1.0,1,3,3
084d29b95577d79bd5ce9019727daa66,af0e8073c41a35f102f00bc95792d93a,1.0,1,3,3
0f9f27181c40055d05fad67ca71ae408,43d8583b06491695df9872fa1ef418af,1.0,1,2,4
1e36e008b130c0ff158f3852ff94241d,43d8583b06491695df9872fa1ef418af,1.0,1,2,4
2b9232e6420338fd502e6fe6a7cd05e4,43d8583b06491695df9872fa1ef418af,1.0,1,2,4
2becf6f55d064453e6d7abe2af4ad36b,31b8437b83b69d714e1567144351b70f,1.0,1,3,3
2becf6f55d064453e6d7abe2af4ad36b,af0e8073c41a35f102f00bc95792d93a,1.0,1,3,3
31b8437b83b69d714e1567144351b70f,af0e8073c41a35f102f00bc95792d93a,1.0,1,3,3
32ba49ee642a4d52b545acbe1c32ca50,43d8583b06491695df9872fa1ef418af,1.0,1,2,4
3364be53363f9197e8be5b225b62bf82,43d8583b06491695df9872fa1ef418af,1.0,1,2,4
36208b4ee25d4fd88b28e927f318dc9f,43d8583b06491695df9872fa1ef418af,1.0,1,2,4
43d8583b06491695df9872fa1ef418af,4fc947b98e39aa4adf055a99dd82fe13,1.0,1,4,2
43d8583b06491695df9872fa1ef418af,502296229b3ef977c9358849ec2c314f,1.0,1,4,2
43d8583b06491695df9872fa1ef418af,6a05bcfd431dfae78ac8e99ea5e9c666,1.0,1,4,2
43d8583b06491695df9872fa1ef418af,6ed6a41250b1e99e3bd5e6ecc297dfaf,1.0,1,4,2
43d8583b06491695df9872fa1ef418af,7d3af805295c05f0b9379b88a779e6c1,1.0,1,4,2
43d8583b06491695df9872fa1ef418af,8c214224a7332bf822f4837aa94e0813,1.0,1,4,2
43d8583b06491695df9872fa1ef418af,9f8b9e9b091d1c81423e52c4e0839975,1.0,1,4,2
43d8583b06491695df9872fa1ef418af,b96977c98297c1f35980dca464fad4e9,1.0,1,4,2
43d8583b06491695df9872fa1ef418af,de8e3d9562f8279bf243c39051edc9a5,1.0,1,4,2
004f84d065096f3cedd26cf0adc80b9d,2b80802d3e1ca452e18559c9c999b11e,1.0,1,2,4
004f84d065096f3cedd26cf0adc80b9d,86187e13a3420bf45ceeddbfc7843113,1.0,1,2,4
004f84d065096f3cedd26cf0adc80b9d,bb9b4553d42e28d6b5d59fd8b2540207,1.0,1,2,4
01bbbfc56b8ec1052e46f260226e34f9,21da1ed023e8748fc0716785be815825,1.0,1,3,3
01bbbfc56b8ec1052e46f260226e34f9,ed18ac3d4b68e1401845d3e48636a8e8,1.0,1,3,3
0213fe7fbaa0a7e81c16350785e367e6,2b80802d3e1ca452e18559c9c999b11e,1.0,1,2,4
0213fe7fbaa0a7e81c16350785e367e6,86187e13a3420bf45ceeddbfc7843113,1.0,1,2,4
0213fe7fbaa0a7e81c16350785e367e6,bb9b4553d42e28d6b5d59fd8b2540207,1.0,1,2,4
204411895cd94da85bf16cdd8b6fafb2,2b80802d3e1ca452e18559c9c999b11e,1.0,1,2,4
204411895cd94da85bf16cdd8b6fafb2,86187e13a3420bf45ceeddbfc7843113,1.0,1,2,4
204411895cd94da85bf16cdd8b6fafb2,bb9b4553d42e28d6b5d59fd8b2540207,1.0,1,2,4
21da1ed023e8748fc0716785be815825,ed18ac3d4b68e1401845d3e48636a8e8,1.0,1,3,3
2b80802d3e1ca452e18559c9c999b11e,5fe43c878638f310d21749d3bd1d6c7e,1.0,1,4,2
2b80802d3e1ca452e18559c9c999b11e,86d5fcfc40bc1ee2c39dca75dc170ea7,1.0,1,4,2
2b80802d3e1ca452e18559c9c999b11e,9379f6403d2e2da30aef74905171b1f4,1.0,1,4,2
2b80802d3e1ca452e18559c9c999b11e,f9c289f38556adfd667697beccb72818,1.0,1,4,2
5fe43c878638f310d21749d3bd1d6c7e,86187e13a3420bf45ceeddbfc7843113,1.0,1,2,4
5fe43c878638f310d21749d3bd1d6c7e,bb9b4553d42e28d6b5d59fd8b2540207,1.0,1,2,4
86187e13a3420bf45ceeddbfc7843113,86d5fcfc40bc1ee2c39dca75dc170ea7,1.0,1,4,2
86187e13a3420bf45ceeddbfc7843113,9379f6403d2e2da30aef74905171b1f4,1.0,1,4,2
86187e13a3420bf45ceeddbfc7843113,f9c289f38556adfd667697beccb72818,1.0,1,4,2
86d5fcfc40bc1ee2c39dca75dc170ea7,bb9b4553d42e28d6b5d59fd8b2540207,1.0,1,2,4
9379f6403d2e2da30aef74905171b1f4,bb9b4553d42e28d6b5d59fd8b2540207,1.0,1,2,4
bb9b4553d42e28d6b5d59fd8b2540207,f9c289f38556adfd667697beccb72818,1.0,1,4,2
00522457bba00bba576a34fd9b4808fd,dc38b31bbf7da8165b8daff2dee40329,1.0,1,1,5
25dbd63e1d753e41c901ba5589216811,dc38b31bbf7da8165b8daff2dee40329,1.0,1,1,5
3815f06e9d85c0b0dc33e80abebbb0fb,dc38b31bbf7da8165b8daff2dee40329,1.0,1,1,5
4e548cf7c1fbe24f6fe70c90942a3202,dc38b31bbf7da8165b8daff2dee40329,1.0,1,1,5
c204ea72a5a72e1b4a09af3b34b807d0,dc38b31bbf7da8165b8daff2dee40329,1.0,1,1,5
006a8c1784d622ebe06bab57e72ee045,7b35fb694a1c478f507173167fbe234e,1.0,1,1,5
006a8c1784d622ebe06bab57e72ee045,82cffd5880c953933b9ebe4e4789edd0,1.0,1,1,5
006a8c1784d622ebe06bab57e72ee045,9fafb9bc4f2296fe5d2d0bc2f8e19a0b,1.0,1,1,5
006a8c1784d622ebe06bab57e72ee045,eb742a3b914c53d45f1a30c8e2fcd8bd,1.0,1,1,5
00797f371bc0f6adb4d267be541a92da,7b35fb694a1c478f507173167fbe234e,1.0,1,1,5
00797f371bc0f6adb4d267be541a92da,82cffd5880c953933b9ebe4e4789edd0,1.0,1,1,5
00797f371bc0f6adb4d267be541a92da,9fafb9bc4f2296fe5d2d0bc2f8e19a0b,1.0,1,1,5
00797f371bc0f6adb4d267be541a92da,eb742a3b914c53d45f1a30c8e2fcd8bd,1.0,1,1,5
00bfe974afd63b30ed282dc69892fb98,4df9aee56fa602c72756abb22ee60b17,1.0,1,2,4
00bfe974afd63b30ed282dc69892fb98,6cd5ad2783f175ab9dac5072bc7e3d73,1.0,1,2,4
00bfe974afd63b30ed282dc69892fb98,cc02224a63bfaa52e0007916dea1b669,1.0,1,2,4
01561f92006fd3ba8a8a4246b7f38101,4df9aee56fa602c72756abb22ee60b17,1.0,1,2,4
01561f92006fd3ba8a8a4246b7f38101,6cd5ad2783f175ab9dac5072bc7e3d73,1.0,1,2,4
01561f92006fd3ba8a8a4246b7f38101,cc02224a63bfaa52e0007916dea1b669,1.0,1,2,4
02943af04041ca7713d7ef096d5d7a8a,7b35fb694a1c478f507173167fbe234e,1.0,1,1,5
02943af04041ca7713d7ef096d5d7a8a,82cffd5880c953933b9ebe4e4789edd0,1.0,1,1,5
02943af04041ca7713d7ef096d5d7a8a,9fafb9bc4f2296fe5d2d0bc2f8e19a0b,1.0,1,1,5
02943af04041ca7713d7ef096d5d7a8a,eb742a3b914c53d45f1a30c8e2fcd8bd,1.0,1,1,5
04bfca470bca6cb201479f0d7a57c7f9,7b35fb694a1c478f507173167fbe234e,1.0,1,1,5
04bfca470bca6cb201479f0d7a57c7f9,82cffd5880c953933b9ebe4e4789edd0,1.0,1,1,5
04bfca470bca6cb201479f0d7a57c7f9,9fafb9bc4f2296fe5d2d0bc2f8e19a0b,1.0,1,1,5
04bfca470bca6cb201479f0d7a57c7f9,eb742a3b914c53d45f1a30c8e2fcd8bd,1.0,1,1,5
05b5bf96be35948171c3ddbf97c7536b,7b35fb694a1c478f507173167fbe234e,1.0,1,1,5
05b5bf96be35948171c3ddbf97c7536b,82cffd5880c953933b9ebe4e4789edd0,1.0,1,1,5
05b5bf96be35948171c3ddbf97c7536b,9fafb9bc4f2296fe5d2d0bc2f8e19a0b,1.0,1,1,5
05b5bf96be35948171c3ddbf97c7536b,eb742a3b914c53d45f1a30c8e2fcd8bd,1.0,1,1,5
06f6ca742a26f906cac6f9f1ee7656d4,7b35fb694a1c478f507173167fbe234e,1.0,1,1,5
06f6ca742a26f906cac6f9f1ee7656d4,82cffd5880c953933b9ebe4e4789edd0,1.0,1,1,5
06f6ca742a26f906cac6f9f1ee7656d4,9fafb9bc4f2296fe5d2d0bc2f8e19a0b,1.0,1,1,5
06f6ca742a26f906cac6f9f1ee7656d4,eb742a3b914c53d45f1a30c8e2fcd8bd,1.0,1,1,5
07292d06afd6c45ff8de56079ef4cfdc,7b35fb694a1c478f507173167fbe234e,1.0,1,1,5
07292d06afd6c45ff8de56079ef4cfdc,82cffd5880c953933b9ebe4e4789edd0,1.0,1,1,5
07292d06afd6c45ff8de56079ef4cfdc,9fafb9bc4f2296fe5d2d0bc2f8e19a0b,1.0,1,1,5
07292d06afd6c45ff8de56079ef4cfdc,eb742a3b914c53d45f1a30c8e2fcd8bd,1.0,1,1,5
08093480aa587422c2c694a534ddaf3a,7b35fb694a1c478f507173167fbe234e,1.0,1,1,5
08093480aa587422c2c694a534ddaf3a,82cffd5880c953933b9ebe4e4789edd0,1.0,1,1,5
08093480aa587422c2c694a534ddaf3a,9fafb9bc4f2296fe5d2d0bc2f8e19a0b,1.0,1,1,5
08093480aa587422c2c694a534ddaf3a,eb742a3b914c53d45f1a30c8e2fcd8bd,1.0,1,1,5
08a5e43a460ed2d16c7ca07bf3ebd815,7b35fb694a1c478f507173167fbe234e,1.0,1,1,5
08a5e43a460ed2d16c7ca07bf3ebd815,82cffd5880c953933b9ebe4e4789edd0,1.0,1,1,5
08a5e43a460ed2d16c7ca07bf3ebd815,9fafb9bc4f2296fe5d2d0bc2f8e19a0b,1.0,1,1,5
08a5e43a460ed2d16c7ca07bf3ebd815,eb742a3b914c53d45f1a30c8e2fcd8bd,1.0,1,1,5
08f41d7a0e37794d8852fc796141e2e6,7b35fb694a1c478f507173167fbe234e,1.0,1,1,5
08f41d7a0e37794d8852fc796141e2e6,82cffd5880c953933b9ebe4e4789edd0,1.0,1,1,5
08f41d7a0e37794d8852fc796141e2e6,9fafb9bc4f2296fe5d2d0bc2f8e19a0b,1.0,1,1,5
08f41d7a0e37794d8852fc796141e2e6,eb742a3b914c53d45f1a30c8e2fcd8bd,1.0,1,1,5
0a9d365af1a48bc62a840243cdfcb4e6,7b35fb694a1c478f507173167fbe234e,1.0,1,1,5
0a9d365af1a48bc62a840243cdfcb4e6,82cffd5880c953933b9ebe4e4789edd0,1.0,1,1,5
0a9d365af1a48bc62a840243cdfcb4e6,9fafb9bc4f2296fe5d2d0bc2f8e19a0b,1.0,1,1,5
0a9d365af1a48bc62a840243cdfcb4e6,eb742a3b914c53d45f1a30c8e2fcd8bd,1.0,1,1,5
0af17a81442299d992348c65d70ff4db,7b35fb694a1c478f507173167fbe234e,1.0,1,1,5
0af17a81442299d992348c65d70ff4db,82cffd5880c953933b9ebe4e4789edd0,1.0,1,1,5
0af17a81442299d992348c65d70ff4db,9fafb9bc4f2296fe5d2d0bc2f8e19a0b,1.0,1,1,5
0af17a81442299d992348c65d70ff4db,eb742a3b914c53d45f1a30c8e2fcd8bd,1.0,1,1,5
0b772332566a51299fda7ea04c96cba4,7b35fb694a1c478f507173167fbe234e,1.0,1,1,5
0b772332566a51299fda7ea04c96cba4,82cffd5880c953933b9ebe4e4789edd0,1.0,1,1,5
0b772332566a51299fda7ea04c96cba4,9fafb9bc4f2296fe5d2d0bc2f8e19a0b,1.0,1,1,5
0b772332566a51299fda7ea04c96cba4,eb742a3b914c53d45f1a30c8e2fcd8bd,1.0,1,1,5
0b8cdfff31c16993664702e011f530ce,7b35fb694a1c478f507173167fbe234e,1.0,1,1,5
0b8cdfff31c16993664702e011f530ce,82cffd5880c953933b9ebe4e4789edd0,1.0,1,1,5
0b8cdfff31c16993664702e011f530ce,9fafb9bc4f2296fe5d2d0bc2f8e19a0b,1.0,1,1,5
0b8cdfff31c16993664702e011f530ce,eb742a3b914c53d45f1a30c8e2fcd8bd,1.0,1,1,5
0baff0ebd92e998ee0f4a8f812070ec8,4df9aee56fa602c72756abb22ee60b17,1.0,1,2,4
0baff0ebd92e998ee0f4a8f812070ec8,6cd5ad2783f175ab9dac5072bc7e3d73,1.0,1,2,4
0baff0ebd92e998ee0f4a8f812070ec8,cc02224a63bfaa52e0007916dea1b669,1.0,1,2,4
0c9370f31e3bf20c068a9d9ada3ea903,7b35fb694a1c478f507173167fbe234e,1.0,1,1,5
0c9370f31e3bf20c068a9d9ada3ea903,82cffd5880c953933b9ebe4e4789edd0,1.0,1,1,5
0c9370f31e3bf20c068a9d9ada3ea903,9fafb9bc4f2296fe5d2d0bc2f8e19a0b,1.0,1,1,5
0c9370f31e3bf20c068a9d9ada3ea903,eb742a3b914c53d45f1a30c8e2fcd8bd,1.0,1,1,5
0de8fca815c152cde2197d1f7e191f75,7b35fb694a1c478f507173167fbe234e,1.0,1,1,5
0de8fca815c152cde2197d1f7e191f75,82cffd5880c953933b9ebe4e4789edd0,1.0,1,1,5
0de8fca815c152cde2197d1f7e191f75,9fafb9bc4f2296fe5d2d0bc2f8e19a0b,1.0,1,1,5
0de8fca815c152cde2197d1f7e191f75,eb742a3b914c53d45f1a30c8e2fcd8bd,1.0,1,1,5
0e3e01275a3d617393b91e4c1029e3dc,7b35fb694a1c478f507173167fbe234e,1.0,1,1,5
0e3e01275a3d617393b91e4c1029e3dc,82cffd5880c953933b9ebe4e4789edd0,1.0,1,1,5
0e3e01275a3d617393b91e4c1029e3dc,9fafb9bc4f2296fe5d2d0bc2f8e19a0b,1.0,1,1,5
0e3e01275a3d617393b91e4c1029e3dc,eb742a3b914c53d45f1a30c8e2fcd8bd,1.0,1,1,5
0fee4adcd47e19eb91c84f2449500247,7b35fb694a1c478f507173167fbe234e,1.0,1,1,5
0fee4adcd47e19eb91c84f2449500247,82cffd5880c953933b9ebe4e4789edd0,1.0,1,1,5
0fee4adcd47e19eb91c84f2449500247,9fafb9bc4f2296fe5d2d0bc2f8e19a0b,1.0,1,1,5
0fee4adcd47e19eb91c84f2449500247,eb742a3b914c53d45f1a30c8e2fcd8bd,1.0,1,1,5
1013194e8e0710a463933a1b01e9dbc3,7b35fb694a1c478f507173167fbe234e,1.0,1,1,5
1013194e8e0710a463933a1b01e9dbc3,82cffd5880c953933b9ebe4e4789edd0,1.0,1,1,5
1013194e8e0710a463933a1b01e9dbc3,9fafb9bc4f2296fe5d2d0bc2f8e19a0b,1.0,1,1,5
1013194e8e0710a463933a1b01e9dbc3,eb742a3b914c53d45f1a30c8e2fcd8bd,1.0,1,1,5
1029c9af0ba3fa1769ae5c879c6fcb35,7b35fb694a1c478f507173167fbe234e,1.0,1,1,5
1029c9af0ba3fa1769ae5c879c6fcb35,82cffd5880c953933b9ebe4e4789edd0,1.0,1,1,5
1029c9af0ba3fa1769ae5c879c6fcb35,9fafb9bc4f2296fe5d2d0bc2f8e19a0b,1.0,1,1,5
1029c9af0ba3fa1769ae5c879c6fcb35,eb742a3b914c53d45f1a30c8e2fcd8bd,1.0,1,1,5
116eb01461ae0ac3f20de05d49756fa1,7b35fb694a1c478f507173167fbe234e,1.0,1,1,5
116eb01461ae0ac3f20de05d49756fa1,82cffd5880c953933b9ebe4e4789edd0,1.0,1,1,5
116eb01461ae0ac3f20de05d49756fa1,9fafb9bc4f2296fe5d2d0bc2f8e19a0b,1.0,1,1,5
116eb01461ae0ac3f20de05d49756fa1,eb742a3b914c53d45f1a30c8e2fcd8bd,1.0,1,1,5
133c1a11944c3c8f0174c08c4f0d24db,4df9aee56fa602c72756abb22ee60b17,1.0,1,2,4
133c1a11944c3c8f0174c08c4f0d24db,6cd5ad2783f175ab9dac5072bc7e3d73,1.0,1,2,4
133c1a11944c3c8f0174c08c4f0d24db,cc02224a63bfaa52e0007916dea1b669,1.0,1,2,4
1363c62de6c14f60355310d49546b720,7b35fb694a1c478f507173167fbe234e,1.0,1,1,5
1363c62de6c14f60355310d49546b720,82cffd5880c953933b9ebe4e4789edd0,1.0,1,1,5
1363c62de6c14f60355310d49546b720,9fafb9bc4f2296fe5d2d0bc2f8e19a0b,1.0,1,1,5
1363c62de6c14f60355310d49546b720,eb742a3b914c53d45f1a30c8e2fcd8bd,1.0,1,1,5
13c5865b7b534dbe5983384eb555ed1c,4df9aee56fa602c72756abb22ee60b17,1.0,1,2,4
13c5865b7b534dbe5983384eb555ed1c,6cd5ad2783f175ab9dac5072bc7e3d73,1.0,1,2,4
13c5865b7b534dbe5983384eb555ed1c,cc02224a63bfaa52e0007916dea1b669,1.0,1,2,4
13ece232fdf1ca084551f8a7d1fa503b,7b35fb694a1c478f507173167fbe234e,1.0,1,1,5
13ece232fdf1ca084551f8a7d1fa503b,82cffd5880c953933b9ebe4e4789edd0,1.0,1,1,5
13ece232fdf1ca084551f8a7d1fa503b,9fafb9bc4f2296fe5d2d0bc2f8e19a0b,1.0,1,1,5
13ece232fdf1ca084551f8a7d1fa503b,eb742a3b914c53d45f1a30c8e2fcd8bd,1.0,1,1,5
146a2253a3918c412431c4cb9d13b863,4df9aee56fa602c72756abb22ee60b17,1.0,1,2,4
146a2253a3918c412431c4cb9d13b863,6cd5ad2783f175ab9dac5072bc7e3d73,1.0,1,2,4
146a2253a3918c412431c4cb9d13b863,cc02224a63bfaa52e0007916dea1b669,1.0,1,2,4
15459cd10a963461ad4b5eeb0a09ba84,7b35fb694a1c478f507173167fbe234e,1.0,1,1,5
15459cd10a963461ad4b5eeb0a09ba84,82cffd5880c953933b9ebe4e4789edd0,1.0,1,1,5
15459cd10a963461ad4b5eeb0a09ba84,9fafb9bc4f2296fe5d2d0bc2f8e19a0b,1.0,1,1,5
15459cd10a963461ad4b5eeb0a09ba84,eb742a3b914c53d45f1a30c8e2fcd8bd,1.0,1,1,5
16cfeea551909cfb6cfbafad8ad059ec,7b35fb694a1c478f507173167fbe234e,1.0,1,1,5
16cfeea551909cfb6cfbafad8ad059ec,82cffd5880c953933b9ebe4e4789edd0,1.0,1,1,5
16cfeea551909cfb6cfbafad8ad059ec,9fafb9bc4f2296fe5d2d0bc2f8e19a0b,1.0,1,1,5
16cfeea551909cfb6cfbafad8ad059ec,eb742a3b914c53d45f1a30c8e2fcd8bd,1.0,1,1,5
18492e62ff399a6263616b7b9181dd45,7b35fb694a1c478f507173167fbe234e,1.0,1,1,5
18492e62ff399a6263616b7b9181dd45,82cffd5880c953933b9ebe4e4789edd0,1.0,1,1,5
18492e62ff399a6263616b7b9181dd45,9fafb9bc4f2296fe5d2d0bc2f8e19a0b,1.0,1,1,5
18492e62ff399a6263616b7b9181dd45,eb742a3b914c53d45f1a30c8e2fcd8bd,1.0,1,1,5
185246288eb4cea28a37bb3269141e03,4df9aee56fa602c72756abb22ee60b17,1.0,1,2,4
185246288eb4cea28a37bb3269141e03,6cd5ad2783f175ab9dac5072bc7e3d73,1.0,1,2,4
185246288eb4cea28a37bb3269141e03,cc02224a63bfaa52e0007916dea1b669,1.0,1,2,4
19cf4ef9675b3aaebe19267c20ef8128,7b35fb694a1c478f507173167fbe234e,1.0,1,1,5
19cf4ef9675b3aaebe19267c20ef8128,82cffd5880c953933b9ebe4e4789edd0,1.0,1,1,5
19cf4ef9675b3aaebe19267c20ef8128,9fafb9bc4f2296fe5d2d0bc2f8e19a0b,1.0,1,1,5
19cf4ef9675b3aaebe19267c20ef8128,eb742a3b914c53d45f1a30c8e2fcd8bd,1.0,1,1,5
1c79e1fdf2d55ffc251aed0f621a0795,7b35fb694a1c478f507173167fbe234e,1.0,1,1,5
1c79e1fdf2d55ffc251aed0f621a0795,82cffd5880c953933b9ebe4e4789edd0,1.0,1,1,5
1c79e1fdf2d55ffc251aed0f621a0795,9fafb9bc4f2296fe5d2d0bc2f8e19a0b,1.0,1,1,5
1c79e1fdf2d55ffc251aed0f621a0795,eb742a3b914c53d45f1a30c8e2fcd8bd,1.0,1,1,5
1c8c2e37ecc2ddc12198fa9fe1e9edf5,7b35fb694a1c478f507173167fbe234e,1.0,1,1,5
1c8c2e37ecc2ddc12198fa9fe1e9edf5,82cffd5880c953933b9ebe4e4789edd0,1.0,1,1,5
1c8c2e37ecc2ddc12198fa9fe1e9edf5,9fafb9bc4f2296fe5d2d0bc2f8e19a0b,1.0,1,1,5
1c8c2e37ecc2ddc12198fa9fe1e9edf5,eb742a3b914c53d45f1a30c8e2fcd8bd,1.0,1,1,5
1ce6662e2bd2879094fb4118f6b2d578,7b35fb694a1c478f507173167fbe234e,1.0,1,1,5
1ce6662e2bd2879094fb4118f6b2d578,82cffd5880c953933b9ebe4e4789edd0,1.0,1,1,5
1ce6662e2bd2879094fb4118f6b2d578,9fafb9bc4f2296fe5d2d0bc2f8e19a0b,1.0,1,1,5
1ce6662e2bd2879094fb4118f6b2d578,eb742a3b914c53d45f1a30c8e2fcd8bd,1.0,1,1,5
1d8acbbabb9111c1a5298eedb4f9567a,7b35fb694a1c478f507173167fbe234e,1.0,1,1,5
1d8acbbabb9111c1a5298eedb4f9567a,82cffd5880c953933b9ebe4e4789edd0,1.0,1,1,5
1d8acbbabb9111c1a5298eedb4f9567a,9fafb9bc4f2296fe5d2d0bc2f8e19a0b,1.0,1,1,5
1d8acbbabb9111c1a5298eedb4f9567a,eb742a3b914c53d45f1a30c8e2fcd8bd,1.0,1,1,5
1db0216c962ecdbf435323897004bd10,7b35fb694a1c478f507173167fbe234e,1.0,1,1,5
1db0216c962ecdbf435323897004bd10,82cffd5880c953933b9ebe4e4789edd0,1.0,1,1,5
1db0216c962ecdbf435323897004bd10,9fafb9bc4f2296fe5d2d0bc2f8e19a0b,1.0,1,1,5
1db0216c962ecdbf435323897004bd10,eb742a3b914c53d45f1a30c8e2fcd8bd,1.0,1,1,5
1f4ebf25894e7c8c46e382a20a90e457,7b35fb694a1c478f507173167fbe234e,1.0,1,1,5
1f4ebf25894e7c8c46e382a20a90e457,82cffd5880c953933b9ebe4e4789edd0,1.0,1,1,5
1f4ebf25894e7c8c46e382a20a90e457,9fafb9bc4f2296fe5d2d0bc2f8e19a0b,1.0,1,1,5
1f4ebf25894e7c8c46e382a20a90e457,eb742a3b914c53d45f1a30c8e2fcd8bd,1.0,1,1,5
204d69d0bd4871eef08a4bfe6831a518,7b35fb694a1c478f507173167fbe234e,1.0,1,1,5
204d69d0bd4871eef08a4bfe6831a518,82cffd5880c953933b9ebe4e4789edd0,1.0,1,1,5
204d69d0bd4871eef08a4bfe6831a518,9fafb9bc4f2296fe5d2d0bc2f8e19a0b,1.0,1,1,5
204d69d0bd4871eef08a4bfe6831a518,eb742a3b914c53d45f1a30c8e2fcd8bd,1.0,1,1,5
208a127c790f3aa6b6ae229acfae97da,6a583f4c6790a4c8330beb7612e17f42,1.0,1,3,3
208a127c790f3aa6b6ae229acfae97da,7cd931d3566a9c43e15d5e6ce9ff5759,1.0,1,3,3
208a127c790f3aa6b6ae229acfae97da,894a2fac1dcb705a1e4097b8a9131e90,1.0,1,3,3
208a127c790f3aa6b6ae229acfae97da,8ee1e34425fc54b1f87318160b378c3b,1.0,1,3,3
208a127c790f3aa6b6ae229acfae97da,938f430a30c511a883c71999f6d01dcc,1.0,1,3,3
208a127c790f3aa6b6ae229acfae97da,9e3cc1906aa2db29c30aecb2d642a41d,1.0,1,3,3
208a127c790f3aa6b6ae229acfae97da,ad60ba535e4fa2b72c924290d6337913,1.0,1,3,3
208a127c790f3aa6b6ae229acfae97da,e4923ae2c32e70e3c5a6e73a9fb872f2,1.0,1,3,3
208a127c790f3aa6b6ae229acfae97da,e8ca08f200cf74746cd5e671efcb61f3,1.0,1,3,3
20cd5b764031558858597379fa3c3345,7b35fb694a1c478f507173167fbe234e,1.0,1,1,5
20cd5b764031558858597379fa3c3345,82cffd5880c953933b9ebe4e4789edd0,1.0,1,1,5
20cd5b764031558858597379fa3c3345,9fafb9bc4f2296fe5d2d0bc2f8e19a0b,1.0,1,1,5
20cd5b764031558858597379fa3c3345,eb742a3b914c53d45f1a30c8e2fcd8bd,1.0,1,1,5
21342e5b1004a60189babbe685c06845,4df9aee56fa602c72756abb22ee60b17,1.0,1,2,4
21342e5b1004a60189babbe685c06845,6cd5ad2783f175ab9dac5072bc7e3d73,1.0,1,2,4
21342e5b1004a60189babbe685c06845,cc02224a63bfaa52e0007916dea1b669,1.0,1,2,4
215b9a9848df6dd29932574ccebb5b3e,4df9aee56fa602c72756abb22ee60b17,1.0,1,2,4
215b9a9848df6dd29932574ccebb5b3e,6cd5ad2783f175ab9dac5072bc7e3d73,1.0,1,2,4
215b9a9848df6dd29932574ccebb5b3e,cc02224a63bfaa52e0007916dea1b669,1.0,1,2,4
21a9c9dd4248d18bf8edced7762b70ae,7b35fb694a1c478f507173167fbe234e,1.0,1,1,5
21a9c9dd4248d18bf8edced7762b70ae,82cffd5880c953933b9ebe4e4789edd0,1.0,1,1,5
21a9c9dd4248d18bf8edced7762b70ae,9fafb9bc4f2296fe5d2d0bc2f8e19a0b,1.0,1,1,5
21a9c9dd4248d18bf8edced7762b70ae,eb742a3b914c53d45f1a30c8e2fcd8bd,1.0,1,1,5
21c9ca31959d08bb5455023f84951387,7b35fb694a1c478f507173167fbe234e,1.0,1,1,5
21c9ca31959d08bb5455023f84951387,82cffd5880c953933b9ebe4e4789edd0,1.0,1,1,5
21c9ca31959d08bb5455023f84951387,9fafb9bc4f2296fe5d2d0bc2f8e19a0b,1.0,1,1,5
21c9ca31959d08bb5455023f84951387,eb742a3b914c53d45f1a30c8e2fcd8bd,1.0,1,1,5
242cec3046a78f37ed419b24e80c7f70,7b35fb694a1c478f507173167fbe234e,1.0,1,1,5
242cec3046a78f37ed419b24e80c7f70,82cffd5880c953933b9ebe4e4789edd0,1.0,1,1,5
242cec3046a78f37ed419b24e80c7f70,9fafb9bc4f2296fe5d2d0bc2f8e19a0b,1.0,1,1,5
242cec3046a78f37ed419b24e80c7f70,eb742a3b914c53d45f1a30c8e2fcd8bd,1.0,1,1,5
24561d5dff99c04231cdc4103b8e03d6,7b35fb694a1c478f507173167fbe234e,1.0,1,1,5
24561d5dff99c04231cdc4103b8e03d6,82cffd5880c953933b9ebe4e4789edd0,1.0,1,1,5
24561d5dff99c04231cdc4103b8e03d6,9fafb9bc4f2296fe5d2d0bc2f8e19a0b,1.0,1,1,5
24561d5dff99c04231cdc4103b8e03d6,eb742a3b914c53d45f1a30c8e2fcd8bd,1.0,1,1,5
256c321af58ca588b5af1b46e42b0fb2,7b35fb694a1c478f507173167fbe234e,1.0,1,1,5
256c321af58ca588b5af1b46e42b0fb2,82cffd5880c953933b9ebe4e4789edd0,1.0,1,1,5
256c321af58ca588b5af1b46e42b0fb2,9fafb9bc4f2296fe5d2d0bc2f8e19a0b,1.0,1,1,5
256c321af58ca588b5af1b46e42b0fb2,eb742a3b914c53d45f1a30c8e2fcd8bd,1.0,1,1,5
2699b1bdee690329303fb2c0aada1c1b,4df9aee56fa602c72756abb22ee60b17,1.0,1,2,4
2699b1bdee690329303fb2c0aada1c1b,6cd5ad2783f175ab9dac5072bc7e3d73,1.0,1,2,4
2699b1bdee690329303fb2c0aada1c1b,cc02224a63bfaa52e0007916dea1b669,1.0,1,2,4
2703e9529e5fc34e102971bb838b81e2,7b35fb694a1c478f507173167fbe234e,1.0,1,1,5
2703e9529e5fc34e102971bb838b81e2,82cffd5880c953933b9ebe4e4789edd0,1.0,1,1,5
2703e9529e5fc34e102971bb838b81e2,9fafb9bc4f2296fe5d2d0bc2f8e19a0b,1.0,1,1,5
2703e9529e5fc34e102971bb838b81e2,eb742a3b914c53d45f1a30c8e2fcd8bd,1.0,1,1,5
27aacd37c12bc685a275af86f14d2c23,7b35fb694a1c478f507173167fbe234e,1.0,1,1,5
27aacd37c12bc685a275af86f14d2c23,82cffd5880c953933b9ebe4e4789edd0,1.0,1,1,5
27aacd37c12bc685a275af86f14d2c23,9fafb9bc4f2296fe5d2d0bc2f8e19a0b,1.0,1,1,5
27aacd37c12bc685a275af86f14d2c23,eb742a3b914c53d45f1a30c8e2fcd8bd,1.0,1,1,5
28cfdde4bdf02f44c1d3dd458afe42b3,7b35fb694a1c478f507173167fbe234e,1.0,1,1,5
28cfdde4bdf02f44c1d3dd458afe42b3,82cffd5880c953933b9ebe4e4789edd0,1.0,1,1,5
28cfdde4bdf02f44c1d3dd458afe42b3,9fafb9bc4f2296fe5d2d0bc2f8e19a0b,1.0,1,1,5
28cfdde4bdf02f44c1d3dd458afe42b3,eb742a3b914c53d45f1a30c8e2fcd8bd,1.0,1,1,5
28fd13ff21ae041e65609843d3ab61f3,7b35fb694a1c478f507173167fbe234e,1.0,1,1,5
28fd13ff21ae041e65609843d3ab61f3,82cffd5880c953933b9ebe4e4789edd0,1.0,1,1,5
28fd13ff21ae041e65609843d3ab61f3,9fafb9bc4f2296fe5d2d0bc2f8e19a0b,1.0,1,1,5
28fd13ff21ae041e65609843d3ab61f3,eb742a3b914c53d45f1a30c8e2fcd8bd,1.0,1,1,5
290ce5a6a8a3f663dc629e8f39726aca,7b35fb694a1c478f507173167fbe234e,1.0,1,1,5
290ce5a6a8a3f663dc629e8f39726aca,82cffd5880c953933b9ebe4e4789edd0,1.0,1,1,5
290ce5a6a8a3f663dc629e8f39726aca,9fafb9bc4f2296fe5d2d0bc2f8e19a0b,1.0,1,1,5
290ce5a6a8a3f663dc629e8f39726aca,eb742a3b914c53d45f1a30c8e2fcd8bd,1.0,1,1,5
2a6d464f307f26f32873ba9f9209a96d,7b35fb694a1c478f507173167fbe234e,1.0,1,1,5
2a6d464f307f26f32873ba9f9209a96d,82cffd5880c953933b9ebe4e4789edd0,1.0,1,1,5
2a6d464f307f26f32873ba9f9209a96d,9fafb9bc4f2296fe5d2d0bc2f8e19a0b,1.0,1,1,5
2a6d464f307f26f32873ba9f9209a96d,eb742a3b914c53d45f1a30c8e2fcd8bd,1.0,1,1,5
2ada850dbe866246a92524d882e166d5,7b35fb694a1c478f507173167fbe234e,1.0,1,1,5
2ada850dbe866246a92524d882e166d5,82cffd5880c953933b9ebe4e4789edd0,1.0,1,1,5
2ada850dbe866246a92524d882e166d5,9fafb9bc4f2296fe5d2d0bc2f8e19a0b,1.0,1,1,5
2ada850dbe866246a92524d882e166d5,eb742a3b914c53d45f1a30c8e2fcd8bd,1.0,1,1,5
2b57b9cf10e96a6799f420d508d2d6bd,7b35fb694a1c478f507173167fbe234e,1.0,1,1,5
2b57b9cf10e96a6799f420d508d2d6bd,82cffd5880c953933b9ebe4e4789edd0,1.0,1,1,5
2b57b9cf10e96a6799f420d508d2d6bd,9fafb9bc4f2296fe5d2d0bc2f8e19a0b,1.0,1,1,5
2b57b9cf10e96a6799f420d508d2d6bd,eb742a3b914c53d45f1a30c8e2fcd8bd,1.0,1,1,5
2d2ec6a0e67ef647ec215a9b5b285df0,7b35fb694a1c478f507173167fbe234e,1.0,1,1,5
2d2ec6a0e67ef647ec215a9b5b285df0,82cffd5880c953933b9ebe4e4789edd0,1.0,1,1,5
2d2ec6a0e67ef647ec215a9b5b285df0,9fafb9bc4f2296fe5d2d0bc2f8e19a0b,1.0,1,1,5
2d2ec6a0e67ef647ec215a9b5b285df0,eb742a3b914c53d45f1a30c8e2fcd8bd,1.0,1,1,5
2d8a123a57292aae47580aac65f55d4f,4df9aee56fa602c72756abb22ee60b17,1.0,1,2,4
2d8a123a57292aae47580aac65f55d4f,6cd5ad2783f175ab9dac5072bc7e3d73,1.0,1,2,4
2d8a123a57292aae47580aac65f55d4f,cc02224a63bfaa52e0007916dea1b669,1.0,1,2,4
31211ce721363d74816326589e637b60,7b35fb694a1c478f507173167fbe234e,1.0,1,1,5
31211ce721363d74816326589e637b60,82cffd5880c953933b9ebe4e4789edd0,1.0,1,1,5
31211ce721363d74816326589e637b60,9fafb9bc4f2296fe5d2d0bc2f8e19a0b,1.0,1,1,5
31211ce721363d74816326589e637b60,eb742a3b914c53d45f1a30c8e2fcd8bd,1.0,1,1,5
35c27e8cee784e79831f61f475ec7641,7b35fb694a1c478f507173167fbe234e,1.0,1,1,5
35c27e8cee784e79831f61f475ec7641,82cffd5880c953933b9ebe4e4789edd0,1.0,1,1,5
35c27e8cee784e79831f61f475ec7641,9fafb9bc4f2296fe5d2d0bc2f8e19a0b,1.0,1,1,5
35c27e8cee784e79831f61f475ec7641,eb742a3b914c53d45f1a30c8e2fcd8bd,1.0,1,1,5
36894a55d9d9fdddcd897fde049aede1,7b35fb694a1c478f507173167fbe234e,1.0,1,1,5
36894a55d9d9fdddcd897fde049aede1,82cffd5880c953933b9ebe4e4789edd0,1.0,1,1,5
36894a55d9d9fdddcd897fde049aede1,9fafb9bc4f2296fe5d2d0bc2f8e19a0b,1.0,1,1,5
36894a55d9d9fdddcd897fde049aede1,eb742a3b914c53d45f1a30c8e2fcd8bd,1.0,1,1,5
36c5770cc8e136abf9b1e5e149f75fb2,7b35fb694a1c478f507173167fbe234e,1.0,1,1,5
36c5770cc8e136abf9b1e5e149f75fb2,82cffd5880c953933b9ebe4e4789edd0,1.0,1,1,5
36c5770cc8e136abf9b1e5e149f75fb2,9fafb9bc4f2296fe5d2d0bc2f8e19a0b,1.0,1,1,5
36c5770cc8e136abf9b1e5e149f75fb2,eb742a3b914c53d45f1a30c8e2fcd8bd,1.0,1,1,5
36ce0bb312886e4755466775a3041fbb,7b35fb694a1c478f507173167fbe234e,1.0,1,1,5
36ce0bb312886e4755466775a3041fbb,82cffd5880c953933b9ebe4e4789edd0,1.0,1,1,5
36ce0bb312886e4755466775a3041fbb,9fafb9bc4f2296fe5d2d0bc2f8e19a0b,1.0,1,1,5
36ce0bb312886e4755466775a3041fbb,eb742a3b914c53d45f1a30c8e2fcd8bd,1.0,1,1,5
3897924b7801bceca8326098b209832d,4df9aee56fa602c72756abb22ee60b17,1.0,1,2,4
3897924b7801bceca8326098b209832d,6cd5ad2783f175ab9dac5072bc7e3d73,1.0,1,2,4
3897924b7801bceca8326098b209832d,cc02224a63bfaa52e0007916dea1b669,1.0,1,2,4
38dff03b64c3e9adbb2d4c610838cf5c,7b35fb694a1c478f507173167fbe234e,1.0,1,1,5
38dff03b64c3e9adbb2d4c610838cf5c,82cffd5880c953933b9ebe4e4789edd0,1.0,1,1,5
38dff03b64c3e9adbb2d4c610838cf5c,9fafb9bc4f2296fe5d2d0bc2f8e19a0b,1.0,1,1,5
38dff03b64c3e9adbb2d4c610838cf5c,eb742a3b914c53d45f1a30c8e2fcd8bd,1.0,1,1,5
39b9889bd17bc241ade364ee15bbe74c,4df9aee56fa602c72756abb22ee60b17,1.0,1,2,4
39b9889bd17bc241ade364ee15bbe74c,6cd5ad2783f175ab9dac5072bc7e3d73,1.0,1,2,4
39b9889bd17bc241ade364ee15bbe74c,cc02224a63bfaa52e0007916dea1b669,1.0,1,2,4
3b53a1869c7172b2e89266d4e7d7b6a4,7b35fb694a1c478f507173167fbe234e,1.0,1,1,5
3b53a1869c7172b2e89266d4e7d7b6a4,82cffd5880c953933b9ebe4e4789edd0,1.0,1,1,5
3b53a1869c7172b2e89266d4e7d7b6a4,9fafb9bc4f2296fe5d2d0bc2f8e19a0b,1.0,1,1,5
3b53a1869c7172b2e89266d4e7d7b6a4,eb742a3b914c53d45f1a30c8e2fcd8bd,1.0,1,1,5
3c5b1ee70d755d1532a021f00a46b66b,7b35fb694a1c478f507173167fbe234e,1.0,1,1,5
3c5b1ee70d755d1532a021f00a46b66b,82cffd5880c953933b9ebe4e4789edd0,1.0,1,1,5
3c5b1ee70d755d1532a021f00a46b66b,9fafb9bc4f2296fe5d2d0bc2f8e19a0b,1.0,1,1,5
3c5b1ee70d755d1532a021f00a46b66b,eb742a3b914c53d45f1a30c8e2fcd8bd,1.0,1,1,5
3cd73d6b67aa9d944d55978280201ac5,7b35fb694a1c478f507173167fbe234e,1.0,1,1,5
3cd73d6b67aa9d944d55978280201ac5,82cffd5880c953933b9ebe4e4789edd0,1.0,1,1,5
3cd73d6b67aa9d944d55978280201ac5,9fafb9bc4f2296fe5d2d0bc2f8e19a0b,1.0,1,1,5
3cd73d6b67aa9d944d55978280201ac5,eb742a3b914c53d45f1a30c8e2fcd8bd,1.0,1,1,5
3df236402bc02ce30ba3ec32896f3a50,7b35fb694a1c478f507173167fbe234e,1.0,1,1,5
3df236402bc02ce30ba3ec32896f3a50,82cffd5880c953933b9ebe4e4789edd0,1.0,1,1,5
3df236402bc02ce30ba3ec32896f3a50,9fafb9bc4f2296fe5d2d0bc2f8e19a0b,1.0,1,1,5
3df236402bc02ce30ba3ec32896f3a50,eb742a3b914c53d45f1a30c8e2fcd8bd,1.0,1,1,5
3e36afbf5d9f5e833d612294f376526d,7b35fb694a1c478f507173167fbe234e,1.0,1,1,5
3e36afbf5d9f5e833d612294f376526d,82cffd5880c953933b9ebe4e4789edd0,1.0,1,1,5
3e36afbf5d9f5e833d612294f376526d,9fafb9bc4f2296fe5d2d0bc2f8e19a0b,1.0,1,1,5
3e36afbf5d9f5e833d612294f376526d,eb742a3b914c53d45f1a30c8e2fcd8bd,1.0,1,1,5
3f55e2796985b6c5901d097fb3685c72,7b35fb694a1c478f507173167fbe234e,1.0,1,1,5
3f55e2796985b6c5901d097fb3685c72,82cffd5880c953933b9ebe4e4789edd0,1.0,1,1,5
3f55e2796985b6c5901d097fb3685c72,9fafb9bc4f2296fe5d2d0bc2f8e19a0b,1.0,1,1,5
3f55e2796985b6c5901d097fb3685c72,eb742a3b914c53d45f1a30c8e2fcd8bd,1.0,1,1,5
3fe205252c153bf71775e1fe3a198e57,7b35fb694a1c478f507173167fbe234e,1.0,1,1,5
3fe205252c153bf71775e1fe3a198e57,82cffd5880c953933b9ebe4e4789edd0,1.0,1,1,5
3fe205252c153bf71775e1fe3a198e57,9fafb9bc4f2296fe5d2d0bc2f8e19a0b,1.0,1,1,5
3fe205252c153bf71775e1fe3a198e57,eb742a3b914c53d45f1a30c8e2fcd8bd,1.0,1,1,5
407aae22e9afdd8f5d7071d81c16e705,7b35fb694a1c478f507173167fbe234e,1.0,1,1,5
407aae22e9afdd8f5d7071d81c16e705,82cffd5880c953933b9ebe4e4789edd0,1.0,1,1,5
407aae22e9afdd8f5d7071d81c16e705,9fafb9bc4f2296fe5d2d0bc2f8e19a0b,1.0,1,1,5
407aae22e9afdd8f5d7071d81c16e705,eb742a3b914c53d45f1a30c8e2fcd8bd,1.0,1,1,5
40fdb731f416e141a80418867178b510,4df9aee56fa602c72756abb22ee60b17,1.0,1,2,4
40fdb731f416e141a80418867178b510,6cd5ad2783f175ab9dac5072bc7e3d73,1.0,1,2,4
40fdb731f416e141a80418867178b510,cc02224a63bfaa52e0007916dea1b669,1.0,1,2,4
412c6ec29d51104253bcb1095dd03140,7b35fb694a1c478f507173167fbe234e,1.0,1,1,5
412c6ec29d51104253bcb1095dd03140,82cffd5880c953933b9ebe4e4789edd0,1.0,1,1,5
412c6ec29d51104253bcb1095dd03140,9fafb9bc4f2296fe5d2d0bc2f8e19a0b,1.0,1,1,5
412c6ec29d51104253bcb1095dd03140,eb742a3b914c53d45f1a30c8e2fcd8bd,1.0,1,1,5
4153163515e1dc07e02777b45b79121a,4df9aee56fa602c72756abb22ee60b17,1.0,1,2,4
4153163515e1dc07e02777b45b79121a,6cd5ad2783f175ab9dac5072bc7e3d73,1.0,1,2,4
4153163515e1dc07e02777b45b79121a,cc02224a63bfaa52e0007916dea1b669,1.0,1,2,4
416f8cebc9e3455b81aed90642f926ad,7b35fb694a1c478f507173167fbe234e,1.0,1,1,5
416f8cebc9e3455b81aed90642f926ad,82cffd5880c953933b9ebe4e4789edd0,1.0,1,1,5
416f8cebc9e3455b81aed90642f926ad,9fafb9bc4f2296fe5d2d0bc2f8e19a0b,1.0,1,1,5
416f8cebc9e3455b81aed90642f926ad,eb742a3b914c53d45f1a30c8e2fcd8bd,1.0,1,1,5
417bad2a750c8f7149b42cf699adc0d4,7b35fb694a1c478f507173167fbe234e,1.0,1,1,5
417bad2a750c8f7149b42cf699adc0d4,82cffd5880c953933b9ebe4e4789edd0,1.0,1,1,5
417bad2a750c8f7149b42cf699adc0d4,9fafb9bc4f2296fe5d2d0bc2f8e19a0b,1.0,1,1,5
417bad2a750c8f7149b42cf699adc0d4,eb742a3b914c53d45f1a30c8e2fcd8bd,1.0,1,1,5
424aca6872c5bab80780a8dec03b7516,7b35fb694a1c478f507173167fbe234e,1.0,1,1,5
424aca6872c5bab80780a8dec03b7516,82cffd5880c953933b9ebe4e4789edd0,1.0,1,1,5
424aca6872c5bab80780a8dec03b7516,9fafb9bc4f2296fe5d2d0bc2f8e19a0b,1.0,1,1,5
424aca6872c5bab80780a8dec03b7516,eb742a3b914c53d45f1a30c8e2fcd8bd,1.0,1,1,5
442128e0c7f34325b757846c8678cfa9,7b35fb694a1c478f507173167fbe234e,1.0,1,1,5
442128e0c7f34325b757846c8678cfa9,82cffd5880c953933b9ebe4e4789edd0,1.0,1,1,5
442128e0c7f34325b757846c8678cfa9,9fafb9bc4f2296fe5d2d0bc2f8e19a0b,1.0,1,1,5
442128e0c7f34325b757846c8678cfa9,eb742a3b914c53d45f1a30c8e2fcd8bd,1.0,1,1,5
451c5698bffc864831a6f041782712d9,7b35fb694a1c478f507173167fbe234e,1.0,1,1,5
451c5698bffc864831a6f041782712d9,82cffd5880c953933b9ebe4e4789edd0,1.0,1,1,5
451c5698bffc864831a6f041782712d9,9fafb9bc4f2296fe5d2d0bc2f8e19a0b,1.0,1,1,5
451c5698bffc864831a6f041782712d9,eb742a3b914c53d45f1a30c8e2fcd8bd,1.0,1,1,5
460cd758614a0be9739d2f8d9bc1494d,4df9aee56fa602c72756abb22ee60b17,1.0,1,2,4
460cd758614a0be9739d2f8d9bc1494d,6cd5ad2783f175ab9dac5072bc7e3d73,1.0,1,2,4
460cd758614a0be9739d2f8d9bc1494d,cc02224a63bfaa52e0007916dea1b669,1.0,1,2,4
46a23b5b38c9caebf785829998db475b,7b35fb694a1c478f507173167fbe234e,1.0,1,1,5
46a23b5b38c9caebf785829998db475b,82cffd5880c953933b9ebe4e4789edd0,1.0,1,1,5
46a23b5b38c9caebf785829998db475b,9fafb9bc4f2296fe5d2d0bc2f8e19a0b,1.0,1,1,5
46a23b5b38c9caebf785829998db475b,eb742a3b914c53d45f1a30c8e2fcd8bd,1.0,1,1,5
46d5bdcc50df53ec8d503a81c0d2fa31,7b35fb694a1c478f507173167fbe234e,1.0,1,1,5
46d5bdcc50df53ec8d503a81c0d2fa31,82cffd5880c953933b9ebe4e4789edd0,1.0,1,1,5
46d5bdcc50df53ec8d503a81c0d2fa31,9fafb9bc4f2296fe5d2d0bc2f8e19a0b,1.0,1,1,5
46d5bdcc50df53ec8d503a81c0d2fa31,eb742a3b914c53d45f1a30c8e2fcd8bd,1.0,1,1,5
4735373c70fabcc3c705771f828362d7,7b35fb694a1c478f507173167fbe234e,1.0,1,1,5
4735373c70fabcc3c705771f828362d7,82cffd5880c953933b9ebe4e4789edd0,1.0,1,1,5
4735373c70fabcc3c705771f828362d7,9fafb9bc4f2296fe5d2d0bc2f8e19a0b,1.0,1,1,5
4735373c70fabcc3c705771f828362d7,eb742a3b914c53d45f1a30c8e2fcd8bd,1.0,1,1,5
47b22f6eef47620586ac43f2660bcc82,7b35fb694a1c478f507173167fbe234e,1.0,1,1,5
47b22f6eef47620586ac43f2660bcc82,82cffd5880c953933b9ebe4e4789edd0,1.0,1,1,5
47b22f6eef47620586ac43f2660bcc82,9fafb9bc4f2296fe5d2d0bc2f8e19a0b,1.0,1,1,5
47b22f6eef47620586ac43f2660bcc82,eb742a3b914c53d45f1a30c8e2fcd8bd,1.0,1,1,5
483bc92f963bbc90c3006e11f9ac552a,7b35fb694a1c478f507173167fbe234e,1.0,1,1,5
483bc92f963bbc90c3006e11f9ac552a,82cffd5880c953933b9ebe4e4789edd0,1.0,1,1,5
483bc92f963bbc90c3006e11f9ac552a,9fafb9bc4f2296fe5d2d0bc2f8e19a0b,1.0,1,1,5
483bc92f963bbc90c3006e11f9ac552a,eb742a3b914c53d45f1a30c8e2fcd8bd,1.0,1,1,5
4919dda3f4b213104acc3d25b84c44ed,7b35fb694a1c478f507173167fbe234e,1.0,1,1,5
4919dda3f4b213104acc3d25b84c44ed,82cffd5880c953933b9ebe4e4789edd0,1.0,1,1,5
4919dda3f4b213104acc3d25b84c44ed,9fafb9bc4f2296fe5d2d0bc2f8e19a0b,1.0,1,1,5
4919dda3f4b213104acc3d25b84c44ed,eb742a3b914c53d45f1a30c8e2fcd8bd,1.0,1,1,5
4c074bb1435cc724b6937a95b88c9841,7b35fb694a1c478f507173167fbe234e,1.0,1,1,5
4c074bb1435cc724b6937a95b88c9841,82cffd5880c953933b9ebe4e4789edd0,1.0,1,1,5
4c074bb1435cc724b6937a95b88c9841,9fafb9bc4f2296fe5d2d0bc2f8e19a0b,1.0,1,1,5
4c074bb1435cc724b6937a95b88c9841,eb742a3b914c53d45f1a30c8e2fcd8bd,1.0,1,1,5
4c8435d3bb762a8b99931fbfca190ac4,7b35fb694a1c478f507173167fbe234e,1.0,1,1,5
4c8435d3bb762a8b99931fbfca190ac4,82cffd5880c953933b9ebe4e4789edd0,1.0,1,1,5
4c8435d3bb762a8b99931fbfca190ac4,9fafb9bc4f2296fe5d2d0bc2f8e19a0b,1.0,1,1,5
4c8435d3bb762a8b99931fbfca190ac4,eb742a3b914c53d45f1a30c8e2fcd8bd,1.0,1,1,5
4df9aee56fa602c72756abb22ee60b17,5499856e5c59ce4b1178f38c1f0d2f8c,1.0,1,4,2
4df9aee56fa602c72756abb22ee60b17,56a074e0fc79b287c1170d998519f1e8,1.0,1,4,2
4df9aee56fa602c72756abb22ee60b17,5a113bd934e8b75919fbddeef0f9282d,1.0,1,4,2
4df9aee56fa602c72756abb22ee60b17,60d34509419ce4f132570db40e6ea985,1.0,1,4,2
4df9aee56fa602c72756abb22ee60b17,628b5fda35baf944099fc4da84a69ac1,1.0,1,4,2
4df9aee56fa602c72756abb22ee60b17,6364655a115c9a45a9283cd8e00aa643,1.0,1,4,2
4df9aee56fa602c72756abb22ee60b17,74084969d4b912b9bd10439ebb79ce6b,1.0,1,4,2
4df9aee56fa602c72756abb22ee60b17,7afbf983eb484fb14e40092c0139d66f,1.0,1,4,2
4df9aee56fa602c72756abb22ee60b17,7ca19647e1200895475475186a3e072e,1.0,1,4,2
4df9aee56fa602c72756abb22ee60b17,80b5c70d20058c553d662a56cbff22e5,1.0,1,4,2
4df9aee56fa602c72756abb22ee60b17,85ac3e23bde65bd5628fdd6f15db5295,1.0,1,4,2
4df9aee56fa602c72756abb22ee60b17,889fc057c77157659bdef1206d47d08c,1.0,1,4,2
4df9aee56fa602c72756abb22ee60b17,8a56bc1f46776cf85828e336fa75dcd5,1.0,1,4,2
4df9aee56fa602c72756abb22ee60b17,942a5e1f3f7b206e11354f6d84121a3e,1.0,1,4,2
4df9aee56fa602c72756abb22ee60b17,9efc7f2a9ac5c2cf72565008f1914206,1.0,1,4,2
4df9aee56fa602c72756abb22ee60b17,9f1591824452a9d9a9f225b9fca168d2,1.0,1,4,2
4df9aee56fa602c72756abb22ee60b17,a16656b34f59e202ef32dfc53b947847,1.0,1,4,2
4df9aee56fa602c72756abb22ee60b17,a7de0c8480d07cef1e8f55f8c61f548f,1.0,1,4,2
4df9aee56fa602c72756abb22ee60b17,b6da6ab100de9d85d855bb67aaa2157d,1.0,1,4,2
4df9aee56fa602c72756abb22ee60b17,bb00460af4cda6bd1252e99ef3168b56,1.0,1,4,2
4df9aee56fa602c72756abb22ee60b17,bb361861b83a556ce2a5b2d537e22df9,1.0,1,4,2
4df9aee56fa602c72756abb22ee60b17,c550705284a6b10b8b2c2e6c40e90580,1.0,1,4,2
4df9aee56fa602c72756abb22ee60b17,c9f633ba06746056943f5e6d4bf1f1cd,1.0,1,4,2
4df9aee56fa602c72756abb22ee60b17,d10e1d04f94eea6c40bc55ad964930f2,1.0,1,4,2
4df9aee56fa602c72756abb22ee60b17,d88ab33b7eb886fea1b8ff195c9a9781,1.0,1,4,2
4df9aee56fa602c72756abb22ee60b17,e5535f0b3bd13a577b26dab17ed44a0f,1.0,1,4,2
4df9aee56fa602c72756abb22ee60b17,e7f05599a82aa0ff9745e92f4b9a9188,1.0,1,4,2
4df9aee56fa602c72756abb22ee60b17,ea45fdfe8aaa3f81604b23a652c49fcf,1.0,1,4,2
4df9aee56fa602c72756abb22ee60b17,ed7aae0bd6dae2a07a54cd4f9c0b9b0a,1.0,1,4,2
4df9aee56fa602c72756abb22ee60b17,fcabb1c1914da0aff9378a59942ff133,1.0,1,4,2
4ffc1a8259e81bc30151f421fca472d2,7b35fb694a1c478f507173167fbe234e,1.0,1,1,5
4ffc1a8259e81bc30151f421fca472d2,82cffd5880c953933b9ebe4e4789edd0,1.0,1,1,5
4ffc1a8259e81bc30151f421fca472d2,9fafb9bc4f2296fe5d2d0bc2f8e19a0b,1.0,1,1,5
4ffc1a8259e81bc30151f421fca472d2,eb742a3b914c53d45f1a30c8e2fcd8bd,1.0,1,1,5
5121548ab605cd18cc133074f17c0aaa,7b35fb694a1c478f507173167fbe234e,1.0,1,1,5
5121548ab605cd18cc133074f17c0aaa,82cffd5880c953933b9ebe4e4789edd0,1.0,1,1,5
5121548ab605cd18cc133074f17c0aaa,9fafb9bc4f2296fe5d2d0bc2f8e19a0b,1.0,1,1,5
5121548ab605cd18cc133074f17c0aaa,eb742a3b914c53d45f1a30c8e2fcd8bd,1.0,1,1,5
5206a6a64eeb54d092be68b3427f3d92,7b35fb694a1c478f507173167fbe234e,1.0,1,1,5
5206a6a64eeb54d092be68b3427f3d92,82cffd5880c953933b9ebe4e4789edd0,1.0,1,1,5
5206a6a64eeb54d092be68b3427f3d92,9fafb9bc4f2296fe5d2d0bc2f8e19a0b,1.0,1,1,5
5206a6a64eeb54d092be68b3427f3d92,eb742a3b914c53d45f1a30c8e2fcd8bd,1.0,1,1,5
52ed5a07cfa81a6802763aa0e29e4311,7b35fb694a1c478f507173167fbe234e,1.0,1,1,5
52ed5a07cfa81a6802763aa0e29e4311,82cffd5880c953933b9ebe4e4789edd0,1.0,1,1,5
52ed5a07cfa81a6802763aa0e29e4311,9fafb9bc4f2296fe5d2d0bc2f8e19a0b,1.0,1,1,5
52ed5a07cfa81a6802763aa0e29e4311,eb742a3b914c53d45f1a30c8e2fcd8bd,1.0,1,1,5
53b2aa3aafb865f1c2c681804b8eb3b9,7b35fb694a1c478f507173167fbe234e,1.0,1,1,5
53b2aa3aafb865f1c2c681804b8eb3b9,82cffd5880c953933b9ebe4e4789edd0,1.0,1,1,5
53b2aa3aafb865f1c2c681804b8eb3b9,9fafb9bc4f2296fe5d2d0bc2f8e19a0b,1.0,1,1,5
53b2aa3aafb865f1c2c681804b8eb3b9,eb742a3b914c53d45f1a30c8e2fcd8bd,1.0,1,1,5
5441ea58ad29bdc53d456f310654639d,7b35fb694a1c478f507173167fbe234e,1.0,1,1,5
5441ea58ad29bdc53d456f310654639d,82cffd5880c953933b9ebe4e4789edd0,1.0,1,1,5
5441ea58ad29bdc53d456f310654639d,9fafb9bc4f2296fe5d2d0bc2f8e19a0b,1.0,1,1,5
5441ea58ad29bdc53d456f310654639d,eb742a3b914c53d45f1a30c8e2fcd8bd,1.0,1,1,5
544700b9ab72069e540fbb463ea3ee1b,7b35fb694a1c478f507173167fbe234e,1.0,1,1,5
544700b9ab72069e540fbb463ea3ee1b,82cffd5880c953933b9ebe4e4789edd0,1.0,1,1,5
544700b9ab72069e540fbb463ea3ee1b,9fafb9bc4f2296fe5d2d0bc2f8e19a0b,1.0,1,1,5
544700b9ab72069e540fbb463ea3ee1b,eb742a3b914c53d45f1a30c8e2fcd8bd,1.0,1,1,5
5451dcc40a5b3ed99be461fcee2d45da,7b35fb694a1c478f507173167fbe234e,1.0,1,1,5
5451dcc40a5b3ed99be461fcee2d45da,82cffd5880c953933b9ebe4e4789edd0,1.0,1,1,5
5451dcc40a5b3ed99be461fcee2d45da,9fafb9bc4f2296fe5d2d0bc2f8e19a0b,1.0,1,1,5
5451dcc40a5b3ed99be461fcee2d45da,eb742a3b914c53d45f1a30c8e2fcd8bd,1.0,1,1,5
5494a11727f3bd095725ff9fcd6d7275,7b35fb694a1c478f507173167fbe234e,1.0,1,1,5
5494a11727f3bd095725ff9fcd6d7275,82cffd5880c953933b9ebe4e4789edd0,1.0,1,1,5
5494a11727f3bd095725ff9fcd6d7275,9fafb9bc4f2296fe5d2d0bc2f8e19a0b,1.0,1,1,5
5494a11727f3bd095725ff9fcd6d7275,eb742a3b914c53d45f1a30c8e2fcd8bd,1.0,1,1,5
5499856e5c59ce4b1178f38c1f0d2f8c,6cd5ad2783f175ab9dac5072bc7e3d73,1.0,1,2,4
5499856e5c59ce4b1178f38c1f0d2f8c,cc02224a63bfaa52e0007916dea1b669,1.0,1,2,4
55bb91a06e34d43837b86890e1c9a217,7b35fb694a1c478f507173167fbe234e,1.0,1,1,5
55bb91a06e34d43837b86890e1c9a217,82cffd5880c953933b9ebe4e4789edd0,1.0,1,1,5
55bb91a06e34d43837b86890e1c9a217,9fafb9bc4f2296fe5d2d0bc2f8e19a0b,1.0,1,1,5
55bb91a06e34d43837b86890e1c9a217,eb742a3b914c53d45f1a30c8e2fcd8bd,1.0,1,1,5
55d9dfbb0709232b92bd2781c2d03858,7b35fb694a1c478f507173167fbe234e,1.0,1,1,5
55d9dfbb0709232b92bd2781c2d03858,82cffd5880c953933b9ebe4e4789edd0,1.0,1,1,5
55d9dfbb0709232b92bd2781c2d03858,9fafb9bc4f2296fe5d2d0bc2f8e19a0b,1.0,1,1,5
55d9dfbb0709232b92bd2781c2d03858,eb742a3b914c53d45f1a30c8e2fcd8bd,1.0,1,1,5
56a074e0fc79b287c1170d998519f1e8,6cd5ad2783f175ab9dac5072bc7e3d73,1.0,1,2,4
56a074e0fc79b287c1170d998519f1e8,cc02224a63bfaa52e0007916dea1b669,1.0,1,2,4
578a97bb13e088306095bd0401426700,7b35fb694a1c478f507173167fbe234e,1.0,1,1,5
578a97bb13e088306095bd0401426700,82cffd5880c953933b9ebe4e4789edd0,1.0,1,1,5
578a97bb13e088306095bd0401426700,9fafb9bc4f2296fe5d2d0bc2f8e19a0b,1.0,1,1,5
578a97bb13e088306095bd0401426700,eb742a3b914c53d45f1a30c8e2fcd8bd,1.0,1,1,5
58ce8787c619ba5a1780c0a870214b42,7b35fb694a1c478f507173167fbe234e,1.0,1,1,5
58ce8787c619ba5a1780c0a870214b42,82cffd5880c953933b9ebe4e4789edd0,1.0,1,1,5
58ce8787c619ba5a1780c0a870214b42,9fafb9bc4f2296fe5d2d0bc2f8e19a0b,1.0,1,1,5
58ce8787c619ba5a1780c0a870214b42,eb742a3b914c53d45f1a30c8e2fcd8bd,1.0,1,1,5
5a113bd934e8b75919fbddeef0f9282d,6cd5ad2783f175ab9dac5072bc7e3d73,1.0,1,2,4
5a113bd934e8b75919fbddeef0f9282d,cc02224a63bfaa52e0007916dea1b669,1.0,1,2,4
5c4ea1d19f5c54967ec857a2f9b1d82f,7b35fb694a1c478f507173167fbe234e,1.0,1,1,5
5c4ea1d19f5c54967ec857a2f9b1d82f,82cffd5880c953933b9ebe4e4789edd0,1.0,1,1,5
5c4ea1d19f5c54967ec857a2f9b1d82f,9fafb9bc4f2296fe5d2d0bc2f8e19a0b,1.0,1,1,5
5c4ea1d19f5c54967ec857a2f9b1d82f,eb742a3b914c53d45f1a30c8e2fcd8bd,1.0,1,1,5
5c5cf3dc9c487f7c743ca5384b5dce6c,7b35fb694a1c478f507173167fbe234e,1.0,1,1,5
5c5cf3dc9c487f7c743ca5384b5dce6c,82cffd5880c953933b9ebe4e4789edd0,1.0,1,1,5
5c5cf3dc9c487f7c743ca5384b5dce6c,9fafb9bc4f2296fe5d2d0bc2f8e19a0b,1.0,1,1,5
5c5cf3dc9c487f7c743ca5384b5dce6c,eb742a3b914c53d45f1a30c8e2fcd8bd,1.0,1,1,5
5d29867262a9a3e7a02cac5ad5f77f0d,7b35fb694a1c478f507173167fbe234e,1.0,1,1,5
5d29867262a9a3e7a02cac5ad5f77f0d,82cffd5880c953933b9ebe4e4789edd0,1.0,1,1,5
5d29867262a9a3e7a02cac5ad5f77f0d,9fafb9bc4f2296fe5d2d0bc2f8e19a0b,1.0,1,1,5
5d29867262a9a3e7a02cac5ad5f77f0d,eb742a3b914c53d45f1a30c8e2fcd8bd,1.0,1,1,5
5e4c21084ec2a785f22d323b1535ee3a,7b35fb694a1c478f507173167fbe234e,1.0,1,1,5
5e4c21084ec2a785f22d323b1535ee3a,82cffd5880c953933b9ebe4e4789edd0,1.0,1,1,5
5e4c21084ec2a785f22d323b1535ee3a,9fafb9bc4f2296fe5d2d0bc2f8e19a0b,1.0,1,1,5
5e4c21084ec2a785f22d323b1535ee3a,eb742a3b914c53d45f1a30c8e2fcd8bd,1.0,1,1,5
5f07691fd7182196e872455e8a3e6bff,7b35fb694a1c478f507173167fbe234e,1.0,1,1,5
5f07691fd7182196e872455e8a3e6bff,82cffd5880c953933b9ebe4e4789edd0,1.0,1,1,5
5f07691fd7182196e872455e8a3e6bff,9fafb9bc4f2296fe5d2d0bc2f8e19a0b,1.0,1,1,5
5f07691fd7182196e872455e8a3e6bff,eb742a3b914c53d45f1a30c8e2fcd8bd,1.0,1,1,5
5f095bae3dcbd3ca1a3467e92d926207,7b35fb694a1c478f507173167fbe234e,1.0,1,1,5
5f095bae3dcbd3ca1a3467e92d926207,82cffd5880c953933b9ebe4e4789edd0,1.0,1,1,5
5f095bae3dcbd3ca1a3467e92d926207,9fafb9bc4f2296fe5d2d0bc2f8e19a0b,1.0,1,1,5
5f095bae3dcbd3ca1a3467e92d926207,eb742a3b914c53d45f1a30c8e2fcd8bd,1.0,1,1,5
609854a129474911451a1f000a125c3b,7b35fb694a1c478f507173167fbe234e,1.0,1,1,5
609854a129474911451a1f000a125c3b,82cffd5880c953933b9ebe4e4789edd0,1.0,1,1,5
609854a129474911451a1f000a125c3b,9fafb9bc4f2296fe5d2d0bc2f8e19a0b,1.0,1,1,5
609854a129474911451a1f000a125c3b,eb742a3b914c53d45f1a30c8e2fcd8bd,1.0,1,1,5
60d34509419ce4f132570db40e6ea985,6cd5ad2783f175ab9dac5072bc7e3d73,1.0,1,2,4
60d34509419ce4f132570db40e6ea985,cc02224a63bfaa52e0007916dea1b669,1.0,1,2,4
61d8d78be66c92e75a0ab33f95363e1e,7b35fb694a1c478f507173167fbe234e,1.0,1,1,5
61d8d78be66c92e75a0ab33f95363e1e,82cffd5880c953933b9ebe4e4789edd0,1.0,1,1,5
61d8d78be66c92e75a0ab33f95363e1e,9fafb9bc4f2296fe5d2d0bc2f8e19a0b,1.0,1,1,5
61d8d78be66c92e75a0ab33f95363e1e,eb742a3b914c53d45f1a30c8e2fcd8bd,1.0,1,1,5
628b5fda35baf944099fc4da84a69ac1,6cd5ad2783f175ab9dac5072bc7e3d73,1.0,1,2,4
628b5fda35baf944099fc4da84a69ac1,cc02224a63bfaa52e0007916dea1b669,1.0,1,2,4
62e32e0b239b36c93427f7910eb6a173,7b35fb694a1c478f507173167fbe234e,1.0,1,1,5
62e32e0b239b36c93427f7910eb6a173,82cffd5880c953933b9ebe4e4789edd0,1.0,1,1,5
62e32e0b239b36c93427f7910eb6a173,9fafb9bc4f2296fe5d2d0bc2f8e19a0b,1.0,1,1,5
62e32e0b239b36c93427f7910eb6a173,eb742a3b914c53d45f1a30c8e2fcd8bd,1.0,1,1,5
63462aead859a244b974f6443e5fdb36,7b35fb694a1c478f507173167fbe234e,1.0,1,1,5
63462aead859a244b974f6443e5fdb36,82cffd5880c953933b9ebe4e4789edd0,1.0,1,1,5
63462aead859a244b974f6443e5fdb36,9fafb9bc4f2296fe5d2d0bc2f8e19a0b,1.0,1,1,5
63462aead859a244b974f6443e5fdb36,eb742a3b914c53d45f1a30c8e2fcd8bd,1.0,1,1,5
6364655a115c9a45a9283cd8e00aa643,6cd5ad2783f175ab9dac5072bc7e3d73,1.0,1,2,4
6364655a115c9a45a9283cd8e00aa643,cc02224a63bfaa52e0007916dea1b669,1.0,1,2,4
63fa3dad6bde01314fc7e125df83fd00,7b35fb694a1c478f507173167fbe234e,1.0,1,1,5
63fa3dad6bde01314fc7e125df83fd00,82cffd5880c953933b9ebe4e4789edd0,1.0,1,1,5
63fa3dad6bde01314fc7e125df83fd00,9fafb9bc4f2296fe5d2d0bc2f8e19a0b,1.0,1,1,5
63fa3dad6bde01314fc7e125df83fd00,eb742a3b914c53d45f1a30c8e2fcd8bd,1.0,1,1,5
64fea8f835a632f5380fcbe463524004,7b35fb694a1c478f507173167fbe234e,1.0,1,1,5
64fea8f835a632f5380fcbe463524004,82cffd5880c953933b9ebe4e4789edd0,1.0,1,1,5
64fea8f835a632f5380fcbe463524004,9fafb9bc4f2296fe5d2d0bc2f8e19a0b,1.0,1,1,5
64fea8f835a632f5380fcbe463524004,eb742a3b914c53d45f1a30c8e2fcd8bd,1.0,1,1,5
684fda5905aa430123c7b293106a337b,7b35fb694a1c478f507173167fbe234e,1.0,1,1,5
684fda5905aa430123c7b293106a337b,82cffd5880c953933b9ebe4e4789edd0,1.0,1,1,5
684fda5905aa430123c7b293106a337b,9fafb9bc4f2296fe5d2d0bc2f8e19a0b,1.0,1,1,5
684fda5905aa430123c7b293106a337b,eb742a3b914c53d45f1a30c8e2fcd8bd,1.0,1,1,5
6a1250106d0de8395377553e4dd2b5fc,7b35fb694a1c478f507173167fbe234e,1.0,1,1,5
6a1250106d0de8395377553e4dd2b5fc,82cffd5880c953933b9ebe4e4789edd0,1.0,1,1,5
6a1250106d0de8395377553e4dd2b5fc,9fafb9bc4f2296fe5d2d0bc2f8e19a0b,1.0,1,1,5
6a1250106d0de8395377553e4dd2b5fc,eb742a3b914c53d45f1a30c8e2fcd8bd,1.0,1,1,5
6a583f4c6790a4c8330beb7612e17f42,7cd931d3566a9c43e15d5e6ce9ff5759,1.0,1,3,3
6a583f4c6790a4c8330beb7612e17f42,894a2fac1dcb705a1e4097b8a9131e90,1.0,1,3,3
6a583f4c6790a4c8330beb7612e17f42,8ee1e34425fc54b1f87318160b378c3b,1.0,1,3,3
6a583f4c6790a4c8330beb7612e17f42,938f430a30c511a883c71999f6d01dcc,1.0,1,3,3
6a583f4c6790a4c8330beb7612e17f42,9e3cc1906aa2db29c30aecb2d642a41d,1.0,1,3,3
6a583f4c6790a4c8330beb7612e17f42,ad60ba535e4fa2b72c924290d6337913,1.0,1,3,3
6a583f4c6790a4c8330beb7612e17f42,e4923ae2c32e70e3c5a6e73a9fb872f2,1.0,1,3,3
6a583f4c6790a4c8330beb7612e17f42,e8ca08f200cf74746cd5e671efcb61f3,1.0,1,3,3
6a663eef93e1bbb5a16b79f43ac8f49b,7b35fb694a1c478f507173167fbe234e,1.0,1,1,5
6a663eef93e1bbb5a16b79f43ac8f49b,82cffd5880c953933b9ebe4e4789edd0,1.0,1,1,5
6a663eef93e1bbb5a16b79f43ac8f49b,9fafb9bc4f2296fe5d2d0bc2f8e19a0b,1.0,1,1,5
6a663eef93e1bbb5a16b79f43ac8f49b,eb742a3b914c53d45f1a30c8e2fcd8bd,1.0,1,1,5
6a7244a47d9adb99cba594626b9c8bc0,7b35fb694a1c478f507173167fbe234e,1.0,1,1,5
6a7244a47d9adb99cba594626b9c8bc0,82cffd5880c953933b9ebe4e4789edd0,1.0,1,1,5
6a7244a47d9adb99cba594626b9c8bc0,9fafb9bc4f2296fe5d2d0bc2f8e19a0b,1.0,1,1,5
6a7244a47d9adb99cba594626b9c8bc0,eb742a3b914c53d45f1a30c8e2fcd8bd,1.0,1,1,5
6b97ccd3953e4d28f91641bf60e279bb,7b35fb694a1c478f507173167fbe234e,1.0,1,1,5
6b97ccd3953e4d28f91641bf60e279bb,82cffd5880c953933b9ebe4e4789edd0,1.0,1,1,5
6b97ccd3953e4d28f91641bf60e279bb,9fafb9bc4f2296fe5d2d0bc2f8e19a0b,1.0,1,1,5
6b97ccd3953e4d28f91641bf60e279bb,eb742a3b914c53d45f1a30c8e2fcd8bd,1.0,1,1,5
6c16b745c25238952857221d6cd7e866,7b35fb694a1c478f507173167fbe234e,1.0,1,1,5
6c16b745c25238952857221d6cd7e866,82cffd5880c953933b9ebe4e4789edd0,1.0,1,1,5
6c16b745c25238952857221d6cd7e866,9fafb9bc4f2296fe5d2d0bc2f8e19a0b,1.0,1,1,5
6c16b745c25238952857221d6cd7e866,eb742a3b914c53d45f1a30c8e2fcd8bd,1.0,1,1,5
6cd5ad2783f175ab9dac5072bc7e3d73,74084969d4b912b9bd10439ebb79ce6b,1.0,1,4,2
6cd5ad2783f175ab9dac5072bc7e3d73,7afbf983eb484fb14e40092c0139d66f,1.0,1,4,2
6cd5ad2783f175ab9dac5072bc7e3d73,7ca19647e1200895475475186a3e072e,1.0,1,4,2
6cd5ad2783f175ab9dac5072bc7e3d73,80b5c70d20058c553d662a56cbff22e5,1.0,1,4,2
6cd5ad2783f175ab9dac5072bc7e3d73,85ac3e23bde65bd5628fdd6f15db5295,1.0,1,4,2
6cd5ad2783f175ab9dac5072bc7e3d73,889fc057c77157659bdef1206d47d08c,1.0,1,4,2
6cd5ad2783f175ab9dac5072bc7e3d73,8a56bc1f46776cf85828e336fa75dcd5,1.0,1,4,2
6cd5ad2783f175ab9dac5072bc7e3d73,942a5e1f3f7b206e11354f6d84121a3e,1.0,1,4,2
6cd5ad2783f175ab9dac5072bc7e3d73,9efc7f2a9ac5c2cf72565008f1914206,1.0,1,4,2
6cd5ad2783f175ab9dac5072bc7e3d73,9f1591824452a9d9a9f225b9fca168d2,1.0,1,4,2
6cd5ad2783f175ab9dac5072bc7e3d73,a16656b34f59e202ef32dfc53b947847,1.0,1,4,2
6cd5ad2783f175ab9dac5072bc7e3d73,a7de0c8480d07cef1e8f55f8c61f548f,1.0,1,4,2
6cd5ad2783f175ab9dac5072bc7e3d73,b6da6ab100de9d85d855bb67aaa2157d,1.0,1,4,2
6cd5ad2783f175ab9dac5072bc7e3d73,bb00460af4cda6bd1252e99ef3168b56,1.0,1,4,2
6cd5ad2783f175ab9dac5072bc7e3d73,bb361861b83a556ce2a5b2d537e22df9,1.0,1,4,2
6cd5ad2783f175ab9dac5072bc7e3d73,c550705284a6b10b8b2c2e6c40e90580,1.0,1,4,2
6cd5ad2783f175ab9dac5072bc7e3d73,c9f633ba06746056943f5e6d4bf1f1cd,1.0,1,4,2
6cd5ad2783f175ab9dac5072bc7e3d73,d10e1d04f94eea6c40bc55ad964930f2,1.0,1,4,2
6cd5ad2783f175ab9dac5072bc7e3d73,d88ab33b7eb886fea1b8ff195c9a9781,1.0,1,4,2
6cd5ad2783f175ab9dac5072bc7e3d73,e5535f0b3bd13a577b26dab17ed44a0f,1.0,1,4,2
6cd5ad2783f175ab9dac5072bc7e3d73,e7f05599a82aa0ff9745e92f4b9a9188,1.0,1,4,2
6cd5ad2783f175ab9dac5072bc7e3d73,ea45fdfe8aaa3f81604b23a652c49fcf,1.0,1,4,2
6cd5ad2783f175ab9dac5072bc7e3d73,ed7aae0bd6dae2a07a54cd4f9c0b9b0a,1.0,1,4,2
6cd5ad2783f175ab9dac5072bc7e3d73,fcabb1c1914da0aff9378a59942ff133,1.0,1,4,2
6dba6f8d6b28cb57dc4c873f578d5086,7b35fb694a1c478f507173167fbe234e,1.0,1,1,5
6dba6f8d6b28cb57dc4c873f578d5086,82cffd5880c953933b9ebe4e4789edd0,1.0,1,1,5
6dba6f8d6b28cb57dc4c873f578d5086,9fafb9bc4f2296fe5d2d0bc2f8e19a0b,1.0,1,1,5
6dba6f8d6b28cb57dc4c873f578d5086,eb742a3b914c53d45f1a30c8e2fcd8bd,1.0,1,1,5
6f66c072ff5a7307dfce47b246844ff7,7b35fb694a1c478f507173167fbe234e,1.0,1,1,5
6f66c072ff5a7307dfce47b246844ff7,82cffd5880c953933b9ebe4e4789edd0,1.0,1,1,5
6f66c072ff5a7307dfce47b246844ff7,9fafb9bc4f2296fe5d2d0bc2f8e19a0b,1.0,1,1,5
6f66c072ff5a7307dfce47b246844ff7,eb742a3b914c53d45f1a30c8e2fcd8bd,1.0,1,1,5
6f84e5f81b7daece37fdddcc6cf99ad4,7b35fb694a1c478f507173167fbe234e,1.0,1,1,5
6f84e5f81b7daece37fdddcc6cf99ad4,82cffd5880c953933b9ebe4e4789edd0,1.0,1,1,5
6f84e5f81b7daece37fdddcc6cf99ad4,9fafb9bc4f2296fe5d2d0bc2f8e19a0b,1.0,1,1,5
6f84e5f81b7daece37fdddcc6cf99ad4,eb742a3b914c53d45f1a30c8e2fcd8bd,1.0,1,1,5
73595bddc6727413b0b83311fe7963dc,7b35fb694a1c478f507173167fbe234e,1.0,1,1,5
73595bddc6727413b0b83311fe7963dc,82cffd5880c953933b9ebe4e4789edd0,1.0,1,1,5
73595bddc6727413b0b83311fe7963dc,9fafb9bc4f2296fe5d2d0bc2f8e19a0b,1.0,1,1,5
73595bddc6727413b0b83311fe7963dc,eb742a3b914c53d45f1a30c8e2fcd8bd,1.0,1,1,5
74084969d4b912b9bd10439ebb79ce6b,cc02224a63bfaa52e0007916dea1b669,1.0,1,2,4
74ea4ce57f080f34b6ccd680a9fdfb25,7b35fb694a1c478f507173167fbe234e,1.0,1,1,5
74ea4ce57f080f34b6ccd680a9fdfb25,82cffd5880c953933b9ebe4e4789edd0,1.0,1,1,5
74ea4ce57f080f34b6ccd680a9fdfb25,9fafb9bc4f2296fe5d2d0bc2f8e19a0b,1.0,1,1,5
74ea4ce57f080f34b6ccd680a9fdfb25,eb742a3b914c53d45f1a30c8e2fcd8bd,1.0,1,1,5
7636a32fe04dd56f6e5c00431009bffa,7b35fb694a1c478f507173167fbe234e,1.0,1,1,5
7636a32fe04dd56f6e5c00431009bffa,82cffd5880c953933b9ebe4e4789edd0,1.0,1,1,5
7636a32fe04dd56f6e5c00431009bffa,9fafb9bc4f2296fe5d2d0bc2f8e19a0b,1.0,1,1,5
7636a32fe04dd56f6e5c00431009bffa,eb742a3b914c53d45f1a30c8e2fcd8bd,1.0,1,1,5
76a64080f30c054c5355e766a926ecb6,7b35fb694a1c478f507173167fbe234e,1.0,1,1,5
76a64080f30c054c5355e766a926ecb6,82cffd5880c953933b9ebe4e4789edd0,1.0,1,1,5
76a64080f30c054c5355e766a926ecb6,9fafb9bc4f2296fe5d2d0bc2f8e19a0b,1.0,1,1,5
76a64080f30c054c5355e766a926ecb6,eb742a3b914c53d45f1a30c8e2fcd8bd,1.0,1,1,5
76a74caf44c92f49f951964b79d191a9,7b35fb694a1c478f507173167fbe234e,1.0,1,1,5
76a74caf44c92f49f951964b79d191a9,82cffd5880c953933b9ebe4e4789edd0,1.0,1,1,5
76a74caf44c92f49f951964b79d191a9,9fafb9bc4f2296fe5d2d0bc2f8e19a0b,1.0,1,1,5
76a74caf44c92f49f951964b79d191a9,eb742a3b914c53d45f1a30c8e2fcd8bd,1.0,1,1,5
7902cd1145bb7d876512310c3baa3f01,7b35fb694a1c478f507173167fbe234e,1.0,1,1,5
7902cd1145bb7d876512310c3baa3f01,82cffd5880c953933b9ebe4e4789edd0,1.0,1,1,5
7902cd1145bb7d876512310c3baa3f01,9fafb9bc4f2296fe5d2d0bc2f8e19a0b,1.0,1,1,5
7902cd1145bb7d876512310c3baa3f01,eb742a3b914c53d45f1a30c8e2fcd8bd,1.0,1,1,5
796ec09645a8532d92921de19a33d6ed,7b35fb694a1c478f507173167fbe234e,1.0,1,1,5
796ec09645a8532d92921de19a33d6ed,82cffd5880c953933b9ebe4e4789edd0,1.0,1,1,5
796ec09645a8532d92921de19a33d6ed,9fafb9bc4f2296fe5d2d0bc2f8e19a0b,1.0,1,1,5
796ec09645a8532d92921de19a33d6ed,eb742a3b914c53d45f1a30c8e2fcd8bd,1.0,1,1,5
79aaa40216d464f6571c1ade510d094d,7b35fb694a1c478f507173167fbe234e,1.0,1,1,5
79aaa40216d464f6571c1ade510d094d,82cffd5880c953933b9ebe4e4789edd0,1.0,1,1,5
79aaa40216d464f6571c1ade510d094d,9fafb9bc4f2296fe5d2d0bc2f8e19a0b,1.0,1,1,5
79aaa40216d464f6571c1ade510d094d,eb742a3b914c53d45f1a30c8e2fcd8bd,1.0,1,1,5
7a30c2f4ee4d9f8370e1ed8acf3eefb4,7b35fb694a1c478f507173167fbe234e,1.0,1,1,5
7a30c2f4ee4d9f8370e1ed8acf3eefb4,82cffd5880c953933b9ebe4e4789edd0,1.0,1,1,5
7a30c2f4ee4d9f8370e1ed8acf3eefb4,9fafb9bc4f2296fe5d2d0bc2f8e19a0b,1.0,1,1,5
7a30c2f4ee4d9f8370e1ed8acf3eefb4,eb742a3b914c53d45f1a30c8e2fcd8bd,1.0,1,1,5
7a674ed79e331684053a0f36fcce0b16,7b35fb694a1c478f507173167fbe234e,1.0,1,1,5
7a674ed79e331684053a0f36fcce0b16,82cffd5880c953933b9ebe4e4789edd0,1.0,1,1,5
7a674ed79e331684053a0f36fcce0b16,9fafb9bc4f2296fe5d2d0bc2f8e19a0b,1.0,1,1,5
7a674ed79e331684053a0f36fcce0b16,eb742a3b914c53d45f1a30c8e2fcd8bd,1.0,1,1,5
7afbf983eb484fb14e40092c0139d66f,cc02224a63bfaa52e0007916dea1b669,1.0,1,2,4
7b35fb694a1c478f507173167fbe234e,7b3d5e9819f245927a29ccfae22ed449,1.0,1,5,1
7b35fb694a1c478f507173167fbe234e,7d7aa5c4be05a0443a77a744255c7b01,1.0,1,5,1
7b35fb694a1c478f507173167fbe234e,7d94c9f2049fc3e2283a4b29646ad1cb,1.0,1,5,1
7b35fb694a1c478f507173167fbe234e,82b10cac246970ffdf60e1d93a9a9816,1.0,1,5,1
7b35fb694a1c478f507173167fbe234e,896ae021b16a75c0400fad89141227b2,1.0,1,5,1
7b35fb694a1c478f507173167fbe234e,897df847354833789262d872ee1062d1,1.0,1,5,1
7b35fb694a1c478f507173167fbe234e,8b562fe20fc1a0a18898b2dcd62008d5,1.0,1,5,1
7b35fb694a1c478f507173167fbe234e,8b789c08cf290e40475d63308dafa12e,1.0,1,5,1
7b35fb694a1c478f507173167fbe234e,8cf98fbd02b0efdde35bbc7aab39764a,1.0,1,5,1
7b35fb694a1c478f507173167fbe234e,8dd960c9315fce711c04a4411ed03310,1.0,1,5,1
7b35fb694a1c478f507173167fbe234e,91db2e9633e507c47274a5767ef6fb2f,1.0,1,5,1
7b35fb694a1c478f507173167fbe234e,931f73eb317aa12c10e3fbb2a7a59650,1.0,1,5,1
7b35fb694a1c478f507173167fbe234e,94167fb69e0fff5cbd22cae95133ae88,1.0,1,5,1
7b35fb694a1c478f507173167fbe234e,94433e52e7cb4d2755e1ce5954f4ecf2,1.0,1,5,1
7b35fb694a1c478f507173167fbe234e,9578265ad4a29c7330ea61d6b7b83862,1.0,1,5,1
7b35fb694a1c478f507173167fbe234e,95b621869cf337eac6bd9d42bf59c0c9,1.0,1,5,1
7b35fb694a1c478f507173167fbe234e,95d319b707fca3ca22e48d189e5fbb38,1.0,1,5,1
7b35fb694a1c478f507173167fbe234e,969eb8bf4c0fce047dfd0ee78ce9a205,1.0,1,5,1
7b35fb694a1c478f507173167fbe234e,96b5aafd242ce556960678bf8d654fc8,1.0,1,5,1
7b35fb694a1c478f507173167fbe234e,987c0da67e68ec3a785ba1d8c608841b,1.0,1,5,1
7b35fb694a1c478f507173167fbe234e,99137c8a71db73be44549e5a5274981a,1.0,1,5,1
7b35fb694a1c478f507173167fbe234e,99d0d6b77f343be4a009eba1f5b75591,1.0,1,5,1
7b35fb694a1c478f507173167fbe234e,9bad4b41b80bb43afad57032f839451e,1.0,1,5,1
7b35fb694a1c478f507173167fbe234e,9d1f8629dc5f3107dded59e772dbf9ad,1.0,1,5,1
7b35fb694a1c478f507173167fbe234e,9d68d3a0a28583b68e7d8e6a07adaf31,1.0,1,5,1
7b35fb694a1c478f507173167fbe234e,9f18b9b8c2b650a9d97a84ac353f1b88,1.0,1,5,1
7b35fb694a1c478f507173167fbe234e,9f7fbc34b444b91c1ef03f2a7af6a33c,1.0,1,5,1
7b35fb694a1c478f507173167fbe234e,a053b33caad9b237f40a312e1dbe7af5,1.0,1,5,1
7b35fb694a1c478f507173167fbe234e,a05b42abd28b0e788776cc00acca82db,1.0,1,5,1
7b35fb694a1c478f507173167fbe234e,a1b1a0117238e884965678ce035f10d0,1.0,1,5,1
7b35fb694a1c478f507173167fbe234e,a1cbaab4236d5ac6f71bcfc7fdc87d10,1.0,1,5,1
7b35fb694a1c478f507173167fbe234e,a22db6502caed90511467435a9aa9c22,1.0,1,5,1
7b35fb694a1c478f507173167fbe234e,a2681e61ce4cd09c84e028a4963812da,1.0,1,5,1
7b35fb694a1c478f507173167fbe234e,a39f499be584ce0057dd5c0485123575,1.0,1,5,1
7b35fb694a1c478f507173167fbe234e,a5e783156c30ef47a0209fe04f0c8f73,1.0,1,5,1
7b35fb694a1c478f507173167fbe234e,a8d91aea91e95b9fc06492ac162a7876,1.0,1,5,1
7b35fb694a1c478f507173167fbe234e,abbf98c4b6e413fe48405159b17f9a51,1.0,1,5,1
7b35fb694a1c478f507173167fbe234e,abca17a50929e00d09e56810f3f09274,1.0,1,5,1
7b35fb694a1c478f507173167fbe234e,ad93fad8236116a49b08059fb2bd8145,1.0,1,5,1
7b35fb694a1c478f507173167fbe234e,afda5cfb8f4c578a54efbef23e45c621,1.0,1,5,1
7b35fb694a1c478f507173167fbe234e,b02fdd2b810e62da62cd5b2b26a66cac,1.0,1,5,1
7b35fb694a1c478f507173167fbe234e,b2fda5c6e63de74ec7e21c4d02fc9baa,1.0,1,5,1
7b35fb694a1c478f507173167fbe234e,b32bcb59268e3494d9b1295b47bb8df2,1.0,1,5,1
7b35fb694a1c478f507173167fbe234e,b4b1a11b3ee17f1c046b64e52a5a8515,1.0,1,5,1
7b35fb694a1c478f507173167fbe234e,b609e84c9c83295bb241da5a704bccd8,1.0,1,5,1
7b35fb694a1c478f507173167fbe234e,b69b6115798a2e61e52386ad74cf9371,1.0,1,5,1
7b35fb694a1c478f507173167fbe234e,b6ad6d0ceec51b14ddaaec22ea6e6e97,1.0,1,5,1
7b35fb694a1c478f507173167fbe234e,b7ed52180f08c7227df351919f7dba09,1.0,1,5,1
7b35fb694a1c478f507173167fbe234e,b814fa64605cc425160403d78fb75f4c,1.0,1,5,1
7b35fb694a1c478f507173167fbe234e,bb639133b3e1a03c5f3b221c80a414db,1.0,1,5,1
7b35fb694a1c478f507173167fbe234e,bccf1f04597bf7d228479c66d874061b,1.0,1,5,1
7b35fb694a1c478f507173167fbe234e,c0a37e61c7980c62666befa53e300142,1.0,1,5,1
7b35fb694a1c478f507173167fbe234e,c11b49cd5e286f19445c7211b6039abe,1.0,1,5,1
7b35fb694a1c478f507173167fbe234e,c11f3aaf8e1577c0e2214499ef0f27ba,1.0,1,5,1
7b35fb694a1c478f507173167fbe234e,c332980c78958a4328aa453e4f7dd73f,1.0,1,5,1
7b35fb694a1c478f507173167fbe234e,c3496e2536d8347b97f7afe5d7d211ab,1.0,1,5,1
7b35fb694a1c478f507173167fbe234e,c4c8a6af60b58aed2b0edfc848a28700,1.0,1,5,1
7b35fb694a1c478f507173167fbe234e,c5afdb21fdb0a3e8c4a55742dfe7c644,1.0,1,5,1
7b35fb694a1c478f507173167fbe234e,c5e0bea8d76cf467944d3feb699ad06e,1.0,1,5,1
7b35fb694a1c478f507173167fbe234e,c6bab6d0a0ba93b7672fddc3c965d8bb,1.0,1,5,1
7b35fb694a1c478f507173167fbe234e,c78fddb6f257881a62b4de591bb5a1f1,1.0,1,5,1
7b35fb694a1c478f507173167fbe234e,c80e8eba85e03db9cf73f0ed349d18bd,1.0,1,5,1
7b35fb694a1c478f507173167fbe234e,c84c8ac4dcafc7aefe37b07a9343320b,1.0,1,5,1
7b35fb694a1c478f507173167fbe234e,cdc6cd6f0a8b8f844db9a61e779055b3,1.0,1,5,1
7b35fb694a1c478f507173167fbe234e,ce26bcc126789faf8d51fa4cc4f0d407,1.0,1,5,1
7b35fb694a1c478f507173167fbe234e,cef354e35d130e1452229886c37e5b7d,1.0,1,5,1
7b35fb694a1c478f507173167fbe234e,d07448b2437bfe83d9b7e226a9809ff7,1.0,1,5,1
7b35fb694a1c478f507173167fbe234e,d198625af1483191f3c684f96c168f98,1.0,1,5,1
7b35fb694a1c478f507173167fbe234e,d1fc7c21dd26886b28e4973eb89d91b8,1.0,1,5,1
7b35fb694a1c478f507173167fbe234e,d207167b0278a7b67f1dd13537969796,1.0,1,5,1
7b35fb694a1c478f507173167fbe234e,d2f3349e7c047fe8c4fe06a251027d21,1.0,1,5,1
7b35fb694a1c478f507173167fbe234e,d335baecca5030833f520b089d1f5de0,1.0,1,5,1
7b35fb694a1c478f507173167fbe234e,d372a040e57bcdc6b9ecb52f3feda0d9,1.0,1,5,1
7b35fb694a1c478f507173167fbe234e,d5521a550c8276ef263a830852342242,1.0,1,5,1
7b35fb694a1c478f507173167fbe234e,d5e4bc3ab51abd788eaf77fce19a12d3,1.0,1,5,1
7b35fb694a1c478f507173167fbe234e,d94137816541d7919b82c664a8f3937f,1.0,1,5,1
7b35fb694a1c478f507173167fbe234e,d9c528dea1e5035e1c94ce8f14c6ed0b,1.0,1,5,1
7b35fb694a1c478f507173167fbe234e,da4f9f9ac73ecec9f3a1ee1c0de6d6d9,1.0,1,5,1
7b35fb694a1c478f507173167fbe234e,dbaf90a340588b6b0d35609707c9e28e,1.0,1,5,1
7b35fb694a1c478f507173167fbe234e,dc9601017e7242b2d4731669d1ce7bc5,1.0,1,5,1
7b35fb694a1c478f507173167fbe234e,dc9c904e32d80642b359205d9aedaff9,1.0,1,5,1
7b35fb694a1c478f507173167fbe234e,dd54dc717fbbcc67d92a15d8b2350249,1.0,1,5,1
7b35fb694a1c478f507173167fbe234e,dd83c210f2179d6c893b5c0bf9da0268,1.0,1,5,1
7b35fb694a1c478f507173167fbe234e,de62b1930ddc37c005aff8c0edf2a3e2,1.0,1,5,1
7b35fb694a1c478f507173167fbe234e,dfbfbe79debfab1266fc7ae4abfd98ae,1.0,1,5,1
7b35fb694a1c478f507173167fbe234e,e017e385eca212c9245b334a1b500fc2,1.0,1,5,1
7b35fb694a1c478f507173167fbe234e,e0d57fcc716125d70f48d5e7e165a23c,1.0,1,5,1
7b35fb694a1c478f507173167fbe234e,e3636ed2c618b2eecdf1970d8c87bc67,1.0,1,5,1
7b35fb694a1c478f507173167fbe234e,e3ad4e23b9a9ea0760eca68158b6ebc2,1.0,1,5,1
7b35fb694a1c478f507173167fbe234e,e44728753775d439f900bc11d70dda23,1.0,1,5,1
7b35fb694a1c478f507173167fbe234e,e46c733f67479a6d5447886afb6d5f39,1.0,1,5,1
7b35fb694a1c478f507173167fbe234e,e5e9da3a61436d34efc3250a52495330,1.0,1,5,1
7b35fb694a1c478f507173167fbe234e,e94e6e62ffdd16f148f9496d32d31779,1.0,1,5,1
7b35fb694a1c478f507173167fbe234e,ebe981a1b4ae51ee6e244e207acd3562,1.0,1,5,1
7b35fb694a1c478f507173167fbe234e,ebf92f18f7a148f0511a4e532e917e82,1.0,1,5,1
7b35fb694a1c478f507173167fbe234e,ec7df3e6f0c28ce6265380ea09534200,1.0,1,5,1
7b35fb694a1c478f507173167fbe234e,ecfe549039ca14574c34d8e5f2e2bce8,1.0,1,5,1
7b35fb694a1c478f507173167fbe234e,ed6bb3579d99a0ed255c44da1280231e,1.0,1,5,1
7b35fb694a1c478f507173167fbe234e,ee95e177ab3f145dbe033160ced52d68,1.0,1,5,1
7b35fb694a1c478f507173167fbe234e,f0f8ceeadedd747aef7967d0f9e5969e,1.0,1,5,1
7b35fb694a1c478f507173167fbe234e,f236672cde392cc6ae3c0700fef8ada5,1.0,1,5,1
7b35fb694a1c478f507173167fbe234e,f283d62df3aed3073aa2796eecd01ccf,1.0,1,5,1
7b35fb694a1c478f507173167fbe234e,f35d345c137deaccf9c26ab701108f20,1.0,1,5,1
7b35fb694a1c478f507173167fbe234e,f362be295de5e69caf19361b902825e9,1.0,1,5,1
7b35fb694a1c478f507173167fbe234e,f491087d01a37428ba96de3897bf6814,1.0,1,5,1
7b35fb694a1c478f507173167fbe234e,f58d91eb07ca65178e04b1887adc8c17,1.0,1,5,1
7b35fb694a1c478f507173167fbe234e,f5b73a2dfb6011b07b2f4aad915ce171,1.0,1,5,1
7b35fb694a1c478f507173167fbe234e,f75bc8b1aa3841ba66a6cf79255d3486,1.0,1,5,1
7b35fb694a1c478f507173167fbe234e,f82cb85be599c614a9665bb050d03dbb,1.0,1,5,1
7b35fb694a1c478f507173167fbe234e,fb08731fcd69d0cc9cc2c730e5aa8691,1.0,1,5,1
7b35fb694a1c478f507173167fbe234e,fc16565ad8c9887ecc561e0708cd14ba,1.0,1,5,1
7b35fb694a1c478f507173167fbe234e,fc6c2db1e5fc8d4e826df52031c08dc6,1.0,1,5,1
7b35fb694a1c478f507173167fbe234e,fcaba43cfd594b9a6e1389bcbd33d5bd,1.0,1,5,1
7b35fb694a1c478f507173167fbe234e,fdcf823822a86833a95cbe82fb08dc13,1.0,1,5,1
7b35fb694a1c478f507173167fbe234e,fed51c3432d9ca128dc6a81c892a1168,1.0,1,5,1
7b35fb694a1c478f507173167fbe234e,ffc9d8a98ebd09a78c8adb729c3cfa2a,1.0,1,5,1
7b35fb694a1c478f507173167fbe234e,ffdcd85e0e81fc93f49bef4d54a4e61f,1.0,1,5,1
7b3d5e9819f245927a29ccfae22ed449,82cffd5880c953933b9ebe4e4789edd0,1.0,1,1,5
7b3d5e9819f245927a29ccfae22ed449,9fafb9bc4f2296fe5d2d0bc2f8e19a0b,1.0,1,1,5
7b3d5e9819f245927a29ccfae22ed449,eb742a3b914c53d45f1a30c8e2fcd8bd,1.0,1,1,5
7ca19647e1200895475475186a3e072e,cc02224a63bfaa52e0007916dea1b669,1.0,1,2,4
7cd931d3566a9c43e15d5e6ce9ff5759,894a2fac1dcb705a1e4097b8a9131e90,1.0,1,3,3
7cd931d3566a9c43e15d5e6ce9ff5759,8ee1e34425fc54b1f87318160b378c3b,1.0,1,3,3
7cd931d3566a9c43e15d5e6ce9ff5759,938f430a30c511a883c71999f6d01dcc,1.0,1,3,3
7cd931d3566a9c43e15d5e6ce9ff5759,9e3cc1906aa2db29c30aecb2d642a41d,1.0,1,3,3
7cd931d3566a9c43e15d5e6ce9ff5759,ad60ba535e4fa2b72c924290d6337913,1.0,1,3,3
7cd931d3566a9c43e15d5e6ce9ff5759,e4923ae2c32e70e3c5a6e73a9fb872f2,1.0,1,3,3
7cd931d3566a9c43e15d5e6ce9ff5759,e8ca08f200cf74746cd5e671efcb61f3,1.0,1,3,3
7d7aa5c4be05a0443a77a744255c7b01,82cffd5880c953933b9ebe4e4789edd0,1.0,1,1,5
7d7aa5c4be05a0443a77a744255c7b01,9fafb9bc4f2296fe5d2d0bc2f8e19a0b,1.0,1,1,5
7d7aa5c4be05a0443a77a744255c7b01,eb742a3b914c53d45f1a30c8e2fcd8bd,1.0,1,1,5
7d94c9f2049fc3e2283a4b29646ad1cb,82cffd5880c953933b9ebe4e4789edd0,1.0,1,1,5
7d94c9f2049fc3e2283a4b29646ad1cb,9fafb9bc4f2296fe5d2d0bc2f8e19a0b,1.0,1,1,5
7d94c9f2049fc3e2283a4b29646ad1cb,eb742a3b914c53d45f1a30c8e2fcd8bd,1.0,1,1,5
80b5c70d20058c553d662a56cbff22e5,cc02224a63bfaa52e0007916dea1b669,1.0,1,2,4
82b10cac246970ffdf60e1d93a9a9816,82cffd5880c953933b9ebe4e4789edd0,1.0,1,1,5
82b10cac246970ffdf60e1d93a9a9816,9fafb9bc4f2296fe5d2d0bc2f8e19a0b,1.0,1,1,5
82b10cac246970ffdf60e1d93a9a9816,eb742a3b914c53d45f1a30c8e2fcd8bd,1.0,1,1,5
82cffd5880c953933b9ebe4e4789edd0,896ae021b16a75c0400fad89141227b2,1.0,1,5,1
82cffd5880c953933b9ebe4e4789edd0,897df847354833789262d872ee1062d1,1.0,1,5,1
82cffd5880c953933b9ebe4e4789edd0,8b562fe20fc1a0a18898b2dcd62008d5,1.0,1,5,1
82cffd5880c953933b9ebe4e4789edd0,8b789c08cf290e40475d63308dafa12e,1.0,1,5,1
82cffd5880c953933b9ebe4e4789edd0,8cf98fbd02b0efdde35bbc7aab39764a,1.0,1,5,1
82cffd5880c953933b9ebe4e4789edd0,8dd960c9315fce711c04a4411ed03310,1.0,1,5,1
82cffd5880c953933b9ebe4e4789edd0,91db2e9633e507c47274a5767ef6fb2f,1.0,1,5,1
82cffd5880c953933b9ebe4e4789edd0,931f73eb317aa12c10e3fbb2a7a59650,1.0,1,5,1
82cffd5880c953933b9ebe4e4789edd0,94167fb69e0fff5cbd22cae95133ae88,1.0,1,5,1
82cffd5880c953933b9ebe4e4789edd0,94433e52e7cb4d2755e1ce5954f4ecf2,1.0,1,5,1
82cffd5880c953933b9ebe4e4789edd0,9578265ad4a29c7330ea61d6b7b83862,1.0,1,5,1
82cffd5880c953933b9ebe4e4789edd0,95b621869cf337eac6bd9d42bf59c0c9,1.0,1,5,1
82cffd5880c953933b9ebe4e4789edd0,95d319b707fca3ca22e48d189e5fbb38,1.0,1,5,1
82cffd5880c953933b9ebe4e4789edd0,969eb8bf4c0fce047dfd0ee78ce9a205,1.0,1,5,1
82cffd5880c953933b9ebe4e4789edd0,96b5aafd242ce556960678bf8d654fc8,1.0,1,5,1
82cffd5880c953933b9ebe4e4789edd0,987c0da67e68ec3a785ba1d8c608841b,1.0,1,5,1
82cffd5880c953933b9ebe4e4789edd0,99137c8a71db73be44549e5a5274981a,1.0,1,5,1
82cffd5880c953933b9ebe4e4789edd0,99d0d6b77f343be4a009eba1f5b75591,1.0,1,5,1
82cffd5880c953933b9ebe4e4789edd0,9bad4b41b80bb43afad57032f839451e,1.0,1,5,1
82cffd5880c953933b9ebe4e4789edd0,9d1f8629dc5f3107dded59e772dbf9ad,1.0,1,5,1
82cffd5880c953933b9ebe4e4789edd0,9d68d3a0a28583b68e7d8e6a07adaf31,1.0,1,5,1
82cffd5880c953933b9ebe4e4789edd0,9f18b9b8c2b650a9d97a84ac353f1b88,1.0,1,5,1
82cffd5880c953933b9ebe4e4789edd0,9f7fbc34b444b91c1ef03f2a7af6a33c,1.0,1,5,1
82cffd5880c953933b9ebe4e4789edd0,a053b33caad9b237f40a312e1dbe7af5,1.0,1,5,1
82cffd5880c953933b9ebe4e4789edd0,a05b42abd28b0e788776cc00acca82db,1.0,1,5,1
82cffd5880c953933b9ebe4e4789edd0,a1b1a0117238e884965678ce035f10d0,1.0,1,5,1
82cffd5880c953933b9ebe4e4789edd0,a1cbaab4236d5ac6f71bcfc7fdc87d10,1.0,1,5,1
82cffd5880c953933b9ebe4e4789edd0,a22db6502caed90511467435a9aa9c22,1.0,1,5,1
82cffd5880c953933b9ebe4e4789edd0,a2681e61ce4cd09c84e028a4963812da,1.0,1,5,1
82cffd5880c953933b9ebe4e4789edd0,a39f499be584ce0057dd5c0485123575,1.0,1,5,1
82cffd5880c953933b9ebe4e4789edd0,a5e783156c30ef47a0209fe04f0c8f73,1.0,1,5,1
82cffd5880c953933b9ebe4e4789edd0,a8d91aea91e95b9fc06492ac162a7876,1.0,1,5,1
82cffd5880c953933b9ebe4e4789edd0,abbf98c4b6e413fe48405159b17f9a51,1.0,1,5,1
82cffd5880c953933b9ebe4e4789edd0,abca17a50929e00d09e56810f3f09274,1.0,1,5,1
82cffd5880c953933b9ebe4e4789edd0,ad93fad8236116a49b08059fb2bd8145,1.0,1,5,1
82cffd5880c953933b9ebe4e4789edd0,afda5cfb8f4c578a54efbef23e45c621,1.0,1,5,1
82cffd5880c953933b9ebe4e4789edd0,b02fdd2b810e62da62cd5b2b26a66cac,1.0,1,5,1
82cffd5880c953933b9ebe4e4789edd0,b2fda5c6e63de74ec7e21c4d02fc9baa,1.0,1,5,1
82cffd5880c953933b9ebe4e4789edd0,b32bcb59268e3494d9b1295b47bb8df2,1.0,1,5,1
82cffd5880c953933b9ebe4e4789edd0,b4b1a11b3ee17f1c046b64e52a5a8515,1.0,1,5,1
82cffd5880c953933b9ebe4e4789edd0,b609e84c9c83295bb241da5a704bccd8,1.0,1,5,1
82cffd5880c953933b9ebe4e4789edd0,b69b6115798a2e61e52386ad74cf9371,1.0,1,5,1
82cffd5880c953933b9ebe4e4789edd0,b6ad6d0ceec51b14ddaaec22ea6e6e97,1.0,1,5,1
82cffd5880c953933b9ebe4e4789edd0,b7ed52180f08c7227df351919f7dba09,1.0,1,5,1
82cffd5880c953933b9ebe4e4789edd0,b814fa64605cc425160403d78fb75f4c,1.0,1,5,1
82cffd5880c953933b9ebe4e4789edd0,bb639133b3e1a03c5f3b221c80a414db,1.0,1,5,1
82cffd5880c953933b9ebe4e4789edd0,bccf1f04597bf7d228479c66d874061b,1.0,1,5,1
82cffd5880c953933b9ebe4e4789edd0,c0a37e61c7980c62666befa53e300142,1.0,1,5,1
82cffd5880c953933b9ebe4e4789edd0,c11b49cd5e286f19445c7211b6039abe,1.0,1,5,1
82cffd5880c953933b9ebe4e4789edd0,c11f3aaf8e1577c0e2214499ef0f27ba,1.0,1,5,1
82cffd5880c953933b9ebe4e4789edd0,c332980c78958a4328aa453e4f7dd73f,1.0,1,5,1
82cffd5880c953933b9ebe4e4789edd0,c3496e2536d8347b97f7afe5d7d211ab,1.0,1,5,1
82cffd5880c953933b9ebe4e4789edd0,c4c8a6af60b58aed2b0edfc848a28700,1.0,1,5,1
82cffd5880c953933b9ebe4e4789edd0,c5afdb21fdb0a3e8c4a55742dfe7c644,1.0,1,5,1
82cffd5880c953933b9ebe4e4789edd0,c5e0bea8d76cf467944d3feb699ad06e,1.0,1,5,1
82cffd5880c953933b9ebe4e4789edd0,c6bab6d0a0ba93b7672fddc3c965d8bb,1.0,1,5,1
82cffd5880c953933b9ebe4e4789edd0,c78fddb6f257881a62b4de591bb5a1f1,1.0,1,5,1
82cffd5880c953933b9ebe4e4789edd0,c80e8eba85e03db9cf73f0ed349d18bd,1.0,1,5,1
82cffd5880c953933b9ebe4e4789edd0,c84c8ac4dcafc7aefe37b07a9343320b,1.0,1,5,1
82cffd5880c953933b9ebe4e4789edd0,cdc6cd6f0a8b8f844db9a61e779055b3,1.0,1,5,1
82cffd5880c953933b9ebe4e4789edd0,ce26bcc126789faf8d51fa4cc4f0d407,1.0,1,5,1
82cffd5880c953933b9ebe4e4789edd0,cef354e35d130e1452229886c37e5b7d,1.0,1,5,1
82cffd5880c953933b9ebe4e4789edd0,d07448b2437bfe83d9b7e226a9809ff7,1.0,1,5,1
82cffd5880c953933b9ebe4e4789edd0,d198625af1483191f3c684f96c168f98,1.0,1,5,1
82cffd5880c953933b9ebe4e4789edd0,d1fc7c21dd26886b28e4973eb89d91b8,1.0,1,5,1
82cffd5880c953933b9ebe4e4789edd0,d207167b0278a7b67f1dd13537969796,1.0,1,5,1
82cffd5880c953933b9ebe4e4789edd0,d2f3349e7c047fe8c4fe06a251027d21,1.0,1,5,1
82cffd5880c953933b9ebe4e4789edd0,d335baecca5030833f520b089d1f5de0,1.0,1,5,1
82cffd5880c953933b9ebe4e4789edd0,d372a040e57bcdc6b9ecb52f3feda0d9,1.0,1,5,1
82cffd5880c953933b9ebe4e4789edd0,d5521a550c8276ef263a830852342242,1.0,1,5,1
82cffd5880c953933b9ebe4e4789edd0,d5e4bc3ab51abd788eaf77fce19a12d3,1.0,1,5,1
82cffd5880c953933b9ebe4e4789edd0,d94137816541d7919b82c664a8f3937f,1.0,1,5,1
82cffd5880c953933b9ebe4e4789edd0,d9c528dea1e5035e1c94ce8f14c6ed0b,1.0,1,5,1
82cffd5880c953933b9ebe4e4789edd0,da4f9f9ac73ecec9f3a1ee1c0de6d6d9,1.0,1,5,1
82cffd5880c953933b9ebe4e4789edd0,dbaf90a340588b6b0d35609707c9e28e,1.0,1,5,1
82cffd5880c953933b9ebe4e4789edd0,dc9601017e7242b2d4731669d1ce7bc5,1.0,1,5,1
82cffd5880c953933b9ebe4e4789edd0,dc9c904e32d80642b359205d9aedaff9,1.0,1,5,1
82cffd5880c953933b9ebe4e4789edd0,dd54dc717fbbcc67d92a15d8b2350249,1.0,1,5,1
82cffd5880c953933b9ebe4e4789edd0,dd83c210f2179d6c893b5c0bf9da0268,1.0,1,5,1
82cffd5880c953933b9ebe4e4789edd0,de62b1930ddc37c005aff8c0edf2a3e2,1.0,1,5,1
82cffd5880c953933b9ebe4e4789edd0,dfbfbe79debfab1266fc7ae4abfd98ae,1.0,1,5,1
82cffd5880c953933b9ebe4e4789edd0,e017e385eca212c9245b334a1b500fc2,1.0,1,5,1
82cffd5880c953933b9ebe4e4789edd0,e0d57fcc716125d70f48d5e7e165a23c,1.0,1,5,1
82cffd5880c953933b9ebe4e4789edd0,e3636ed2c618b2eecdf1970d8c87bc67,1.0,1,5,1
82cffd5880c953933b9ebe4e4789edd0,e3ad4e23b9a9ea0760eca68158b6ebc2,1.0,1,5,1
82cffd5880c953933b9ebe4e4789edd0,e44728753775d439f900bc11d70dda23,1.0,1,5,1
82cffd5880c953933b9ebe4e4789edd0,e46c733f67479a6d5447886afb6d5f39,1.0,1,5,1
82cffd5880c953933b9ebe4e4789edd0,e5e9da3a61436d34efc3250a52495330,1.0,1,5,1
82cffd5880c953933b9ebe4e4789edd0,e94e6e62ffdd16f148f9496d32d31779,1.0,1,5,1
82cffd5880c953933b9ebe4e4789edd0,ebe981a1b4ae51ee6e244e207acd3562,1.0,1,5,1
82cffd5880c953933b9ebe4e4789edd0,ebf92f18f7a148f0511a4e532e917e82,1.0,1,5,1
82cffd5880c953933b9ebe4e4789edd0,ec7df3e6f0c28ce6265380ea09534200,1.0,1,5,1
82cffd5880c953933b9ebe4e4789edd0,ecfe549039ca14574c34d8e5f2e2bce8,1.0,1,5,1
82cffd5880c953933b9ebe4e4789edd0,ed6bb3579d99a0ed255c44da1280231e,1.0,1,5,1
82cffd5880c953933b9ebe4e4789edd0,ee95e177ab3f145dbe033160ced52d68,1.0,1,5,1
82cffd5880c953933b9ebe4e4789edd0,f0f8ceeadedd747aef7967d0f9e5969e,1.0,1,5,1
82cffd5880c953933b9ebe4e4789edd0,f236672cde392cc6ae3c0700fef8ada5,1.0,1,5,1
82cffd5880c953933b9ebe4e4789edd0,f283d62df3aed3073aa2796eecd01ccf,1.0,1,5,1
82cffd5880c953933b9ebe4e4789edd0,f35d345c137deaccf9c26ab701108f20,1.0,1,5,1
82cffd5880c953933b9ebe4e4789edd0,f362be295de5e69caf19361b902825e9,1.0,1,5,1
82cffd5880c953933b9ebe4e4789edd0,f491087d01a37428ba96de3897bf6814,1.0,1,5,1
82cffd5880c953933b9ebe4e4789edd0,f58d91eb07ca65178e04b1887adc8c17,1.0,1,5,1
82cffd5880c953933b9ebe4e4789edd0,f5b73a2dfb6011b07b2f4aad915ce171,1.0,1,5,1
82cffd5880c953933b9ebe4e4789edd0,f75bc8b1aa3841ba66a6cf79255d3486,1.0,1,5,1
82cffd5880c953933b9ebe4e4789edd0,f82cb85be599c614a9665bb050d03dbb,1.0,1,5,1
82cffd5880c953933b9ebe4e4789edd0,fb08731fcd69d0cc9cc2c730e5aa8691,1.0,1,5,1
82cffd5880c953933b9ebe4e4789edd0,fc16565ad8c9887ecc561e0708cd14ba,1.0,1,5,1
82cffd5880c953933b9ebe4e4789edd0,fc6c2db1e5fc8d4e826df52031c08dc6,1.0,1,5,1
82cffd5880c953933b9ebe4e4789edd0,fcaba43cfd594b9a6e1389bcbd33d5bd,1.0,1,5,1
82cffd5880c953933b9ebe4e4789edd0,fdcf823822a86833a95cbe82fb08dc13,1.0,1,5,1
82cffd5880c953933b9ebe4e4789edd0,fed51c3432d9ca128dc6a81c892a1168,1.0,1,5,1
82cffd5880c953933b9ebe4e4789edd0,ffc9d8a98ebd09a78c8adb729c3cfa2a,1.0,1,5,1
82cffd5880c953933b9ebe4e4789edd0,ffdcd85e0e81fc93f49bef4d54a4e61f,1.0,1,5,1
85ac3e23bde65bd5628fdd6f15db5295,cc02224a63bfaa52e0007916dea1b669,1.0,1,2,4
889fc057c77157659bdef1206d47d08c,cc02224a63bfaa52e0007916dea1b669,1.0,1,2,4
894a2fac1dcb705a1e4097b8a9131e90,8ee1e34425fc54b1f87318160b378c3b,1.0,1,3,3
894a2fac1dcb705a1e4097b8a9131e90,938f430a30c511a883c71999f6d01dcc,1.0,1,3,3
894a2fac1dcb705a1e4097b8a9131e90,9e3cc1906aa2db29c30aecb2d642a41d,1.0,1,3,3
894a2fac1dcb705a1e4097b8a9131e90,ad60ba535e4fa2b72c924290d6337913,1.0,1,3,3
894a2fac1dcb705a1e4097b8a9131e90,e4923ae2c32e70e3c5a6e73a9fb872f2,1.0,1,3,3
894a2fac1dcb705a1e4097b8a9131e90,e8ca08f200cf74746cd5e671efcb61f3,1.0,1,3,3
896ae021b16a75c0400fad89141227b2,9fafb9bc4f2296fe5d2d0bc2f8e19a0b,1.0,1,1,5
896ae021b16a75c0400fad89141227b2,eb742a3b914c53d45f1a30c8e2fcd8bd,1.0,1,1,5
897df847354833789262d872ee1062d1,9fafb9bc4f2296fe5d2d0bc2f8e19a0b,1.0,1,1,5
897df847354833789262d872ee1062d1,eb742a3b914c53d45f1a30c8e2fcd8bd,1.0,1,1,5
8a56bc1f46776cf85828e336fa75dcd5,cc02224a63bfaa52e0007916dea1b669,1.0,1,2,4
8b562fe20fc1a0a18898b2dcd62008d5,9fafb9bc4f2296fe5d2d0bc2f8e19a0b,1.0,1,1,5
8b562fe20fc1a0a18898b2dcd62008d5,eb742a3b914c53d45f1a30c8e2fcd8bd,1.0,1,1,5
8b789c08cf290e40475d63308dafa12e,9fafb9bc4f2296fe5d2d0bc2f8e19a0b,1.0,1,1,5
8b789c08cf290e40475d63308dafa12e,eb742a3b914c53d45f1a30c8e2fcd8bd,1.0,1,1,5
8cf98fbd02b0efdde35bbc7aab39764a,9fafb9bc4f2296fe5d2d0bc2f8e19a0b,1.0,1,1,5
8cf98fbd02b0efdde35bbc7aab39764a,eb742a3b914c53d45f1a30c8e2fcd8bd,1.0,1,1,5
8dd960c9315fce711c04a4411ed03310,9fafb9bc4f2296fe5d2d0bc2f8e19a0b,1.0,1,1,5
8dd960c9315fce711c04a4411ed03310,eb742a3b914c53d45f1a30c8e2fcd8bd,1.0,1,1,5
8ee1e34425fc54b1f87318160b378c3b,938f430a30c511a883c71999f6d01dcc,1.0,1,3,3
8ee1e34425fc54b1f87318160b378c3b,9e3cc1906aa2db29c30aecb2d642a41d,1.0,1,3,3
8ee1e34425fc54b1f87318160b378c3b,ad60ba535e4fa2b72c924290d6337913,1.0,1,3,3
8ee1e34425fc54b1f87318160b378c3b,e4923ae2c32e70e3c5a6e73a9fb872f2,1.0,1,3,3
8ee1e34425fc54b1f87318160b378c3b,e8ca08f200cf74746cd5e671efcb61f3,1.0,1,3,3
91db2e9633e507c47274a5767ef6fb2f,9fafb9bc4f2296fe5d2d0bc2f8e19a0b,1.0,1,1,5
91db2e9633e507c47274a5767ef6fb2f,eb742a3b914c53d45f1a30c8e2fcd8bd,1.0,1,1,5
931f73eb317aa12c10e3fbb2a7a59650,9fafb9bc4f2296fe5d2d0bc2f8e19a0b,1.0,1,1,5
931f73eb317aa12c10e3fbb2a7a59650,eb742a3b914c53d45f1a30c8e2fcd8bd,1.0,1,1,5
938f430a30c511a883c71999f6d01dcc,9e3cc1906aa2db29c30aecb2d642a41d,1.0,1,3,3
938f430a30c511a883c71999f6d01dcc,ad60ba535e4fa2b72c924290d6337913,1.0,1,3,3
938f430a30c511a883c71999f6d01dcc,e4923ae2c32e70e3c5a6e73a9fb872f2,1.0,1,3,3
938f430a30c511a883c71999f6d01dcc,e8ca08f200cf74746cd5e671efcb61f3,1.0,1,3,3
94167fb69e0fff5cbd22cae95133ae88,9fafb9bc4f2296fe5d2d0bc2f8e19a0b,1.0,1,1,5
94167fb69e0fff5cbd22cae95133ae88,eb742a3b914c53d45f1a30c8e2fcd8bd,1.0,1,1,5
942a5e1f3f7b206e11354f6d84121a3e,cc02224a63bfaa52e0007916dea1b669,1.0,1,2,4
94433e52e7cb4d2755e1ce5954f4ecf2,9fafb9bc4f2296fe5d2d0bc2f8e19a0b,1.0,1,1,5
94433e52e7cb4d2755e1ce5954f4ecf2,eb742a3b914c53d45f1a30c8e2fcd8bd,1.0,1,1,5
9578265ad4a29c7330ea61d6b7b83862,9fafb9bc4f2296fe5d2d0bc2f8e19a0b,1.0,1,1,5
9578265ad4a29c7330ea61d6b7b83862,eb742a3b914c53d45f1a30c8e2fcd8bd,1.0,1,1,5
95b621869cf337eac6bd9d42bf59c0c9,9fafb9bc4f2296fe5d2d0bc2f8e19a0b,1.0,1,1,5
95b621869cf337eac6bd9d42bf59c0c9,eb742a3b914c53d45f1a30c8e2fcd8bd,1.0,1,1,5
95d319b707fca3ca22e48d189e5fbb38,9fafb9bc4f2296fe5d2d0bc2f8e19a0b,1.0,1,1,5
95d319b707fca3ca22e48d189e5fbb38,eb742a3b914c53d45f1a30c8e2fcd8bd,1.0,1,1,5
969eb8bf4c0fce047dfd0ee78ce9a205,9fafb9bc4f2296fe5d2d0bc2f8e19a0b,1.0,1,1,5
969eb8bf4c0fce047dfd0ee78ce9a205,eb742a3b914c53d45f1a30c8e2fcd8bd,1.0,1,1,5
96b5aafd242ce556960678bf8d654fc8,9fafb9bc4f2296fe5d2d0bc2f8e19a0b,1.0,1,1,5
96b5aafd242ce556960678bf8d654fc8,eb742a3b914c53d45f1a30c8e2fcd8bd,1.0,1,1,5
987c0da67e68ec3a785ba1d8c608841b,9fafb9bc4f2296fe5d2d0bc2f8e19a0b,1.0,1,1,5
987c0da67e68ec3a785ba1d8c608841b,eb742a3b914c53d45f1a30c8e2fcd8bd,1.0,1,1,5
99137c8a71db73be44549e5a5274981a,9fafb9bc4f2296fe5d2d0bc2f8e19a0b,1.0,1,1,5
99137c8a71db73be44549e5a5274981a,eb742a3b914c53d45f1a30c8e2fcd8bd,1.0,1,1,5
99d0d6b77f343be4a009eba1f5b75591,9fafb9bc4f2296fe5d2d0bc2f8e19a0b,1.0,1,1,5
99d0d6b77f343be4a009eba1f5b75591,eb742a3b914c53d45f1a30c8e2fcd8bd,1.0,1,1,5
9bad4b41b80bb43afad57032f839451e,9fafb9bc4f2296fe5d2d0bc2f8e19a0b,1.0,1,1,5
9bad4b41b80bb43afad57032f839451e,eb742a3b914c53d45f1a30c8e2fcd8bd,1.0,1,1,5
9d1f8629dc5f3107dded59e772dbf9ad,9fafb9bc4f2296fe5d2d0bc2f8e19a0b,1.0,1,1,5
9d1f8629dc5f3107dded59e772dbf9ad,eb742a3b914c53d45f1a30c8e2fcd8bd,1.0,1,1,5
9d68d3a0a28583b68e7d8e6a07adaf31,9fafb9bc4f2296fe5d2d0bc2f8e19a0b,1.0,1,1,5
9d68d3a0a28583b68e7d8e6a07adaf31,eb742a3b914c53d45f1a30c8e2fcd8bd,1.0,1,1,5
9e3cc1906aa2db29c30aecb2d642a41d,ad60ba535e4fa2b72c924290d6337913,1.0,1,3,3
9e3cc1906aa2db29c30aecb2d642a41d,e4923ae2c32e70e3c5a6e73a9fb872f2,1.0,1,3,3
9e3cc1906aa2db29c30aecb2d642a41d,e8ca08f200cf74746cd5e671efcb61f3,1.0,1,3,3
9efc7f2a9ac5c2cf72565008f1914206,cc02224a63bfaa52e0007916dea1b669,1.0,1,2,4
9f1591824452a9d9a9f225b9fca168d2,cc02224a63bfaa52e0007916dea1b669,1.0,1,2,4
9f18b9b8c2b650a9d97a84ac353f1b88,9fafb9bc4f2296fe5d2d0bc2f8e19a0b,1.0,1,1,5
9f18b9b8c2b650a9d97a84ac353f1b88,eb742a3b914c53d45f1a30c8e2fcd8bd,1.0,1,1,5
9f7fbc34b444b91c1ef03f2a7af6a33c,9fafb9bc4f2296fe5d2d0bc2f8e19a0b,1.0,1,1,5
9f7fbc34b444b91c1ef03f2a7af6a33c,eb742a3b914c53d45f1a30c8e2fcd8bd,1.0,1,1,5
9fafb9bc4f2296fe5d2d0bc2f8e19a0b,a053b33caad9b237f40a312e1dbe7af5,1.0,1,5,1
9fafb9bc4f2296fe5d2d0bc2f8e19a0b,a05b42abd28b0e788776cc00acca82db,1.0,1,5,1
9fafb9bc4f2296fe5d2d0bc2f8e19a0b,a1b1a0117238e884965678ce035f10d0,1.0,1,5,1
9fafb9bc4f2296fe5d2d0bc2f8e19a0b,a1cbaab4236d5ac6f71bcfc7fdc87d10,1.0,1,5,1
9fafb9bc4f2296fe5d2d0bc2f8e19a0b,a22db6502caed90511467435a9aa9c22,1.0,1,5,1
9fafb9bc4f2296fe5d2d0bc2f8e19a0b,a2681e61ce4cd09c84e028a4963812da,1.0,1,5,1
9fafb9bc4f2296fe5d2d0bc2f8e19a0b,a39f499be584ce0057dd5c0485123575,1.0,1,5,1
9fafb9bc4f2296fe5d2d0bc2f8e19a0b,a5e783156c30ef47a0209fe04f0c8f73,1.0,1,5,1
9fafb9bc4f2296fe5d2d0bc2f8e19a0b,a8d91aea91e95b9fc06492ac162a7876,1.0,1,5,1
9fafb9bc4f2296fe5d2d0bc2f8e19a0b,abbf98c4b6e413fe48405159b17f9a51,1.0,1,5,1
9fafb9bc4f2296fe5d2d0bc2f8e19a0b,abca17a50929e00d09e56810f3f09274,1.0,1,5,1
9fafb9bc4f2296fe5d2d0bc2f8e19a0b,ad93fad8236116a49b08059fb2bd8145,1.0,1,5,1
9fafb9bc4f2296fe5d2d0bc2f8e19a0b,afda5cfb8f4c578a54efbef23e45c621,1.0,1,5,1
9fafb9bc4f2296fe5d2d0bc2f8e19a0b,b02fdd2b810e62da62cd5b2b26a66cac,1.0,1,5,1
9fafb9bc4f2296fe5d2d0bc2f8e19a0b,b2fda5c6e63de74ec7e21c4d02fc9baa,1.0,1,5,1
9fafb9bc4f2296fe5d2d0bc2f8e19a0b,b32bcb59268e3494d9b1295b47bb8df2,1.0,1,5,1
9fafb9bc4f2296fe5d2d0bc2f8e19a0b,b4b1a11b3ee17f1c046b64e52a5a8515,1.0,1,5,1
9fafb9bc4f2296fe5d2d0bc2f8e19a0b,b609e84c9c83295bb241da5a704bccd8,1.0,1,5,1
9fafb9bc4f2296fe5d2d0bc2f8e19a0b,b69b6115798a2e61e52386ad74cf9371,1.0,1,5,1
9fafb9bc4f2296fe5d2d0bc2f8e19a0b,b6ad6d0ceec51b14ddaaec22ea6e6e97,1.0,1,5,1
9fafb9bc4f2296fe5d2d0bc2f8e19a0b,b7ed52180f08c7227df351919f7dba09,1.0,1,5,1
9fafb9bc4f2296fe5d2d0bc2f8e19a0b,b814fa64605cc425160403d78fb75f4c,1.0,1,5,1
9fafb9bc4f2296fe5d2d0bc2f8e19a0b,bb639133b3e1a03c5f3b221c80a414db,1.0,1,5,1
9fafb9bc4f2296fe5d2d0bc2f8e19a0b,bccf1f04597bf7d228479c66d874061b,1.0,1,5,1
9fafb9bc4f2296fe5d2d0bc2f8e19a0b,c0a37e61c7980c62666befa53e300142,1.0,1,5,1
9fafb9bc4f2296fe5d2d0bc2f8e19a0b,c11b49cd5e286f19445c7211b6039abe,1.0,1,5,1
9fafb9bc4f2296fe5d2d0bc2f8e19a0b,c11f3aaf8e1577c0e2214499ef0f27ba,1.0,1,5,1
9fafb9bc4f2296fe5d2d0bc2f8e19a0b,c332980c78958a4328aa453e4f7dd73f,1.0,1,5,1
9fafb9bc4f2296fe5d2d0bc2f8e19a0b,c3496e2536d8347b97f7afe5d7d211ab,1.0,1,5,1
9fafb9bc4f2296fe5d2d0bc2f8e19a0b,c4c8a6af60b58aed2b0edfc848a28700,1.0,1,5,1
9fafb9bc4f2296fe5d2d0bc2f8e19a0b,c5afdb21fdb0a3e8c4a55742dfe7c644,1.0,1,5,1
9fafb9bc4f2296fe5d2d0bc2f8e19a0b,c5e0bea8d76cf467944d3feb699ad06e,1.0,1,5,1
9fafb9bc4f2296fe5d2d0bc2f8e19a0b,c6bab6d0a0ba93b7672fddc3c965d8bb,1.0,1,5,1
9fafb9bc4f2296fe5d2d0bc2f8e19a0b,c78fddb6f257881a62b4de591bb5a1f1,1.0,1,5,1
9fafb9bc4f2296fe5d2d0bc2f8e19a0b,c80e8eba85e03db9cf73f0ed349d18bd,1.0,1,5,1
9fafb9bc4f2296fe5d2d0bc2f8e19a0b,c84c8ac4dcafc7aefe37b07a9343320b,1.0,1,5,1
9fafb9bc4f2296fe5d2d0bc2f8e19a0b,cdc6cd6f0a8b8f844db9a61e779055b3,1.0,1,5,1
9fafb9bc4f2296fe5d2d0bc2f8e19a0b,ce26bcc126789faf8d51fa4cc4f0d407,1.0,1,5,1
9fafb9bc4f2296fe5d2d0bc2f8e19a0b,cef354e35d130e1452229886c37e5b7d,1.0,1,5,1
9fafb9bc4f2296fe5d2d0bc2f8e19a0b,d07448b2437bfe83d9b7e226a9809ff7,1.0,1,5,1
9fafb9bc4f2296fe5d2d0bc2f8e19a0b,d198625af1483191f3c684f96c168f98,1.0,1,5,1
9fafb9bc4f2296fe5d2d0bc2f8e19a0b,d1fc7c21dd26886b28e4973eb89d91b8,1.0,1,5,1
9fafb9bc4f2296fe5d2d0bc2f8e19a0b,d207167b0278a7b67f1dd13537969796,1.0,1,5,1
9fafb9bc4f2296fe5d2d0bc2f8e19a0b,d2f3349e7c047fe8c4fe06a251027d21,1.0,1,5,1
9fafb9bc4f2296fe5d2d0bc2f8e19a0b,d335baecca5030833f520b089d1f5de0,1.0,1,5,1
9fafb9bc4f2296fe5d2d0bc2f8e19a0b,d372a040e57bcdc6b9ecb52f3feda0d9,1.0,1,5,1
9fafb9bc4f2296fe5d2d0bc2f8e19a0b,d5521a550c8276ef263a830852342242,1.0,1,5,1
9fafb9bc4f2296fe5d2d0bc2f8e19a0b,d5e4bc3ab51abd788eaf77fce19a12d3,1.0,1,5,1
9fafb9bc4f2296fe5d2d0bc2f8e19a0b,d94137816541d7919b82c664a8f3937f,1.0,1,5,1
9fafb9bc4f2296fe5d2d0bc2f8e19a0b,d9c528dea1e5035e1c94ce8f14c6ed0b,1.0,1,5,1
9fafb9bc4f2296fe5d2d0bc2f8e19a0b,da4f9f9ac73ecec9f3a1ee1c0de6d6d9,1.0,1,5,1
9fafb9bc4f2296fe5d2d0bc2f8e19a0b,dbaf90a340588b6b0d35609707c9e28e,1.0,1,5,1
9fafb9bc4f2296fe5d2d0bc2f8e19a0b,dc9601017e7242b2d4731669d1ce7bc5,1.0,1,5,1
9fafb9bc4f2296fe5d2d0bc2f8e19a0b,dc9c904e32d80642b359205d9aedaff9,1.0,1,5,1
9fafb9bc4f2296fe5d2d0bc2f8e19a0b,dd54dc717fbbcc67d92a15d8b2350249,1.0,1,5,1
9fafb9bc4f2296fe5d2d0bc2f8e19a0b,dd83c210f2179d6c893b5c0bf9da0268,1.0,1,5,1
9fafb9bc4f2296fe5d2d0bc2f8e19a0b,de62b1930ddc37c005aff8c0edf2a3e2,1.0,1,5,1
9fafb9bc4f2296fe5d2d0bc2f8e19a0b,dfbfbe79debfab1266fc7ae4abfd98ae,1.0,1,5,1
9fafb9bc4f2296fe5d2d0bc2f8e19a0b,e017e385eca212c9245b334a1b500fc2,1.0,1,5,1
9fafb9bc4f2296fe5d2d0bc2f8e19a0b,e0d57fcc716125d70f48d5e7e165a23c,1.0,1,5,1
9fafb9bc4f2296fe5d2d0bc2f8e19a0b,e3636ed2c618b2eecdf1970d8c87bc67,1.0,1,5,1
9fafb9bc4f2296fe5d2d0bc2f8e19a0b,e3ad4e23b9a9ea0760eca68158b6ebc2,1.0,1,5,1
9fafb9bc4f2296fe5d2d0bc2f8e19a0b,e44728753775d439f900bc11d70dda23,1.0,1,5,1
9fafb9bc4f2296fe5d2d0bc2f8e19a0b,e46c733f67479a6d5447886afb6d5f39,1.0,1,5,1
9fafb9bc4f2296fe5d2d0bc2f8e19a0b,e5e9da3a61436d34efc3250a52495330,1.0,1,5,1
9fafb9bc4f2296fe5d2d0bc2f8e19a0b,e94e6e62ffdd16f148f9496d32d31779,1.0,1,5,1
9fafb9bc4f2296fe5d2d0bc2f8e19a0b,ebe981a1b4ae51ee6e244e207acd3562,1.0,1,5,1
9fafb9bc4f2296fe5d2d0bc2f8e19a0b,ebf92f18f7a148f0511a4e532e917e82,1.0,1,5,1
9fafb9bc4f2296fe5d2d0bc2f8e19a0b,ec7df3e6f0c28ce6265380ea09534200,1.0,1,5,1
9fafb9bc4f2296fe5d2d0bc2f8e19a0b,ecfe549039ca14574c34d8e5f2e2bce8,1.0,1,5,1
9fafb9bc4f2296fe5d2d0bc2f8e19a0b,ed6bb3579d99a0ed255c44da1280231e,1.0,1,5,1
9fafb9bc4f2296fe5d2d0bc2f8e19a0b,ee95e177ab3f145dbe033160ced52d68,1.0,1,5,1
9fafb9bc4f2296fe5d2d0bc2f8e19a0b,f0f8ceeadedd747aef7967d0f9e5969e,1.0,1,5,1
9fafb9bc4f2296fe5d2d0bc2f8e19a0b,f236672cde392cc6ae3c0700fef8ada5,1.0,1,5,1
9fafb9bc4f2296fe5d2d0bc2f8e19a0b,f283d62df3aed3073aa2796eecd01ccf,1.0,1,5,1
9fafb9bc4f2296fe5d2d0bc2f8e19a0b,f35d345c137deaccf9c26ab701108f20,1.0,1,5,1
9fafb9bc4f2296fe5d2d0bc2f8e19a0b,f362be295de5e69caf19361b902825e9,1.0,1,5,1
9fafb9bc4f2296fe5d2d0bc2f8e19a0b,f491087d01a37428ba96de3897bf6814,1.0,1,5,1
9fafb9bc4f2296fe5d2d0bc2f8e19a0b,f58d91eb07ca65178e04b1887adc8c17,1.0,1,5,1
9fafb9bc4f2296fe5d2d0bc2f8e19a0b,f5b73a2dfb6011b07b2f4aad915ce171,1.0,1,5,1
9fafb9bc4f2296fe5d2d0bc2f8e19a0b,f75bc8b1aa3841ba66a6cf79255d3486,1.0,1,5,1
9fafb9bc4f2296fe5d2d0bc2f8e19a0b,f82cb85be599c614a9665bb050d03dbb,1.0,1,5,1
9fafb9bc4f2296fe5d2d0bc2f8e19a0b,fb08731fcd69d0cc9cc2c730e5aa8691,1.0,1,5,1
9fafb9bc4f2296fe5d2d0bc2f8e19a0b,fc16565ad8c9887ecc561e0708cd14ba,1.0,1,5,1
9fafb9bc4f2296fe5d2d0bc2f8e19a0b,fc6c2db1e5fc8d4e826df52031c08dc6,1.0,1,5,1
9fafb9bc4f2296fe5d2d0bc2f8e19a0b,fcaba43cfd594b9a6e1389bcbd33d5bd,1.0,1,5,1
9fafb9bc4f2296fe5d2d0bc2f8e19a0b,fdcf823822a86833a95cbe82fb08dc13,1.0,1,5,1
9fafb9bc4f2296fe5d2d0bc2f8e19a0b,fed51c3432d9ca128dc6a81c892a1168,1.0,1,5,1
9fafb9bc4f2296fe5d2d0bc2f8e19a0b,ffc9d8a98ebd09a78c8adb729c3cfa2a,1.0,1,5,1
9fafb9bc4f2296fe5d2d0bc2f8e19a0b,ffdcd85e0e81fc93f49bef4d54a4e61f,1.0,1,5,1
a053b33caad9b237f40a312e1dbe7af5,eb742a3b914c53d45f1a30c8e2fcd8bd,1.0,1,1,5
a05b42abd28b0e788776cc00acca82db,eb742a3b914c53d45f1a30c8e2fcd8bd,1.0,1,1,5
a16656b34f59e202ef32dfc53b947847,cc02224a63bfaa52e0007916dea1b669,1.0,1,2,4
a1b1a0117238e884965678ce035f10d0,eb742a3b914c53d45f1a30c8e2fcd8bd,1.0,1,1,5
a1cbaab4236d5ac6f71bcfc7fdc87d10,eb742a3b914c53d45f1a30c8e2fcd8bd,1.0,1,1,5
a22db6502caed90511467435a9aa9c22,eb742a3b914c53d45f1a30c8e2fcd8bd,1.0,1,1,5
a2681e61ce4cd09c84e028a4963812da,eb742a3b914c53d45f1a30c8e2fcd8bd,1.0,1,1,5
a39f499be584ce0057dd5c0485123575,eb742a3b914c53d45f1a30c8e2fcd8bd,1.0,1,1,5
a5e783156c30ef47a0209fe04f0c8f73,eb742a3b914c53d45f1a30c8e2fcd8bd,1.0,1,1,5
a7de0c8480d07cef1e8f55f8c61f548f,cc02224a63bfaa52e0007916dea1b669,1.0,1,2,4
a8d91aea91e95b9fc06492ac162a7876,eb742a3b914c53d45f1a30c8e2fcd8bd,1.0,1,1,5
abbf98c4b6e413fe48405159b17f9a51,eb742a3b914c53d45f1a30c8e2fcd8bd,1.0,1,1,5
abca17a50929e00d09e56810f3f09274,eb742a3b914c53d45f1a30c8e2fcd8bd,1.0,1,1,5
ad60ba535e4fa2b72c924290d6337913,e4923ae2c32e70e3c5a6e73a9fb872f2,1.0,1,3,3
ad60ba535e4fa2b72c924290d6337913,e8ca08f200cf74746cd5e671efcb61f3,1.0,1,3,3
ad93fad8236116a49b08059fb2bd8145,eb742a3b914c53d45f1a30c8e2fcd8bd,1.0,1,1,5
afda5cfb8f4c578a54efbef23e45c621,eb742a3b914c53d45f1a30c8e2fcd8bd,1.0,1,1,5
b02fdd2b810e62da62cd5b2b26a66cac,eb742a3b914c53d45f1a30c8e2fcd8bd,1.0,1,1,5
b2fda5c6e63de74ec7e21c4d02fc9baa,eb742a3b914c53d45f1a30c8e2fcd8bd,1.0,1,1,5
b32bcb59268e3494d9b1295b47bb8df2,eb742a3b914c53d45f1a30c8e2fcd8bd,1.0,1,1,5
b4b1a11b3ee17f1c046b64e52a5a8515,eb742a3b914c53d45f1a30c8e2fcd8bd,1.0,1,1,5
b609e84c9c83295bb241da5a704bccd8,eb742a3b914c53d45f1a30c8e2fcd8bd,1.0,1,1,5
b69b6115798a2e61e52386ad74cf9371,eb742a3b914c53d45f1a30c8e2fcd8bd,1.0,1,1,5
b6ad6d0ceec51b14ddaaec22ea6e6e97,eb742a3b914c53d45f1a30c8e2fcd8bd,1.0,1,1,5
b6da6ab100de9d85d855bb67aaa2157d,cc02224a63bfaa52e0007916dea1b669,1.0,1,2,4
b7ed52180f08c7227df351919f7dba09,eb742a3b914c53d45f1a30c8e2fcd8bd,1.0,1,1,5
b814fa64605cc425160403d78fb75f4c,eb742a3b914c53d45f1a30c8e2fcd8bd,1.0,1,1,5
bb00460af4cda6bd1252e99ef3168b56,cc02224a63bfaa52e0007916dea1b669,1.0,1,2,4
bb361861b83a556ce2a5b2d537e22df9,cc02224a63bfaa52e0007916dea1b669,1.0,1,2,4
bb639133b3e1a03c5f3b221c80a414db,eb742a3b914c53d45f1a30c8e2fcd8bd,1.0,1,1,5
bccf1f04597bf7d228479c66d874061b,eb742a3b914c53d45f1a30c8e2fcd8bd,1.0,1,1,5
c0a37e61c7980c62666befa53e300142,eb742a3b914c53d45f1a30c8e2fcd8bd,1.0,1,1,5
c11b49cd5e286f19445c7211b6039abe,eb742a3b914c53d45f1a30c8e2fcd8bd,1.0,1,1,5
c11f3aaf8e1577c0e2214499ef0f27ba,eb742a3b914c53d45f1a30c8e2fcd8bd,1.0,1,1,5
c332980c78958a4328aa453e4f7dd73f,eb742a3b914c53d45f1a30c8e2fcd8bd,1.0,1,1,5
c3496e2536d8347b97f7afe5d7d211ab,eb742a3b914c53d45f1a30c8e2fcd8bd,1.0,1,1,5
c4c8a6af60b58aed2b0edfc848a28700,eb742a3b914c53d45f1a30c8e2fcd8bd,1.0,1,1,5
c550705284a6b10b8b2c2e6c40e90580,cc02224a63bfaa52e0007916dea1b669,1.0,1,2,4
c5afdb21fdb0a3e8c4a55742dfe7c644,eb742a3b914c53d45f1a30c8e2fcd8bd,1.0,1,1,5
c5e0bea8d76cf467944d3feb699ad06e,eb742a3b914c53d45f1a30c8e2fcd8bd,1.0,1,1,5
c6bab6d0a0ba93b7672fddc3c965d8bb,eb742a3b914c53d45f1a30c8e2fcd8bd,1.0,1,1,5
c78fddb6f257881a62b4de591bb5a1f1,eb742a3b914c53d45f1a30c8e2fcd8bd,1.0,1,1,5
c80e8eba85e03db9cf73f0ed349d18bd,eb742a3b914c53d45f1a30c8e2fcd8bd,1.0,1,1,5
c84c8ac4dcafc7aefe37b07a9343320b,eb742a3b914c53d45f1a30c8e2fcd8bd,1.0,1,1,5
c9f633ba06746056943f5e6d4bf1f1cd,cc02224a63bfaa52e0007916dea1b669,1.0,1,2,4
cc02224a63bfaa52e0007916dea1b669,d10e1d04f94eea6c40bc55ad964930f2,1.0,1,4,2
cc02224a63bfaa52e0007916dea1b669,d88ab33b7eb886fea1b8ff195c9a9781,1.0,1,4,2
cc02224a63bfaa52e0007916dea1b669,e5535f0b3bd13a577b26dab17ed44a0f,1.0,1,4,2
cc02224a63bfaa52e0007916dea1b669,e7f05599a82aa0ff9745e92f4b9a9188,1.0,1,4,2
cc02224a63bfaa52e0007916dea1b669,ea45fdfe8aaa3f81604b23a652c49fcf,1.0,1,4,2
cc02224a63bfaa52e0007916dea1b669,ed7aae0bd6dae2a07a54cd4f9c0b9b0a,1.0,1,4,2
cc02224a63bfaa52e0007916dea1b669,fcabb1c1914da0aff9378a59942ff133,1.0,1,4,2
cdc6cd6f0a8b8f844db9a61e779055b3,eb742a3b914c53d45f1a30c8e2fcd8bd,1.0,1,1,5
ce26bcc126789faf8d51fa4cc4f0d407,eb742a3b914c53d45f1a30c8e2fcd8bd,1.0,1,1,5
cef354e35d130e1452229886c37e5b7d,eb742a3b914c53d45f1a30c8e2fcd8bd,1.0,1,1,5
d07448b2437bfe83d9b7e226a9809ff7,eb742a3b914c53d45f1a30c8e2fcd8bd,1.0,1,1,5
d198625af1483191f3c684f96c168f98,eb742a3b914c53d45f1a30c8e2fcd8bd,1.0,1,1,5
d1fc7c21dd26886b28e4973eb89d91b8,eb742a3b914c53d45f1a30c8e2fcd8bd,1.0,1,1,5
d207167b0278a7b67f1dd13537969796,eb742a3b914c53d45f1a30c8e2fcd8bd,1.0,1,1,5
d2f3349e7c047fe8c4fe06a251027d21,eb742a3b914c53d45f1a30c8e2fcd8bd,1.0,1,1,5
d335baecca5030833f520b089d1f5de0,eb742a3b914c53d45f1a30c8e2fcd8bd,1.0,1,1,5
d372a040e57bcdc6b9ecb52f3feda0d9,eb742a3b914c53d45f1a30c8e2fcd8bd,1.0,1,1,5
d5521a550c8276ef263a830852342242,eb742a3b914c53d45f1a30c8e2fcd8bd,1.0,1,1,5
d5e4bc3ab51abd788eaf77fce19a12d3,eb742a3b914c53d45f1a30c8e2fcd8bd,1.0,1,1,5
d94137816541d7919b82c664a8f3937f,eb742a3b914c53d45f1a30c8e2fcd8bd,1.0,1,1,5
d9c528dea1e5035e1c94ce8f14c6ed0b,eb742a3b914c53d45f1a30c8e2fcd8bd,1.0,1,1,5
da4f9f9ac73ecec9f3a1ee1c0de6d6d9,eb742a3b914c53d45f1a30c8e2fcd8bd,1.0,1,1,5
dbaf90a340588b6b0d35609707c9e28e,eb742a3b914c53d45f1a30c8e2fcd8bd,1.0,1,1,5
dc9601017e7242b2d4731669d1ce7bc5,eb742a3b914c53d45f1a30c8e2fcd8bd,1.0,1,1,5
dc9c904e32d80642b359205d9aedaff9,eb742a3b914c53d45f1a30c8e2fcd8bd,1.0,1,1,5
dd54dc717fbbcc67d92a15d8b2350249,eb742a3b914c53d45f1a30c8e2fcd8bd,1.0,1,1,5
dd83c210f2179d6c893b5c0bf9da0268,eb742a3b914c53d45f1a30c8e2fcd8bd,1.0,1,1,5
de62b1930ddc37c005aff8c0edf2a3e2,eb742a3b914c53d45f1a30c8e2fcd8bd,1.0,1,1,5
dfbfbe79debfab1266fc7ae4abfd98ae,eb742a3b914c53d45f1a30c8e2fcd8bd,1.0,1,1,5
e017e385eca212c9245b334a1b500fc2,eb742a3b914c53d45f1a30c8e2fcd8bd,1.0,1,1,5
e0d57fcc716125d70f48d5e7e165a23c,eb742a3b914c53d45f1a30c8e2fcd8bd,1.0,1,1,5
e3636ed2c618b2eecdf1970d8c87bc67,eb742a3b914c53d45f1a30c8e2fcd8bd,1.0,1,1,5
e3ad4e23b9a9ea0760eca68158b6ebc2,eb742a3b914c53d45f1a30c8e2fcd8bd,1.0,1,1,5
e44728753775d439f900bc11d70dda23,eb742a3b914c53d45f1a30c8e2fcd8bd,1.0,1,1,5
e46c733f67479a6d5447886afb6d5f39,eb742a3b914c53d45f1a30c8e2fcd8bd,1.0,1,1,5
e4923ae2c32e70e3c5a6e73a9fb872f2,e8ca08f200cf74746cd5e671efcb61f3,1.0,1,3,3
e5e9da3a61436d34efc3250a52495330,eb742a3b914c53d45f1a30c8e2fcd8bd,1.0,1,1,5
e94e6e62ffdd16f148f9496d32d31779,eb742a3b914c53d45f1a30c8e2fcd8bd,1.0,1,1,5
eb742a3b914c53d45f1a30c8e2fcd8bd,ebe981a1b4ae51ee6e244e207acd3562,1.0,1,5,1
eb742a3b914c53d45f1a30c8e2fcd8bd,ebf92f18f7a148f0511a4e532e917e82,1.0,1,5,1
eb742a3b914c53d45f1a30c8e2fcd8bd,ec7df3e6f0c28ce6265380ea09534200,1.0,1,5,1
eb742a3b914c53d45f1a30c8e2fcd8bd,ecfe549039ca14574c34d8e5f2e2bce8,1.0,1,5,1
eb742a3b914c53d45f1a30c8e2fcd8bd,ed6bb3579d99a0ed255c44da1280231e,1.0,1,5,1
eb742a3b914c53d45f1a30c8e2fcd8bd,ee95e177ab3f145dbe033160ced52d68,1.0,1,5,1
eb742a3b914c53d45f1a30c8e2fcd8bd,f0f8ceeadedd747aef7967d0f9e5969e,1.0,1,5,1
eb742a3b914c53d45f1a30c8e2fcd8bd,f236672cde392cc6ae3c0700fef8ada5,1.0,1,5,1
eb742a3b914c53d45f1a30c8e2fcd8bd,f283d62df3aed3073aa2796eecd01ccf,1.0,1,5,1
eb742a3b914c53d45f1a30c8e2fcd8bd,f35d345c137deaccf9c26ab701108f20,1.0,1,5,1
eb742a3b914c53d45f1a30c8e2fcd8bd,f362be295de5e69caf19361b902825e9,1.0,1,5,1
eb742a3b914c53d45f1a30c8e2fcd8bd,f491087d01a37428ba96de3897bf6814,1.0,1,5,1
eb742a3b914c53d45f1a30c8e2fcd8bd,f58d91eb07ca65178e04b1887adc8c17,1.0,1,5,1
eb742a3b914c53d45f1a30c8e2fcd8bd,f5b73a2dfb6011b07b2f4aad915ce171,1.0,1,5,1
eb742a3b914c53d45f1a30c8e2fcd8bd,f75bc8b1aa3841ba66a6cf79255d3486,1.0,1,5,1
eb742a3b914c53d45f1a30c8e2fcd8bd,f82cb85be599c614a9665bb050d03dbb,1.0,1,5,1
eb742a3b914c53d45f1a30c8e2fcd8bd,fb08731fcd69d0cc9cc2c730e5aa8691,1.0,1,5,1
eb742a3b914c53d45f1a30c8e2fcd8bd,fc16565ad8c9887ecc561e0708cd14ba,1.0,1,5,1
eb742a3b914c53d45f1a30c8e2fcd8bd,fc6c2db1e5fc8d4e826df52031c08dc6,1.0,1,5,1
eb742a3b914c53d45f1a30c8e2fcd8bd,fcaba43cfd594b9a6e1389bcbd33d5bd,1.0,1,5,1
eb742a3b914c53d45f1a30c8e2fcd8bd,fdcf823822a86833a95cbe82fb08dc13,1.0,1,5,1
eb742a3b914c53d45f1a30c8e2fcd8bd,fed51c3432d9ca128dc6a81c892a1168,1.0,1,5,1
eb742a3b914c53d45f1a30c8e2fcd8bd,ffc9d8a98ebd09a78c8adb729c3cfa2a,1.0,1,5,1
eb742a3b914c53d45f1a30c8e2fcd8bd,ffdcd85e0e81fc93f49bef4d54a4e61f,1.0,1,5,1
37ee946073f13847d64af1e3bc984da7,80d0037495c69b62744f1c230b693c28,1.0,1,3,3
7699251a3d88d4fc6b9480bdef4856c5,7caf7197bf231963249e66cb4ce875d5,1.0,1,3,3
7699251a3d88d4fc6b9480bdef4856c5,c3807b5e102688c2dde01ce0292c7aa8,1.0,1,3,3
7caf7197bf231963249e66cb4ce875d5,c3807b5e102688c2dde01ce0292c7aa8,1.0,1,3,3
0085d749fc64f766ece1729464f8039a,79dbe8f7d2cd77fc463cfb663ab1375c,1.0,1,1,5
0085d749fc64f766ece1729464f8039a,910f0afb84bc778e856d3683c7e8a46a,1.0,1,1,5
03dd3244bf71b675adc88a6d0dd7180c,79dbe8f7d2cd77fc463cfb663ab1375c,1.0,1,1,5
03dd3244bf71b675adc88a6d0dd7180c,910f0afb84bc778e856d3683c7e8a46a,1.0,1,1,5
0489f338b80bcaa08f7a66b87cb16145,79dbe8f7d2cd77fc463cfb663ab1375c,1.0,1,1,5
0489f338b80bcaa08f7a66b87cb16145,910f0afb84bc778e856d3683c7e8a46a,1.0,1,1,5
05d327ae96ae69912a3fbe585516db18,79dbe8f7d2cd77fc463cfb663ab1375c,1.0,1,1,5
05d327ae96ae69912a3fbe585516db18,910f0afb84bc778e856d3683c7e8a46a,1.0,1,1,5
0bcb3aaad5749c9a59a54d772d44e83a,79dbe8f7d2cd77fc463cfb663ab1375c,1.0,1,1,5
0bcb3aaad5749c9a59a54d772d44e83a,910f0afb84bc778e856d3683c7e8a46a,1.0,1,1,5
0dbf75634e9cdb8dfef760501cf983a8,79dbe8f7d2cd77fc463cfb663ab1375c,1.0,1,1,5
0dbf75634e9cdb8dfef760501cf983a8,910f0afb84bc778e856d3683c7e8a46a,1.0,1,1,5
0ebafc630782e0a970a68e9fa8d74995,79dbe8f7d2cd77fc463cfb663ab1375c,1.0,1,1,5
0ebafc630782e0a970a68e9fa8d74995,910f0afb84bc778e856d3683c7e8a46a,1.0,1,1,5
0f07f80fc5d33a2d274a55d022b88346,79dbe8f7d2cd77fc463cfb663ab1375c,1.0,1,1,5
0f07f80fc5d33a2d274a55d022b88346,910f0afb84bc778e856d3683c7e8a46a,1.0,1,1,5
0f6b5c99a18002587ce3016b74990606,79dbe8f7d2cd77fc463cfb663ab1375c,1.0,1,1,5
0f6b5c99a18002587ce3016b74990606,910f0afb84bc778e856d3683c7e8a46a,1.0,1,1,5
101732d08cdaa0fe2b7712b4b03311b3,79dbe8f7d2cd77fc463cfb663ab1375c,1.0,1,1,5
101732d08cdaa0fe2b7712b4b03311b3,910f0afb84bc778e856d3683c7e8a46a,1.0,1,1,5
11c6b90c4d64711958d95f397b435420,79dbe8f7d2cd77fc463cfb663ab1375c,1.0,1,1,5
11c6b90c4d64711958d95f397b435420,910f0afb84bc778e856d3683c7e8a46a,1.0,1,1,5
13142553736e27352e8663a653b07b96,79dbe8f7d2cd77fc463cfb663ab1375c,1.0,1,1,5
13142553736e27352e8663a653b07b96,910f0afb84bc778e856d3683c7e8a46a,1.0,1,1,5
1577353509c2ce4509d6e0440973c2c4,79dbe8f7d2cd77fc463cfb663ab1375c,1.0,1,1,5
1577353509c2ce4509d6e0440973c2c4,910f0afb84bc778e856d3683c7e8a46a,1.0,1,1,5
1579c33908bf3784b501d8f4014079f3,79dbe8f7d2cd77fc463cfb663ab1375c,1.0,1,1,5
1579c33908bf3784b501d8f4014079f3,910f0afb84bc778e856d3683c7e8a46a,1.0,1,1,5
15882cfb960f9bf1f7282011082d838c,79dbe8f7d2cd77fc463cfb663ab1375c,1.0,1,1,5
15882cfb960f9bf1f7282011082d838c,910f0afb84bc778e856d3683c7e8a46a,1.0,1,1,5
17f2fb688db56f722a0d628586df05a5,79dbe8f7d2cd77fc463cfb663ab1375c,1.0,1,1,5
17f2fb688db56f722a0d628586df05a5,910f0afb84bc778e856d3683c7e8a46a,1.0,1,1,5
18c0e77a9b110ab32b12afa6550d1fd4,79dbe8f7d2cd77fc463cfb663ab1375c,1.0,1,1,5
18c0e77a9b110ab32b12afa6550d1fd4,910f0afb84bc778e856d3683c7e8a46a,1.0,1,1,5
1919fb82dae2c979073d9340a3ed9c84,79dbe8f7d2cd77fc463cfb663ab1375c,1.0,1,1,5
1919fb82dae2c979073d9340a3ed9c84,910f0afb84bc778e856d3683c7e8a46a,1.0,1,1,5
192558051845c170249edb8235fe3998,79dbe8f7d2cd77fc463cfb663ab1375c,1.0,1,1,5
192558051845c170249edb8235fe3998,910f0afb84bc778e856d3683c7e8a46a,1.0,1,1,5
1a7b4d6d4c829e0559e700a57c37339f,79dbe8f7d2cd77fc463cfb663ab1375c,1.0,1,1,5
1a7b4d6d4c829e0559e700a57c37339f,910f0afb84bc778e856d3683c7e8a46a,1.0,1,1,5
1c2749d18aafa501f6e263862d7a5785,79dbe8f7d2cd77fc463cfb663ab1375c,1.0,1,1,5
1c2749d18aafa501f6e263862d7a5785,910f0afb84bc778e856d3683c7e8a46a,1.0,1,1,5
1d3d1e52bb9e6223454758a01af2511e,79dbe8f7d2cd77fc463cfb663ab1375c,1.0,1,1,5
1d3d1e52bb9e6223454758a01af2511e,910f0afb84bc778e856d3683c7e8a46a,1.0,1,1,5
1e62052e5c3c4cfa49744aa23e72a24c,79dbe8f7d2cd77fc463cfb663ab1375c,1.0,1,1,5
1e62052e5c3c4cfa49744aa23e72a24c,910f0afb84bc778e856d3683c7e8a46a,1.0,1,1,5
200ac352080f167ad0cf4ade344fbfd1,79dbe8f7d2cd77fc463cfb663ab1375c,1.0,1,1,5
200ac352080f167ad0cf4ade344fbfd1,910f0afb84bc778e856d3683c7e8a46a,1.0,1,1,5
2274c5b3f1b59d5c283656e9ecf46364,79dbe8f7d2cd77fc463cfb663ab1375c,1.0,1,1,5
2274c5b3f1b59d5c283656e9ecf46364,910f0afb84bc778e856d3683c7e8a46a,1.0,1,1,5
283cbb47660683abd92b1df1db8de700,79dbe8f7d2cd77fc463cfb663ab1375c,1.0,1,1,5
283cbb47660683abd92b1df1db8de700,910f0afb84bc778e856d3683c7e8a46a,1.0,1,1,5
2a9af07882fab0b54952a87a696dcbad,79dbe8f7d2cd77fc463cfb663ab1375c,1.0,1,1,5
2a9af07882fab0b54952a87a696dcbad,910f0afb84bc778e856d3683c7e8a46a,1.0,1,1,5
2b396aaaa02866a6942f7d6e1c3bf654,79dbe8f7d2cd77fc463cfb663ab1375c,1.0,1,1,5
2b396aaaa02866a6942f7d6e1c3bf654,910f0afb84bc778e856d3683c7e8a46a,1.0,1,1,5
2d75d5e9a133e5fb9b5196eff27bdc71,79dbe8f7d2cd77fc463cfb663ab1375c,1.0,1,1,5
2d75d5e9a133e5fb9b5196eff27bdc71,910f0afb84bc778e856d3683c7e8a46a,1.0,1,1,5
2f02635fe98bd8c88551f06ebc26aa73,79dbe8f7d2cd77fc463cfb663ab1375c,1.0,1,1,5
2f02635fe98bd8c88551f06ebc26aa73,910f0afb84bc778e856d3683c7e8a46a,1.0,1,1,5
32717c64dfb6e318d31734122488ed42,79dbe8f7d2cd77fc463cfb663ab1375c,1.0,1,1,5
32717c64dfb6e318d31734122488ed42,910f0afb84bc778e856d3683c7e8a46a,1.0,1,1,5
32752da00d66a31189201fc0772f600b,79dbe8f7d2cd77fc463cfb663ab1375c,1.0,1,1,5
32752da00d66a31189201fc0772f600b,910f0afb84bc778e856d3683c7e8a46a,1.0,1,1,5
32cc0e2c5ace02ea9dbb7bb8f1e4ee91,79dbe8f7d2cd77fc463cfb663ab1375c,1.0,1,1,5
32cc0e2c5ace02ea9dbb7bb8f1e4ee91,910f0afb84bc778e856d3683c7e8a46a,1.0,1,1,5
33cbc3280a7e0b74aee288e7f087773a,79dbe8f7d2cd77fc463cfb663ab1375c,1.0,1,1,5
33cbc3280a7e0b74aee288e7f087773a,910f0afb84bc778e856d3683c7e8a46a,1.0,1,1,5
3443e2eebf6b2795c6bac47c21c62f0d,79dbe8f7d2cd77fc463cfb663ab1375c,1.0,1,1,5
3443e2eebf6b2795c6bac47c21c62f0d,910f0afb84bc778e856d3683c7e8a46a,1.0,1,1,5
34bb455fd095fdf1a9964fed915c596e,79dbe8f7d2cd77fc463cfb663ab1375c,1.0,1,1,5
34bb455fd095fdf1a9964fed915c596e,910f0afb84bc778e856d3683c7e8a46a,1.0,1,1,5
354eac4554eab556ca2b07c5473d4511,79dbe8f7d2cd77fc463cfb663ab1375c,1.0,1,1,5
354eac4554eab556ca2b07c5473d4511,910f0afb84bc778e856d3683c7e8a46a,1.0,1,1,5
35edcc3677135912a62091c6fc98a12d,79dbe8f7d2cd77fc463cfb663ab1375c,1.0,1,1,5
35edcc3677135912a62091c6fc98a12d,910f0afb84bc778e856d3683c7e8a46a,1.0,1,1,5
3810fe053ea528465ac26e6b9027d3b5,79dbe8f7d2cd77fc463cfb663ab1375c,1.0,1,1,5
3810fe053ea528465ac26e6b9027d3b5,910f0afb84bc778e856d3683c7e8a46a,1.0,1,1,5
3855519123c941dc735353d25756be6d,79dbe8f7d2cd77fc463cfb663ab1375c,1.0,1,1,5
3855519123c941dc735353d25756be6d,910f0afb84bc778e856d3683c7e8a46a,1.0,1,1,5
39d26db6530f0ad21b671a973cb6e03f,79dbe8f7d2cd77fc463cfb663ab1375c,1.0,1,1,5
39d26db6530f0ad21b671a973cb6e03f,910f0afb84bc778e856d3683c7e8a46a,1.0,1,1,5
3a2835415d2044aacd694c63bf31e5e8,79dbe8f7d2cd77fc463cfb663ab1375c,1.0,1,1,5
3a2835415d2044aacd694c63bf31e5e8,910f0afb84bc778e856d3683c7e8a46a,1.0,1,1,5
3bee21d3f6de31be0891d0cd591f33df,79dbe8f7d2cd77fc463cfb663ab1375c,1.0,1,1,5
3bee21d3f6de31be0891d0cd591f33df,910f0afb84bc778e856d3683c7e8a46a,1.0,1,1,5
3d9792f2eb1cac3a0e4c59b80198b555,79dbe8f7d2cd77fc463cfb663ab1375c,1.0,1,1,5
3d9792f2eb1cac3a0e4c59b80198b555,910f0afb84bc778e856d3683c7e8a46a,1.0,1,1,5
3d99d4a81b87cab06805afddbfd0e23d,79dbe8f7d2cd77fc463cfb663ab1375c,1.0,1,1,5
3d99d4a81b87cab06805afddbfd0e23d,910f0afb84bc778e856d3683c7e8a46a,1.0,1,1,5
3e7ac88fcebf632fb01dd58bd3522ea6,79dbe8f7d2cd77fc463cfb663ab1375c,1.0,1,1,5
3e7ac88fcebf632fb01dd58bd3522ea6,910f0afb84bc778e856d3683c7e8a46a,1.0,1,1,5
3f25d002dc6c5203197943be44869f58,79dbe8f7d2cd77fc463cfb663ab1375c,1.0,1,1,5
3f25d002dc6c5203197943be44869f58,910f0afb84bc778e856d3683c7e8a46a,1.0,1,1,5
3f4edf3af6479d3db9e717c510ec59ab,79dbe8f7d2cd77fc463cfb663ab1375c,1.0,1,1,5
3f4edf3af6479d3db9e717c510ec59ab,910f0afb84bc778e856d3683c7e8a46a,1.0,1,1,5
3f575e5c851e1ffe04a36b263cdda4c5,79dbe8f7d2cd77fc463cfb663ab1375c,1.0,1,1,5
3f575e5c851e1ffe04a36b263cdda4c5,910f0afb84bc778e856d3683c7e8a46a,1.0,1,1,5
406320e6ebec9d9f83e8245417447221,79dbe8f7d2cd77fc463cfb663ab1375c,1.0,1,1,5
406320e6ebec9d9f83e8245417447221,910f0afb84bc778e856d3683c7e8a46a,1.0,1,1,5
40f9d577ef0012948a599b315505ac09,79dbe8f7d2cd77fc463cfb663ab1375c,1.0,1,1,5
40f9d577ef0012948a599b315505ac09,910f0afb84bc778e856d3683c7e8a46a,1.0,1,1,5
42129a3aa44a6075ec29b758d483b8a0,79dbe8f7d2cd77fc463cfb663ab1375c,1.0,1,1,5
42129a3aa44a6075ec29b758d483b8a0,910f0afb84bc778e856d3683c7e8a46a,1.0,1,1,5
421787fea291a962c1ab57a6b26827ac,79dbe8f7d2cd77fc463cfb663ab1375c,1.0,1,1,5
421787fea291a962c1ab57a6b26827ac,910f0afb84bc778e856d3683c7e8a46a,1.0,1,1,5
458c3456f2ba8a240dc4e3bbe0859311,79dbe8f7d2cd77fc463cfb663ab1375c,1.0,1,1,5
458c3456f2ba8a240dc4e3bbe0859311,910f0afb84bc778e856d3683c7e8a46a,1.0,1,1,5
464ead365df0b5db3915541c6286ddd1,79dbe8f7d2cd77fc463cfb663ab1375c,1.0,1,1,5
464ead365df0b5db3915541c6286ddd1,910f0afb84bc778e856d3683c7e8a46a,1.0,1,1,5
47ed909ad8168055b4cff7733f7ce616,79dbe8f7d2cd77fc463cfb663ab1375c,1.0,1,1,5
47ed909ad8168055b4cff7733f7ce616,910f0afb84bc778e856d3683c7e8a46a,1.0,1,1,5
4909fc632891548ff0c209de1e3c51cf,79dbe8f7d2cd77fc463cfb663ab1375c,1.0,1,1,5
4909fc632891548ff0c209de1e3c51cf,910f0afb84bc778e856d3683c7e8a46a,1.0,1,1,5
4a293653a956120ef8a3ebbe945c0aa2,79dbe8f7d2cd77fc463cfb663ab1375c,1.0,1,1,5
4a293653a956120ef8a3ebbe945c0aa2,910f0afb84bc778e856d3683c7e8a46a,1.0,1,1,5
4ae7d01b0aa2f9fad107ecbfb6943225,79dbe8f7d2cd77fc463cfb663ab1375c,1.0,1,1,5
4ae7d01b0aa2f9fad107ecbfb6943225,910f0afb84bc778e856d3683c7e8a46a,1.0,1,1,5
4b1f9cce34a1e479937f459c9f9530f6,79dbe8f7d2cd77fc463cfb663ab1375c,1.0,1,1,5
4b1f9cce34a1e479937f459c9f9530f6,910f0afb84bc778e856d3683c7e8a46a,1.0,1,1,5
4b37052b91137f41121a29a5e006cf4f,79dbe8f7d2cd77fc463cfb663ab1375c,1.0,1,1,5
4b37052b91137f41121a29a5e006cf4f,910f0afb84bc778e856d3683c7e8a46a,1.0,1,1,5
4b8f5fda232c800d07852a9642640652,79dbe8f7d2cd77fc463cfb663ab1375c,1.0,1,1,5
4b8f5fda232c800d07852a9642640652,910f0afb84bc778e856d3683c7e8a46a,1.0,1,1,5
4bd18f5e75411f3c7bb691f763b2be0d,79dbe8f7d2cd77fc463cfb663ab1375c,1.0,1,1,5
4bd18f5e75411f3c7bb691f763b2be0d,910f0afb84bc778e856d3683c7e8a46a,1.0,1,1,5
4d0e78f8c401beeb7be2c0e8cd6acb92,79dbe8f7d2cd77fc463cfb663ab1375c,1.0,1,1,5
4d0e78f8c401beeb7be2c0e8cd6acb92,910f0afb84bc778e856d3683c7e8a46a,1.0,1,1,5
4e5bb34c6f41d0b5b812615c662eea68,79dbe8f7d2cd77fc463cfb663ab1375c,1.0,1,1,5
4e5bb34c6f41d0b5b812615c662eea68,910f0afb84bc778e856d3683c7e8a46a,1.0,1,1,5
4f06601f976483d7d1669f22ea9fc060,79dbe8f7d2cd77fc463cfb663ab1375c,1.0,1,1,5
4f06601f976483d7d1669f22ea9fc060,910f0afb84bc778e856d3683c7e8a46a,1.0,1,1,5
4f8602e886ab87a176e8f0a2c2e06069,79dbe8f7d2cd77fc463cfb663ab1375c,1.0,1,1,5
4f8602e886ab87a176e8f0a2c2e06069,910f0afb84bc778e856d3683c7e8a46a,1.0,1,1,5
5448fb61e525231e03356fb5769b9820,79dbe8f7d2cd77fc463cfb663ab1375c,1.0,1,1,5
5448fb61e525231e03356fb5769b9820,910f0afb84bc778e856d3683c7e8a46a,1.0,1,1,5
58b54a7b92d168cb5b3edfd435aac721,79dbe8f7d2cd77fc463cfb663ab1375c,1.0,1,1,5
58b54a7b92d168cb5b3edfd435aac721,910f0afb84bc778e856d3683c7e8a46a,1.0,1,1,5
598ad1542aeb657622689fecf1c3d476,79dbe8f7d2cd77fc463cfb663ab1375c,1.0,1,1,5
598ad1542aeb657622689fecf1c3d476,910f0afb84bc778e856d3683c7e8a46a,1.0,1,1,5
5adec75a56034d77ccf5b432bb9e99a7,79dbe8f7d2cd77fc463cfb663ab1375c,1.0,1,1,5
5adec75a56034d77ccf5b432bb9e99a7,910f0afb84bc778e856d3683c7e8a46a,1.0,1,1,5
5c17cd275f9dc9a507ec06869723e0dc,79dbe8f7d2cd77fc463cfb663ab1375c,1.0,1,1,5
5c17cd275f9dc9a507ec06869723e0dc,910f0afb84bc778e856d3683c7e8a46a,1.0,1,1,5
5c1e822a0c38cd514cf34be29b19ceaf,79dbe8f7d2cd77fc463cfb663ab1375c,1.0,1,1,5
5c1e822a0c38cd514cf34be29b19ceaf,910f0afb84bc778e856d3683c7e8a46a,1.0,1,1,5
615d4fe06218d253ab6491129fbcd1c7,79dbe8f7d2cd77fc463cfb663ab1375c,1.0,1,1,5
615d4fe06218d253ab6491129fbcd1c7,910f0afb84bc778e856d3683c7e8a46a,1.0,1,1,5
654ded9c676ffd7d5f0bfa0e652c18d9,79dbe8f7d2cd77fc463cfb663ab1375c,1.0,1,1,5
654ded9c676ffd7d5f0bfa0e652c18d9,910f0afb84bc778e856d3683c7e8a46a,1.0,1,1,5
65bc526fe9b73f5045b9145e827de7d5,79dbe8f7d2cd77fc463cfb663ab1375c,1.0,1,1,5
65bc526fe9b73f5045b9145e827de7d5,910f0afb84bc778e856d3683c7e8a46a,1.0,1,1,5
69173628c3f6d1c28d6285dfdf9f5dcc,79dbe8f7d2cd77fc463cfb663ab1375c,1.0,1,1,5
69173628c3f6d1c28d6285dfdf9f5dcc,910f0afb84bc778e856d3683c7e8a46a,1.0,1,1,5
698b9fba35afa2346c8e579695ca2151,79dbe8f7d2cd77fc463cfb663ab1375c,1.0,1,1,5
698b9fba35afa2346c8e579695ca2151,910f0afb84bc778e856d3683c7e8a46a,1.0,1,1,5
69a08833720febf10dd53b86e97b054a,79dbe8f7d2cd77fc463cfb663ab1375c,1.0,1,1,5
69a08833720febf10dd53b86e97b054a,910f0afb84bc778e856d3683c7e8a46a,1.0,1,1,5
69b126d83c1a32e4a0d1338a43383693,79dbe8f7d2cd77fc463cfb663ab1375c,1.0,1,1,5
69b126d83c1a32e4a0d1338a43383693,910f0afb84bc778e856d3683c7e8a46a,1.0,1,1,5
6b254fe768396fef4ba7adfb41befc71,79dbe8f7d2cd77fc463cfb663ab1375c,1.0,1,1,5
6b254fe768396fef4ba7adfb41befc71,910f0afb84bc778e856d3683c7e8a46a,1.0,1,1,5
6c169d70cc323a627b9e88ab64cf3d7e,79dbe8f7d2cd77fc463cfb663ab1375c,1.0,1,1,5
6c169d70cc323a627b9e88ab64cf3d7e,910f0afb84bc778e856d3683c7e8a46a,1.0,1,1,5
6dda77ce7d03b1b6a7cae2a037be41dc,79dbe8f7d2cd77fc463cfb663ab1375c,1.0,1,1,5
6dda77ce7d03b1b6a7cae2a037be41dc,910f0afb84bc778e856d3683c7e8a46a,1.0,1,1,5
6e6a6567e76bd5bbc112d7d7f9a9c0e5,79dbe8f7d2cd77fc463cfb663ab1375c,1.0,1,1,5
6e6a6567e76bd5bbc112d7d7f9a9c0e5,910f0afb84bc778e856d3683c7e8a46a,1.0,1,1,5
6edd17d0a29e2d4057e694afee5eaa3b,79dbe8f7d2cd77fc463cfb663ab1375c,1.0,1,1,5
6edd17d0a29e2d4057e694afee5eaa3b,910f0afb84bc778e856d3683c7e8a46a,1.0,1,1,5
6f43a3caf66e172755857e20e4401c7a,79dbe8f7d2cd77fc463cfb663ab1375c,1.0,1,1,5
6f43a3caf66e172755857e20e4401c7a,910f0afb84bc778e856d3683c7e8a46a,1.0,1,1,5
71212d1db47114c75c2d8510ef4644fc,79dbe8f7d2cd77fc463cfb663ab1375c,1.0,1,1,5
71212d1db47114c75c2d8510ef4644fc,910f0afb84bc778e856d3683c7e8a46a,1.0,1,1,5
71692b73230707ce0f95d8a6091c22b4,79dbe8f7d2cd77fc463cfb663ab1375c,1.0,1,1,5
71692b73230707ce0f95d8a6091c22b4,910f0afb84bc778e856d3683c7e8a46a,1.0,1,1,5
73b9bca266a6abf76547ac5992d2bdf5,79dbe8f7d2cd77fc463cfb663ab1375c,1.0,1,1,5
73b9bca266a6abf76547ac5992d2bdf5,910f0afb84bc778e856d3683c7e8a46a,1.0,1,1,5
74ed854a1d507850912cc7bb29c752cb,79dbe8f7d2cd77fc463cfb663ab1375c,1.0,1,1,5
74ed854a1d507850912cc7bb29c752cb,910f0afb84bc778e856d3683c7e8a46a,1.0,1,1,5
753265dd2f0f047425dade4a44d3b916,79dbe8f7d2cd77fc463cfb663ab1375c,1.0,1,1,5
753265dd2f0f047425dade4a44d3b916,910f0afb84bc778e856d3683c7e8a46a,1.0,1,1,5
761a6992de97503a8b986c93d57cc53c,79dbe8f7d2cd77fc463cfb663ab1375c,1.0,1,1,5
761a6992de97503a8b986c93d57cc53c,910f0afb84bc778e856d3683c7e8a46a,1.0,1,1,5
76b101afb403899789408bdc8c2ca8c5,79dbe8f7d2cd77fc463cfb663ab1375c,1.0,1,1,5
76b101afb403899789408bdc8c2ca8c5,910f0afb84bc778e856d3683c7e8a46a,1.0,1,1,5
772478b682869fb34d04cb3d16faa8a4,79dbe8f7d2cd77fc463cfb663ab1375c,1.0,1,1,5
772478b682869fb34d04cb3d16faa8a4,910f0afb84bc778e856d3683c7e8a46a,1.0,1,1,5
782f78691d986d45ed2341715082b993,79dbe8f7d2cd77fc463cfb663ab1375c,1.0,1,1,5
782f78691d986d45ed2341715082b993,910f0afb84bc778e856d3683c7e8a46a,1.0,1,1,5
79dbe8f7d2cd77fc463cfb663ab1375c,7ae3bf22d9fabf9817cb4ce68916d101,1.0,1,5,1
79dbe8f7d2cd77fc463cfb663ab1375c,7b4afa124e770b0423ba553b1a51a72c,1.0,1,5,1
79dbe8f7d2cd77fc463cfb663ab1375c,7c4d21b24f821267af3f2fe761629772,1.0,1,5,1
79dbe8f7d2cd77fc463cfb663ab1375c,7cedb859c8e4969dd05c93f857257df2,1.0,1,5,1
79dbe8f7d2cd77fc463cfb663ab1375c,7dac7097370c4cf1b3f4d49108f20a87,1.0,1,5,1
79dbe8f7d2cd77fc463cfb663ab1375c,7ee1d53407ed1c60113953f969f79d28,1.0,1,5,1
79dbe8f7d2cd77fc463cfb663ab1375c,81dea9a8d236dcc15823cc53f0eff2bf,1.0,1,5,1
79dbe8f7d2cd77fc463cfb663ab1375c,830bfef2c7154008273c7e293965718f,1.0,1,5,1
79dbe8f7d2cd77fc463cfb663ab1375c,84ad78a3fddb6419b2c861c3fe8b9846,1.0,1,5,1
79dbe8f7d2cd77fc463cfb663ab1375c,84fda66962e2d7886a6a57596299f432,1.0,1,5,1
79dbe8f7d2cd77fc463cfb663ab1375c,851d675534217e1f642da9786feba029,1.0,1,5,1
79dbe8f7d2cd77fc463cfb663ab1375c,859be3e24b1d2f673fc587981b6260dd,1.0,1,5,1
79dbe8f7d2cd77fc463cfb663ab1375c,85ec9fe66371731ebbc28903ae304551,1.0,1,5,1
79dbe8f7d2cd77fc463cfb663ab1375c,87574f1c1bce57c02b834d74d909c9f9,1.0,1,5,1
79dbe8f7d2cd77fc463cfb663ab1375c,8819f20e2b7af5d60b16420036afff97,1.0,1,5,1
79dbe8f7d2cd77fc463cfb663ab1375c,8917b14ff5f8730930f1b2c98c7fc81c,1.0,1,5,1
79dbe8f7d2cd77fc463cfb663ab1375c,8a112691dbf8f0511f4a5a358656b511,1.0,1,5,1
79dbe8f7d2cd77fc463cfb663ab1375c,8aa390d97e33b9484177029b90b62a76,1.0,1,5,1
79dbe8f7d2cd77fc463cfb663ab1375c,8f3ba3556d6b36cd4a4287fe16178bc3,1.0,1,5,1
79dbe8f7d2cd77fc463cfb663ab1375c,933840334378c6ddf7b13c45379dceab,1.0,1,5,1
79dbe8f7d2cd77fc463cfb663ab1375c,965d702887d6f19ee2447de45bb1eead,1.0,1,5,1
79dbe8f7d2cd77fc463cfb663ab1375c,96dc025f710c62b2f8eddda55120c04c,1.0,1,5,1
79dbe8f7d2cd77fc463cfb663ab1375c,9c64e6a5971a4c6ba2ba6501aadaf3b4,1.0,1,5,1
79dbe8f7d2cd77fc463cfb663ab1375c,9e80855aee7a17e3e214da66f7d1c08f,1.0,1,5,1
79dbe8f7d2cd77fc463cfb663ab1375c,a0c3aff9fee133d4074d813ccb197391,1.0,1,5,1
79dbe8f7d2cd77fc463cfb663ab1375c,a1639a426ff70ff47ebc24af426b3078,1.0,1,5,1
79dbe8f7d2cd77fc463cfb663ab1375c,a1b667ccfcab85f34445a0905ec39a2e,1.0,1,5,1
79dbe8f7d2cd77fc463cfb663ab1375c,adec2cec9a5464f3db09d9742a471c6d,1.0,1,5,1
79dbe8f7d2cd77fc463cfb663ab1375c,ae1f78817927f05f48923d9c8a174696,1.0,1,5,1
79dbe8f7d2cd77fc463cfb663ab1375c,af64f8f7745ebda82e9f949f35d1a893,1.0,1,5,1
79dbe8f7d2cd77fc463cfb663ab1375c,b40cf4eecfea7f5204bb7763fc5437fe,1.0,1,5,1
79dbe8f7d2cd77fc463cfb663ab1375c,b58003534fdfad54e2a809da3b5560a7,1.0,1,5,1
79dbe8f7d2cd77fc463cfb663ab1375c,b75294c5a223c9e2e7a7571fe4ec34d3,1.0,1,5,1
79dbe8f7d2cd77fc463cfb663ab1375c,bbb958a40966230acc157e1b4684cf51,1.0,1,5,1
79dbe8f7d2cd77fc463cfb663ab1375c,bc13219ef5b1a254d34e3e6112303dfd,1.0,1,5,1
79dbe8f7d2cd77fc463cfb663ab1375c,bf5dd4a674429047e536b9c9d2f995c3,1.0,1,5,1
79dbe8f7d2cd77fc463cfb663ab1375c,bfec8760e813a3110eaaf428effb5029,1.0,1,5,1
79dbe8f7d2cd77fc463cfb663ab1375c,c18ef467e477c2390f058f4d28ea3769,1.0,1,5,1
79dbe8f7d2cd77fc463cfb663ab1375c,c48519113e6436fc193d3b4ff2d7e4c1,1.0,1,5,1
79dbe8f7d2cd77fc463cfb663ab1375c,c563cc0d1514b8f7fa9b4a40f158fca0,1.0,1,5,1
79dbe8f7d2cd77fc463cfb663ab1375c,c8e1cd9cdfef5a269b059c117a0f244d,1.0,1,5,1
79dbe8f7d2cd77fc463cfb663ab1375c,c92fcc08288d633d677a2b744e7cdf9f,1.0,1,5,1
79dbe8f7d2cd77fc463cfb663ab1375c,ca03193933237061f64b886c1410dad2,1.0,1,5,1
79dbe8f7d2cd77fc463cfb663ab1375c,cc33cb2701c2500c1c8ee50fd316b9cb,1.0,1,5,1
79dbe8f7d2cd77fc463cfb663ab1375c,cccd9f2759978bf9c0961f1af1f641a6,1.0,1,5,1
79dbe8f7d2cd77fc463cfb663ab1375c,ce2281ae0cb85fad394e9fe1695336a4,1.0,1,5,1
79dbe8f7d2cd77fc463cfb663ab1375c,ce5e2053eded1a7e6e1469a4903c90ca,1.0,1,5,1
79dbe8f7d2cd77fc463cfb663ab1375c,ce8cc53968c25838eafe119cc6fcf511,1.0,1,5,1
79dbe8f7d2cd77fc463cfb663ab1375c,d197097a91ee14e6929d261e2d9b15f6,1.0,1,5,1
79dbe8f7d2cd77fc463cfb663ab1375c,d1c8715bae84b5dce39cbb6aa1945d8c,1.0,1,5,1
79dbe8f7d2cd77fc463cfb663ab1375c,d1e492f004dbf4f7a4b570c994094cbf,1.0,1,5,1
79dbe8f7d2cd77fc463cfb663ab1375c,d21f3fa00b3029197cfa9966b82d9ebb,1.0,1,5,1
79dbe8f7d2cd77fc463cfb663ab1375c,d265f951e56d663922ee3d360426d5dc,1.0,1,5,1
79dbe8f7d2cd77fc463cfb663ab1375c,d3bf1bc92a7797c8de91897bb0e0b3a4,1.0,1,5,1
79dbe8f7d2cd77fc463cfb663ab1375c,d47107318c1a09b62dcc0d84a0bcf5da,1.0,1,5,1
79dbe8f7d2cd77fc463cfb663ab1375c,d547f6aa046bc09da16d46062617d8bb,1.0,1,5,1
79dbe8f7d2cd77fc463cfb663ab1375c,d7a05555bb294263a5f7b8ba6bae2ff4,1.0,1,5,1
79dbe8f7d2cd77fc463cfb663ab1375c,d8399b24ad3a8d7601c8da83b7f70af9,1.0,1,5,1
79dbe8f7d2cd77fc463cfb663ab1375c,d87cc9520e3fd47ef88f7098e51afe8a,1.0,1,5,1
79dbe8f7d2cd77fc463cfb663ab1375c,d9aaa8544dd466a3623226d67b722880,1.0,1,5,1
79dbe8f7d2cd77fc463cfb663ab1375c,da7aed2e8fe57799e72ab172e4956aaf,1.0,1,5,1
79dbe8f7d2cd77fc463cfb663ab1375c,dac4c0ef5692bf93c259a5b264ee9807,1.0,1,5,1
79dbe8f7d2cd77fc463cfb663ab1375c,de68c5ffa4810878cbdbfc6a5c8ad4bd,1.0,1,5,1
79dbe8f7d2cd77fc463cfb663ab1375c,ded6fe3fd86ba79274deaf93fe3c4b20,1.0,1,5,1
79dbe8f7d2cd77fc463cfb663ab1375c,dfae4f86093ca47b98a483eaedb23667,1.0,1,5,1
79dbe8f7d2cd77fc463cfb663ab1375c,e07aca5542963705198c21bec3c19740,1.0,1,5,1
79dbe8f7d2cd77fc463cfb663ab1375c,e08a91380740a10dd3fac40eed46246b,1.0,1,5,1
79dbe8f7d2cd77fc463cfb663ab1375c,e0a5163e8d7d76ca1fe345506a6552d7,1.0,1,5,1
79dbe8f7d2cd77fc463cfb663ab1375c,e20247a9f1cdb71d4415f2a0903212f9,1.0,1,5,1
79dbe8f7d2cd77fc463cfb663ab1375c,e55846d50289cb2abc2364ca27b98b9c,1.0,1,5,1
79dbe8f7d2cd77fc463cfb663ab1375c,e588f1b5d00b4697f453375ba8fedad5,1.0,1,5,1
79dbe8f7d2cd77fc463cfb663ab1375c,e5b5b28edeef592fa19f83aa6f04489b,1.0,1,5,1
79dbe8f7d2cd77fc463cfb663ab1375c,e695bec6e792cdbd8dca818004d1c0c2,1.0,1,5,1
79dbe8f7d2cd77fc463cfb663ab1375c,e6b5460e0fc18c6738442222204b49dc,1.0,1,5,1
79dbe8f7d2cd77fc463cfb663ab1375c,ea2542ee4bd82e2f5599454821c9818c,1.0,1,5,1
79dbe8f7d2cd77fc463cfb663ab1375c,edf6f64d9bb54ba61b4c3a008416501e,1.0,1,5,1
79dbe8f7d2cd77fc463cfb663ab1375c,ef615978504f00be4e6e171ca068e160,1.0,1,5,1
79dbe8f7d2cd77fc463cfb663ab1375c,f0f5df081d2ef2d076f5832bfbff79d6,1.0,1,5,1
79dbe8f7d2cd77fc463cfb663ab1375c,f2bcc6ad1bb400ff8d1ed1b570f01348,1.0,1,5,1
79dbe8f7d2cd77fc463cfb663ab1375c,f37df26d81056b8d7ac3efba580ab962,1.0,1,5,1
79dbe8f7d2cd77fc463cfb663ab1375c,f68ec6805b80a4aa7416a2bf1e84ab44,1.0,1,5,1
79dbe8f7d2cd77fc463cfb663ab1375c,fabd02c36d6fa70951b94d92d70afb02,1.0,1,5,1
79dbe8f7d2cd77fc463cfb663ab1375c,fbaa308077169325fe1bcd0b05094984,1.0,1,5,1
79dbe8f7d2cd77fc463cfb663ab1375c,fdd6853a1946f2790de4c3c9b492e2eb,1.0,1,5,1
7ae3bf22d9fabf9817cb4ce68916d101,910f0afb84bc778e856d3683c7e8a46a,1.0,1,1,5
7b4afa124e770b0423ba553b1a51a72c,910f0afb84bc778e856d3683c7e8a46a,1.0,1,1,5
7c4d21b24f821267af3f2fe761629772,910f0afb84bc778e856d3683c7e8a46a,1.0,1,1,5
7cedb859c8e4969dd05c93f857257df2,910f0afb84bc778e856d3683c7e8a46a,1.0,1,1,5
7dac7097370c4cf1b3f4d49108f20a87,910f0afb84bc778e856d3683c7e8a46a,1.0,1,1,5
7ee1d53407ed1c60113953f969f79d28,910f0afb84bc778e856d3683c7e8a46a,1.0,1,1,5
81dea9a8d236dcc15823cc53f0eff2bf,910f0afb84bc778e856d3683c7e8a46a,1.0,1,1,5
830bfef2c7154008273c7e293965718f,910f0afb84bc778e856d3683c7e8a46a,1.0,1,1,5
84ad78a3fddb6419b2c861c3fe8b9846,910f0afb84bc778e856d3683c7e8a46a,1.0,1,1,5
84fda66962e2d7886a6a57596299f432,910f0afb84bc778e856d3683c7e8a46a,1.0,1,1,5
851d675534217e1f642da9786feba029,910f0afb84bc778e856d3683c7e8a46a,1.0,1,1,5
859be3e24b1d2f673fc587981b6260dd,910f0afb84bc778e856d3683c7e8a46a,1.0,1,1,5
85ec9fe66371731ebbc28903ae304551,910f0afb84bc778e856d3683c7e8a46a,1.0,1,1,5
87574f1c1bce57c02b834d74d909c9f9,910f0afb84bc778e856d3683c7e8a46a,1.0,1,1,5
8819f20e2b7af5d60b16420036afff97,910f0afb84bc778e856d3683c7e8a46a,1.0,1,1,5
8917b14ff5f8730930f1b2c98c7fc81c,910f0afb84bc778e856d3683c7e8a46a,1.0,1,1,5
8a112691dbf8f0511f4a5a358656b511,910f0afb84bc778e856d3683c7e8a46a,1.0,1,1,5
8aa390d97e33b9484177029b90b62a76,910f0afb84bc778e856d3683c7e8a46a,1.0,1,1,5
8f3ba3556d6b36cd4a4287fe16178bc3,910f0afb84bc778e856d3683c7e8a46a,1.0,1,1,5
910f0afb84bc778e856d3683c7e8a46a,933840334378c6ddf7b13c45379dceab,1.0,1,5,1
910f0afb84bc778e856d3683c7e8a46a,965d702887d6f19ee2447de45bb1eead,1.0,1,5,1
910f0afb84bc778e856d3683c7e8a46a,96dc025f710c62b2f8eddda55120c04c,1.0,1,5,1
910f0afb84bc778e856d3683c7e8a46a,9c64e6a5971a4c6ba2ba6501aadaf3b4,1.0,1,5,1
910f0afb84bc778e856d3683c7e8a46a,9e80855aee7a17e3e214da66f7d1c08f,1.0,1,5,1
910f0afb84bc778e856d3683c7e8a46a,a0c3aff9fee133d4074d813ccb197391,1.0,1,5,1
910f0afb84bc778e856d3683c7e8a46a,a1639a426ff70ff47ebc24af426b3078,1.0,1,5,1
910f0afb84bc778e856d3683c7e8a46a,a1b667ccfcab85f34445a0905ec39a2e,1.0,1,5,1
910f0afb84bc778e856d3683c7e8a46a,adec2cec9a5464f3db09d9742a471c6d,1.0,1,5,1
910f0afb84bc778e856d3683c7e8a46a,ae1f78817927f05f48923d9c8a174696,1.0,1,5,1
910f0afb84bc778e856d3683c7e8a46a,af64f8f7745ebda82e9f949f35d1a893,1.0,1,5,1
910f0afb84bc778e856d3683c7e8a46a,b40cf4eecfea7f5204bb7763fc5437fe,1.0,1,5,1
910f0afb84bc778e856d3683c7e8a46a,b58003534fdfad54e2a809da3b5560a7,1.0,1,5,1
910f0afb84bc778e856d3683c7e8a46a,b75294c5a223c9e2e7a7571fe4ec34d3,1.0,1,5,1
910f0afb84bc778e856d3683c7e8a46a,bbb958a40966230acc157e1b4684cf51,1.0,1,5,1
910f0afb84bc778e856d3683c7e8a46a,bc13219ef5b1a254d34e3e6112303dfd,1.0,1,5,1
910f0afb84bc778e856d3683c7e8a46a,bf5dd4a674429047e536b9c9d2f995c3,1.0,1,5,1
910f0afb84bc778e856d3683c7e8a46a,bfec8760e813a3110eaaf428effb5029,1.0,1,5,1
910f0afb84bc778e856d3683c7e8a46a,c18ef467e477c2390f058f4d28ea3769,1.0,1,5,1
910f0afb84bc778e856d3683c7e8a46a,c48519113e6436fc193d3b4ff2d7e4c1,1.0,1,5,1
910f0afb84bc778e856d3683c7e8a46a,c563cc0d1514b8f7fa9b4a40f158fca0,1.0,1,5,1
910f0afb84bc778e856d3683c7e8a46a,c8e1cd9cdfef5a269b059c117a0f244d,1.0,1,5,1
910f0afb84bc778e856d3683c7e8a46a,c92fcc08288d633d677a2b744e7cdf9f,1.0,1,5,1
910f0afb84bc778e856d3683c7e8a46a,ca03193933237061f64b886c1410dad2,1.0,1,5,1
910f0afb84bc778e856d3683c7e8a46a,cc33cb2701c2500c1c8ee50fd316b9cb,1.0,1,5,1
910f0afb84bc778e856d3683c7e8a46a,cccd9f2759978bf9c0961f1af1f641a6,1.0,1,5,1
910f0afb84bc778e856d3683c7e8a46a,ce2281ae0cb85fad394e9fe1695336a4,1.0,1,5,1
910f0afb84bc778e856d3683c7e8a46a,ce5e2053eded1a7e6e1469a4903c90ca,1.0,1,5,1
910f0afb84bc778e856d3683c7e8a46a,ce8cc53968c25838eafe119cc6fcf511,1.0,1,5,1
910f0afb84bc778e856d3683c7e8a46a,d197097a91ee14e6929d261e2d9b15f6,1.0,1,5,1
910f0afb84bc778e856d3683c7e8a46a,d1c8715bae84b5dce39cbb6aa1945d8c,1.0,1,5,1
910f0afb84bc778e856d3683c7e8a46a,d1e492f004dbf4f7a4b570c994094cbf,1.0,1,5,1
910f0afb84bc778e856d3683c7e8a46a,d21f3fa00b3029197cfa9966b82d9ebb,1.0,1,5,1
910f0afb84bc778e856d3683c7e8a46a,d265f951e56d663922ee3d360426d5dc,1.0,1,5,1
910f0afb84bc778e856d3683c7e8a46a,d3bf1bc92a7797c8de91897bb0e0b3a4,1.0,1,5,1
910f0afb84bc778e856d3683c7e8a46a,d47107318c1a09b62dcc0d84a0bcf5da,1.0,1,5,1
910f0afb84bc778e856d3683c7e8a46a,d547f6aa046bc09da16d46062617d8bb,1.0,1,5,1
910f0afb84bc778e856d3683c7e8a46a,d7a05555bb294263a5f7b8ba6bae2ff4,1.0,1,5,1
910f0afb84bc778e856d3683c7e8a46a,d8399b24ad3a8d7601c8da83b7f70af9,1.0,1,5,1
910f0afb84bc778e856d3683c7e8a46a,d87cc9520e3fd47ef88f7098e51afe8a,1.0,1,5,1
910f0afb84bc778e856d3683c7e8a46a,d9aaa8544dd466a3623226d67b722880,1.0,1,5,1
910f0afb84bc778e856d3683c7e8a46a,da7aed2e8fe57799e72ab172e4956aaf,1.0,1,5,1
910f0afb84bc778e856d3683c7e8a46a,dac4c0ef5692bf93c259a5b264ee9807,1.0,1,5,1
910f0afb84bc778e856d3683c7e8a46a,de68c5ffa4810878cbdbfc6a5c8ad4bd,1.0,1,5,1
910f0afb84bc778e856d3683c7e8a46a,ded6fe3fd86ba79274deaf93fe3c4b20,1.0,1,5,1
910f0afb84bc778e856d3683c7e8a46a,dfae4f86093ca47b98a483eaedb23667,1.0,1,5,1
910f0afb84bc778e856d3683c7e8a46a,e07aca5542963705198c21bec3c19740,1.0,1,5,1
910f0afb84bc778e856d3683c7e8a46a,e08a91380740a10dd3fac40eed46246b,1.0,1,5,1
910f0afb84bc778e856d3683c7e8a46a,e0a5163e8d7d76ca1fe345506a6552d7,1.0,1,5,1
910f0afb84bc778e856d3683c7e8a46a,e20247a9f1cdb71d4415f2a0903212f9,1.0,1,5,1
910f0afb84bc778e856d3683c7e8a46a,e55846d50289cb2abc2364ca27b98b9c,1.0,1,5,1
910f0afb84bc778e856d3683c7e8a46a,e588f1b5d00b4697f453375ba8fedad5,1.0,1,5,1
910f0afb84bc778e856d3683c7e8a46a,e5b5b28edeef592fa19f83aa6f04489b,1.0,1,5,1
910f0afb84bc778e856d3683c7e8a46a,e695bec6e792cdbd8dca818004d1c0c2,1.0,1,5,1
910f0afb84bc778e856d3683c7e8a46a,e6b5460e0fc18c6738442222204b49dc,1.0,1,5,1
910f0afb84bc778e856d3683c7e8a46a,ea2542ee4bd82e2f5599454821c9818c,1.0,1,5,1
910f0afb84bc778e856d3683c7e8a46a,edf6f64d9bb54ba61b4c3a008416501e,1.0,1,5,1
910f0afb84bc778e856d3683c7e8a46a,ef615978504f00be4e6e171ca068e160,1.0,1,5,1
910f0afb84bc778e856d3683c7e8a46a,f0f5df081d2ef2d076f5832bfbff79d6,1.0,1,5,1
910f0afb84bc778e856d3683c7e8a46a,f2bcc6ad1bb400ff8d1ed1b570f01348,1.0,1,5,1
910f0afb84bc778e856d3683c7e8a46a,f37df26d81056b8d7ac3efba580ab962,1.0,1,5,1
910f0afb84bc778e856d3683c7e8a46a,f68ec6805b80a4aa7416a2bf1e84ab44,1.0,1,5,1
910f0afb84bc778e856d3683c7e8a46a,fabd02c36d6fa70951b94d92d70afb02,1.0,1,5,1
910f0afb84bc778e856d3683c7e8a46a,fbaa308077169325fe1bcd0b05094984,1.0,1,5,1
910f0afb84bc778e856d3683c7e8a46a,fdd6853a1946f2790de4c3c9b492e2eb,1.0,1,5,1
6ac1d3a5d7b9d60c230b2931ea47f0c4,b405e15c616b885b8aea6cb6a3019404,1.0,1,4,2
6ac1d3a5d7b9d60c230b2931ea47f0c4,bf33d9afd66b26dca43892e77b7a34b8,1.0,1,4,2
6ac1d3a5d7b9d60c230b2931ea47f0c4,c82b80d63f63c5162fab931e14fe2d1e,1.0,1,4,2
977b4a7bb7d2b75fcf72d0b2079f6078,e90f4d881abb391d0392ef162ddc35fb,1.0,1,2,4
bb2b1ba29d905fb1136a1ef732947e00,e90f4d881abb391d0392ef162ddc35fb,1.0,1,2,4
009dd7b313c04f4ccd9d4e423bc04ba7,d7484dd44acca3ca523936dd5b8f1b09,1.0,1,1,5
4b83f8eb0d4d579e20d192dec4d8480e,d7484dd44acca3ca523936dd5b8f1b09,1.0,1,1,5
53ce59821e6c5041654f61c58e99bcc2,d7484dd44acca3ca523936dd5b8f1b09,1.0,1,1,5
5835494e5add24ed02f3e2339be0d60e,d7484dd44acca3ca523936dd5b8f1b09,1.0,1,1,5
d7484dd44acca3ca523936dd5b8f1b09,fc07d9d0bcec4b21e5023c7ddc1a0a97,1.0,1,5,1
00a02d822b18db532e50e0607e615f3b,839a04051a2c347397fd425d01fc3eb2,1.0,1,1,5
1a35f28e0a73098a686e8cfa59cdfb34,839a04051a2c347397fd425d01fc3eb2,1.0,1,1,5
2c3951930dbff1b18def8abcc492cd08,839a04051a2c347397fd425d01fc3eb2,1.0,1,1,5
2f08332afa68530c6ab0f1a1cf2e4244,839a04051a2c347397fd425d01fc3eb2,1.0,1,1,5
32f5b6a5a3bc68667579db0df13dca86,839a04051a2c347397fd425d01fc3eb2,1.0,1,1,5
73f2248eb4705834587fc9e1ef45b3bf,839a04051a2c347397fd425d01fc3eb2,1.0,1,1,5
839a04051a2c347397fd425d01fc3eb2,ba65feca097c2a0bc64e2038fe08310c,1.0,1,5,1
839a04051a2c347397fd425d01fc3eb2,bd20b118b1f383a4978c8e6e326ccbd4,1.0,1,5,1
00a6ee75a90222405df9d8d59babc513,c04dc38af3ee271e9c8863809023adee,1.0,1,1,5
0116f610fa1418cda75e0d96e1639a03,c04dc38af3ee271e9c8863809023adee,1.0,1,1,5
0189137aa093295df2116467b8201d66,c04dc38af3ee271e9c8863809023adee,1.0,1,1,5
0dddb1f8f7a4b64555e6084fc18c832f,c04dc38af3ee271e9c8863809023adee,1.0,1,1,5
12d1cda209613cd60b9d242181be7077,c04dc38af3ee271e9c8863809023adee,1.0,1,1,5
231a0b20227b9d5b4967016e775415d6,c04dc38af3ee271e9c8863809023adee,1.0,1,1,5
2d7f8c99a4a402e38681f31b05518dfc,c04dc38af3ee271e9c8863809023adee,1.0,1,1,5
2e13ebc6d59404e724a28325c1a4357b,c04dc38af3ee271e9c8863809023adee,1.0,1,1,5
2efdab402b57b0040f1f04c74cf3bef3,c04dc38af3ee271e9c8863809023adee,1.0,1,1,5
3b3ef0a0f4d944aa4baa38a856287d9e,7e4ecd0fe41e1c98597eaedf447e2347,1.0,1,3,3
3f7486480ac9eef5ee7c5a9efe95276b,c04dc38af3ee271e9c8863809023adee,1.0,1,1,5
4118b91e5342b4c4fa0192a131cfba90,c04dc38af3ee271e9c8863809023adee,1.0,1,1,5
4d4c322f24e2e73249d9b0d21cf4e1fb,c04dc38af3ee271e9c8863809023adee,1.0,1,1,5
4f60e4ed8104dedbd1aeedad9d9fd5dc,c04dc38af3ee271e9c8863809023adee,1.0,1,1,5
573605dc73227f843b291cd789a45d03,c04dc38af3ee271e9c8863809023adee,1.0,1,1,5
61ffb1cf1b889fb5d66b8527b9b12d3e,c04dc38af3ee271e9c8863809023adee,1.0,1,1,5
6b1549c509ef8c31aa1eaa92f318e5b8,c04dc38af3ee271e9c8863809023adee,1.0,1,1,5
6f6aea891f7b1c17c8ed5048d1a801ae,c04dc38af3ee271e9c8863809023adee,1.0,1,1,5
770e794c4208b19cd89bddfb46b20883,c04dc38af3ee271e9c8863809023adee,1.0,1,1,5
7e6977a143b9420c9c2f5d4452f70fbd,c04dc38af3ee271e9c8863809023adee,1.0,1,1,5
7ec1eababd5b609375f53565333a16ca,c04dc38af3ee271e9c8863809023adee,1.0,1,1,5
8c438ceb9afe35e513cf671de8a65f7e,c04dc38af3ee271e9c8863809023adee,1.0,1,1,5
8e8c4acebf28ff8b76b0c3997fed207d,c04dc38af3ee271e9c8863809023adee,1.0,1,1,5
9fb23c0934b300ecec67d95926d1d09d,c04dc38af3ee271e9c8863809023adee,1.0,1,1,5
b0164212434295e7e87590bb18e5371c,c04dc38af3ee271e9c8863809023adee,1.0,1,1,5
baa8b1be14b8baaaff1561406dbc93e2,c04dc38af3ee271e9c8863809023adee,1.0,1,1,5
c04dc38af3ee271e9c8863809023adee,c1d0cbc16303f3d4a3442589a692495a,1.0,1,5,1
c04dc38af3ee271e9c8863809023adee,c3a1bf5cf9959122b9093f515e3493d6,1.0,1,5,1
c04dc38af3ee271e9c8863809023adee,c5c65dc72006fffa3c07a8884e595e71,1.0,1,5,1
c04dc38af3ee271e9c8863809023adee,c5f4a17332cac9eea14c1147093298dc,1.0,1,5,1
c04dc38af3ee271e9c8863809023adee,d992447e02093cff2f784f9602d1f72c,1.0,1,5,1
c04dc38af3ee271e9c8863809023adee,d9b2fdebb3f293e4f8eeb174c035cc2c,1.0,1,5,1
c04dc38af3ee271e9c8863809023adee,e32e9ffa72fe957a48b8c21d9576eb63,1.0,1,5,1
c04dc38af3ee271e9c8863809023adee,f3262b4152fc46b20c4b3e8c6523ddad,1.0,1,5,1
00b1066a65657ee1759544f6b61a4e2c,10b442e762ba8a5ad22de5ba2207e5f1,1.0,1,2,4
00b1066a65657ee1759544f6b61a4e2c,b259b009b425d402eb2160a3a614d3be,1.0,1,2,4
10b442e762ba8a5ad22de5ba2207e5f1,91b721d32e8d30023ad17bddb6f6eee7,1.0,1,4,2
10b442e762ba8a5ad22de5ba2207e5f1,95f4b915c12f5b61a638f3928d23a89c,1.0,1,4,2
10b442e762ba8a5ad22de5ba2207e5f1,dbe1af764dcabd00ec0e60e989c1a46e,1.0,1,4,2
10b442e762ba8a5ad22de5ba2207e5f1,dfe0f45b0b8cf0ce9c4cfb41c0808240,1.0,1,4,2
10b442e762ba8a5ad22de5ba2207e5f1,f6a0ba639e185c1b11c1712fad9879c2,1.0,1,4,2
3f33e7e7a4f7ee0ccf8fe97631476ee1,9f3495fec7de50e7f0e31d3f1ed3c526,1.0,1,3,3
91b721d32e8d30023ad17bddb6f6eee7,b259b009b425d402eb2160a3a614d3be,1.0,1,2,4
95f4b915c12f5b61a638f3928d23a89c,b259b009b425d402eb2160a3a614d3be,1.0,1,2,4
b259b009b425d402eb2160a3a614d3be,dbe1af764dcabd00ec0e60e989c1a46e,1.0,1,4,2
b259b009b425d402eb2160a3a614d3be,dfe0f45b0b8cf0ce9c4cfb41c0808240,1.0,1,4,2
b259b009b425d402eb2160a3a614d3be,f6a0ba639e185c1b11c1712fad9879c2,1.0,1,4,2
4b718d5b525e3ae0e042551d852b2620,dc75b21faa83875157ade3ef98dfadc5,1.0,1,3,3
4b718d5b525e3ae0e042551d852b2620,fe52c2abb172426dd6416cc69e6b3689,1.0,1,3,3
dc75b21faa83875157ade3ef98dfadc5,fe52c2abb172426dd6416cc69e6b3689,1.0,1,3,3
00b742e2f6d8fa571cd560007081d53b,44a90aebe64383d8d551ddd72bac9274,1.0,1,1,5
00b742e2f6d8fa571cd560007081d53b,a0988feb55f4bf6cd3643c2a0d8d3899,1.0,1,1,5
0a9d4f38c3d7205716db907be3a06491,44a90aebe64383d8d551ddd72bac9274,1.0,1,1,5
0a9d4f38c3d7205716db907be3a06491,a0988feb55f4bf6cd3643c2a0d8d3899,1.0,1,1,5
135d0249c65cdb8f5c8b30da582a6865,44a90aebe64383d8d551ddd72bac9274,1.0,1,1,5
135d0249c65cdb8f5c8b30da582a6865,a0988feb55f4bf6cd3643c2a0d8d3899,1.0,1,1,5
1554ab45e7c8ff7191ddccdfcd2c8d20,44a90aebe64383d8d551ddd72bac9274,1.0,1,1,5
1554ab45e7c8ff7191ddccdfcd2c8d20,a0988feb55f4bf6cd3643c2a0d8d3899,1.0,1,1,5
1c09e25b8c3430a1651682fca49cddab,44a90aebe64383d8d551ddd72bac9274,1.0,1,1,5
1c09e25b8c3430a1651682fca49cddab,a0988feb55f4bf6cd3643c2a0d8d3899,1.0,1,1,5
30228cb42efd930c08874d5f05230fc1,44a90aebe64383d8d551ddd72bac9274,1.0,1,1,5
30228cb42efd930c08874d5f05230fc1,a0988feb55f4bf6cd3643c2a0d8d3899,1.0,1,1,5
43849878f47ce035e165e820b6914ac9,44a90aebe64383d8d551ddd72bac9274,1.0,1,1,5
43849878f47ce035e165e820b6914ac9,a0988feb55f4bf6cd3643c2a0d8d3899,1.0,1,1,5
43978cedabadf283de4a06dfac108ffd,44a90aebe64383d8d551ddd72bac9274,1.0,1,1,5
43978cedabadf283de4a06dfac108ffd,a0988feb55f4bf6cd3643c2a0d8d3899,1.0,1,1,5
44a90aebe64383d8d551ddd72bac9274,607be94942447115f229a062199e5d49,1.0,1,5,1
44a90aebe64383d8d551ddd72bac9274,623d392cefd1e9b743242b556b6bb0ef,1.0,1,5,1
44a90aebe64383d8d551ddd72bac9274,713de0d4ee2b16c452a355a29022d94b,1.0,1,5,1
44a90aebe64383d8d551ddd72bac9274,71d0bdb856934e63fe9fd8019d7e3dcc,1.0,1,5,1
44a90aebe64383d8d551ddd72bac9274,72260708c2950a289d5b32794b574502,1.0,1,5,1
44a90aebe64383d8d551ddd72bac9274,9dbe78aa2dd8b7f5247ceb88038f1292,1.0,1,5,1
44a90aebe64383d8d551ddd72bac9274,a0b3658bff11e9414a501fef4be81a78,1.0,1,5,1
44a90aebe64383d8d551ddd72bac9274,b5492cdcd2cb70885607dd676780ac77,1.0,1,5,1
44a90aebe64383d8d551ddd72bac9274,e162a7eb6ab7506dbf180f1f98c158f0,1.0,1,5,1
44a90aebe64383d8d551ddd72bac9274,e27a73a5d870af369e93eac58482ebba,1.0,1,5,1
44a90aebe64383d8d551ddd72bac9274,e6e672ede70da04486fbb08ed54f989b,1.0,1,5,1
607be94942447115f229a062199e5d49,a0988feb55f4bf6cd3643c2a0d8d3899,1.0,1,1,5
623d392cefd1e9b743242b556b6bb0ef,a0988feb55f4bf6cd3643c2a0d8d3899,1.0,1,1,5
713de0d4ee2b16c452a355a29022d94b,a0988feb55f4bf6cd3643c2a0d8d3899,1.0,1,1,5
71d0bdb856934e63fe9fd8019d7e3dcc,a0988feb55f4bf6cd3643c2a0d8d3899,1.0,1,1,5
72260708c2950a289d5b32794b574502,a0988feb55f4bf6cd3643c2a0d8d3899,1.0,1,1,5
9dbe78aa2dd8b7f5247ceb88038f1292,a0988feb55f4bf6cd3643c2a0d8d3899,1.0,1,1,5
a0988feb55f4bf6cd3643c2a0d8d3899,a0b3658bff11e9414a501fef4be81a78,1.0,1,5,1
a0988feb55f4bf6cd3643c2a0d8d3899,b5492cdcd2cb70885607dd676780ac77,1.0,1,5,1
a0988feb55f4bf6cd3643c2a0d8d3899,e162a7eb6ab7506dbf180f1f98c158f0,1.0,1,5,1
a0988feb55f4bf6cd3643c2a0d8d3899,e27a73a5d870af369e93eac58482ebba,1.0,1,5,1
a0988feb55f4bf6cd3643c2a0d8d3899,e6e672ede70da04486fbb08ed54f989b,1.0,1,5,1
07aa0e46a3fec5c648422487a2efe4a9,4b293b0eba86e10fcecd40a7aac6608b,1.0,1,2,4
07aa0e46a3fec5c648422487a2efe4a9,a440ac198e3e7e955a1e99fa738b81d1,1.0,1,2,4
08ac5a9c44cd0c632183f1c6cafc3a06,4b293b0eba86e10fcecd40a7aac6608b,1.0,1,2,4
08ac5a9c44cd0c632183f1c6cafc3a06,a440ac198e3e7e955a1e99fa738b81d1,1.0,1,2,4
0b63b2c21b768c3575305cf04214e173,4b293b0eba86e10fcecd40a7aac6608b,1.0,1,2,4
0b63b2c21b768c3575305cf04214e173,a440ac198e3e7e955a1e99fa738b81d1,1.0,1,2,4
0b70d1e8e5462729e993c3e82ba3d5f1,1c31e9e0651dcb9bb941ff68c87365ee,1.0,1,3,3
0b70d1e8e5462729e993c3e82ba3d5f1,48a43a82b83f1e3b08e691ffb1d04c58,1.0,1,3,3
0b70d1e8e5462729e993c3e82ba3d5f1,4edc8b814260113b58134ee968726c5a,1.0,1,3,3
0b70d1e8e5462729e993c3e82ba3d5f1,672afa8a0a510643b1be75d99ec3dab5,1.0,1,3,3
0b70d1e8e5462729e993c3e82ba3d5f1,97b8ceed37878640ed723315f621694e,1.0,1,3,3
0b70d1e8e5462729e993c3e82ba3d5f1,a63c88e3bd0344de106461ab8a3c3f03,1.0,1,3,3
0b70d1e8e5462729e993c3e82ba3d5f1,c0237d2d96bbcd13d2352c520b9bff0d,1.0,1,3,3
0b70d1e8e5462729e993c3e82ba3d5f1,cb2d00950f18d7d8f7fcfc8cc3a173b7,1.0,1,3,3
0b70d1e8e5462729e993c3e82ba3d5f1,cd7fabbed6374d8d014eed4b87bfa9f5,1.0,1,3,3
0b70d1e8e5462729e993c3e82ba3d5f1,f39c3ad6a39afe38f5e885d72d772f0e,1.0,1,3,3
0c303bd1eccb3d9bcda642c900a8e336,4b293b0eba86e10fcecd40a7aac6608b,1.0,1,2,4
0c303bd1eccb3d9bcda642c900a8e336,a440ac198e3e7e955a1e99fa738b81d1,1.0,1,2,4
0ccb948a381d9527ed8500bf8ac516f9,4b293b0eba86e10fcecd40a7aac6608b,1.0,1,2,4
0ccb948a381d9527ed8500bf8ac516f9,a440ac198e3e7e955a1e99fa738b81d1,1.0,1,2,4
0d51e1d665d652b294c5246222e8b716,4b293b0eba86e10fcecd40a7aac6608b,1.0,1,2,4
0d51e1d665d652b294c5246222e8b716,a440ac198e3e7e955a1e99fa738b81d1,1.0,1,2,4
1c31e9e0651dcb9bb941ff68c87365ee,48a43a82b83f1e3b08e691ffb1d04c58,1.0,1,3,3
1c31e9e0651dcb9bb941ff68c87365ee,4edc8b814260113b58134ee968726c5a,1.0,1,3,3
1c31e9e0651dcb9bb941ff68c87365ee,672afa8a0a510643b1be75d99ec3dab5,1.0,1,3,3
1c31e9e0651dcb9bb941ff68c87365ee,97b8ceed37878640ed723315f621694e,1.0,1,3,3
1c31e9e0651dcb9bb941ff68c87365ee,a63c88e3bd0344de106461ab8a3c3f03,1.0,1,3,3
1c31e9e0651dcb9bb941ff68c87365ee,c0237d2d96bbcd13d2352c520b9bff0d,1.0,1,3,3
1c31e9e0651dcb9bb941ff68c87365ee,cb2d00950f18d7d8f7fcfc8cc3a173b7,1.0,1,3,3
1c31e9e0651dcb9bb941ff68c87365ee,cd7fabbed6374d8d014eed4b87bfa9f5,1.0,1,3,3
1c31e9e0651dcb9bb941ff68c87365ee,f39c3ad6a39afe38f5e885d72d772f0e,1.0,1,3,3
24ef20f64a513f7b0b0767fccb5a0ada,4b293b0eba86e10fcecd40a7aac6608b,1.0,1,2,4
24ef20f64a513f7b0b0767fccb5a0ada,a440ac198e3e7e955a1e99fa738b81d1,1.0,1,2,4
28441d18136bcfeb0fca3cf21c286081,4b293b0eba86e10fcecd40a7aac6608b,1.0,1,2,4
28441d18136bcfeb0fca3cf21c286081,a440ac198e3e7e955a1e99fa738b81d1,1.0,1,2,4
2d2dff303a27fadc670dd6434d524afa,4b293b0eba86e10fcecd40a7aac6608b,1.0,1,2,4
2d2dff303a27fadc670dd6434d524afa,a440ac198e3e7e955a1e99fa738b81d1,1.0,1,2,4
32a4ff4e454bc77a7a08d48a27bf07cf,4b293b0eba86e10fcecd40a7aac6608b,1.0,1,2,4
32a4ff4e454bc77a7a08d48a27bf07cf,a440ac198e3e7e955a1e99fa738b81d1,1.0,1,2,4
446480ca430fd34b345ae78cb641b30b,4b293b0eba86e10fcecd40a7aac6608b,1.0,1,2,4
446480ca430fd34b345ae78cb641b30b,a440ac198e3e7e955a1e99fa738b81d1,1.0,1,2,4
48a43a82b83f1e3b08e691ffb1d04c58,4edc8b814260113b58134ee968726c5a,1.0,1,3,3
48a43a82b83f1e3b08e691ffb1d04c58,672afa8a0a510643b1be75d99ec3dab5,1.0,1,3,3
48a43a82b83f1e3b08e691ffb1d04c58,97b8ceed37878640ed723315f621694e,1.0,1,3,3
48a43a82b83f1e3b08e691ffb1d04c58,a63c88e3bd0344de106461ab8a3c3f03,1.0,1,3,3
48a43a82b83f1e3b08e691ffb1d04c58,c0237d2d96bbcd13d2352c520b9bff0d,1.0,1,3,3
48a43a82b83f1e3b08e691ffb1d04c58,cb2d00950f18d7d8f7fcfc8cc3a173b7,1.0,1,3,3
48a43a82b83f1e3b08e691ffb1d04c58,cd7fabbed6374d8d014eed4b87bfa9f5,1.0,1,3,3
48a43a82b83f1e3b08e691ffb1d04c58,f39c3ad6a39afe38f5e885d72d772f0e,1.0,1,3,3
4b293b0eba86e10fcecd40a7aac6608b,4ca1119b9bdb444929ab6051f92ca4b4,1.0,1,4,2
4b293b0eba86e10fcecd40a7aac6608b,4dc0803521660b2f150f8a42d20765fa,1.0,1,4,2
4b293b0eba86e10fcecd40a7aac6608b,56f98f3a059befb5c3c16a07975c8ba5,1.0,1,4,2
4b293b0eba86e10fcecd40a7aac6608b,6ed6bb491ea47ae1a0b331414148c5e2,1.0,1,4,2
4b293b0eba86e10fcecd40a7aac6608b,74f1cb6900dadb1afca23c04643b06ce,1.0,1,4,2
4b293b0eba86e10fcecd40a7aac6608b,8038505867c69488c5dbba1ebf144739,1.0,1,4,2
4b293b0eba86e10fcecd40a7aac6608b,8360a5c47afc3de8a5f3c52e8d693845,1.0,1,4,2
4b293b0eba86e10fcecd40a7aac6608b,84878dd72193c6b08a3c5bfd8246ad0b,1.0,1,4,2
4b293b0eba86e10fcecd40a7aac6608b,886c8a8c924043f8fa45387ddd9a16f7,1.0,1,4,2
4b293b0eba86e10fcecd40a7aac6608b,8e22f5266528ca059d8cbeebee73fc52,1.0,1,4,2
4b293b0eba86e10fcecd40a7aac6608b,8f42e9cb526d4a8ea42877dac8c86453,1.0,1,4,2
4b293b0eba86e10fcecd40a7aac6608b,94fe756b3e56a9bc28dcf7f832f0e11c,1.0,1,4,2
4b293b0eba86e10fcecd40a7aac6608b,97a0c4f33bf1982206bc39b40e040e50,1.0,1,4,2
4b293b0eba86e10fcecd40a7aac6608b,99348d90573af76cd7c8e64fd097e6d3,1.0,1,4,2
4b293b0eba86e10fcecd40a7aac6608b,9c7bc34fa4b2fd8e3f132a6337ba8828,1.0,1,4,2
4b293b0eba86e10fcecd40a7aac6608b,9ca97e91d9d0e7bae9dbe2b2cb731028,1.0,1,4,2
4b293b0eba86e10fcecd40a7aac6608b,a8ad190dbcf7b411dcba3d4518334a58,1.0,1,4,2
4b293b0eba86e10fcecd40a7aac6608b,beeb7358d68ef0a3115fde6746b9a8d4,1.0,1,4,2
4b293b0eba86e10fcecd40a7aac6608b,c0b7396785476307956e73355fc066d3,1.0,1,4,2
4b293b0eba86e10fcecd40a7aac6608b,c21443baab50d67603067254b941bfcc,1.0,1,4,2
4b293b0eba86e10fcecd40a7aac6608b,c7143a9592032729e880d38d25c39125,1.0,1,4,2
4b293b0eba86e10fcecd40a7aac6608b,c78db4a3f138ebc9ce5772aa324ef95b,1.0,1,4,2
4b293b0eba86e10fcecd40a7aac6608b,cd2cc97ebeb86f5791f07c0717c2311f,1.0,1,4,2
4b293b0eba86e10fcecd40a7aac6608b,ce3cf3ac5e131ddb0c0949c86fc73ffb,1.0,1,4,2
4b293b0eba86e10fcecd40a7aac6608b,d2451d65b521da4ef51178a1563bc5fe,1.0,1,4,2
4b293b0eba86e10fcecd40a7aac6608b,d2cdc1bc229c5e1848f8f7ce60a415f7,1.0,1,4,2
4b293b0eba86e10fcecd40a7aac6608b,daf5439ad0693ccbe6f840fc7699721e,1.0,1,4,2
4b293b0eba86e10fcecd40a7aac6608b,e5d0fb67add1702e8fdc93634910b5e8,1.0,1,4,2
4b293b0eba86e10fcecd40a7aac6608b,fdbc9e3e8ff4d5fa66c92c652912aef4,1.0,1,4,2
4b293b0eba86e10fcecd40a7aac6608b,ff5f0e6c9223056cd0e65b534856f5d0,1.0,1,4,2
4ca1119b9bdb444929ab6051f92ca4b4,a440ac198e3e7e955a1e99fa738b81d1,1.0,1,2,4
4dc0803521660b2f150f8a42d20765fa,a440ac198e3e7e955a1e99fa738b81d1,1.0,1,2,4
4edc8b814260113b58134ee968726c5a,672afa8a0a510643b1be75d99ec3dab5,1.0,1,3,3
4edc8b814260113b58134ee968726c5a,97b8ceed37878640ed723315f621694e,1.0,1,3,3
4edc8b814260113b58134ee968726c5a,a63c88e3bd0344de106461ab8a3c3f03,1.0,1,3,3
4edc8b814260113b58134ee968726c5a,c0237d2d96bbcd13d2352c520b9bff0d,1.0,1,3,3
4edc8b814260113b58134ee968726c5a,cb2d00950f18d7d8f7fcfc8cc3a173b7,1.0,1,3,3
4edc8b814260113b58134ee968726c5a,cd7fabbed6374d8d014eed4b87bfa9f5,1.0,1,3,3
4edc8b814260113b58134ee968726c5a,f39c3ad6a39afe38f5e885d72d772f0e,1.0,1,3,3
56f98f3a059befb5c3c16a07975c8ba5,a440ac198e3e7e955a1e99fa738b81d1,1.0,1,2,4
672afa8a0a510643b1be75d99ec3dab5,97b8ceed37878640ed723315f621694e,1.0,1,3,3
672afa8a0a510643b1be75d99ec3dab5,a63c88e3bd0344de106461ab8a3c3f03,1.0,1,3,3
672afa8a0a510643b1be75d99ec3dab5,c0237d2d96bbcd13d2352c520b9bff0d,1.0,1,3,3
672afa8a0a510643b1be75d99ec3dab5,cb2d00950f18d7d8f7fcfc8cc3a173b7,1.0,1,3,3
672afa8a0a510643b1be75d99ec3dab5,cd7fabbed6374d8d014eed4b87bfa9f5,1.0,1,3,3
672afa8a0a510643b1be75d99ec3dab5,f39c3ad6a39afe38f5e885d72d772f0e,1.0,1,3,3
6ed6bb491ea47ae1a0b331414148c5e2,a440ac198e3e7e955a1e99fa738b81d1,1.0,1,2,4
74f1cb6900dadb1afca23c04643b06ce,a440ac198e3e7e955a1e99fa738b81d1,1.0,1,2,4
8038505867c69488c5dbba1ebf144739,a440ac198e3e7e955a1e99fa738b81d1,1.0,1,2,4
8360a5c47afc3de8a5f3c52e8d693845,a440ac198e3e7e955a1e99fa738b81d1,1.0,1,2,4
84878dd72193c6b08a3c5bfd8246ad0b,a440ac198e3e7e955a1e99fa738b81d1,1.0,1,2,4
886c8a8c924043f8fa45387ddd9a16f7,a440ac198e3e7e955a1e99fa738b81d1,1.0,1,2,4
8e22f5266528ca059d8cbeebee73fc52,a440ac198e3e7e955a1e99fa738b81d1,1.0,1,2,4
8f42e9cb526d4a8ea42877dac8c86453,a440ac198e3e7e955a1e99fa738b81d1,1.0,1,2,4
94fe756b3e56a9bc28dcf7f832f0e11c,a440ac198e3e7e955a1e99fa738b81d1,1.0,1,2,4
97a0c4f33bf1982206bc39b40e040e50,a440ac198e3e7e955a1e99fa738b81d1,1.0,1,2,4
97b8ceed37878640ed723315f621694e,a63c88e3bd0344de106461ab8a3c3f03,1.0,1,3,3
97b8ceed37878640ed723315f621694e,c0237d2d96bbcd13d2352c520b9bff0d,1.0,1,3,3
97b8ceed37878640ed723315f621694e,cb2d00950f18d7d8f7fcfc8cc3a173b7,1.0,1,3,3
97b8ceed37878640ed723315f621694e,cd7fabbed6374d8d014eed4b87bfa9f5,1.0,1,3,3
97b8ceed37878640ed723315f621694e,f39c3ad6a39afe38f5e885d72d772f0e,1.0,1,3,3
99348d90573af76cd7c8e64fd097e6d3,a440ac198e3e7e955a1e99fa738b81d1,1.0,1,2,4
9c7bc34fa4b2fd8e3f132a6337ba8828,a440ac198e3e7e955a1e99fa738b81d1,1.0,1,2,4
9ca97e91d9d0e7bae9dbe2b2cb731028,a440ac198e3e7e955a1e99fa738b81d1,1.0,1,2,4
a440ac198e3e7e955a1e99fa738b81d1,a8ad190dbcf7b411dcba3d4518334a58,1.0,1,4,2
a440ac198e3e7e955a1e99fa738b81d1,beeb7358d68ef0a3115fde6746b9a8d4,1.0,1,4,2
a440ac198e3e7e955a1e99fa738b81d1,c0b7396785476307956e73355fc066d3,1.0,1,4,2
a440ac198e3e7e955a1e99fa738b81d1,c21443baab50d67603067254b941bfcc,1.0,1,4,2
a440ac198e3e7e955a1e99fa738b81d1,c7143a9592032729e880d38d25c39125,1.0,1,4,2
a440ac198e3e7e955a1e99fa738b81d1,c78db4a3f138ebc9ce5772aa324ef95b,1.0,1,4,2
a440ac198e3e7e955a1e99fa738b81d1,cd2cc97ebeb86f5791f07c0717c2311f,1.0,1,4,2
a440ac198e3e7e955a1e99fa738b81d1,ce3cf3ac5e131ddb0c0949c86fc73ffb,1.0,1,4,2
a440ac198e3e7e955a1e99fa738b81d1,d2451d65b521da4ef51178a1563bc5fe,1.0,1,4,2
a440ac198e3e7e955a1e99fa738b81d1,d2cdc1bc229c5e1848f8f7ce60a415f7,1.0,1,4,2
a440ac198e3e7e955a1e99fa738b81d1,daf5439ad0693ccbe6f840fc7699721e,1.0,1,4,2
a440ac198e3e7e955a1e99fa738b81d1,e5d0fb67add1702e8fdc93634910b5e8,1.0,1,4,2
a440ac198e3e7e955a1e99fa738b81d1,fdbc9e3e8ff4d5fa66c92c652912aef4,1.0,1,4,2
a440ac198e3e7e955a1e99fa738b81d1,ff5f0e6c9223056cd0e65b534856f5d0,1.0,1,4,2
a63c88e3bd0344de106461ab8a3c3f03,c0237d2d96bbcd13d2352c520b9bff0d,1.0,1,3,3
a63c88e3bd0344de106461ab8a3c3f03,cb2d00950f18d7d8f7fcfc8cc3a173b7,1.0,1,3,3
a63c88e3bd0344de106461ab8a3c3f03,cd7fabbed6374d8d014eed4b87bfa9f5,1.0,1,3,3
a63c88e3bd0344de106461ab8a3c3f03,f39c3ad6a39afe38f5e885d72d772f0e,1.0,1,3,3
c0237d2d96bbcd13d2352c520b9bff0d,cb2d00950f18d7d8f7fcfc8cc3a173b7,1.0,1,3,3
c0237d2d96bbcd13d2352c520b9bff0d,cd7fabbed6374d8d014eed4b87bfa9f5,1.0,1,3,3
c0237d2d96bbcd13d2352c520b9bff0d,f39c3ad6a39afe38f5e885d72d772f0e,1.0,1,3,3
cb2d00950f18d7d8f7fcfc8cc3a173b7,cd7fabbed6374d8d014eed4b87bfa9f5,1.0,1,3,3
cb2d00950f18d7d8f7fcfc8cc3a173b7,f39c3ad6a39afe38f5e885d72d772f0e,1.0,1,3,3
cd7fabbed6374d8d014eed4b87bfa9f5,f39c3ad6a39afe38f5e885d72d772f0e,1.0,1,3,3
00be1845d956d40218db17093f667764,3c084b2007d6efc5db0eb0ab4bbf4a92,1.0,1,1,5
00be1845d956d40218db17093f667764,d8f8afc9b9992b49ab2e12ad9f1a9e5b,1.0,1,1,5
0137420de9b02a180c53e5bd64f14750,3c084b2007d6efc5db0eb0ab4bbf4a92,1.0,1,1,5
0137420de9b02a180c53e5bd64f14750,d8f8afc9b9992b49ab2e12ad9f1a9e5b,1.0,1,1,5
03e617aa03379916298509c50f723bbe,0fd475edfa0b61c59ecde6f89c21dedb,1.0,1,2,4
03e617aa03379916298509c50f723bbe,7a3c2c001de18686d8f87037b28ad0ec,1.0,1,2,4
03e617aa03379916298509c50f723bbe,a00e0a3b162f9b407172ffd674477ce7,1.0,1,2,4
047448ccb9c66b5d0ab04072e735df8d,3c084b2007d6efc5db0eb0ab4bbf4a92,1.0,1,1,5
047448ccb9c66b5d0ab04072e735df8d,d8f8afc9b9992b49ab2e12ad9f1a9e5b,1.0,1,1,5
0512ef7a58b99718b43889612e947bce,3c084b2007d6efc5db0eb0ab4bbf4a92,1.0,1,1,5
0512ef7a58b99718b43889612e947bce,d8f8afc9b9992b49ab2e12ad9f1a9e5b,1.0,1,1,5
065cdd031a7020e43fd91cd421549f5e,3c084b2007d6efc5db0eb0ab4bbf4a92,1.0,1,1,5
065cdd031a7020e43fd91cd421549f5e,d8f8afc9b9992b49ab2e12ad9f1a9e5b,1.0,1,1,5
06ca006fe6294b6a9c602c4b12607e6f,3c084b2007d6efc5db0eb0ab4bbf4a92,1.0,1,1,5
06ca006fe6294b6a9c602c4b12607e6f,d8f8afc9b9992b49ab2e12ad9f1a9e5b,1.0,1,1,5
07f4d82acd0d57d83ddeabecb75a7358,0fd475edfa0b61c59ecde6f89c21dedb,1.0,1,2,4
07f4d82acd0d57d83ddeabecb75a7358,7a3c2c001de18686d8f87037b28ad0ec,1.0,1,2,4
07f4d82acd0d57d83ddeabecb75a7358,a00e0a3b162f9b407172ffd674477ce7,1.0,1,2,4
09ac84553d8652111c6d6d2adcf3bd58,3c084b2007d6efc5db0eb0ab4bbf4a92,1.0,1,1,5
09ac84553d8652111c6d6d2adcf3bd58,d8f8afc9b9992b49ab2e12ad9f1a9e5b,1.0,1,1,5
0a0ec88e2cc988ddfd8fc2c1d7d18597,3c084b2007d6efc5db0eb0ab4bbf4a92,1.0,1,1,5
0a0ec88e2cc988ddfd8fc2c1d7d18597,d8f8afc9b9992b49ab2e12ad9f1a9e5b,1.0,1,1,5
0ae906aa815502181b814a40b95068bf,3c084b2007d6efc5db0eb0ab4bbf4a92,1.0,1,1,5
0ae906aa815502181b814a40b95068bf,d8f8afc9b9992b49ab2e12ad9f1a9e5b,1.0,1,1,5
0c5bd66b9fa0f5db54d2fec36d9ac532,3c084b2007d6efc5db0eb0ab4bbf4a92,1.0,1,1,5
0c5bd66b9fa0f5db54d2fec36d9ac532,d8f8afc9b9992b49ab2e12ad9f1a9e5b,1.0,1,1,5
0cf146e84935a5208ef3047a2b64ae4b,3c084b2007d6efc5db0eb0ab4bbf4a92,1.0,1,1,5
0cf146e84935a5208ef3047a2b64ae4b,d8f8afc9b9992b49ab2e12ad9f1a9e5b,1.0,1,1,5
0d1771baf76a8a0372257c5d494d3c5b,3c084b2007d6efc5db0eb0ab4bbf4a92,1.0,1,1,5
0d1771baf76a8a0372257c5d494d3c5b,d8f8afc9b9992b49ab2e12ad9f1a9e5b,1.0,1,1,5
0e7a4804f1665261e1257726779f6348,0fd475edfa0b61c59ecde6f89c21dedb,1.0,1,2,4
0e7a4804f1665261e1257726779f6348,7a3c2c001de18686d8f87037b28ad0ec,1.0,1,2,4
0e7a4804f1665261e1257726779f6348,a00e0a3b162f9b407172ffd674477ce7,1.0,1,2,4
0fa4a064989236797d08591a95b05311,3c084b2007d6efc5db0eb0ab4bbf4a92,1.0,1,1,5
0fa4a064989236797d08591a95b05311,d8f8afc9b9992b49ab2e12ad9f1a9e5b,1.0,1,1,5
0fd475edfa0b61c59ecde6f89c21dedb,0ffa25f95f44a01acfd9fa22da91cecd,1.0,1,4,2
0fd475edfa0b61c59ecde6f89c21dedb,1315c7d9c8d3a0f451cf5c84b046aaf7,1.0,1,4,2
0fd475edfa0b61c59ecde6f89c21dedb,207fe5bb1b002dd89788c15163ccae8d,1.0,1,4,2
0fd475edfa0b61c59ecde6f89c21dedb,2177d3f6b642082495fa4be219205596,1.0,1,4,2
0fd475edfa0b61c59ecde6f89c21dedb,277a0fd25284b93fd983a0387f6de274,1.0,1,4,2
0fd475edfa0b61c59ecde6f89c21dedb,28a42ce270d16184b183a4a8f6abe13a,1.0,1,4,2
0fd475edfa0b61c59ecde6f89c21dedb,3629c99b2eeb7ce39e112a13db76a08f,1.0,1,4,2
0fd475edfa0b61c59ecde6f89c21dedb,3e626615eff8fd5206108ee715584f39,1.0,1,4,2
0fd475edfa0b61c59ecde6f89c21dedb,47a71b49f98984efd3c62cb213f977e8,1.0,1,4,2
0fd475edfa0b61c59ecde6f89c21dedb,4dbdde6e1e0a6931a1872f33d61b541d,1.0,1,4,2
0fd475edfa0b61c59ecde6f89c21dedb,4eda116add853323e439c104b7d0824c,1.0,1,4,2
0fd475edfa0b61c59ecde6f89c21dedb,4ff03022ad97615c6387aa546a541eb4,1.0,1,4,2
0fd475edfa0b61c59ecde6f89c21dedb,514d0edccea1e112e84554602ba861bb,1.0,1,4,2
0fd475edfa0b61c59ecde6f89c21dedb,58d0e2c853c7d6c8e8ac7cbf705a4616,1.0,1,4,2
0fd475edfa0b61c59ecde6f89c21dedb,5ac168e8bb77e7e8ece45cb166d5a42c,1.0,1,4,2
0fd475edfa0b61c59ecde6f89c21dedb,5b3aa7925728df96748677b2878c5dcf,1.0,1,4,2
0fd475edfa0b61c59ecde6f89c21dedb,63dba92b86bb0f9ae0c8c881d3094b0f,1.0,1,4,2
0fd475edfa0b61c59ecde6f89c21dedb,64f4edd5b6c33fb305990d88886ffb19,1.0,1,4,2
0fd475edfa0b61c59ecde6f89c21dedb,7139d062a8bf1437539fa7bb236efc97,1.0,1,4,2
0fd475edfa0b61c59ecde6f89c21dedb,73bf20bb22133ed5ae8457527dcd5e4c,1.0,1,4,2
0fd475edfa0b61c59ecde6f89c21dedb,7d61d43aab9091b002e8d1059c9b6140,1.0,1,4,2
0fd475edfa0b61c59ecde6f89c21dedb,817c452e40b5ee98d28b212e51999b24,1.0,1,4,2
0fd475edfa0b61c59ecde6f89c21dedb,81d59547135bb962c771484f86d08c11,1.0,1,4,2
0fd475edfa0b61c59ecde6f89c21dedb,84059a5500a2b11eccc76f80bd2cefa8,1.0,1,4,2
0fd475edfa0b61c59ecde6f89c21dedb,867a7afe9f7ca8c6df22e1c9ce91a9fa,1.0,1,4,2
0fd475edfa0b61c59ecde6f89c21dedb,86abf43f4071842e9d3622e6f710599c,1.0,1,4,2
0fd475edfa0b61c59ecde6f89c21dedb,8e2cbe0458411443853166c1a81d2f9d,1.0,1,4,2
0fd475edfa0b61c59ecde6f89c21dedb,937b8d4ebb303e18913ad7c7587a92e7,1.0,1,4,2
0fd475edfa0b61c59ecde6f89c21dedb,9749e3b7d02a7194473d5a6784071186,1.0,1,4,2
0fd475edfa0b61c59ecde6f89c21dedb,a6e02bb5726752f81bd16ccc3ed5391f,1.0,1,4,2
0fd475edfa0b61c59ecde6f89c21dedb,ae171525746b8e60fb722fa9d1ca3f4d,1.0,1,4,2
0fd475edfa0b61c59ecde6f89c21dedb,afdd204d84a80bf0269cd6a84eb8c274,1.0,1,4,2
0fd475edfa0b61c59ecde6f89c21dedb,b5f029222bbc62ba62a6bc324be6a721,1.0,1,4,2
0fd475edfa0b61c59ecde6f89c21dedb,b98f07c1577a24dc45f9d2d01eeff3d3,1.0,1,4,2
0fd475edfa0b61c59ecde6f89c21dedb,bcf958b042ece5fd995de0dabb3abf56,1.0,1,4,2
0fd475edfa0b61c59ecde6f89c21dedb,be5265d8f173d7f8538dfb483e97e50c,1.0,1,4,2
0fd475edfa0b61c59ecde6f89c21dedb,c07e64c68b9365508a2d88604868106a,1.0,1,4,2
0fd475edfa0b61c59ecde6f89c21dedb,c857c97338c7ba7b62ef19a19f0ab62b,1.0,1,4,2
0fd475edfa0b61c59ecde6f89c21dedb,cb1ee2e01b9af016ea99da7ee32e28df,1.0,1,4,2
0fd475edfa0b61c59ecde6f89c21dedb,d36f96e1eda5c86966988768b21d34d0,1.0,1,4,2
0fd475edfa0b61c59ecde6f89c21dedb,d8b406d490ede7bca2403b6f083bfabf,1.0,1,4,2
0fd475edfa0b61c59ecde6f89c21dedb,db8e8670fc0cb9e2adeba735ae379ea7,1.0,1,4,2
0fd475edfa0b61c59ecde6f89c21dedb,f208c2e0e8c456b2359638526812c1e4,1.0,1,4,2
0fd475edfa0b61c59ecde6f89c21dedb,f923b1574da0d99a5e27e7ad1de64cf9,1.0,1,4,2
0fd475edfa0b61c59ecde6f89c21dedb,fad3c89098c5e008e93d79dc390a16ea,1.0,1,4,2
0fd475edfa0b61c59ecde6f89c21dedb,fe80881541b7cb0a0732cf82eed3c82b,1.0,1,4,2
0ffa25f95f44a01acfd9fa22da91cecd,7a3c2c001de18686d8f87037b28ad0ec,1.0,1,2,4
0ffa25f95f44a01acfd9fa22da91cecd,a00e0a3b162f9b407172ffd674477ce7,1.0,1,2,4
1315c7d9c8d3a0f451cf5c84b046aaf7,7a3c2c001de18686d8f87037b28ad0ec,1.0,1,2,4
1315c7d9c8d3a0f451cf5c84b046aaf7,a00e0a3b162f9b407172ffd674477ce7,1.0,1,2,4
1529931ae589e40510ce709d0f4e83ba,3c084b2007d6efc5db0eb0ab4bbf4a92,1.0,1,1,5
1529931ae589e40510ce709d0f4e83ba,d8f8afc9b9992b49ab2e12ad9f1a9e5b,1.0,1,1,5
1554e7aa8fc3158391031a73c3cb285e,3c084b2007d6efc5db0eb0ab4bbf4a92,1.0,1,1,5
1554e7aa8fc3158391031a73c3cb285e,d8f8afc9b9992b49ab2e12ad9f1a9e5b,1.0,1,1,5
15690fe754d0f93ccba74a474bf31b4b,3c084b2007d6efc5db0eb0ab4bbf4a92,1.0,1,1,5
15690fe754d0f93ccba74a474bf31b4b,d8f8afc9b9992b49ab2e12ad9f1a9e5b,1.0,1,1,5
15bd954905b4dabd89d6770abc342281,3c084b2007d6efc5db0eb0ab4bbf4a92,1.0,1,1,5
15bd954905b4dabd89d6770abc342281,d8f8afc9b9992b49ab2e12ad9f1a9e5b,1.0,1,1,5
15da5b7c1c5f680197132096ff0ca4ee,3c084b2007d6efc5db0eb0ab4bbf4a92,1.0,1,1,5
15da5b7c1c5f680197132096ff0ca4ee,d8f8afc9b9992b49ab2e12ad9f1a9e5b,1.0,1,1,5
16214024bcda924a638b177e39976b26,3c084b2007d6efc5db0eb0ab4bbf4a92,1.0,1,1,5
16214024bcda924a638b177e39976b26,d8f8afc9b9992b49ab2e12ad9f1a9e5b,1.0,1,1,5
18d83eb50985880c0381b5bf09eff24d,3c084b2007d6efc5db0eb0ab4bbf4a92,1.0,1,1,5
18d83eb50985880c0381b5bf09eff24d,d8f8afc9b9992b49ab2e12ad9f1a9e5b,1.0,1,1,5
1c2ffb8da2251634b36f29e272532134,3c084b2007d6efc5db0eb0ab4bbf4a92,1.0,1,1,5
1c2ffb8da2251634b36f29e272532134,d8f8afc9b9992b49ab2e12ad9f1a9e5b,1.0,1,1,5
1ca847a7ae5278f0a785fbaf9ed50cfd,3c084b2007d6efc5db0eb0ab4bbf4a92,1.0,1,1,5
1ca847a7ae5278f0a785fbaf9ed50cfd,d8f8afc9b9992b49ab2e12ad9f1a9e5b,1.0,1,1,5
1e2842a484f2643d3bae78b78c717dc8,3c084b2007d6efc5db0eb0ab4bbf4a92,1.0,1,1,5
1e2842a484f2643d3bae78b78c717dc8,d8f8afc9b9992b49ab2e12ad9f1a9e5b,1.0,1,1,5
1fa44cbd73858648c8e08aa34698e181,3c084b2007d6efc5db0eb0ab4bbf4a92,1.0,1,1,5
1fa44cbd73858648c8e08aa34698e181,d8f8afc9b9992b49ab2e12ad9f1a9e5b,1.0,1,1,5
2017df0974589166352f8380c4f277fa,3c084b2007d6efc5db0eb0ab4bbf4a92,1.0,1,1,5
2017df0974589166352f8380c4f277fa,d8f8afc9b9992b49ab2e12ad9f1a9e5b,1.0,1,1,5
207fe5bb1b002dd89788c15163ccae8d,7a3c2c001de18686d8f87037b28ad0ec,1.0,1,2,4
207fe5bb1b002dd89788c15163ccae8d,a00e0a3b162f9b407172ffd674477ce7,1.0,1,2,4
21428dfc6bd6e1c6d28a7f311109e1b4,3c084b2007d6efc5db0eb0ab4bbf4a92,1.0,1,1,5
21428dfc6bd6e1c6d28a7f311109e1b4,d8f8afc9b9992b49ab2e12ad9f1a9e5b,1.0,1,1,5
215e81304459427c1cc8a7390754a4c8,2a791088702b2842fed7ca1e30366441,1.0,1,3,3
215e81304459427c1cc8a7390754a4c8,7480359f2bfb287f5723a3025890d06a,1.0,1,3,3
215e81304459427c1cc8a7390754a4c8,c0b34be03e16c03ae344ada47dfd78a5,1.0,1,3,3
215e81304459427c1cc8a7390754a4c8,ef64a53bcd0bdebae1d80e977ce62988,1.0,1,3,3
2177d3f6b642082495fa4be219205596,7a3c2c001de18686d8f87037b28ad0ec,1.0,1,2,4
2177d3f6b642082495fa4be219205596,a00e0a3b162f9b407172ffd674477ce7,1.0,1,2,4
21f4a0f496d66f5ad60f6c47caa96515,3c084b2007d6efc5db0eb0ab4bbf4a92,1.0,1,1,5
21f4a0f496d66f5ad60f6c47caa96515,d8f8afc9b9992b49ab2e12ad9f1a9e5b,1.0,1,1,5
22d75e219121547b55f0496759d32929,3c084b2007d6efc5db0eb0ab4bbf4a92,1.0,1,1,5
22d75e219121547b55f0496759d32929,d8f8afc9b9992b49ab2e12ad9f1a9e5b,1.0,1,1,5
23eb4dead10ccf85749603687fe9e044,3c084b2007d6efc5db0eb0ab4bbf4a92,1.0,1,1,5
23eb4dead10ccf85749603687fe9e044,d8f8afc9b9992b49ab2e12ad9f1a9e5b,1.0,1,1,5
23fd47f36200b41a0fa9df9abeabb738,3c084b2007d6efc5db0eb0ab4bbf4a92,1.0,1,1,5
23fd47f36200b41a0fa9df9abeabb738,d8f8afc9b9992b49ab2e12ad9f1a9e5b,1.0,1,1,5
25005ef67dd44bb53b64ab1ca6b98704,3c084b2007d6efc5db0eb0ab4bbf4a92,1.0,1,1,5
25005ef67dd44bb53b64ab1ca6b98704,d8f8afc9b9992b49ab2e12ad9f1a9e5b,1.0,1,1,5
277a0fd25284b93fd983a0387f6de274,7a3c2c001de18686d8f87037b28ad0ec,1.0,1,2,4
277a0fd25284b93fd983a0387f6de274,a00e0a3b162f9b407172ffd674477ce7,1.0,1,2,4
27c45e0dd1230d84a9120d0e70c730fa,3c084b2007d6efc5db0eb0ab4bbf4a92,1.0,1,1,5
27c45e0dd1230d84a9120d0e70c730fa,d8f8afc9b9992b49ab2e12ad9f1a9e5b,1.0,1,1,5
28a42ce270d16184b183a4a8f6abe13a,7a3c2c001de18686d8f87037b28ad0ec,1.0,1,2,4
28a42ce270d16184b183a4a8f6abe13a,a00e0a3b162f9b407172ffd674477ce7,1.0,1,2,4
299622c6ade91056dc308a093cb07aa2,3c084b2007d6efc5db0eb0ab4bbf4a92,1.0,1,1,5
299622c6ade91056dc308a093cb07aa2,d8f8afc9b9992b49ab2e12ad9f1a9e5b,1.0,1,1,5
29dc4aeff866d6a940c471a3ea4faef0,3c084b2007d6efc5db0eb0ab4bbf4a92,1.0,1,1,5
29dc4aeff866d6a940c471a3ea4faef0,d8f8afc9b9992b49ab2e12ad9f1a9e5b,1.0,1,1,5
2a791088702b2842fed7ca1e30366441,7480359f2bfb287f5723a3025890d06a,1.0,1,3,3
2a791088702b2842fed7ca1e30366441,c0b34be03e16c03ae344ada47dfd78a5,1.0,1,3,3
2a791088702b2842fed7ca1e30366441,ef64a53bcd0bdebae1d80e977ce62988,1.0,1,3,3
2b542e9d53c87acac31bfb965c7c3ae0,3c084b2007d6efc5db0eb0ab4bbf4a92,1.0,1,1,5
2b542e9d53c87acac31bfb965c7c3ae0,d8f8afc9b9992b49ab2e12ad9f1a9e5b,1.0,1,1,5
2ba89e7eff6bfee5d2e755671c26ce3d,3c084b2007d6efc5db0eb0ab4bbf4a92,1.0,1,1,5
2ba89e7eff6bfee5d2e755671c26ce3d,d8f8afc9b9992b49ab2e12ad9f1a9e5b,1.0,1,1,5
2cb6e1938aa20ae2f3416b4c3f9f7847,3c084b2007d6efc5db0eb0ab4bbf4a92,1.0,1,1,5
2cb6e1938aa20ae2f3416b4c3f9f7847,d8f8afc9b9992b49ab2e12ad9f1a9e5b,1.0,1,1,5
2dc40a711263d0661f2e1e4fe8983091,3c084b2007d6efc5db0eb0ab4bbf4a92,1.0,1,1,5
2dc40a711263d0661f2e1e4fe8983091,d8f8afc9b9992b49ab2e12ad9f1a9e5b,1.0,1,1,5
2e6d161f11b24170c9c174835720d0b9,3c084b2007d6efc5db0eb0ab4bbf4a92,1.0,1,1,5
2e6d161f11b24170c9c174835720d0b9,d8f8afc9b9992b49ab2e12ad9f1a9e5b,1.0,1,1,5
30266c20fb8cbf8c5c1b90c76e9c97ba,3c084b2007d6efc5db0eb0ab4bbf4a92,1.0,1,1,5
30266c20fb8cbf8c5c1b90c76e9c97ba,d8f8afc9b9992b49ab2e12ad9f1a9e5b,1.0,1,1,5
3121ab94c8521f3dd674239524b337b4,3c084b2007d6efc5db0eb0ab4bbf4a92,1.0,1,1,5
3121ab94c8521f3dd674239524b337b4,d8f8afc9b9992b49ab2e12ad9f1a9e5b,1.0,1,1,5
3196781fa8e84895b34326dfbb4826eb,3c084b2007d6efc5db0eb0ab4bbf4a92,1.0,1,1,5
3196781fa8e84895b34326dfbb4826eb,d8f8afc9b9992b49ab2e12ad9f1a9e5b,1.0,1,1,5
33c10edbbbee94340648625b58ad8b6c,3c084b2007d6efc5db0eb0ab4bbf4a92,1.0,1,1,5
33c10edbbbee94340648625b58ad8b6c,d8f8afc9b9992b49ab2e12ad9f1a9e5b,1.0,1,1,5
34cfa0a845877b3bf6657c9f098fb421,3c084b2007d6efc5db0eb0ab4bbf4a92,1.0,1,1,5
34cfa0a845877b3bf6657c9f098fb421,d8f8afc9b9992b49ab2e12ad9f1a9e5b,1.0,1,1,5
361f293b44a8217401121933a7c5f5b7,3c084b2007d6efc5db0eb0ab4bbf4a92,1.0,1,1,5
361f293b44a8217401121933a7c5f5b7,d8f8afc9b9992b49ab2e12ad9f1a9e5b,1.0,1,1,5
3629c99b2eeb7ce39e112a13db76a08f,7a3c2c001de18686d8f87037b28ad0ec,1.0,1,2,4
3629c99b2eeb7ce39e112a13db76a08f,a00e0a3b162f9b407172ffd674477ce7,1.0,1,2,4
36b2036434fac1ab64762456ff3e635a,3c084b2007d6efc5db0eb0ab4bbf4a92,1.0,1,1,5
36b2036434fac1ab64762456ff3e635a,d8f8afc9b9992b49ab2e12ad9f1a9e5b,1.0,1,1,5
38a20b7e29a945b4904ad3b0fbedd593,3c084b2007d6efc5db0eb0ab4bbf4a92,1.0,1,1,5
38a20b7e29a945b4904ad3b0fbedd593,d8f8afc9b9992b49ab2e12ad9f1a9e5b,1.0,1,1,5
3c084b2007d6efc5db0eb0ab4bbf4a92,3d6ccc45f51d061c0632fb284770be14,1.0,1,5,1
3c084b2007d6efc5db0eb0ab4bbf4a92,400b925fa2cc2455139b1fe094c45829,1.0,1,5,1
3c084b2007d6efc5db0eb0ab4bbf4a92,41b5c216ae9063519c03c0abe866a9db,1.0,1,5,1
3c084b2007d6efc5db0eb0ab4bbf4a92,47c05993d6a2369558d2f63dddabcf0e,1.0,1,5,1
3c084b2007d6efc5db0eb0ab4bbf4a92,487fbf9802abbe579517d8b093df5ad2,1.0,1,5,1
3c084b2007d6efc5db0eb0ab4bbf4a92,491202fa41b373be7a3ee51c73d80949,1.0,1,5,1
3c084b2007d6efc5db0eb0ab4bbf4a92,4bc3a049239b7e4a967a5c647bbc37a3,1.0,1,5,1
3c084b2007d6efc5db0eb0ab4bbf4a92,4ce5cc650e13fd7001aaf17e3f424edb,1.0,1,5,1
3c084b2007d6efc5db0eb0ab4bbf4a92,4d42230cfc4f53bf3340d0ae9bbe620a,1.0,1,5,1
3c084b2007d6efc5db0eb0ab4bbf4a92,4d95d7be8e0e30b234f1e64ba6472732,1.0,1,5,1
3c084b2007d6efc5db0eb0ab4bbf4a92,4de3fcaf5977408cc3a1bc3e24a16a48,1.0,1,5,1
3c084b2007d6efc5db0eb0ab4bbf4a92,4e05499e4b649df723f401bbd48c5007,1.0,1,5,1
3c084b2007d6efc5db0eb0ab4bbf4a92,4fbdabffc2662eabc5fc8e559a24c676,1.0,1,5,1
3c084b2007d6efc5db0eb0ab4bbf4a92,50658d1d512126b98a482b1bee95c888,1.0,1,5,1
3c084b2007d6efc5db0eb0ab4bbf4a92,564988508a81dca36512b04a1ce906f9,1.0,1,5,1
3c084b2007d6efc5db0eb0ab4bbf4a92,58182e5bc2e98e9e10ea9bec32e31695,1.0,1,5,1
3c084b2007d6efc5db0eb0ab4bbf4a92,5928064347952cf183a6d7ebc709f5b5,1.0,1,5,1
3c084b2007d6efc5db0eb0ab4bbf4a92,5ccd4f1e3a2de9f3f8eb2dfbc3372ee5,1.0,1,5,1
3c084b2007d6efc5db0eb0ab4bbf4a92,5dcdf5b683c8e5a4ac898858e0a823cc,1.0,1,5,1
3c084b2007d6efc5db0eb0ab4bbf4a92,5ebc9e66c6f7fc4edad3775ce325f4e3,1.0,1,5,1
3c084b2007d6efc5db0eb0ab4bbf4a92,5ff81ef8b934cc7101500c5e6baeed82,1.0,1,5,1
3c084b2007d6efc5db0eb0ab4bbf4a92,612db24bd7ec741c98823a46c73aba21,1.0,1,5,1
3c084b2007d6efc5db0eb0ab4bbf4a92,64a037959373b05d00bc8b5f9d7515b7,1.0,1,5,1
3c084b2007d6efc5db0eb0ab4bbf4a92,650f7ae068374c90be1549e3b258b886,1.0,1,5,1
3c084b2007d6efc5db0eb0ab4bbf4a92,65dbc5e7a91de6063361adf52a6f7a28,1.0,1,5,1
3c084b2007d6efc5db0eb0ab4bbf4a92,679ac107bcec8cb9532797304f0b54ed,1.0,1,5,1
3c084b2007d6efc5db0eb0ab4bbf4a92,68e2089947c998d87d7fdfd5a05139c8,1.0,1,5,1
3c084b2007d6efc5db0eb0ab4bbf4a92,6b0097aeeb7a1291d006b971a18a5430,1.0,1,5,1
3c084b2007d6efc5db0eb0ab4bbf4a92,6b75c62f41f50b0c278ab548066a100e,1.0,1,5,1
3c084b2007d6efc5db0eb0ab4bbf4a92,6d73e7efd1131276b3692f0adeed6ac9,1.0,1,5,1
3c084b2007d6efc5db0eb0ab4bbf4a92,6ef42ae19268f91189c98730c4ac5e46,1.0,1,5,1
3c084b2007d6efc5db0eb0ab4bbf4a92,6ef89dc65a3b7430d5a4eda86191efb3,1.0,1,5,1
3c084b2007d6efc5db0eb0ab4bbf4a92,711bc473b21692c5035f42391bcf9796,1.0,1,5,1
3c084b2007d6efc5db0eb0ab4bbf4a92,741fbfbd28935099fea8a0088f2470e1,1.0,1,5,1
3c084b2007d6efc5db0eb0ab4bbf4a92,742db6181340c9241138cb46365dabaf,1.0,1,5,1
3c084b2007d6efc5db0eb0ab4bbf4a92,74c48bbb0e3c3f89d806a7f904b4925c,1.0,1,5,1
3c084b2007d6efc5db0eb0ab4bbf4a92,75e4c2f907bb7809e77f060234c93e53,1.0,1,5,1
3c084b2007d6efc5db0eb0ab4bbf4a92,7688b172eb5a86c7470f5928e02d6e48,1.0,1,5,1
3c084b2007d6efc5db0eb0ab4bbf4a92,786c7b9dfd6dff5c802b170d3859c33b,1.0,1,5,1
3c084b2007d6efc5db0eb0ab4bbf4a92,7c6df47290e2b7f87b1b9f8606a2c68f,1.0,1,5,1
3c084b2007d6efc5db0eb0ab4bbf4a92,7fbf88ff76e59e08e171135cfae0ca75,1.0,1,5,1
3c084b2007d6efc5db0eb0ab4bbf4a92,81ac943cad1306e6d011fe9549c6da41,1.0,1,5,1
3c084b2007d6efc5db0eb0ab4bbf4a92,8524ee11b088629f32d03cddc64added,1.0,1,5,1
3c084b2007d6efc5db0eb0ab4bbf4a92,8798fbf65b2bd80d77b3b5059213fc28,1.0,1,5,1
3c084b2007d6efc5db0eb0ab4bbf4a92,881656d12d6a866d5bf208ce68cf6949,1.0,1,5,1
3c084b2007d6efc5db0eb0ab4bbf4a92,881a0a4ed61e14e4c9c138f2a1517620,1.0,1,5,1
3c084b2007d6efc5db0eb0ab4bbf4a92,894a22f97a7bc517f8d2c0e19ace239c,1.0,1,5,1
3c084b2007d6efc5db0eb0ab4bbf4a92,89bde7528daf1d2ca07cba7366a3eab8,1.0,1,5,1
3c084b2007d6efc5db0eb0ab4bbf4a92,8a6340d72a903d7bab9afd46c7fbbbe8,1.0,1,5,1
3c084b2007d6efc5db0eb0ab4bbf4a92,8bd9bcf1b901d0f6cc3bcecac3cf1410,1.0,1,5,1
3c084b2007d6efc5db0eb0ab4bbf4a92,8ce353674a24c115d631c6207efd3e4d,1.0,1,5,1
3c084b2007d6efc5db0eb0ab4bbf4a92,8d384d9d49defe554f47b8186a206803,1.0,1,5,1
3c084b2007d6efc5db0eb0ab4bbf4a92,8fbefa23ae0c37b2b4ca94dd96abdb78,1.0,1,5,1
3c084b2007d6efc5db0eb0ab4bbf4a92,9414464151c017ded4b6340991c447ee,1.0,1,5,1
3c084b2007d6efc5db0eb0ab4bbf4a92,9bd5b3ebc783033a18f5ca69ec2727c3,1.0,1,5,1
3c084b2007d6efc5db0eb0ab4bbf4a92,9d0ef7d06f184c4fd91aa7d3ea6b1003,1.0,1,5,1
3c084b2007d6efc5db0eb0ab4bbf4a92,9d76b296f0e28b469bdbf08b32aaed94,1.0,1,5,1
3c084b2007d6efc5db0eb0ab4bbf4a92,9da3ccbd6540492af8ef9f1e756a689c,1.0,1,5,1
3c084b2007d6efc5db0eb0ab4bbf4a92,a0488912f3470a18b4c5c5dea18730df,1.0,1,5,1
3c084b2007d6efc5db0eb0ab4bbf4a92,a1072a1f058950170d215565fbc6278c,1.0,1,5,1
3c084b2007d6efc5db0eb0ab4bbf4a92,a1292bfaf8fe22b5da36a44ba9ae9578,1.0,1,5,1
3c084b2007d6efc5db0eb0ab4bbf4a92,a1a41f7e848c5f9ca904fd9ee8f6fb58,1.0,1,5,1
3c084b2007d6efc5db0eb0ab4bbf4a92,a2694c5df9183031534e4dbdd7411377,1.0,1,5,1
3c084b2007d6efc5db0eb0ab4bbf4a92,a2b7cc06bc8ec4c9fda046dc4e344201,1.0,1,5,1
3c084b2007d6efc5db0eb0ab4bbf4a92,a64afb855585c221c098e84459135d22,1.0,1,5,1
3c084b2007d6efc5db0eb0ab4bbf4a92,a74604c8d59be4d5eebd1fdde0e5e57c,1.0,1,5,1
3c084b2007d6efc5db0eb0ab4bbf4a92,a86ff633772196d289dd4bbd17251513,1.0,1,5,1
3c084b2007d6efc5db0eb0ab4bbf4a92,a9527e2dc08e10326d18fb0d6d41e072,1.0,1,5,1
3c084b2007d6efc5db0eb0ab4bbf4a92,ac9c8bab3e580db57218d51b924291b5,1.0,1,5,1
3c084b2007d6efc5db0eb0ab4bbf4a92,b05241b0ef717b0b9f6f1f7ad3cd1566,1.0,1,5,1
3c084b2007d6efc5db0eb0ab4bbf4a92,b0cd87c4ef5fc1d8ce2c817690223a83,1.0,1,5,1
3c084b2007d6efc5db0eb0ab4bbf4a92,b0ee012d73e45b623c092e8d3e2c3da8,1.0,1,5,1
3c084b2007d6efc5db0eb0ab4bbf4a92,b20f3ab024ac7114796526eb0c59bd6a,1.0,1,5,1
3c084b2007d6efc5db0eb0ab4bbf4a92,b25d1e7fe5bd10c28191ec8b2b6d374b,1.0,1,5,1
3c084b2007d6efc5db0eb0ab4bbf4a92,b50d00b47e3aeaf4ebad0b840921bc3a,1.0,1,5,1
3c084b2007d6efc5db0eb0ab4bbf4a92,b65d950b6c9957afb376a73e25589599,1.0,1,5,1
3c084b2007d6efc5db0eb0ab4bbf4a92,b6cdccfa64579c957a905fe68bd435c3,1.0,1,5,1
3c084b2007d6efc5db0eb0ab4bbf4a92,b721daf5fe188f016736168c57405c7a,1.0,1,5,1
3c084b2007d6efc5db0eb0ab4bbf4a92,b731dfe858a8e8fa34edd2e5a806b1e9,1.0,1,5,1
3c084b2007d6efc5db0eb0ab4bbf4a92,b9a78972745da1af7db1bc2b4cebbba2,1.0,1,5,1
3c084b2007d6efc5db0eb0ab4bbf4a92,ba8bc44e8dfd32e967518cf82f4888b5,1.0,1,5,1
3c084b2007d6efc5db0eb0ab4bbf4a92,bbc2d070e8a61d9d6238ad4512026528,1.0,1,5,1
3c084b2007d6efc5db0eb0ab4bbf4a92,bd0c5c398fd82eb26ee4d31548f9f0ce,1.0,1,5,1
3c084b2007d6efc5db0eb0ab4bbf4a92,c0d92a438444210aca3c5c2bd510d8cc,1.0,1,5,1
3c084b2007d6efc5db0eb0ab4bbf4a92,c1a91d288cfd407b330d51a237ccdfa7,1.0,1,5,1
3c084b2007d6efc5db0eb0ab4bbf4a92,c8097588b6097a82e950fa34d338eada,1.0,1,5,1
3c084b2007d6efc5db0eb0ab4bbf4a92,c96224828aa198f23cc499642489b74a,1.0,1,5,1
3c084b2007d6efc5db0eb0ab4bbf4a92,cb960711606451d128d72f25253e5d93,1.0,1,5,1
3c084b2007d6efc5db0eb0ab4bbf4a92,ccef77f3084b87408c1b76af981d925d,1.0,1,5,1
3c084b2007d6efc5db0eb0ab4bbf4a92,cfbe854c0eacc830d42e2a70595fee02,1.0,1,5,1
3c084b2007d6efc5db0eb0ab4bbf4a92,d07b7b1f86d0398fd24b738d4c0630c5,1.0,1,5,1
3c084b2007d6efc5db0eb0ab4bbf4a92,d10dc71d985331b6e15e9a6176eb11bb,1.0,1,5,1
3c084b2007d6efc5db0eb0ab4bbf4a92,d17aaee81356e6783a7df632a79aab57,1.0,1,5,1
3c084b2007d6efc5db0eb0ab4bbf4a92,d446b141e1b047be0ea9605fc4e06a5d,1.0,1,5,1
3c084b2007d6efc5db0eb0ab4bbf4a92,d58fa57b6e51b474e39ceb7f5f1e91fc,1.0,1,5,1
3c084b2007d6efc5db0eb0ab4bbf4a92,d609facafd88898027f2e3dcd2cd5b6a,1.0,1,5,1
3c084b2007d6efc5db0eb0ab4bbf4a92,d6602551afbb5caf929f554eb476f980,1.0,1,5,1
3c084b2007d6efc5db0eb0ab4bbf4a92,d7e771496e85a920dd61c0eb2b1f0a32,1.0,1,5,1
3c084b2007d6efc5db0eb0ab4bbf4a92,d8a968bb7064b44f3d61d6eff4832764,1.0,1,5,1
3c084b2007d6efc5db0eb0ab4bbf4a92,d8ce803fd67cc8de9b52ab75d6d37701,1.0,1,5,1
3c084b2007d6efc5db0eb0ab4bbf4a92,d8fb48b62a7c18c993d0676109c4ca02,1.0,1,5,1
3c084b2007d6efc5db0eb0ab4bbf4a92,db095fb465d1953805f0a25b1618de77,1.0,1,5,1
3c084b2007d6efc5db0eb0ab4bbf4a92,dbbe734f0a5b18af77a83a92665595c2,1.0,1,5,1
3c084b2007d6efc5db0eb0ab4bbf4a92,dc15b804fc0d87ff79b62183224e13ae,1.0,1,5,1
3c084b2007d6efc5db0eb0ab4bbf4a92,dc2388a8c4c5e8f9dac1e20b07ae77a6,1.0,1,5,1
3c084b2007d6efc5db0eb0ab4bbf4a92,dc792b0939990dd49f76dc28077b8fc8,1.0,1,5,1
3c084b2007d6efc5db0eb0ab4bbf4a92,dc9ae873840652129890c618df24678e,1.0,1,5,1
3c084b2007d6efc5db0eb0ab4bbf4a92,dd40cca4776a4c919c238c96f298bba4,1.0,1,5,1
3c084b2007d6efc5db0eb0ab4bbf4a92,dd9aba5cd5863cfc8d889b2958771e65,1.0,1,5,1
3c084b2007d6efc5db0eb0ab4bbf4a92,dee03aff0c23652196c2b40a1e3b1fa5,1.0,1,5,1
3c084b2007d6efc5db0eb0ab4bbf4a92,df18b55cc16528b438bed221135c2dd5,1.0,1,5,1
3c084b2007d6efc5db0eb0ab4bbf4a92,e0b26b14a6b4c1b0ef2b31449a795edc,1.0,1,5,1
3c084b2007d6efc5db0eb0ab4bbf4a92,e0e0944c312d5945504874411a6a5f3f,1.0,1,5,1
3c084b2007d6efc5db0eb0ab4bbf4a92,e481334d0c868076c77de19c4b23cb5b,1.0,1,5,1
3c084b2007d6efc5db0eb0ab4bbf4a92,e798aa0b79761f377245e96d09118c82,1.0,1,5,1
3c084b2007d6efc5db0eb0ab4bbf4a92,e8a53ce0baadcfc115cd0ab29a5e9122,1.0,1,5,1
3c084b2007d6efc5db0eb0ab4bbf4a92,e944ed38f39b051c579152e324a0a1f0,1.0,1,5,1
3c084b2007d6efc5db0eb0ab4bbf4a92,eb0676b96e9713df61a30fdcb2a58d18,1.0,1,5,1
3c084b2007d6efc5db0eb0ab4bbf4a92,eb70a327f5690fdf8d90df9cbf90d4a0,1.0,1,5,1
3c084b2007d6efc5db0eb0ab4bbf4a92,eb7cfc50754f21b955a078be34efe076,1.0,1,5,1
3c084b2007d6efc5db0eb0ab4bbf4a92,ec5a45d69850a961eaa102bb9460e910,1.0,1,5,1
3c084b2007d6efc5db0eb0ab4bbf4a92,efc22e67476ebf4cd3b0ca9600e1b137,1.0,1,5,1
3c084b2007d6efc5db0eb0ab4bbf4a92,f063eaa15d17c4e9322323850377ca21,1.0,1,5,1
3c084b2007d6efc5db0eb0ab4bbf4a92,f0a874e42a1c98936d03cccfca6dbf2c,1.0,1,5,1
3c084b2007d6efc5db0eb0ab4bbf4a92,f175a16d4e5581676e72c0d321d9ff7e,1.0,1,5,1
3c084b2007d6efc5db0eb0ab4bbf4a92,f29e3450543a53a40c9c5f9d23d3c929,1.0,1,5,1
3c084b2007d6efc5db0eb0ab4bbf4a92,f52f8d5f3999646f9c4dc2873274252f,1.0,1,5,1
3c084b2007d6efc5db0eb0ab4bbf4a92,f55f1f9684389cc05a790b1d2a2f04f6,1.0,1,5,1
3c084b2007d6efc5db0eb0ab4bbf4a92,f5d6d5ca5ebb427953236adb8e91aea5,1.0,1,5,1
3c084b2007d6efc5db0eb0ab4bbf4a92,f77d579f53190c292f9f54a4cebcc352,1.0,1,5,1
3c084b2007d6efc5db0eb0ab4bbf4a92,f913da7929a5d5dd230647c22c46fd5e,1.0,1,5,1
3c084b2007d6efc5db0eb0ab4bbf4a92,fb933c9426bedb13e71038fa146fe6f2,1.0,1,5,1
3c084b2007d6efc5db0eb0ab4bbf4a92,fc39ab48d908b061e6ea3b4305b449ba,1.0,1,5,1
3c084b2007d6efc5db0eb0ab4bbf4a92,fd19870765bff85d0c1e1f6819f16989,1.0,1,5,1
3c084b2007d6efc5db0eb0ab4bbf4a92,fd9ec1edc24c8e14a0ec6d43a4a784e2,1.0,1,5,1
3d6ccc45f51d061c0632fb284770be14,d8f8afc9b9992b49ab2e12ad9f1a9e5b,1.0,1,1,5
3e626615eff8fd5206108ee715584f39,7a3c2c001de18686d8f87037b28ad0ec,1.0,1,2,4
3e626615eff8fd5206108ee715584f39,a00e0a3b162f9b407172ffd674477ce7,1.0,1,2,4
400b925fa2cc2455139b1fe094c45829,d8f8afc9b9992b49ab2e12ad9f1a9e5b,1.0,1,1,5
41b5c216ae9063519c03c0abe866a9db,d8f8afc9b9992b49ab2e12ad9f1a9e5b,1.0,1,1,5
47a71b49f98984efd3c62cb213f977e8,7a3c2c001de18686d8f87037b28ad0ec,1.0,1,2,4
47a71b49f98984efd3c62cb213f977e8,a00e0a3b162f9b407172ffd674477ce7,1.0,1,2,4
47c05993d6a2369558d2f63dddabcf0e,d8f8afc9b9992b49ab2e12ad9f1a9e5b,1.0,1,1,5
487fbf9802abbe579517d8b093df5ad2,d8f8afc9b9992b49ab2e12ad9f1a9e5b,1.0,1,1,5
491202fa41b373be7a3ee51c73d80949,d8f8afc9b9992b49ab2e12ad9f1a9e5b,1.0,1,1,5
4bc3a049239b7e4a967a5c647bbc37a3,d8f8afc9b9992b49ab2e12ad9f1a9e5b,1.0,1,1,5
4ce5cc650e13fd7001aaf17e3f424edb,d8f8afc9b9992b49ab2e12ad9f1a9e5b,1.0,1,1,5
4d42230cfc4f53bf3340d0ae9bbe620a,d8f8afc9b9992b49ab2e12ad9f1a9e5b,1.0,1,1,5
4d95d7be8e0e30b234f1e64ba6472732,d8f8afc9b9992b49ab2e12ad9f1a9e5b,1.0,1,1,5
4dbdde6e1e0a6931a1872f33d61b541d,7a3c2c001de18686d8f87037b28ad0ec,1.0,1,2,4
4dbdde6e1e0a6931a1872f33d61b541d,a00e0a3b162f9b407172ffd674477ce7,1.0,1,2,4
4de3fcaf5977408cc3a1bc3e24a16a48,d8f8afc9b9992b49ab2e12ad9f1a9e5b,1.0,1,1,5
4e05499e4b649df723f401bbd48c5007,d8f8afc9b9992b49ab2e12ad9f1a9e5b,1.0,1,1,5
4eda116add853323e439c104b7d0824c,7a3c2c001de18686d8f87037b28ad0ec,1.0,1,2,4
4eda116add853323e439c104b7d0824c,a00e0a3b162f9b407172ffd674477ce7,1.0,1,2,4
4fbdabffc2662eabc5fc8e559a24c676,d8f8afc9b9992b49ab2e12ad9f1a9e5b,1.0,1,1,5
4ff03022ad97615c6387aa546a541eb4,7a3c2c001de18686d8f87037b28ad0ec,1.0,1,2,4
4ff03022ad97615c6387aa546a541eb4,a00e0a3b162f9b407172ffd674477ce7,1.0,1,2,4
50658d1d512126b98a482b1bee95c888,d8f8afc9b9992b49ab2e12ad9f1a9e5b,1.0,1,1,5
514d0edccea1e112e84554602ba861bb,7a3c2c001de18686d8f87037b28ad0ec,1.0,1,2,4
514d0edccea1e112e84554602ba861bb,a00e0a3b162f9b407172ffd674477ce7,1.0,1,2,4
564988508a81dca36512b04a1ce906f9,d8f8afc9b9992b49ab2e12ad9f1a9e5b,1.0,1,1,5
58182e5bc2e98e9e10ea9bec32e31695,d8f8afc9b9992b49ab2e12ad9f1a9e5b,1.0,1,1,5
58d0e2c853c7d6c8e8ac7cbf705a4616,7a3c2c001de18686d8f87037b28ad0ec,1.0,1,2,4
58d0e2c853c7d6c8e8ac7cbf705a4616,a00e0a3b162f9b407172ffd674477ce7,1.0,1,2,4
5928064347952cf183a6d7ebc709f5b5,d8f8afc9b9992b49ab2e12ad9f1a9e5b,1.0,1,1,5
5ac168e8bb77e7e8ece45cb166d5a42c,7a3c2c001de18686d8f87037b28ad0ec,1.0,1,2,4
5ac168e8bb77e7e8ece45cb166d5a42c,a00e0a3b162f9b407172ffd674477ce7,1.0,1,2,4
5b3aa7925728df96748677b2878c5dcf,7a3c2c001de18686d8f87037b28ad0ec,1.0,1,2,4
5b3aa7925728df96748677b2878c5dcf,a00e0a3b162f9b407172ffd674477ce7,1.0,1,2,4
5ccd4f1e3a2de9f3f8eb2dfbc3372ee5,d8f8afc9b9992b49ab2e12ad9f1a9e5b,1.0,1,1,5
5dcdf5b683c8e5a4ac898858e0a823cc,d8f8afc9b9992b49ab2e12ad9f1a9e5b,1.0,1,1,5
5ebc9e66c6f7fc4edad3775ce325f4e3,d8f8afc9b9992b49ab2e12ad9f1a9e5b,1.0,1,1,5
5ff81ef8b934cc7101500c5e6baeed82,d8f8afc9b9992b49ab2e12ad9f1a9e5b,1.0,1,1,5
612db24bd7ec741c98823a46c73aba21,d8f8afc9b9992b49ab2e12ad9f1a9e5b,1.0,1,1,5
63dba92b86bb0f9ae0c8c881d3094b0f,7a3c2c001de18686d8f87037b28ad0ec,1.0,1,2,4
63dba92b86bb0f9ae0c8c881d3094b0f,a00e0a3b162f9b407172ffd674477ce7,1.0,1,2,4
64a037959373b05d00bc8b5f9d7515b7,d8f8afc9b9992b49ab2e12ad9f1a9e5b,1.0,1,1,5
64f4edd5b6c33fb305990d88886ffb19,7a3c2c001de18686d8f87037b28ad0ec,1.0,1,2,4
64f4edd5b6c33fb305990d88886ffb19,a00e0a3b162f9b407172ffd674477ce7,1.0,1,2,4
650f7ae068374c90be1549e3b258b886,d8f8afc9b9992b49ab2e12ad9f1a9e5b,1.0,1,1,5
65dbc5e7a91de6063361adf52a6f7a28,d8f8afc9b9992b49ab2e12ad9f1a9e5b,1.0,1,1,5
679ac107bcec8cb9532797304f0b54ed,d8f8afc9b9992b49ab2e12ad9f1a9e5b,1.0,1,1,5
68e2089947c998d87d7fdfd5a05139c8,d8f8afc9b9992b49ab2e12ad9f1a9e5b,1.0,1,1,5
6b0097aeeb7a1291d006b971a18a5430,d8f8afc9b9992b49ab2e12ad9f1a9e5b,1.0,1,1,5
6b75c62f41f50b0c278ab548066a100e,d8f8afc9b9992b49ab2e12ad9f1a9e5b,1.0,1,1,5
6d73e7efd1131276b3692f0adeed6ac9,d8f8afc9b9992b49ab2e12ad9f1a9e5b,1.0,1,1,5
6ef42ae19268f91189c98730c4ac5e46,d8f8afc9b9992b49ab2e12ad9f1a9e5b,1.0,1,1,5
6ef89dc65a3b7430d5a4eda86191efb3,d8f8afc9b9992b49ab2e12ad9f1a9e5b,1.0,1,1,5
711bc473b21692c5035f42391bcf9796,d8f8afc9b9992b49ab2e12ad9f1a9e5b,1.0,1,1,5
7139d062a8bf1437539fa7bb236efc97,7a3c2c001de18686d8f87037b28ad0ec,1.0,1,2,4
7139d062a8bf1437539fa7bb236efc97,a00e0a3b162f9b407172ffd674477ce7,1.0,1,2,4
73bf20bb22133ed5ae8457527dcd5e4c,7a3c2c001de18686d8f87037b28ad0ec,1.0,1,2,4
73bf20bb22133ed5ae8457527dcd5e4c,a00e0a3b162f9b407172ffd674477ce7,1.0,1,2,4
741fbfbd28935099fea8a0088f2470e1,d8f8afc9b9992b49ab2e12ad9f1a9e5b,1.0,1,1,5
742db6181340c9241138cb46365dabaf,d8f8afc9b9992b49ab2e12ad9f1a9e5b,1.0,1,1,5
7480359f2bfb287f5723a3025890d06a,c0b34be03e16c03ae344ada47dfd78a5,1.0,1,3,3
7480359f2bfb287f5723a3025890d06a,ef64a53bcd0bdebae1d80e977ce62988,1.0,1,3,3
74c48bbb0e3c3f89d806a7f904b4925c,d8f8afc9b9992b49ab2e12ad9f1a9e5b,1.0,1,1,5
75e4c2f907bb7809e77f060234c93e53,d8f8afc9b9992b49ab2e12ad9f1a9e5b,1.0,1,1,5
7688b172eb5a86c7470f5928e02d6e48,d8f8afc9b9992b49ab2e12ad9f1a9e5b,1.0,1,1,5
786c7b9dfd6dff5c802b170d3859c33b,d8f8afc9b9992b49ab2e12ad9f1a9e5b,1.0,1,1,5
7a3c2c001de18686d8f87037b28ad0ec,7d61d43aab9091b002e8d1059c9b6140,1.0,1,4,2
7a3c2c001de18686d8f87037b28ad0ec,817c452e40b5ee98d28b212e51999b24,1.0,1,4,2
7a3c2c001de18686d8f87037b28ad0ec,81d59547135bb962c771484f86d08c11,1.0,1,4,2
7a3c2c001de18686d8f87037b28ad0ec,84059a5500a2b11eccc76f80bd2cefa8,1.0,1,4,2
7a3c2c001de18686d8f87037b28ad0ec,867a7afe9f7ca8c6df22e1c9ce91a9fa,1.0,1,4,2
7a3c2c001de18686d8f87037b28ad0ec,86abf43f4071842e9d3622e6f710599c,1.0,1,4,2
7a3c2c001de18686d8f87037b28ad0ec,8e2cbe0458411443853166c1a81d2f9d,1.0,1,4,2
7a3c2c001de18686d8f87037b28ad0ec,937b8d4ebb303e18913ad7c7587a92e7,1.0,1,4,2
7a3c2c001de18686d8f87037b28ad0ec,9749e3b7d02a7194473d5a6784071186,1.0,1,4,2
7a3c2c001de18686d8f87037b28ad0ec,a6e02bb5726752f81bd16ccc3ed5391f,1.0,1,4,2
7a3c2c001de18686d8f87037b28ad0ec,ae171525746b8e60fb722fa9d1ca3f4d,1.0,1,4,2
7a3c2c001de18686d8f87037b28ad0ec,afdd204d84a80bf0269cd6a84eb8c274,1.0,1,4,2
7a3c2c001de18686d8f87037b28ad0ec,b5f029222bbc62ba62a6bc324be6a721,1.0,1,4,2
7a3c2c001de18686d8f87037b28ad0ec,b98f07c1577a24dc45f9d2d01eeff3d3,1.0,1,4,2
7a3c2c001de18686d8f87037b28ad0ec,bcf958b042ece5fd995de0dabb3abf56,1.0,1,4,2
7a3c2c001de18686d8f87037b28ad0ec,be5265d8f173d7f8538dfb483e97e50c,1.0,1,4,2
7a3c2c001de18686d8f87037b28ad0ec,c07e64c68b9365508a2d88604868106a,1.0,1,4,2
7a3c2c001de18686d8f87037b28ad0ec,c857c97338c7ba7b62ef19a19f0ab62b,1.0,1,4,2
7a3c2c001de18686d8f87037b28ad0ec,cb1ee2e01b9af016ea99da7ee32e28df,1.0,1,4,2
7a3c2c001de18686d8f87037b28ad0ec,d36f96e1eda5c86966988768b21d34d0,1.0,1,4,2
7a3c2c001de18686d8f87037b28ad0ec,d8b406d490ede7bca2403b6f083bfabf,1.0,1,4,2
7a3c2c001de18686d8f87037b28ad0ec,db8e8670fc0cb9e2adeba735ae379ea7,1.0,1,4,2
7a3c2c001de18686d8f87037b28ad0ec,f208c2e0e8c456b2359638526812c1e4,1.0,1,4,2
7a3c2c001de18686d8f87037b28ad0ec,f923b1574da0d99a5e27e7ad1de64cf9,1.0,1,4,2
7a3c2c001de18686d8f87037b28ad0ec,fad3c89098c5e008e93d79dc390a16ea,1.0,1,4,2
7a3c2c001de18686d8f87037b28ad0ec,fe80881541b7cb0a0732cf82eed3c82b,1.0,1,4,2
7c6df47290e2b7f87b1b9f8606a2c68f,d8f8afc9b9992b49ab2e12ad9f1a9e5b,1.0,1,1,5
7d61d43aab9091b002e8d1059c9b6140,a00e0a3b162f9b407172ffd674477ce7,1.0,1,2,4
7fbf88ff76e59e08e171135cfae0ca75,d8f8afc9b9992b49ab2e12ad9f1a9e5b,1.0,1,1,5
817c452e40b5ee98d28b212e51999b24,a00e0a3b162f9b407172ffd674477ce7,1.0,1,2,4
81ac943cad1306e6d011fe9549c6da41,d8f8afc9b9992b49ab2e12ad9f1a9e5b,1.0,1,1,5
81d59547135bb962c771484f86d08c11,a00e0a3b162f9b407172ffd674477ce7,1.0,1,2,4
84059a5500a2b11eccc76f80bd2cefa8,a00e0a3b162f9b407172ffd674477ce7,1.0,1,2,4
8524ee11b088629f32d03cddc64added,d8f8afc9b9992b49ab2e12ad9f1a9e5b,1.0,1,1,5
867a7afe9f7ca8c6df22e1c9ce91a9fa,a00e0a3b162f9b407172ffd674477ce7,1.0,1,2,4
86abf43f4071842e9d3622e6f710599c,a00e0a3b162f9b407172ffd674477ce7,1.0,1,2,4
8798fbf65b2bd80d77b3b5059213fc28,d8f8afc9b9992b49ab2e12ad9f1a9e5b,1.0,1,1,5
881656d12d6a866d5bf208ce68cf6949,d8f8afc9b9992b49ab2e12ad9f1a9e5b,1.0,1,1,5
881a0a4ed61e14e4c9c138f2a1517620,d8f8afc9b9992b49ab2e12ad9f1a9e5b,1.0,1,1,5
894a22f97a7bc517f8d2c0e19ace239c,d8f8afc9b9992b49ab2e12ad9f1a9e5b,1.0,1,1,5
89bde7528daf1d2ca07cba7366a3eab8,d8f8afc9b9992b49ab2e12ad9f1a9e5b,1.0,1,1,5
8a6340d72a903d7bab9afd46c7fbbbe8,d8f8afc9b9992b49ab2e12ad9f1a9e5b,1.0,1,1,5
8bd9bcf1b901d0f6cc3bcecac3cf1410,d8f8afc9b9992b49ab2e12ad9f1a9e5b,1.0,1,1,5
8ce353674a24c115d631c6207efd3e4d,d8f8afc9b9992b49ab2e12ad9f1a9e5b,1.0,1,1,5
8d384d9d49defe554f47b8186a206803,d8f8afc9b9992b49ab2e12ad9f1a9e5b,1.0,1,1,5
8e2cbe0458411443853166c1a81d2f9d,a00e0a3b162f9b407172ffd674477ce7,1.0,1,2,4
8fbefa23ae0c37b2b4ca94dd96abdb78,d8f8afc9b9992b49ab2e12ad9f1a9e5b,1.0,1,1,5
937b8d4ebb303e18913ad7c7587a92e7,a00e0a3b162f9b407172ffd674477ce7,1.0,1,2,4
9414464151c017ded4b6340991c447ee,d8f8afc9b9992b49ab2e12ad9f1a9e5b,1.0,1,1,5
9749e3b7d02a7194473d5a6784071186,a00e0a3b162f9b407172ffd674477ce7,1.0,1,2,4
9bd5b3ebc783033a18f5ca69ec2727c3,d8f8afc9b9992b49ab2e12ad9f1a9e5b,1.0,1,1,5
9d0ef7d06f184c4fd91aa7d3ea6b1003,d8f8afc9b9992b49ab2e12ad9f1a9e5b,1.0,1,1,5
9d76b296f0e28b469bdbf08b32aaed94,d8f8afc9b9992b49ab2e12ad9f1a9e5b,1.0,1,1,5
9da3ccbd6540492af8ef9f1e756a689c,d8f8afc9b9992b49ab2e12ad9f1a9e5b,1.0,1,1,5
a00e0a3b162f9b407172ffd674477ce7,a6e02bb5726752f81bd16ccc3ed5391f,1.0,1,4,2
a00e0a3b162f9b407172ffd674477ce7,ae171525746b8e60fb722fa9d1ca3f4d,1.0,1,4,2
a00e0a3b162f9b407172ffd674477ce7,afdd204d84a80bf0269cd6a84eb8c274,1.0,1,4,2
a00e0a3b162f9b407172ffd674477ce7,b5f029222bbc62ba62a6bc324be6a721,1.0,1,4,2
a00e0a3b162f9b407172ffd674477ce7,b98f07c1577a24dc45f9d2d01eeff3d3,1.0,1,4,2
a00e0a3b162f9b407172ffd674477ce7,bcf958b042ece5fd995de0dabb3abf56,1.0,1,4,2
a00e0a3b162f9b407172ffd674477ce7,be5265d8f173d7f8538dfb483e97e50c,1.0,1,4,2
a00e0a3b162f9b407172ffd674477ce7,c07e64c68b9365508a2d88604868106a,1.0,1,4,2
a00e0a3b162f9b407172ffd674477ce7,c857c97338c7ba7b62ef19a19f0ab62b,1.0,1,4,2
a00e0a3b162f9b407172ffd674477ce7,cb1ee2e01b9af016ea99da7ee32e28df,1.0,1,4,2
a00e0a3b162f9b407172ffd674477ce7,d36f96e1eda5c86966988768b21d34d0,1.0,1,4,2
a00e0a3b162f9b407172ffd674477ce7,d8b406d490ede7bca2403b6f083bfabf,1.0,1,4,2
a00e0a3b162f9b407172ffd674477ce7,db8e8670fc0cb9e2adeba735ae379ea7,1.0,1,4,2
a00e0a3b162f9b407172ffd674477ce7,f208c2e0e8c456b2359638526812c1e4,1.0,1,4,2
a00e0a3b162f9b407172ffd674477ce7,f923b1574da0d99a5e27e7ad1de64cf9,1.0,1,4,2
a00e0a3b162f9b407172ffd674477ce7,fad3c89098c5e008e93d79dc390a16ea,1.0,1,4,2
a00e0a3b162f9b407172ffd674477ce7,fe80881541b7cb0a0732cf82eed3c82b,1.0,1,4,2
a0488912f3470a18b4c5c5dea18730df,d8f8afc9b9992b49ab2e12ad9f1a9e5b,1.0,1,1,5
a1072a1f058950170d215565fbc6278c,d8f8afc9b9992b49ab2e12ad9f1a9e5b,1.0,1,1,5
a1292bfaf8fe22b5da36a44ba9ae9578,d8f8afc9b9992b49ab2e12ad9f1a9e5b,1.0,1,1,5
a1a41f7e848c5f9ca904fd9ee8f6fb58,d8f8afc9b9992b49ab2e12ad9f1a9e5b,1.0,1,1,5
a2694c5df9183031534e4dbdd7411377,d8f8afc9b9992b49ab2e12ad9f1a9e5b,1.0,1,1,5
a2b7cc06bc8ec4c9fda046dc4e344201,d8f8afc9b9992b49ab2e12ad9f1a9e5b,1.0,1,1,5
a64afb855585c221c098e84459135d22,d8f8afc9b9992b49ab2e12ad9f1a9e5b,1.0,1,1,5
a74604c8d59be4d5eebd1fdde0e5e57c,d8f8afc9b9992b49ab2e12ad9f1a9e5b,1.0,1,1,5
a86ff633772196d289dd4bbd17251513,d8f8afc9b9992b49ab2e12ad9f1a9e5b,1.0,1,1,5
a9527e2dc08e10326d18fb0d6d41e072,d8f8afc9b9992b49ab2e12ad9f1a9e5b,1.0,1,1,5
ac9c8bab3e580db57218d51b924291b5,d8f8afc9b9992b49ab2e12ad9f1a9e5b,1.0,1,1,5
b05241b0ef717b0b9f6f1f7ad3cd1566,d8f8afc9b9992b49ab2e12ad9f1a9e5b,1.0,1,1,5
b0cd87c4ef5fc1d8ce2c817690223a83,d8f8afc9b9992b49ab2e12ad9f1a9e5b,1.0,1,1,5
b0ee012d73e45b623c092e8d3e2c3da8,d8f8afc9b9992b49ab2e12ad9f1a9e5b,1.0,1,1,5
b20f3ab024ac7114796526eb0c59bd6a,d8f8afc9b9992b49ab2e12ad9f1a9e5b,1.0,1,1,5
b25d1e7fe5bd10c28191ec8b2b6d374b,d8f8afc9b9992b49ab2e12ad9f1a9e5b,1.0,1,1,5
b50d00b47e3aeaf4ebad0b840921bc3a,d8f8afc9b9992b49ab2e12ad9f1a9e5b,1.0,1,1,5
b65d950b6c9957afb376a73e25589599,d8f8afc9b9992b49ab2e12ad9f1a9e5b,1.0,1,1,5
b6cdccfa64579c957a905fe68bd435c3,d8f8afc9b9992b49ab2e12ad9f1a9e5b,1.0,1,1,5
b721daf5fe188f016736168c57405c7a,d8f8afc9b9992b49ab2e12ad9f1a9e5b,1.0,1,1,5
b731dfe858a8e8fa34edd2e5a806b1e9,d8f8afc9b9992b49ab2e12ad9f1a9e5b,1.0,1,1,5
b9a78972745da1af7db1bc2b4cebbba2,d8f8afc9b9992b49ab2e12ad9f1a9e5b,1.0,1,1,5
ba8bc44e8dfd32e967518cf82f4888b5,d8f8afc9b9992b49ab2e12ad9f1a9e5b,1.0,1,1,5
bbc2d070e8a61d9d6238ad4512026528,d8f8afc9b9992b49ab2e12ad9f1a9e5b,1.0,1,1,5
bd0c5c398fd82eb26ee4d31548f9f0ce,d8f8afc9b9992b49ab2e12ad9f1a9e5b,1.0,1,1,5
c0b34be03e16c03ae344ada47dfd78a5,ef64a53bcd0bdebae1d80e977ce62988,1.0,1,3,3
c0d92a438444210aca3c5c2bd510d8cc,d8f8afc9b9992b49ab2e12ad9f1a9e5b,1.0,1,1,5
c1a91d288cfd407b330d51a237ccdfa7,d8f8afc9b9992b49ab2e12ad9f1a9e5b,1.0,1,1,5
c8097588b6097a82e950fa34d338eada,d8f8afc9b9992b49ab2e12ad9f1a9e5b,1.0,1,1,5
c96224828aa198f23cc499642489b74a,d8f8afc9b9992b49ab2e12ad9f1a9e5b,1.0,1,1,5
cb960711606451d128d72f25253e5d93,d8f8afc9b9992b49ab2e12ad9f1a9e5b,1.0,1,1,5
ccef77f3084b87408c1b76af981d925d,d8f8afc9b9992b49ab2e12ad9f1a9e5b,1.0,1,1,5
cfbe854c0eacc830d42e2a70595fee02,d8f8afc9b9992b49ab2e12ad9f1a9e5b,1.0,1,1,5
d07b7b1f86d0398fd24b738d4c0630c5,d8f8afc9b9992b49ab2e12ad9f1a9e5b,1.0,1,1,5
d10dc71d985331b6e15e9a6176eb11bb,d8f8afc9b9992b49ab2e12ad9f1a9e5b,1.0,1,1,5
d17aaee81356e6783a7df632a79aab57,d8f8afc9b9992b49ab2e12ad9f1a9e5b,1.0,1,1,5
d446b141e1b047be0ea9605fc4e06a5d,d8f8afc9b9992b49ab2e12ad9f1a9e5b,1.0,1,1,5
d58fa57b6e51b474e39ceb7f5f1e91fc,d8f8afc9b9992b49ab2e12ad9f1a9e5b,1.0,1,1,5
d609facafd88898027f2e3dcd2cd5b6a,d8f8afc9b9992b49ab2e12ad9f1a9e5b,1.0,1,1,5
d6602551afbb5caf929f554eb476f980,d8f8afc9b9992b49ab2e12ad9f1a9e5b,1.0,1,1,5
d7e771496e85a920dd61c0eb2b1f0a32,d8f8afc9b9992b49ab2e12ad9f1a9e5b,1.0,1,1,5
d8a968bb7064b44f3d61d6eff4832764,d8f8afc9b9992b49ab2e12ad9f1a9e5b,1.0,1,1,5
d8ce803fd67cc8de9b52ab75d6d37701,d8f8afc9b9992b49ab2e12ad9f1a9e5b,1.0,1,1,5
d8f8afc9b9992b49ab2e12ad9f1a9e5b,d8fb48b62a7c18c993d0676109c4ca02,1.0,1,5,1
d8f8afc9b9992b49ab2e12ad9f1a9e5b,db095fb465d1953805f0a25b1618de77,1.0,1,5,1
d8f8afc9b9992b49ab2e12ad9f1a9e5b,dbbe734f0a5b18af77a83a92665595c2,1.0,1,5,1
d8f8afc9b9992b49ab2e12ad9f1a9e5b,dc15b804fc0d87ff79b62183224e13ae,1.0,1,5,1
d8f8afc9b9992b49ab2e12ad9f1a9e5b,dc2388a8c4c5e8f9dac1e20b07ae77a6,1.0,1,5,1
d8f8afc9b9992b49ab2e12ad9f1a9e5b,dc792b0939990dd49f76dc28077b8fc8,1.0,1,5,1
d8f8afc9b9992b49ab2e12ad9f1a9e5b,dc9ae873840652129890c618df24678e,1.0,1,5,1
d8f8afc9b9992b49ab2e12ad9f1a9e5b,dd40cca4776a4c919c238c96f298bba4,1.0,1,5,1
d8f8afc9b9992b49ab2e12ad9f1a9e5b,dd9aba5cd5863cfc8d889b2958771e65,1.0,1,5,1
d8f8afc9b9992b49ab2e12ad9f1a9e5b,dee03aff0c23652196c2b40a1e3b1fa5,1.0,1,5,1
d8f8afc9b9992b49ab2e12ad9f1a9e5b,df18b55cc16528b438bed221135c2dd5,1.0,1,5,1
d8f8afc9b9992b49ab2e12ad9f1a9e5b,e0b26b14a6b4c1b0ef2b31449a795edc,1.0,1,5,1
d8f8afc9b9992b49ab2e12ad9f1a9e5b,e0e0944c312d5945504874411a6a5f3f,1.0,1,5,1
d8f8afc9b9992b49ab2e12ad9f1a9e5b,e481334d0c868076c77de19c4b23cb5b,1.0,1,5,1
d8f8afc9b9992b49ab2e12ad9f1a9e5b,e798aa0b79761f377245e96d09118c82,1.0,1,5,1
d8f8afc9b9992b49ab2e12ad9f1a9e5b,e8a53ce0baadcfc115cd0ab29a5e9122,1.0,1,5,1
d8f8afc9b9992b49ab2e12ad9f1a9e5b,e944ed38f39b051c579152e324a0a1f0,1.0,1,5,1
d8f8afc9b9992b49ab2e12ad9f1a9e5b,eb0676b96e9713df61a30fdcb2a58d18,1.0,1,5,1
d8f8afc9b9992b49ab2e12ad9f1a9e5b,eb70a327f5690fdf8d90df9cbf90d4a0,1.0,1,5,1
d8f8afc9b9992b49ab2e12ad9f1a9e5b,eb7cfc50754f21b955a078be34efe076,1.0,1,5,1
d8f8afc9b9992b49ab2e12ad9f1a9e5b,ec5a45d69850a961eaa102bb9460e910,1.0,1,5,1
d8f8afc9b9992b49ab2e12ad9f1a9e5b,efc22e67476ebf4cd3b0ca9600e1b137,1.0,1,5,1
d8f8afc9b9992b49ab2e12ad9f1a9e5b,f063eaa15d17c4e9322323850377ca21,1.0,1,5,1
d8f8afc9b9992b49ab2e12ad9f1a9e5b,f0a874e42a1c98936d03cccfca6dbf2c,1.0,1,5,1
d8f8afc9b9992b49ab2e12ad9f1a9e5b,f175a16d4e5581676e72c0d321d9ff7e,1.0,1,5,1
d8f8afc9b9992b49ab2e12ad9f1a9e5b,f29e3450543a53a40c9c5f9d23d3c929,1.0,1,5,1
d8f8afc9b9992b49ab2e12ad9f1a9e5b,f52f8d5f3999646f9c4dc2873274252f,1.0,1,5,1
d8f8afc9b9992b49ab2e12ad9f1a9e5b,f55f1f9684389cc05a790b1d2a2f04f6,1.0,1,5,1
d8f8afc9b9992b49ab2e12ad9f1a9e5b,f5d6d5ca5ebb427953236adb8e91aea5,1.0,1,5,1
d8f8afc9b9992b49ab2e12ad9f1a9e5b,f77d579f53190c292f9f54a4cebcc352,1.0,1,5,1
d8f8afc9b9992b49ab2e12ad9f1a9e5b,f913da7929a5d5dd230647c22c46fd5e,1.0,1,5,1
d8f8afc9b9992b49ab2e12ad9f1a9e5b,fb933c9426bedb13e71038fa146fe6f2,1.0,1,5,1
d8f8afc9b9992b49ab2e12ad9f1a9e5b,fc39ab48d908b061e6ea3b4305b449ba,1.0,1,5,1
d8f8afc9b9992b49ab2e12ad9f1a9e5b,fd19870765bff85d0c1e1f6819f16989,1.0,1,5,1
d8f8afc9b9992b49ab2e12ad9f1a9e5b,fd9ec1edc24c8e14a0ec6d43a4a784e2,1.0,1,5,1
77a6c94cb83a7b908cc7c18f3e812635,9299b9e27e97571a5ddc3725b9186536,1.0,1,3,3
28f8c4895aee05aaa7b148157ecc5b1e,d86bd19d5f63decf0f8146854d1c7778,1.0,1,2,4
5a7ff7d4adb18a0d64314cc177a2f89a,d86bd19d5f63decf0f8146854d1c7778,1.0,1,2,4
73c0568ff31e4e473cea801e09591f7f,d86bd19d5f63decf0f8146854d1c7778,1.0,1,2,4
d86bd19d5f63decf0f8146854d1c7778,f2d2623248546be027a13f28302413fb,1.0,1,4,2
00da34ebf22b87f6c2f53dc069f237df,02a6a137ef7fe2414c9e14fc4d060790,1.0,1,3,3
00da34ebf22b87f6c2f53dc069f237df,2b6aa183c14ace1bbfb595f840bc6c75,1.0,1,3,3
00da34ebf22b87f6c2f53dc069f237df,5a6b5514e636a2cf9fb3b08f277ad865,1.0,1,3,3
00da34ebf22b87f6c2f53dc069f237df,7ee99f5c522d01621617d63bda047019,1.0,1,3,3
00da34ebf22b87f6c2f53dc069f237df,91d1f79f98b7fe73a0cc8a3732e1b5ec,1.0,1,3,3
00da34ebf22b87f6c2f53dc069f237df,922e15ce9c01f0a09b6883fcbf89c17d,1.0,1,3,3
00da34ebf22b87f6c2f53dc069f237df,95fff4a89f72c360c56ffb33713bebb9,1.0,1,3,3
00da34ebf22b87f6c2f53dc069f237df,e8e4b74753e577683c109ea6a50283c9,1.0,1,3,3
0258cd3b5e7c4b397cc09ea472677e73,0fb360a422d2297dcf21d4d7b91028db,1.0,1,2,4
0258cd3b5e7c4b397cc09ea472677e73,70bb8d40cce49a25b570533ee5ac3d28,1.0,1,2,4
02a6a137ef7fe2414c9e14fc4d060790,2b6aa183c14ace1bbfb595f840bc6c75,1.0,1,3,3
02a6a137ef7fe2414c9e14fc4d060790,5a6b5514e636a2cf9fb3b08f277ad865,1.0,1,3,3
02a6a137ef7fe2414c9e14fc4d060790,7ee99f5c522d01621617d63bda047019,1.0,1,3,3
02a6a137ef7fe2414c9e14fc4d060790,91d1f79f98b7fe73a0cc8a3732e1b5ec,1.0,1,3,3
02a6a137ef7fe2414c9e14fc4d060790,922e15ce9c01f0a09b6883fcbf89c17d,1.0,1,3,3
02a6a137ef7fe2414c9e14fc4d060790,95fff4a89f72c360c56ffb33713bebb9,1.0,1,3,3
02a6a137ef7fe2414c9e14fc4d060790,e8e4b74753e577683c109ea6a50283c9,1.0,1,3,3
067c8117bd9b4f406301921f6bcfb04e,0fb360a422d2297dcf21d4d7b91028db,1.0,1,2,4
067c8117bd9b4f406301921f6bcfb04e,70bb8d40cce49a25b570533ee5ac3d28,1.0,1,2,4
0f5ec6314004c573c14b76ba84825d87,0fb360a422d2297dcf21d4d7b91028db,1.0,1,2,4
0f5ec6314004c573c14b76ba84825d87,70bb8d40cce49a25b570533ee5ac3d28,1.0,1,2,4
0fb360a422d2297dcf21d4d7b91028db,1090fe4c57ea2a018b442a61d09b3e95,1.0,1,4,2
0fb360a422d2297dcf21d4d7b91028db,175fb6b5133abe30730dd6108d122b80,1.0,1,4,2
0fb360a422d2297dcf21d4d7b91028db,1b86bd501d916b3c67a5dbfe7f49af47,1.0,1,4,2
0fb360a422d2297dcf21d4d7b91028db,208ff27cb49cb5f4cdbc72c014e184d7,1.0,1,4,2
0fb360a422d2297dcf21d4d7b91028db,2c74de174de65887717532ccb94bb5eb,1.0,1,4,2
0fb360a422d2297dcf21d4d7b91028db,302f6c3eea8eb8ee3a365720c5593d3a,1.0,1,4,2
0fb360a422d2297dcf21d4d7b91028db,30cd812ff21054f5e7a1383dc70de5d8,1.0,1,4,2
0fb360a422d2297dcf21d4d7b91028db,321a3e8cd267a0eda1010b26e921731b,1.0,1,4,2
0fb360a422d2297dcf21d4d7b91028db,3572efa7933c2e02d4c7024db6052b56,1.0,1,4,2
0fb360a422d2297dcf21d4d7b91028db,38bfe8e3b53678fc301fcb2282176ab1,1.0,1,4,2
0fb360a422d2297dcf21d4d7b91028db,39bc44c53ed67280f8c589499e002f3e,1.0,1,4,2
0fb360a422d2297dcf21d4d7b91028db,3a10313a6428bd4c25cb17bf269c52b4,1.0,1,4,2
0fb360a422d2297dcf21d4d7b91028db,3bedaf584bf745369453ac59a1d74471,1.0,1,4,2
0fb360a422d2297dcf21d4d7b91028db,3fc30bf5709327985d411df069da8287,1.0,1,4,2
0fb360a422d2297dcf21d4d7b91028db,40a8a222280826e2de19cb02a7675489,1.0,1,4,2
0fb360a422d2297dcf21d4d7b91028db,433e177c54376b623d0c9608b2d2d395,1.0,1,4,2
0fb360a422d2297dcf21d4d7b91028db,4458faa1e4fbc76c9042d5ded0b53244,1.0,1,4,2
0fb360a422d2297dcf21d4d7b91028db,4795fb1b0d025528a80e2e9ed5b35a85,1.0,1,4,2
0fb360a422d2297dcf21d4d7b91028db,51cbfa44126505de7a55fb99ba49648b,1.0,1,4,2
0fb360a422d2297dcf21d4d7b91028db,57d18bc844672c5fbe879446bc1bb0c9,1.0,1,4,2
0fb360a422d2297dcf21d4d7b91028db,58920cd5aa8f69847b28e7442950b490,1.0,1,4,2
0fb360a422d2297dcf21d4d7b91028db,5fd82666f1e64606820d24e3fbb5d160,1.0,1,4,2
0fb360a422d2297dcf21d4d7b91028db,609b49af42511dbb7d8c3e8e37932c07,1.0,1,4,2
0fb360a422d2297dcf21d4d7b91028db,668f76ea8fa5d0f459e6a15d8d55ac63,1.0,1,4,2
0fb360a422d2297dcf21d4d7b91028db,66f545356c968f0aea66107cd8c2da7f,1.0,1,4,2
0fb360a422d2297dcf21d4d7b91028db,675b17ac4da7e93fb1728c7b2bd5e1d7,1.0,1,4,2
0fb360a422d2297dcf21d4d7b91028db,67b96b3e28695a4bd615b5e95367ec99,1.0,1,4,2
0fb360a422d2297dcf21d4d7b91028db,7329425efe29caeb8c292b725579bd50,1.0,1,4,2
0fb360a422d2297dcf21d4d7b91028db,746807d0d2357bfbf7c1e66be0b88f21,1.0,1,4,2
0fb360a422d2297dcf21d4d7b91028db,78b5508c34d8f0974822819043d61ee9,1.0,1,4,2
0fb360a422d2297dcf21d4d7b91028db,796d1c459382fbc03c2012eb91584ee3,1.0,1,4,2
0fb360a422d2297dcf21d4d7b91028db,7ec163471da7520f672fef86422f42d5,1.0,1,4,2
0fb360a422d2297dcf21d4d7b91028db,822c92cf032be0f44169eee5d1bc15de,1.0,1,4,2
0fb360a422d2297dcf21d4d7b91028db,835019738f3ba3c7c85fb00d0a9638d2,1.0,1,4,2
0fb360a422d2297dcf21d4d7b91028db,890740d506e0acef77a81232edd17c16,1.0,1,4,2
0fb360a422d2297dcf21d4d7b91028db,8945fdd252616652ec0fc1bd55d8c125,1.0,1,4,2
0fb360a422d2297dcf21d4d7b91028db,8b2b8cea5423ece6984632540c423aaf,1.0,1,4,2
0fb360a422d2297dcf21d4d7b91028db,8ca65fef69bdf0299409e1b52b6229f5,1.0,1,4,2
0fb360a422d2297dcf21d4d7b91028db,975362d8244917265887d77cb0156ded,1.0,1,4,2
0fb360a422d2297dcf21d4d7b91028db,9c043ff6d24a2a36bdaf3eaff6cc27ab,1.0,1,4,2
0fb360a422d2297dcf21d4d7b91028db,9f9ef533996a8df927abc43baa27bb9b,1.0,1,4,2
0fb360a422d2297dcf21d4d7b91028db,a183c677676c01f0b06ed8a8ebdb1ac9,1.0,1,4,2
0fb360a422d2297dcf21d4d7b91028db,a5e903dd1104eac0c60b4ae4f61256be,1.0,1,4,2
0fb360a422d2297dcf21d4d7b91028db,a651ae23be31e21922b96bc68e3e8507,1.0,1,4,2
0fb360a422d2297dcf21d4d7b91028db,a69a4609fa836e9b699d1be232d5e327,1.0,1,4,2
0fb360a422d2297dcf21d4d7b91028db,a9fa9a5b7dd54d11fd541b60aab448c8,1.0,1,4,2
0fb360a422d2297dcf21d4d7b91028db,ae9ae5072fe8d5b2a1f7072a833f0afc,1.0,1,4,2
0fb360a422d2297dcf21d4d7b91028db,b55928692d81fc9ba199430273d35c10,1.0,1,4,2
0fb360a422d2297dcf21d4d7b91028db,b6505459b444282c05faae099f7a8ccd,1.0,1,4,2
0fb360a422d2297dcf21d4d7b91028db,beb0c30d2267b86db97d0c535be03ab6,1.0,1,4,2
0fb360a422d2297dcf21d4d7b91028db,bfb916b45d07729be21abf9ac6e87fb7,1.0,1,4,2
0fb360a422d2297dcf21d4d7b91028db,c434d58759026b0620ae7f5b73ee7125,1.0,1,4,2
0fb360a422d2297dcf21d4d7b91028db,c938ef28fbb9211f931fae0931d0f053,1.0,1,4,2
0fb360a422d2297dcf21d4d7b91028db,d107d82df1de6a2c0efd52d8ada0c699,1.0,1,4,2
0fb360a422d2297dcf21d4d7b91028db,d11a1a2267a704b739a4273bd6260df3,1.0,1,4,2
0fb360a422d2297dcf21d4d7b91028db,d60206c59aedb23b925377dc8fdd43bb,1.0,1,4,2
0fb360a422d2297dcf21d4d7b91028db,de419df8633c2774a7c68912cb578df9,1.0,1,4,2
0fb360a422d2297dcf21d4d7b91028db,e1564be61c08bb1dfaff4254af4e32d2,1.0,1,4,2
0fb360a422d2297dcf21d4d7b91028db,e8b7beb6a236d1cc99740a4a3632f56e,1.0,1,4,2
0fb360a422d2297dcf21d4d7b91028db,e93d9a6b5205ffb13668bdea1285c973,1.0,1,4,2
0fb360a422d2297dcf21d4d7b91028db,e9620047052f3edb9a429db5b04df663,1.0,1,4,2
0fb360a422d2297dcf21d4d7b91028db,ea878b525d175476e7cf516a08e355c2,1.0,1,4,2
0fb360a422d2297dcf21d4d7b91028db,ebedac088806fe85e8083426d9e952e3,1.0,1,4,2
0fb360a422d2297dcf21d4d7b91028db,ee14b494d75d6bfdfb18c3456f37ee2f,1.0,1,4,2
0fb360a422d2297dcf21d4d7b91028db,f5af12033765b06b3df8faf68cae86bf,1.0,1,4,2
0fb360a422d2297dcf21d4d7b91028db,fa307fa23fc17ba9f53736fe81795ffd,1.0,1,4,2
0fb360a422d2297dcf21d4d7b91028db,fd3a13c97274ff36f612acbb8e7a899d,1.0,1,4,2
0fb360a422d2297dcf21d4d7b91028db,ff460daf2964c4cccf8602d6f8dc2fe6,1.0,1,4,2
0fb360a422d2297dcf21d4d7b91028db,ff7cedf1c43f85a024344bd55944cf57,1.0,1,4,2
1090fe4c57ea2a018b442a61d09b3e95,70bb8d40cce49a25b570533ee5ac3d28,1.0,1,2,4
175fb6b5133abe30730dd6108d122b80,70bb8d40cce49a25b570533ee5ac3d28,1.0,1,2,4
1b86bd501d916b3c67a5dbfe7f49af47,70bb8d40cce49a25b570533ee5ac3d28,1.0,1,2,4
208ff27cb49cb5f4cdbc72c014e184d7,70bb8d40cce49a25b570533ee5ac3d28,1.0,1,2,4
2b6aa183c14ace1bbfb595f840bc6c75,5a6b5514e636a2cf9fb3b08f277ad865,1.0,1,3,3
2b6aa183c14ace1bbfb595f840bc6c75,7ee99f5c522d01621617d63bda047019,1.0,1,3,3
2b6aa183c14ace1bbfb595f840bc6c75,91d1f79f98b7fe73a0cc8a3732e1b5ec,1.0,1,3,3
2b6aa183c14ace1bbfb595f840bc6c75,922e15ce9c01f0a09b6883fcbf89c17d,1.0,1,3,3
2b6aa183c14ace1bbfb595f840bc6c75,95fff4a89f72c360c56ffb33713bebb9,1.0,1,3,3
2b6aa183c14ace1bbfb595f840bc6c75,e8e4b74753e577683c109ea6a50283c9,1.0,1,3,3
2c74de174de65887717532ccb94bb5eb,70bb8d40cce49a25b570533ee5ac3d28,1.0,1,2,4
302f6c3eea8eb8ee3a365720c5593d3a,70bb8d40cce49a25b570533ee5ac3d28,1.0,1,2,4
30cd812ff21054f5e7a1383dc70de5d8,70bb8d40cce49a25b570533ee5ac3d28,1.0,1,2,4
321a3e8cd267a0eda1010b26e921731b,70bb8d40cce49a25b570533ee5ac3d28,1.0,1,2,4
3572efa7933c2e02d4c7024db6052b56,70bb8d40cce49a25b570533ee5ac3d28,1.0,1,2,4
38bfe8e3b53678fc301fcb2282176ab1,70bb8d40cce49a25b570533ee5ac3d28,1.0,1,2,4
39bc44c53ed67280f8c589499e002f3e,70bb8d40cce49a25b570533ee5ac3d28,1.0,1,2,4
3a10313a6428bd4c25cb17bf269c52b4,70bb8d40cce49a25b570533ee5ac3d28,1.0,1,2,4
3bedaf584bf745369453ac59a1d74471,70bb8d40cce49a25b570533ee5ac3d28,1.0,1,2,4
3fc30bf5709327985d411df069da8287,70bb8d40cce49a25b570533ee5ac3d28,1.0,1,2,4
40a8a222280826e2de19cb02a7675489,70bb8d40cce49a25b570533ee5ac3d28,1.0,1,2,4
433e177c54376b623d0c9608b2d2d395,70bb8d40cce49a25b570533ee5ac3d28,1.0,1,2,4
4458faa1e4fbc76c9042d5ded0b53244,70bb8d40cce49a25b570533ee5ac3d28,1.0,1,2,4
4795fb1b0d025528a80e2e9ed5b35a85,70bb8d40cce49a25b570533ee5ac3d28,1.0,1,2,4
51cbfa44126505de7a55fb99ba49648b,70bb8d40cce49a25b570533ee5ac3d28,1.0,1,2,4
57d18bc844672c5fbe879446bc1bb0c9,70bb8d40cce49a25b570533ee5ac3d28,1.0,1,2,4
58920cd5aa8f69847b28e7442950b490,70bb8d40cce49a25b570533ee5ac3d28,1.0,1,2,4
5a6b5514e636a2cf9fb3b08f277ad865,7ee99f5c522d01621617d63bda047019,1.0,1,3,3
5a6b5514e636a2cf9fb3b08f277ad865,91d1f79f98b7fe73a0cc8a3732e1b5ec,1.0,1,3,3
5a6b5514e636a2cf9fb3b08f277ad865,922e15ce9c01f0a09b6883fcbf89c17d,1.0,1,3,3
5a6b5514e636a2cf9fb3b08f277ad865,95fff4a89f72c360c56ffb33713bebb9,1.0,1,3,3
5a6b5514e636a2cf9fb3b08f277ad865,e8e4b74753e577683c109ea6a50283c9,1.0,1,3,3
5fd82666f1e64606820d24e3fbb5d160,70bb8d40cce49a25b570533ee5ac3d28,1.0,1,2,4
609b49af42511dbb7d8c3e8e37932c07,70bb8d40cce49a25b570533ee5ac3d28,1.0,1,2,4
668f76ea8fa5d0f459e6a15d8d55ac63,70bb8d40cce49a25b570533ee5ac3d28,1.0,1,2,4
66f545356c968f0aea66107cd8c2da7f,70bb8d40cce49a25b570533ee5ac3d28,1.0,1,2,4
675b17ac4da7e93fb1728c7b2bd5e1d7,70bb8d40cce49a25b570533ee5ac3d28,1.0,1,2,4
67b96b3e28695a4bd615b5e95367ec99,70bb8d40cce49a25b570533ee5ac3d28,1.0,1,2,4
70bb8d40cce49a25b570533ee5ac3d28,7329425efe29caeb8c292b725579bd50,1.0,1,4,2
70bb8d40cce49a25b570533ee5ac3d28,746807d0d2357bfbf7c1e66be0b88f21,1.0,1,4,2
70bb8d40cce49a25b570533ee5ac3d28,78b5508c34d8f0974822819043d61ee9,1.0,1,4,2
70bb8d40cce49a25b570533ee5ac3d28,796d1c459382fbc03c2012eb91584ee3,1.0,1,4,2
70bb8d40cce49a25b570533ee5ac3d28,7ec163471da7520f672fef86422f42d5,1.0,1,4,2
70bb8d40cce49a25b570533ee5ac3d28,822c92cf032be0f44169eee5d1bc15de,1.0,1,4,2
70bb8d40cce49a25b570533ee5ac3d28,835019738f3ba3c7c85fb00d0a9638d2,1.0,1,4,2
70bb8d40cce49a25b570533ee5ac3d28,890740d506e0acef77a81232edd17c16,1.0,1,4,2
70bb8d40cce49a25b570533ee5ac3d28,8945fdd252616652ec0fc1bd55d8c125,1.0,1,4,2
70bb8d40cce49a25b570533ee5ac3d28,8b2b8cea5423ece6984632540c423aaf,1.0,1,4,2
70bb8d40cce49a25b570533ee5ac3d28,8ca65fef69bdf0299409e1b52b6229f5,1.0,1,4,2
70bb8d40cce49a25b570533ee5ac3d28,975362d8244917265887d77cb0156ded,1.0,1,4,2
70bb8d40cce49a25b570533ee5ac3d28,9c043ff6d24a2a36bdaf3eaff6cc27ab,1.0,1,4,2
70bb8d40cce49a25b570533ee5ac3d28,9f9ef533996a8df927abc43baa27bb9b,1.0,1,4,2
70bb8d40cce49a25b570533ee5ac3d28,a183c677676c01f0b06ed8a8ebdb1ac9,1.0,1,4,2
70bb8d40cce49a25b570533ee5ac3d28,a5e903dd1104eac0c60b4ae4f61256be,1.0,1,4,2
70bb8d40cce49a25b570533ee5ac3d28,a651ae23be31e21922b96bc68e3e8507,1.0,1,4,2
70bb8d40cce49a25b570533ee5ac3d28,a69a4609fa836e9b699d1be232d5e327,1.0,1,4,2
70bb8d40cce49a25b570533ee5ac3d28,a9fa9a5b7dd54d11fd541b60aab448c8,1.0,1,4,2
70bb8d40cce49a25b570533ee5ac3d28,ae9ae5072fe8d5b2a1f7072a833f0afc,1.0,1,4,2
70bb8d40cce49a25b570533ee5ac3d28,b55928692d81fc9ba199430273d35c10,1.0,1,4,2
70bb8d40cce49a25b570533ee5ac3d28,b6505459b444282c05faae099f7a8ccd,1.0,1,4,2
70bb8d40cce49a25b570533ee5ac3d28,beb0c30d2267b86db97d0c535be03ab6,1.0,1,4,2
70bb8d40cce49a25b570533ee5ac3d28,bfb916b45d07729be21abf9ac6e87fb7,1.0,1,4,2
70bb8d40cce49a25b570533ee5ac3d28,c434d58759026b0620ae7f5b73ee7125,1.0,1,4,2
70bb8d40cce49a25b570533ee5ac3d28,c938ef28fbb9211f931fae0931d0f053,1.0,1,4,2
70bb8d40cce49a25b570533ee5ac3d28,d107d82df1de6a2c0efd52d8ada0c699,1.0,1,4,2
70bb8d40cce49a25b570533ee5ac3d28,d11a1a2267a704b739a4273bd6260df3,1.0,1,4,2
70bb8d40cce49a25b570533ee5ac3d28,d60206c59aedb23b925377dc8fdd43bb,1.0,1,4,2
70bb8d40cce49a25b570533ee5ac3d28,de419df8633c2774a7c68912cb578df9,1.0,1,4,2
70bb8d40cce49a25b570533ee5ac3d28,e1564be61c08bb1dfaff4254af4e32d2,1.0,1,4,2
70bb8d40cce49a25b570533ee5ac3d28,e8b7beb6a236d1cc99740a4a3632f56e,1.0,1,4,2
70bb8d40cce49a25b570533ee5ac3d28,e93d9a6b5205ffb13668bdea1285c973,1.0,1,4,2
70bb8d40cce49a25b570533ee5ac3d28,e9620047052f3edb9a429db5b04df663,1.0,1,4,2
70bb8d40cce49a25b570533ee5ac3d28,ea878b525d175476e7cf516a08e355c2,1.0,1,4,2
70bb8d40cce49a25b570533ee5ac3d28,ebedac088806fe85e8083426d9e952e3,1.0,1,4,2
70bb8d40cce49a25b570533ee5ac3d28,ee14b494d75d6bfdfb18c3456f37ee2f,1.0,1,4,2
70bb8d40cce49a25b570533ee5ac3d28,f5af12033765b06b3df8faf68cae86bf,1.0,1,4,2
70bb8d40cce49a25b570533ee5ac3d28,fa307fa23fc17ba9f53736fe81795ffd,1.0,1,4,2
70bb8d40cce49a25b570533ee5ac3d28,fd3a13c97274ff36f612acbb8e7a899d,1.0,1,4,2
70bb8d40cce49a25b570533ee5ac3d28,ff460daf2964c4cccf8602d6f8dc2fe6,1.0,1,4,2
70bb8d40cce49a25b570533ee5ac3d28,ff7cedf1c43f85a024344bd55944cf57,1.0,1,4,2
7ee99f5c522d01621617d63bda047019,91d1f79f98b7fe73a0cc8a3732e1b5ec,1.0,1,3,3
7ee99f5c522d01621617d63bda047019,922e15ce9c01f0a09b6883fcbf89c17d,1.0,1,3,3
7ee99f5c522d01621617d63bda047019,95fff4a89f72c360c56ffb33713bebb9,1.0,1,3,3
7ee99f5c522d01621617d63bda047019,e8e4b74753e577683c109ea6a50283c9,1.0,1,3,3
91d1f79f98b7fe73a0cc8a3732e1b5ec,922e15ce9c01f0a09b6883fcbf89c17d,1.0,1,3,3
91d1f79f98b7fe73a0cc8a3732e1b5ec,95fff4a89f72c360c56ffb33713bebb9,1.0,1,3,3
91d1f79f98b7fe73a0cc8a3732e1b5ec,e8e4b74753e577683c109ea6a50283c9,1.0,1,3,3
922e15ce9c01f0a09b6883fcbf89c17d,95fff4a89f72c360c56ffb33713bebb9,1.0,1,3,3
922e15ce9c01f0a09b6883fcbf89c17d,e8e4b74753e577683c109ea6a50283c9,1.0,1,3,3
95fff4a89f72c360c56ffb33713bebb9,e8e4b74753e577683c109ea6a50283c9,1.0,1,3,3
01dd34b5f4cee2a48f03ba1cce8c592c,d132520e4b555a0f8851914fc3809fb8,1.0,1,2,4
3cb0a02ec42f3c3850e396077ace0c8f,d132520e4b555a0f8851914fc3809fb8,1.0,1,2,4
91e659a7a68e60e21ecd112af276e2fc,d132520e4b555a0f8851914fc3809fb8,1.0,1,2,4
010c88e815c8386129e0762691851850,80eebb1b3aa9d15814f2cdee6cb584fe,1.0,1,2,4
226919c9835e427d6e2839519262f522,80eebb1b3aa9d15814f2cdee6cb584fe,1.0,1,2,4
22daa0fcc20de39e50c5dfc10c0c953b,80eebb1b3aa9d15814f2cdee6cb584fe,1.0,1,2,4
2c3315bf85685cb0ef5c90510473cdae,80eebb1b3aa9d15814f2cdee6cb584fe,1.0,1,2,4
2dfcda64e46be800718fe18177836760,80eebb1b3aa9d15814f2cdee6cb584fe,1.0,1,2,4
31da3a25a698af90c645cc6bb62e50f1,80eebb1b3aa9d15814f2cdee6cb584fe,1.0,1,2,4
35150e1ba134ac622dcf1aaf3f072396,80eebb1b3aa9d15814f2cdee6cb584fe,1.0,1,2,4
5ce0fe1fb00b7bd8dcb41e207c831c82,80eebb1b3aa9d15814f2cdee6cb584fe,1.0,1,2,4
64dcb764699ed34398070fcdd952dcb5,80eebb1b3aa9d15814f2cdee6cb584fe,1.0,1,2,4
770c43f54c33cbf4bc49b7f2d6576891,80eebb1b3aa9d15814f2cdee6cb584fe,1.0,1,2,4
7bf1c59401206e31a78523077f3a1144,80eebb1b3aa9d15814f2cdee6cb584fe,1.0,1,2,4
80eebb1b3aa9d15814f2cdee6cb584fe,927c8cf25e96b01a34298a890cbbe406,1.0,1,4,2
80eebb1b3aa9d15814f2cdee6cb584fe,a0d176a2cde245d64fe141d7a28a071c,1.0,1,4,2
80eebb1b3aa9d15814f2cdee6cb584fe,a1a9bf49d51890f5f5db649034c7b59f,1.0,1,4,2
80eebb1b3aa9d15814f2cdee6cb584fe,a35698b8e9ba30327005b6794155ff90,1.0,1,4,2
80eebb1b3aa9d15814f2cdee6cb584fe,a67257c8820f98d61d1db467281ee3b3,1.0,1,4,2
80eebb1b3aa9d15814f2cdee6cb584fe,bc5fbc9860ad6ea016f6a52502f27c82,1.0,1,4,2
80eebb1b3aa9d15814f2cdee6cb584fe,c9253d1a83b191cbd6f36fdc1de7e3d8,1.0,1,4,2
80eebb1b3aa9d15814f2cdee6cb584fe,e4776cba7ea62aa2e8816e89aa401fbb,1.0,1,4,2
011fd4914a2d19b2a0e50c29cea5c6a2,49482ea59e5df9ca522b982c7518dcaa,1.0,1,1,5
2d859faeaa0d56101e13e87f4c6a175a,49482ea59e5df9ca522b982c7518dcaa,1.0,1,1,5
49482ea59e5df9ca522b982c7518dcaa,516cc532391806eb4ff420f375bc0ca3,1.0,1,5,1
49482ea59e5df9ca522b982c7518dcaa,56c4075a563ab3a9bb780804e1a996a2,1.0,1,5,1
