customer_id,similar_customer_id,intersection_count,union_count,jaccard_similarity
94b9a50e7c20bb52bb4e7d4f174fc3b6,98ac019a5eae363963d9b119e5e080ae,3,3,1.0
0f8758e5b1c6c6b2156a9dddce128558,98ac019a5eae363963d9b119e5e080ae,3,3,1.0
894fa561f54fa10de0bc4db8b581947e,ff3f73a459eaabfa22e12955b7415112,3,3,1.0
0f8758e5b1c6c6b2156a9dddce128558,94b9a50e7c20bb52bb4e7d4f174fc3b6,3,3,1.0
7cbfdb67d344d745e097fbb2a570c9e6,ff5f29fbfd0a13f7e7ed9f7b92a32194,3,3,1.0
4cba4382020c8e217faee72173ecb0fc,fdc58370af81e72cd02ee17ff0e3164d,3,3,1.0
7e69734dad7cfcbe95aa59f38095057d,e238fba997eec80e48bf8d8689877d89,2,2,1.0
03cccac05d316dc60827fa7abedd608e,9ccd3694bf9d11a53846dcc5c105e7b6,2,2,1.0
ce87153ae6d1e210517154ec1057aad5,f30856ad31d3e74253a3f4ccef670648,2,2,1.0
2a532e879c1278727d9d7001890cd333,ce87153ae6d1e210517154ec1057aad5,2,2,1.0
03cccac05d316dc60827fa7abedd608e,8b88f64495d95d12a12c0d71534d0faa,2,2,1.0
ae8482b27b2119e2c3278f5ddf9c1024,e261fc64438c07bf3f12e82fe26c0682,2,2,1.0
45fd1f20d58a364a552cfecccfa78935,66d5f99377fe9807805f089baa65c715,2,2,1.0
92fc4892f11581ee802e8e2fa4296433,ef3e32f1b8658891add797672f995cc5,2,2,1.0
507d34ab7a9f465f7a023cf256e524da,b233915725d368ec61c224efb81ed915,2,2,1.0
399699e87adec3391203291418de34d1,97ba9c6276256eca910e8d36e78abfa8,2,2,1.0
2b5c14b7e1a3d88ff7e0c46e15851f5f,b65b4e0ccf23f096b3eb8bce350a400a,2,2,1.0
8418b8ecfc9702b5eacddc5e75a4dcca,d792207a143bca423ba1685b30e34557,2,2,1.0
02b20b7c813efede140142ac610e36dc,5e6ff5789e4d6b6d6f2a801e4da72e7a,2,2,1.0
7b32049d8495d56c8b27eae575921a60,df9bd60da4a8f8945d2b862aebd3d418,2,2,1.0
91da289fa4deba62c108246d150a8f4e,a8953e3d7677addada63eee79b91e7ff,2,2,1.0
200d8b1f16d0cc9600022fdc99987a7f,399699e87adec3391203291418de34d1,2,2,1.0
3578707d5fbfaaad05a3862a179bf76d,e301216623168d227eb0b0a3aabb1e62,2,2,1.0
2c03431d52e6ae4479a2a2310fb2e481,e225b3c270984a8097a136089a11aea9,2,2,1.0
4e7da8460a307b63a7a4d98750f3a95a,7a8afce0fdb6cd5e748818e19f1e223a,2,2,1.0
c4a5dbcdc7c33758cf5efff999c6203c,ca505f00e361296c5d92e01d245671e6,2,2,1.0
5261961eeb22ad480eafeb8829cddacf,6ff4f4fcdadf8410fcae5bad48d7044d,2,2,1.0
200d8b1f16d0cc9600022fdc99987a7f,e8b4b9cf7e6a2e6e13371f3439a4a1ba,2,2,1.0
7989d259bdf69447ee8e00970c3f3228,9a56d30e286ddea1374c143d111de34d,2,2,1.0
4e32c2752aeaa8d8b99da2b145a1c826,698a9cafcc15cac8cdbaee64adc6efbe,2,2,1.0
28432b10d1f73d179c1b8cd72bb4c77b,de3310643e5dc5aeda6082c500dc629f,2,2,1.0
3ea35d016eb96bbfede151b359b8da8e,a676674630bb75afa401d173d691473e,2,2,1.0
3af5f7534be6d2d2d81562ee1dc98af2,90c312d2299d36c16bbaa3d717b3dfba,2,2,1.0
4d1fe8b6f5e9ee044a14467c8b2832b6,5e6ff5789e4d6b6d6f2a801e4da72e7a,2,2,1.0
4e32c2752aeaa8d8b99da2b145a1c826,b0b219d68cb80e8440a7fccd3dab3851,2,2,1.0
3e5dd5efb71f831fffee3735c9e41e87,dfbebe96520c2a101d602c7d003764ba,2,2,1.0
8dc10e9acb420db970e64b4c99cba7ec,b84dbaedbe3ea55d7cc0894fbea73910,2,2,1.0
46f15c2526277c2f9cfa6b239dfb11b3,d7c6bdf20c4ec9c9cda815dde58e778a,2,2,1.0
210bec49b9e200df48dd3f31310d606e,be4eb163762cf164f26f81021c4a5e97,2,2,1.0
1f17641a9f9ad86c56fa3f3401102857,3e5a237352ac4b53e1281b9b62efcbcc,2,2,1.0
6ff4f4fcdadf8410fcae5bad48d7044d,aebd72416330dcdb02e8d478fd81c9f6,2,2,1.0
0f10d99ee99ca3d0489f2f2169b41ec3,750550f1fbf777d9383acb856bc593dd,2,2,1.0
2b5c14b7e1a3d88ff7e0c46e15851f5f,7b32049d8495d56c8b27eae575921a60,2,2,1.0
080a538ba865739bd97c3ffd9e71bcf0,0f10d99ee99ca3d0489f2f2169b41ec3,2,2,1.0
065938485846aa5adc196cb536de42e0,c0fc2e3595c750de75d36e7db9399e83,2,2,1.0
ae52fa61f27bd494a25bc4c101fa29d0,e8569c57efe3adf347b3e92ec04d1f91,2,2,1.0
8dc10e9acb420db970e64b4c99cba7ec,b0b219d68cb80e8440a7fccd3dab3851,2,2,1.0
db28fc41c6aae0d92e04d0e0c127f6f5,ee3575d8ee7cd3251e3efd6f9cf23fea,2,2,1.0
bb7a29428a71e286a02f1377d42d6a35,d46f0f655659cbeb210db2a746b2554f,2,2,1.0
65942a39d31e4aa627f0f65e0298ba2f,698a9cafcc15cac8cdbaee64adc6efbe,2,2,1.0
02fbe4db886eb98774c8ba300d39fa79,03d4c28894c1239ca5a6dd6f0c197921,2,2,1.0
aab579a39b1b5c223c2e1a4bbf8ff977,d792207a143bca423ba1685b30e34557,2,2,1.0
b0b219d68cb80e8440a7fccd3dab3851,b84dbaedbe3ea55d7cc0894fbea73910,2,2,1.0
2708339a3f5355f56983737d54fbce59,aebd72416330dcdb02e8d478fd81c9f6,2,2,1.0
8418b8ecfc9702b5eacddc5e75a4dcca,e8b4b9cf7e6a2e6e13371f3439a4a1ba,2,2,1.0
5dda09ed137461608be539348c1dac39,8418b8ecfc9702b5eacddc5e75a4dcca,2,2,1.0
4d1fe8b6f5e9ee044a14467c8b2832b6,9a2344afe2d1a43559906bd456567a9b,2,2,1.0
1f17641a9f9ad86c56fa3f3401102857,aea1ccbc3f29445178036e658e686eb1,2,2,1.0
5692f45005b99d929b723b96408957ec,a4aade0ce7988cd421340d39d0fba92d,2,2,1.0
4fcf56f1cf3d583a0cec41f7f523a852,c6e6c968421911e3975a6f7160a1d4b6,2,2,1.0
70755e5b9df5988f592f3dec6279f1be,e89bab624ed1d8c75012bf52bacc654c,2,2,1.0
28e3b4a14a28881ebbdf5384e004d6fb,ec8cf19822473555370553d399f7a654,2,2,1.0
481d9ef7f22b196a3112b031c1b972d1,70fc429b7bf128070c74d50e27d0c6a2,2,2,1.0
45fd1f20d58a364a552cfecccfa78935,892a397bf8506b6c30355f3fc1338900,2,2,1.0
38c82315266557c3d9c4312643d1717c,507d34ab7a9f465f7a023cf256e524da,2,2,1.0
e6f18fab493c0bdc553eafd9b66cb5f2,f30856ad31d3e74253a3f4ccef670648,2,2,1.0
7647c15a4f2e66304c91fcf86573a2a3,7989d259bdf69447ee8e00970c3f3228,2,2,1.0
bf257f507db19138f5bc4065313c1f87,c4ba227e9593faaf28a4ea8e5ec6c93f,2,2,1.0
a7751ca7aa429b41cf9065a425d52aea,ec441c1966bfa602976763f330fc5168,2,2,1.0
09ecbbc6902ae2add46294a42e3a59f1,0d52f8cd8892f109a15803df169113b6,2,2,1.0
4279e2fb7de9c27f439fdb82e4f1281f,5dda09ed137461608be539348c1dac39,2,2,1.0
4f4a4c713a7892d9db23f694fc647d13,a231b02134665d0d59438a0008e6e082,2,2,1.0
03cccac05d316dc60827fa7abedd608e,318dd674b6e789249337a1edca1b0cc1,2,2,1.0
399699e87adec3391203291418de34d1,8418b8ecfc9702b5eacddc5e75a4dcca,2,2,1.0
2a532e879c1278727d9d7001890cd333,5e6ff5789e4d6b6d6f2a801e4da72e7a,2,2,1.0
a6ddea592cbc5da9970a9a9803c07347,ec8cf19822473555370553d399f7a654,2,2,1.0
e225b3c270984a8097a136089a11aea9,e301216623168d227eb0b0a3aabb1e62,2,2,1.0
44a4a7cc2c0e9890778117619bdc7a96,b654c99744f2fa112d4f7a7762ecfdfe,2,2,1.0
3ea35d016eb96bbfede151b359b8da8e,a95a7250342fa968f37ddc74a5199ae6,2,2,1.0
39ae2ab725be4a0db66896735a49dac7,92fc4892f11581ee802e8e2fa4296433,2,2,1.0
357ae7be4a22fee3a22cca59f6b681fc,ce87153ae6d1e210517154ec1057aad5,2,2,1.0
200d8b1f16d0cc9600022fdc99987a7f,5261961eeb22ad480eafeb8829cddacf,2,2,1.0
a4669a28dd126c93ca64ddf49a15e496,a57efc75b64a030eb02c4ebe7f48e45f,2,2,1.0
aab579a39b1b5c223c2e1a4bbf8ff977,e8b4b9cf7e6a2e6e13371f3439a4a1ba,2,2,1.0
06f289b98b5b10b7d7692548624cb616,e0ec2e3c3f6e06839e8fb986be65c7c5,2,2,1.0
6ff4f4fcdadf8410fcae5bad48d7044d,b84dbaedbe3ea55d7cc0894fbea73910,2,2,1.0
cf4935767b14a8312de405de5d5bbdb5,dfbebe96520c2a101d602c7d003764ba,2,2,1.0
02b20b7c813efede140142ac610e36dc,4d1fe8b6f5e9ee044a14467c8b2832b6,2,2,1.0
1a185a8b307a1add1f201001877f6f6c,747a3bde8936cc5b862993e65c1b5a48,2,2,1.0
2c03431d52e6ae4479a2a2310fb2e481,698a9cafcc15cac8cdbaee64adc6efbe,2,2,1.0
2a3f4536e732a04cfad59b6e50c2e925,38dd3f4e8a4cc5e32dd0a4426a1961fa,2,2,1.0
284e36d78d3a3a395cae7fe335fc8371,65290fc39fc326193c8a5b9c71aee62f,2,2,1.0
81db097ffce4bd958cfffeca7c41e301,c4ba227e9593faaf28a4ea8e5ec6c93f,2,2,1.0
2c03431d52e6ae4479a2a2310fb2e481,b0b219d68cb80e8440a7fccd3dab3851,2,2,1.0
7647c15a4f2e66304c91fcf86573a2a3,ec8cf19822473555370553d399f7a654,2,2,1.0
0f10d99ee99ca3d0489f2f2169b41ec3,70c976663a07ebfd35d81c6179258391,2,2,1.0
2708339a3f5355f56983737d54fbce59,b84dbaedbe3ea55d7cc0894fbea73910,2,2,1.0
a4669a28dd126c93ca64ddf49a15e496,bd6c1c99a4f6c28c98927351eb226e80,2,2,1.0
7de1536dfbeaacfb971b48c2c93c16cc,e1015df046a6e086818dc851b65c2392,2,2,1.0
71be782fe7de27253a0a3b8323ab67b8,90635f71a521f2261d8ce0462fa6b72d,2,2,1.0
0ddba04798f1c085d0ca93af0e91f6c1,c4ba227e9593faaf28a4ea8e5ec6c93f,2,2,1.0
5bc738a48bdb9ca1f798d56de2cce84c,d262a1a1abd12ead162803a7a3b00a2c,2,2,1.0
92fc4892f11581ee802e8e2fa4296433,e0ec2e3c3f6e06839e8fb986be65c7c5,2,2,1.0
c4295b913119b04f3c9d28a7bfd524f1,e1015df046a6e086818dc851b65c2392,2,2,1.0
5b40b6d003822b8ff229a910784fe4e5,7f0a32f4af1dd3e5f0c45a633ace40ba,2,2,1.0
ea77749bef0ca28ab93f391cda660f71,f64075e7fa628bdc6c3e7c3108d7c624,2,2,1.0
237dfb57ee5ac9e68310bfd4bd816149,c4ba227e9593faaf28a4ea8e5ec6c93f,2,2,1.0
69333c9b0482a31b66b050c1c62f8cec,87edab45c7b7068800caa444e90bf164,2,2,1.0
4f4a4c713a7892d9db23f694fc647d13,f64075e7fa628bdc6c3e7c3108d7c624,2,2,1.0
0570089e1e1b3cf57b7f7d545cb204aa,06c0ea6ee892364d1608ee47aa9f56a0,2,2,1.0
81db097ffce4bd958cfffeca7c41e301,aab579a39b1b5c223c2e1a4bbf8ff977,2,2,1.0
5e6ff5789e4d6b6d6f2a801e4da72e7a,d535471db72095137da93810c98af688,2,2,1.0
1e6b20395bc9690fe6735e6b6e0d2791,3052fa07cdb3c836b158402ea4ee6fb8,2,2,1.0
b2b114ecefe93aa93d0f2bdd14ac8f84,da0db337ede939840c3b01ee64616282,2,2,1.0
22d64c509a1b9ce57345c62df274e772,5cdb73d2cb4862f0ca6436884e34b3a3,2,2,1.0
750550f1fbf777d9383acb856bc593dd,b410d7fd96e7ff12af1d2f87aae875a8,2,2,1.0
210bec49b9e200df48dd3f31310d606e,4f4a4c713a7892d9db23f694fc647d13,2,2,1.0
7228928ea2429a6e7ccd7efd24789266,763537fbd8173d949ea5b3da1d1461b7,2,2,1.0
0e05e2706e1dced2a98f116344db4825,3279f77315e1f85892d965c2e0418225,2,2,1.0
4f4a4c713a7892d9db23f694fc647d13,cf4935767b14a8312de405de5d5bbdb5,2,2,1.0
8dc10e9acb420db970e64b4c99cba7ec,a8953e3d7677addada63eee79b91e7ff,2,2,1.0
5dda09ed137461608be539348c1dac39,87a305c45891600e0244ee26c0bf1fa9,2,2,1.0
318dd674b6e789249337a1edca1b0cc1,a6ddea592cbc5da9970a9a9803c07347,2,2,1.0
1e51a6a24372a8bedea3519f13f80e91,507d34ab7a9f465f7a023cf256e524da,2,2,1.0
158ff08f9b1aeebfa96820580f3877a6,d535471db72095137da93810c98af688,2,2,1.0
5e6ff5789e4d6b6d6f2a801e4da72e7a,b7741f7ec50ab6bcd52ab08ea8f214d9,2,2,1.0
16f8c97e3a58560cfd64cff33dd78515,5182c0939da37d2f3acd9f2fb8b60d4f,2,2,1.0
424240fab0548ed808dcde95ea7e1661,a9ad87d8be80f58819a2f5872e17d6be,2,2,1.0
06f289b98b5b10b7d7692548624cb616,fb5e89c121d9569d1a58e0afb54da971,2,2,1.0
237dfb57ee5ac9e68310bfd4bd816149,aab579a39b1b5c223c2e1a4bbf8ff977,2,2,1.0
eed42da7ee2f3ce26ab52758e63d855f,fb5e89c121d9569d1a58e0afb54da971,2,2,1.0
5261961eeb22ad480eafeb8829cddacf,dfbebe96520c2a101d602c7d003764ba,2,2,1.0
a4669a28dd126c93ca64ddf49a15e496,bf257f507db19138f5bc4065313c1f87,2,2,1.0
16f8c97e3a58560cfd64cff33dd78515,3ad84abcfa9a58f9ede403889421500b,2,2,1.0
02b20b7c813efede140142ac610e36dc,750550f1fbf777d9383acb856bc593dd,2,2,1.0
4fcf56f1cf3d583a0cec41f7f523a852,fc8039a2b1963ca28dffe5dc886fa5c3,2,2,1.0
4f4a4c713a7892d9db23f694fc647d13,91da289fa4deba62c108246d150a8f4e,2,2,1.0
4f4a4c713a7892d9db23f694fc647d13,bd6c1c99a4f6c28c98927351eb226e80,2,2,1.0
3e5dd5efb71f831fffee3735c9e41e87,e301216623168d227eb0b0a3aabb1e62,2,2,1.0
1e6b20395bc9690fe6735e6b6e0d2791,e1015df046a6e086818dc851b65c2392,2,2,1.0
6d9cdc2c73e65c443351811fb9039bfa,e8b4b9cf7e6a2e6e13371f3439a4a1ba,2,2,1.0
c4ba227e9593faaf28a4ea8e5ec6c93f,f64075e7fa628bdc6c3e7c3108d7c624,2,2,1.0
158ff08f9b1aeebfa96820580f3877a6,b7741f7ec50ab6bcd52ab08ea8f214d9,2,2,1.0
78c5f76b60a3a2588635aadc70e34df7,ec99f30f38afadbfbae32d5883734ded,2,2,1.0
200d8b1f16d0cc9600022fdc99987a7f,aebd72416330dcdb02e8d478fd81c9f6,2,2,1.0
4e32c2752aeaa8d8b99da2b145a1c826,6d9cdc2c73e65c443351811fb9039bfa,2,2,1.0
7de1536dfbeaacfb971b48c2c93c16cc,9f5b78334246addf67c6b0545bc7dd2b,2,2,1.0
0ddba04798f1c085d0ca93af0e91f6c1,be4eb163762cf164f26f81021c4a5e97,2,2,1.0
5182c0939da37d2f3acd9f2fb8b60d4f,e1015df046a6e086818dc851b65c2392,2,2,1.0
92fc4892f11581ee802e8e2fa4296433,fb5e89c121d9569d1a58e0afb54da971,2,2,1.0
1208c8555f90541f4ca397baeb16a26d,cb5c545d96f39390b7f372aaa88c4a7e,2,2,1.0
5dda09ed137461608be539348c1dac39,a57efc75b64a030eb02c4ebe7f48e45f,2,2,1.0
7de1536dfbeaacfb971b48c2c93c16cc,9ccd3694bf9d11a53846dcc5c105e7b6,2,2,1.0
02fbe4db886eb98774c8ba300d39fa79,7d834f25bc4e9c7905f9e31e1c94c51b,2,2,1.0
318dd674b6e789249337a1edca1b0cc1,48c1b34a2d23e13b8967caa478d9c428,2,2,1.0
357ae7be4a22fee3a22cca59f6b681fc,5e6ff5789e4d6b6d6f2a801e4da72e7a,2,2,1.0
3052fa07cdb3c836b158402ea4ee6fb8,a6ddea592cbc5da9970a9a9803c07347,2,2,1.0
2a532e879c1278727d9d7001890cd333,4d1fe8b6f5e9ee044a14467c8b2832b6,2,2,1.0
399699e87adec3391203291418de34d1,87a305c45891600e0244ee26c0bf1fa9,2,2,1.0
7de1536dfbeaacfb971b48c2c93c16cc,8b88f64495d95d12a12c0d71534d0faa,2,2,1.0
698a9cafcc15cac8cdbaee64adc6efbe,e301216623168d227eb0b0a3aabb1e62,2,2,1.0
c4ba227e9593faaf28a4ea8e5ec6c93f,cf4935767b14a8312de405de5d5bbdb5,2,2,1.0
88a830a14a479075c655c2f9d3ba3934,fe1a0586d9ca0876528af23f3219ce3b,2,2,1.0
59deaa85810b3c3af6536e02d782a90c,b2b114ecefe93aa93d0f2bdd14ac8f84,2,2,1.0
4279e2fb7de9c27f439fdb82e4f1281f,6ff4f4fcdadf8410fcae5bad48d7044d,2,2,1.0
237dfb57ee5ac9e68310bfd4bd816149,be4eb163762cf164f26f81021c4a5e97,2,2,1.0
399699e87adec3391203291418de34d1,f64075e7fa628bdc6c3e7c3108d7c624,2,2,1.0
5dda09ed137461608be539348c1dac39,91da289fa4deba62c108246d150a8f4e,2,2,1.0
5dda09ed137461608be539348c1dac39,bd6c1c99a4f6c28c98927351eb226e80,2,2,1.0
507d34ab7a9f465f7a023cf256e524da,d46f0f655659cbeb210db2a746b2554f,2,2,1.0
aab579a39b1b5c223c2e1a4bbf8ff977,ea77749bef0ca28ab93f391cda660f71,2,2,1.0
763537fbd8173d949ea5b3da1d1461b7,8d174d46566bd4824dea80be4d00a2ce,2,2,1.0
8418b8ecfc9702b5eacddc5e75a4dcca,aebd72416330dcdb02e8d478fd81c9f6,2,2,1.0
8ef9add628931053f28350c0ad4bc7f7,ec99f30f38afadbfbae32d5883734ded,2,2,1.0
3af5f7534be6d2d2d81562ee1dc98af2,8dc10e9acb420db970e64b4c99cba7ec,2,2,1.0
3af5f7534be6d2d2d81562ee1dc98af2,4e32c2752aeaa8d8b99da2b145a1c826,2,2,1.0
3ad84abcfa9a58f9ede403889421500b,7e69734dad7cfcbe95aa59f38095057d,2,2,1.0
158ff08f9b1aeebfa96820580f3877a6,9cb94124fb0fda10d04fccc5477573b6,2,2,1.0
78c5f76b60a3a2588635aadc70e34df7,ee9d97a7d28183a3d93aefb807e48524,2,2,1.0
399699e87adec3391203291418de34d1,a57efc75b64a030eb02c4ebe7f48e45f,2,2,1.0
3052fa07cdb3c836b158402ea4ee6fb8,48c1b34a2d23e13b8967caa478d9c428,2,2,1.0
5518a112dff474788c0d52cd4688acff,ab654ea423caf4fd8644891d185c3fc9,2,2,1.0
6ff4f4fcdadf8410fcae5bad48d7044d,a8953e3d7677addada63eee79b91e7ff,2,2,1.0
7b32049d8495d56c8b27eae575921a60,b65b4e0ccf23f096b3eb8bce350a400a,2,2,1.0
65d7c0904b51f5b432e71a14b25121dc,e8fee231a8a4901e2b0b5a2324eb1405,2,2,1.0
2708339a3f5355f56983737d54fbce59,a8953e3d7677addada63eee79b91e7ff,2,2,1.0
399699e87adec3391203291418de34d1,91da289fa4deba62c108246d150a8f4e,2,2,1.0
3052fa07cdb3c836b158402ea4ee6fb8,7e69734dad7cfcbe95aa59f38095057d,2,2,1.0
6ff4f4fcdadf8410fcae5bad48d7044d,81db097ffce4bd958cfffeca7c41e301,2,2,1.0
7b32049d8495d56c8b27eae575921a60,fda3a3eb3370c1295a4fc3f6cd3d7604,2,2,1.0
a231b02134665d0d59438a0008e6e082,c4ba227e9593faaf28a4ea8e5ec6c93f,2,2,1.0
399699e87adec3391203291418de34d1,bd6c1c99a4f6c28c98927351eb226e80,2,2,1.0
397017a63f9c38e08a205d660a5d3019,b27739502aee0eb80a4699f471027da2,2,2,1.0
97ba9c6276256eca910e8d36e78abfa8,dfbebe96520c2a101d602c7d003764ba,2,2,1.0
aab579a39b1b5c223c2e1a4bbf8ff977,e225b3c270984a8097a136089a11aea9,2,2,1.0
4d46468a975352fcca7ab6e1d828fea8,e49047a4c83acc67477aea24e68e0d10,2,2,1.0
1e6b20395bc9690fe6735e6b6e0d2791,9f5b78334246addf67c6b0545bc7dd2b,2,2,1.0
28e3b4a14a28881ebbdf5384e004d6fb,d9752ac494a2b97507fd2faa478cabd9,2,2,1.0
02b20b7c813efede140142ac610e36dc,70c976663a07ebfd35d81c6179258391,2,2,1.0
b84dbaedbe3ea55d7cc0894fbea73910,f64075e7fa628bdc6c3e7c3108d7c624,2,2,1.0
3578707d5fbfaaad05a3862a179bf76d,c4ba227e9593faaf28a4ea8e5ec6c93f,2,2,1.0
cf4935767b14a8312de405de5d5bbdb5,e301216623168d227eb0b0a3aabb1e62,2,2,1.0
200d8b1f16d0cc9600022fdc99987a7f,b84dbaedbe3ea55d7cc0894fbea73910,2,2,1.0
c4a5dbcdc7c33758cf5efff999c6203c,d46f0f655659cbeb210db2a746b2554f,2,2,1.0
1f17641a9f9ad86c56fa3f3401102857,d8cc3231a8eda4409875bb69bb91f594,2,2,1.0
318dd674b6e789249337a1edca1b0cc1,9a56d30e286ddea1374c143d111de34d,2,2,1.0
210bec49b9e200df48dd3f31310d606e,3af5f7534be6d2d2d81562ee1dc98af2,2,2,1.0
2708339a3f5355f56983737d54fbce59,81db097ffce4bd958cfffeca7c41e301,2,2,1.0
5182c0939da37d2f3acd9f2fb8b60d4f,9f5b78334246addf67c6b0545bc7dd2b,2,2,1.0
6e6fdec52c6dbf58721bf7a4eaf5b679,7973a6ba9c81ecaeb3d628c33c7c7c48,2,2,1.0
55bea30cd78db302debc515e81a851d4,8fe4f9a0d6a47babbd498127a9109bd1,2,2,1.0
4fcf56f1cf3d583a0cec41f7f523a852,da0db337ede939840c3b01ee64616282,2,2,1.0
d792207a143bca423ba1685b30e34557,f64075e7fa628bdc6c3e7c3108d7c624,2,2,1.0
5dda09ed137461608be539348c1dac39,bf257f507db19138f5bc4065313c1f87,2,2,1.0
5182c0939da37d2f3acd9f2fb8b60d4f,9ccd3694bf9d11a53846dcc5c105e7b6,2,2,1.0
1412559410af5e92c35e053fd6acd006,158ff08f9b1aeebfa96820580f3877a6,2,2,1.0
7973a6ba9c81ecaeb3d628c33c7c7c48,e8fee231a8a4901e2b0b5a2324eb1405,2,2,1.0
ae8482b27b2119e2c3278f5ddf9c1024,fd46f99e9913ddee8a6ce5f91d65cf09,2,2,1.0
2a532e879c1278727d9d7001890cd333,750550f1fbf777d9383acb856bc593dd,2,2,1.0
5e6ff5789e4d6b6d6f2a801e4da72e7a,a7751ca7aa429b41cf9065a425d52aea,2,2,1.0
2c03431d52e6ae4479a2a2310fb2e481,6d9cdc2c73e65c443351811fb9039bfa,2,2,1.0
5182c0939da37d2f3acd9f2fb8b60d4f,8b88f64495d95d12a12c0d71534d0faa,2,2,1.0
aab579a39b1b5c223c2e1a4bbf8ff977,aebd72416330dcdb02e8d478fd81c9f6,2,2,1.0
b84dbaedbe3ea55d7cc0894fbea73910,cf4935767b14a8312de405de5d5bbdb5,2,2,1.0
2708339a3f5355f56983737d54fbce59,65942a39d31e4aa627f0f65e0298ba2f,2,2,1.0
3ad84abcfa9a58f9ede403889421500b,9a56d30e286ddea1374c143d111de34d,2,2,1.0
3af5f7534be6d2d2d81562ee1dc98af2,ea77749bef0ca28ab93f391cda660f71,2,2,1.0
27259fad9054fce994a70f1d117bc402,8fe4f9a0d6a47babbd498127a9109bd1,2,2,1.0
59deaa85810b3c3af6536e02d782a90c,c6e6c968421911e3975a6f7160a1d4b6,2,2,1.0
02b20b7c813efede140142ac610e36dc,5ebd246be48ec18bf3859966284333f8,2,2,1.0
34c7e58f5db5eedd271166b131e8febd,d531c1aedd13d2744fb99daac056bedd,2,2,1.0
3578707d5fbfaaad05a3862a179bf76d,aab579a39b1b5c223c2e1a4bbf8ff977,2,2,1.0
85189d642c11e7090cb2f72fed68ea42,fb8038205a1b4f9a90cb981e074e9be2,2,2,1.0
45fd1f20d58a364a552cfecccfa78935,66a0e4ae01e565ad721e85f287a2315e,2,2,1.0
8418b8ecfc9702b5eacddc5e75a4dcca,b84dbaedbe3ea55d7cc0894fbea73910,2,2,1.0
45fd1f20d58a364a552cfecccfa78935,4fcf56f1cf3d583a0cec41f7f523a852,2,2,1.0
2708339a3f5355f56983737d54fbce59,6d9cdc2c73e65c443351811fb9039bfa,2,2,1.0
2ecb8546a5c0ea3c74dfa8b77a321370,3fdd5f758dedbccffc537354946aa3b6,2,2,1.0
5733010674adc0076bd5d41eb3703955,7d834f25bc4e9c7905f9e31e1c94c51b,2,2,1.0
5ebd246be48ec18bf3859966284333f8,e6f18fab493c0bdc553eafd9b66cb5f2,2,2,1.0
0d52f8cd8892f109a15803df169113b6,fd46f99e9913ddee8a6ce5f91d65cf09,2,2,1.0
3052fa07cdb3c836b158402ea4ee6fb8,9a56d30e286ddea1374c143d111de34d,2,2,1.0
8ef9add628931053f28350c0ad4bc7f7,eed42da7ee2f3ce26ab52758e63d855f,2,2,1.0
5277f2c18bae9ff7f93aa8118ace6e03,65d7c0904b51f5b432e71a14b25121dc,2,2,1.0
16d185a0b670f133ae3c1d737185cb4b,962f59f16192af55bb1832221274ad74,2,2,1.0
66d5f99377fe9807805f089baa65c715,da0db337ede939840c3b01ee64616282,2,2,1.0
399699e87adec3391203291418de34d1,bf257f507db19138f5bc4065313c1f87,2,2,1.0
9f5b78334246addf67c6b0545bc7dd2b,e1015df046a6e086818dc851b65c2392,2,2,1.0
357ae7be4a22fee3a22cca59f6b681fc,4d1fe8b6f5e9ee044a14467c8b2832b6,2,2,1.0
3af5f7534be6d2d2d81562ee1dc98af2,e225b3c270984a8097a136089a11aea9,2,2,1.0
a231b02134665d0d59438a0008e6e082,be4eb163762cf164f26f81021c4a5e97,2,2,1.0
5dda09ed137461608be539348c1dac39,90c312d2299d36c16bbaa3d717b3dfba,2,2,1.0
237dfb57ee5ac9e68310bfd4bd816149,4f4a4c713a7892d9db23f694fc647d13,2,2,1.0
5261961eeb22ad480eafeb8829cddacf,e301216623168d227eb0b0a3aabb1e62,2,2,1.0
2136a45b6c2f821dfdc5149c045b3fdd,d531c1aedd13d2744fb99daac056bedd,2,2,1.0
5a6b37816cefa8497b74b1ef78dbb202,9ccfff93c79f3dd996cce15f26480c5b,2,2,1.0
760aa83faf9321a80f455369d7339a0a,f46971f1ac7b376b668114a027c98e78,2,2,1.0
aab579a39b1b5c223c2e1a4bbf8ff977,b84dbaedbe3ea55d7cc0894fbea73910,2,2,1.0
0063817060d662048ed08bccecaf45d5,46a84f706aa22bdb63379610a77af307,2,2,1.0
2a532e879c1278727d9d7001890cd333,70c976663a07ebfd35d81c6179258391,2,2,1.0
9a2344afe2d1a43559906bd456567a9b,e6f18fab493c0bdc553eafd9b66cb5f2,2,2,1.0
5e6ff5789e4d6b6d6f2a801e4da72e7a,ec441c1966bfa602976763f330fc5168,2,2,1.0
03cccac05d316dc60827fa7abedd608e,3ad84abcfa9a58f9ede403889421500b,2,2,1.0
080a538ba865739bd97c3ffd9e71bcf0,e6f18fab493c0bdc553eafd9b66cb5f2,2,2,1.0
aab579a39b1b5c223c2e1a4bbf8ff977,b0b219d68cb80e8440a7fccd3dab3851,2,2,1.0
7989d259bdf69447ee8e00970c3f3228,ae4040757eb5b3be43a7c0ea27260d50,2,2,1.0
065938485846aa5adc196cb536de42e0,66a0e4ae01e565ad721e85f287a2315e,2,2,1.0
9f5b78334246addf67c6b0545bc7dd2b,c4295b913119b04f3c9d28a7bfd524f1,2,2,1.0
a4669a28dd126c93ca64ddf49a15e496,aab579a39b1b5c223c2e1a4bbf8ff977,2,2,1.0
55bea30cd78db302debc515e81a851d4,a676674630bb75afa401d173d691473e,2,2,1.0
065938485846aa5adc196cb536de42e0,4fcf56f1cf3d583a0cec41f7f523a852,2,2,1.0
399699e87adec3391203291418de34d1,90c312d2299d36c16bbaa3d717b3dfba,2,2,1.0
1e6b20395bc9690fe6735e6b6e0d2791,318dd674b6e789249337a1edca1b0cc1,2,2,1.0
65942a39d31e4aa627f0f65e0298ba2f,97ba9c6276256eca910e8d36e78abfa8,2,2,1.0
e301216623168d227eb0b0a3aabb1e62,f64075e7fa628bdc6c3e7c3108d7c624,2,2,1.0
9a56d30e286ddea1374c143d111de34d,ae4040757eb5b3be43a7c0ea27260d50,2,2,1.0
c7b4749501147c8b69fd551ac98b3a6e,e03684ee60e4f8113ddbe25a1a33d4a3,2,2,1.0
4f4a4c713a7892d9db23f694fc647d13,d792207a143bca423ba1685b30e34557,2,2,1.0
27259fad9054fce994a70f1d117bc402,a676674630bb75afa401d173d691473e,2,2,1.0
6746118163577769f5bad6a82a0b0790,87edab45c7b7068800caa444e90bf164,2,2,1.0
158ff08f9b1aeebfa96820580f3877a6,ec441c1966bfa602976763f330fc5168,2,2,1.0
ec99f30f38afadbfbae32d5883734ded,eed42da7ee2f3ce26ab52758e63d855f,2,2,1.0
4fcf56f1cf3d583a0cec41f7f523a852,59deaa85810b3c3af6536e02d782a90c,2,2,1.0
1803287d1e7138aec6ea9d3c963ed87d,ef3e32f1b8658891add797672f995cc5,2,2,1.0
2a532e879c1278727d9d7001890cd333,5ebd246be48ec18bf3859966284333f8,2,2,1.0
02fbe4db886eb98774c8ba300d39fa79,b463aa86422087e97281b2787590fb0d,2,2,1.0
b2b114ecefe93aa93d0f2bdd14ac8f84,c0fc2e3595c750de75d36e7db9399e83,2,2,1.0
5277f2c18bae9ff7f93aa8118ace6e03,df9bd60da4a8f8945d2b862aebd3d418,2,2,1.0
1e6b20395bc9690fe6735e6b6e0d2791,7de1536dfbeaacfb971b48c2c93c16cc,2,2,1.0
357ae7be4a22fee3a22cca59f6b681fc,750550f1fbf777d9383acb856bc593dd,2,2,1.0
200d8b1f16d0cc9600022fdc99987a7f,a8953e3d7677addada63eee79b91e7ff,2,2,1.0
6d9cdc2c73e65c443351811fb9039bfa,be4eb163762cf164f26f81021c4a5e97,2,2,1.0
39ae2ab725be4a0db66896735a49dac7,e0ec2e3c3f6e06839e8fb986be65c7c5,2,2,1.0
06f289b98b5b10b7d7692548624cb616,78c5f76b60a3a2588635aadc70e34df7,2,2,1.0
a13d3e08e93017d233c021a49d9a2c54,cf004a37244a84e6569ae75d1efa7149,2,2,1.0
2708339a3f5355f56983737d54fbce59,5dda09ed137461608be539348c1dac39,2,2,1.0
3c08b0cab2334cc5db8c5915ce0d74cc,c0fc2e3595c750de75d36e7db9399e83,2,2,1.0
ae8482b27b2119e2c3278f5ddf9c1024,f46ebdbd5c48c0683980a759b8937912,2,2,1.0
59deaa85810b3c3af6536e02d782a90c,fc8039a2b1963ca28dffe5dc886fa5c3,2,2,1.0
7a4162f7e0c7e245c68f36ccad93afa2,c02c6d51253cabefd33f927d7f943ea7,2,2,1.0
200d8b1f16d0cc9600022fdc99987a7f,81db097ffce4bd958cfffeca7c41e301,2,2,1.0
272f7dfe5a6714f61a473c8d2f2862f1,cf004a37244a84e6569ae75d1efa7149,2,2,1.0
750550f1fbf777d9383acb856bc593dd,b7741f7ec50ab6bcd52ab08ea8f214d9,2,2,1.0
90c312d2299d36c16bbaa3d717b3dfba,97ba9c6276256eca910e8d36e78abfa8,2,2,1.0
16f8c97e3a58560cfd64cff33dd78515,1e6b20395bc9690fe6735e6b6e0d2791,2,2,1.0
3af5f7534be6d2d2d81562ee1dc98af2,698a9cafcc15cac8cdbaee64adc6efbe,2,2,1.0
c4ba227e9593faaf28a4ea8e5ec6c93f,d792207a143bca423ba1685b30e34557,2,2,1.0
87a305c45891600e0244ee26c0bf1fa9,97ba9c6276256eca910e8d36e78abfa8,2,2,1.0
3af5f7534be6d2d2d81562ee1dc98af2,b0b219d68cb80e8440a7fccd3dab3851,2,2,1.0
200d8b1f16d0cc9600022fdc99987a7f,65942a39d31e4aa627f0f65e0298ba2f,2,2,1.0
8418b8ecfc9702b5eacddc5e75a4dcca,a8953e3d7677addada63eee79b91e7ff,2,2,1.0
0ddba04798f1c085d0ca93af0e91f6c1,3af5f7534be6d2d2d81562ee1dc98af2,2,2,1.0
4d1fe8b6f5e9ee044a14467c8b2832b6,f30856ad31d3e74253a3f4ccef670648,2,2,1.0
70c976663a07ebfd35d81c6179258391,9a2344afe2d1a43559906bd456567a9b,2,2,1.0
55bea30cd78db302debc515e81a851d4,a95a7250342fa968f37ddc74a5199ae6,2,2,1.0
4f4a4c713a7892d9db23f694fc647d13,e8b4b9cf7e6a2e6e13371f3439a4a1ba,2,2,1.0
b65b4e0ccf23f096b3eb8bce350a400a,df9bd60da4a8f8945d2b862aebd3d418,2,2,1.0
0d52f8cd8892f109a15803df169113b6,f46ebdbd5c48c0683980a759b8937912,2,2,1.0
aaad6d68de5490cba508e4203ddc87de,c735c714dbe80672320182bb48bba3ba,2,2,1.0
3e5a237352ac4b53e1281b9b62efcbcc,c0fc2e3595c750de75d36e7db9399e83,2,2,1.0
5277f2c18bae9ff7f93aa8118ace6e03,d7c6bdf20c4ec9c9cda815dde58e778a,2,2,1.0
91da289fa4deba62c108246d150a8f4e,dfbebe96520c2a101d602c7d003764ba,2,2,1.0
3e5dd5efb71f831fffee3735c9e41e87,c4ba227e9593faaf28a4ea8e5ec6c93f,2,2,1.0
12c380ee1d82a3c375a07a8cd7df1241,d870a06834e68bdc8864f3a9a97e73ec,2,2,1.0
237dfb57ee5ac9e68310bfd4bd816149,3af5f7534be6d2d2d81562ee1dc98af2,2,2,1.0
27259fad9054fce994a70f1d117bc402,a95a7250342fa968f37ddc74a5199ae6,2,2,1.0
399699e87adec3391203291418de34d1,d792207a143bca423ba1685b30e34557,2,2,1.0
3578707d5fbfaaad05a3862a179bf76d,4f4a4c713a7892d9db23f694fc647d13,2,2,1.0
2c03431d52e6ae4479a2a2310fb2e481,4279e2fb7de9c27f439fdb82e4f1281f,2,2,1.0
06f289b98b5b10b7d7692548624cb616,39ae2ab725be4a0db66896735a49dac7,2,2,1.0
bb7a29428a71e286a02f1377d42d6a35,c4a5dbcdc7c33758cf5efff999c6203c,2,2,1.0
5dda09ed137461608be539348c1dac39,aab579a39b1b5c223c2e1a4bbf8ff977,2,2,1.0
7228928ea2429a6e7ccd7efd24789266,c4a0997ebd5dc2e05c2afdd835a002aa,2,2,1.0
6338ba4278cdec01ef48d5b26ae97dbc,840048bff3cbd6d92d97a3816521222e,2,2,1.0
750550f1fbf777d9383acb856bc593dd,9cb94124fb0fda10d04fccc5477573b6,2,2,1.0
698a9cafcc15cac8cdbaee64adc6efbe,c4ba227e9593faaf28a4ea8e5ec6c93f,2,2,1.0
aea1ccbc3f29445178036e658e686eb1,da0db337ede939840c3b01ee64616282,2,2,1.0
86bb795b2c858e2ca3bc6271de923619,d29019c6fe58343d55caeb6f76ae2278,2,2,1.0
39ae2ab725be4a0db66896735a49dac7,fb5e89c121d9569d1a58e0afb54da971,2,2,1.0
66a0e4ae01e565ad721e85f287a2315e,66d5f99377fe9807805f089baa65c715,2,2,1.0
507d34ab7a9f465f7a023cf256e524da,7d2e246c38946e89eda0c9c1288fc0e3,2,2,1.0
7d834f25bc4e9c7905f9e31e1c94c51b,b463aa86422087e97281b2787590fb0d,2,2,1.0
06f289b98b5b10b7d7692548624cb616,e5b6fb6c5e7e4adc25a5e400c0104508,2,2,1.0
0fa3e5721cad691b9594fb89f9805a68,5733010674adc0076bd5d41eb3703955,2,2,1.0
5ebd246be48ec18bf3859966284333f8,b410d7fd96e7ff12af1d2f87aae875a8,2,2,1.0
357ae7be4a22fee3a22cca59f6b681fc,70c976663a07ebfd35d81c6179258391,2,2,1.0
b233915725d368ec61c224efb81ed915,bb7a29428a71e286a02f1377d42d6a35,2,2,1.0
5b2f6d16df47dae251b6808c945f9d54,c6f1e353d1715efcb0273e8e11e228eb,2,2,1.0
3e5dd5efb71f831fffee3735c9e41e87,aab579a39b1b5c223c2e1a4bbf8ff977,2,2,1.0
03d4c28894c1239ca5a6dd6f0c197921,5d77cf4bfc8132075fc589f355875baa,2,2,1.0
289410555e77b17958f6c008359eb524,747a3bde8936cc5b862993e65c1b5a48,2,2,1.0
ae4040757eb5b3be43a7c0ea27260d50,af417df88fa589d65603e559ee80a22c,2,2,1.0
c4ba227e9593faaf28a4ea8e5ec6c93f,e8b4b9cf7e6a2e6e13371f3439a4a1ba,2,2,1.0
5733010674adc0076bd5d41eb3703955,b463aa86422087e97281b2787590fb0d,2,2,1.0
b65b4e0ccf23f096b3eb8bce350a400a,d7c6bdf20c4ec9c9cda815dde58e778a,2,2,1.0
a4669a28dd126c93ca64ddf49a15e496,ea77749bef0ca28ab93f391cda660f71,2,2,1.0
e9fb042476cdddcf08d9537a73107f17,fc94333f2fc94ee80653e648ef08175b,2,2,1.0
698a9cafcc15cac8cdbaee64adc6efbe,aab579a39b1b5c223c2e1a4bbf8ff977,2,2,1.0
b84dbaedbe3ea55d7cc0894fbea73910,d792207a143bca423ba1685b30e34557,2,2,1.0
f46ebdbd5c48c0683980a759b8937912,fd46f99e9913ddee8a6ce5f91d65cf09,2,2,1.0
59deaa85810b3c3af6536e02d782a90c,da0db337ede939840c3b01ee64616282,2,2,1.0
ae4040757eb5b3be43a7c0ea27260d50,e238fba997eec80e48bf8d8689877d89,2,2,1.0
a8953e3d7677addada63eee79b91e7ff,dfbebe96520c2a101d602c7d003764ba,2,2,1.0
080a538ba865739bd97c3ffd9e71bcf0,96d3a3257161c32fe93aea0e38b16515,2,2,1.0
4e32c2752aeaa8d8b99da2b145a1c826,a231b02134665d0d59438a0008e6e082,2,2,1.0
b1392563c59e549bb83fb81ee4a7fdb4,de5f2d4aa1e29e756ca9225b1f157474,2,2,1.0
48c1b34a2d23e13b8967caa478d9c428,e1015df046a6e086818dc851b65c2392,2,2,1.0
3e5dd5efb71f831fffee3735c9e41e87,be4eb163762cf164f26f81021c4a5e97,2,2,1.0
7a1751f98e25f665fc0130c7b001e18f,d7c6bdf20c4ec9c9cda815dde58e778a,2,2,1.0
7e69734dad7cfcbe95aa59f38095057d,9f5b78334246addf67c6b0545bc7dd2b,2,2,1.0
4f4a4c713a7892d9db23f694fc647d13,5261961eeb22ad480eafeb8829cddacf,2,2,1.0
0fa3e5721cad691b9594fb89f9805a68,b4da3c8deec3e1c31023d39ba20bb40e,2,2,1.0
70c976663a07ebfd35d81c6179258391,e6f18fab493c0bdc553eafd9b66cb5f2,2,2,1.0
4279e2fb7de9c27f439fdb82e4f1281f,e301216623168d227eb0b0a3aabb1e62,2,2,1.0
45fd1f20d58a364a552cfecccfa78935,b2b114ecefe93aa93d0f2bdd14ac8f84,2,2,1.0
8dc10e9acb420db970e64b4c99cba7ec,a231b02134665d0d59438a0008e6e082,2,2,1.0
a4669a28dd126c93ca64ddf49a15e496,e225b3c270984a8097a136089a11aea9,2,2,1.0
97ba9c6276256eca910e8d36e78abfa8,e8b4b9cf7e6a2e6e13371f3439a4a1ba,2,2,1.0
1803287d1e7138aec6ea9d3c963ed87d,e0ec2e3c3f6e06839e8fb986be65c7c5,2,2,1.0
5dda09ed137461608be539348c1dac39,8dc10e9acb420db970e64b4c99cba7ec,2,2,1.0
c0140285255813aa0830caed71942ed5,d419aaf930662d4df4ee988b75b9123c,2,2,1.0
be4eb163762cf164f26f81021c4a5e97,e301216623168d227eb0b0a3aabb1e62,2,2,1.0
a7751ca7aa429b41cf9065a425d52aea,e6f18fab493c0bdc553eafd9b66cb5f2,2,2,1.0
961ca706a9f7e9d6a4ba81922cde9730,c0fc2e3595c750de75d36e7db9399e83,2,2,1.0
9a2344afe2d1a43559906bd456567a9b,b410d7fd96e7ff12af1d2f87aae875a8,2,2,1.0
e8569c57efe3adf347b3e92ec04d1f91,fa0cf5b25732a933725b83d2f716000a,2,2,1.0
65942a39d31e4aa627f0f65e0298ba2f,a231b02134665d0d59438a0008e6e082,2,2,1.0
2708339a3f5355f56983737d54fbce59,6ff4f4fcdadf8410fcae5bad48d7044d,2,2,1.0
080a538ba865739bd97c3ffd9e71bcf0,b410d7fd96e7ff12af1d2f87aae875a8,2,2,1.0
1e51a6a24372a8bedea3519f13f80e91,38c82315266557c3d9c4312643d1717c,2,2,1.0
4fcf56f1cf3d583a0cec41f7f523a852,961ca706a9f7e9d6a4ba81922cde9730,2,2,1.0
66a0e4ae01e565ad721e85f287a2315e,892a397bf8506b6c30355f3fc1338900,2,2,1.0
210bec49b9e200df48dd3f31310d606e,a4669a28dd126c93ca64ddf49a15e496,2,2,1.0
28e3b4a14a28881ebbdf5384e004d6fb,3052fa07cdb3c836b158402ea4ee6fb8,2,2,1.0
75bbb6b481a1df1689bb769e63ec3acb,ec99f30f38afadbfbae32d5883734ded,2,2,1.0
66d5f99377fe9807805f089baa65c715,c0fc2e3595c750de75d36e7db9399e83,2,2,1.0
200d8b1f16d0cc9600022fdc99987a7f,5dda09ed137461608be539348c1dac39,2,2,1.0
28e3b4a14a28881ebbdf5384e004d6fb,7e69734dad7cfcbe95aa59f38095057d,2,2,1.0
b84dbaedbe3ea55d7cc0894fbea73910,e8b4b9cf7e6a2e6e13371f3439a4a1ba,2,2,1.0
66a0e4ae01e565ad721e85f287a2315e,aea1ccbc3f29445178036e658e686eb1,2,2,1.0
70755e5b9df5988f592f3dec6279f1be,ef3e32f1b8658891add797672f995cc5,2,2,1.0
48c1b34a2d23e13b8967caa478d9c428,c4295b913119b04f3c9d28a7bfd524f1,2,2,1.0
7a1751f98e25f665fc0130c7b001e18f,e8fee231a8a4901e2b0b5a2324eb1405,2,2,1.0
d792207a143bca423ba1685b30e34557,e8b4b9cf7e6a2e6e13371f3439a4a1ba,2,2,1.0
399699e87adec3391203291418de34d1,8dc10e9acb420db970e64b4c99cba7ec,2,2,1.0
9cb94124fb0fda10d04fccc5477573b6,a7751ca7aa429b41cf9065a425d52aea,2,2,1.0
4e32c2752aeaa8d8b99da2b145a1c826,f64075e7fa628bdc6c3e7c3108d7c624,2,2,1.0
399699e87adec3391203291418de34d1,4e32c2752aeaa8d8b99da2b145a1c826,2,2,1.0
3578707d5fbfaaad05a3862a179bf76d,3af5f7534be6d2d2d81562ee1dc98af2,2,2,1.0
7989d259bdf69447ee8e00970c3f3228,ec8cf19822473555370553d399f7a654,2,2,1.0
2ecb8546a5c0ea3c74dfa8b77a321370,b4324bf24671bd5c4ebfcd2a8c639e86,2,2,1.0
d535471db72095137da93810c98af688,f30856ad31d3e74253a3f4ccef670648,2,2,1.0
210bec49b9e200df48dd3f31310d606e,97ba9c6276256eca910e8d36e78abfa8,2,2,1.0
e89bab624ed1d8c75012bf52bacc654c,ef3e32f1b8658891add797672f995cc5,2,2,1.0
90c312d2299d36c16bbaa3d717b3dfba,a231b02134665d0d59438a0008e6e082,2,2,1.0
39ae2ab725be4a0db66896735a49dac7,70755e5b9df5988f592f3dec6279f1be,2,2,1.0
5dda09ed137461608be539348c1dac39,ea77749bef0ca28ab93f391cda660f71,2,2,1.0
2666a61d9b5755651665549f80bb3450,fb0e46dc6bf9064d27702ba51c66e8ae,2,2,1.0
4e32c2752aeaa8d8b99da2b145a1c826,cf4935767b14a8312de405de5d5bbdb5,2,2,1.0
4f4a4c713a7892d9db23f694fc647d13,e225b3c270984a8097a136089a11aea9,2,2,1.0
65942a39d31e4aa627f0f65e0298ba2f,f64075e7fa628bdc6c3e7c3108d7c624,2,2,1.0
5261961eeb22ad480eafeb8829cddacf,c4ba227e9593faaf28a4ea8e5ec6c93f,2,2,1.0
48c1b34a2d23e13b8967caa478d9c428,9ccd3694bf9d11a53846dcc5c105e7b6,2,2,1.0
87a305c45891600e0244ee26c0bf1fa9,a231b02134665d0d59438a0008e6e082,2,2,1.0
3af5f7534be6d2d2d81562ee1dc98af2,6d9cdc2c73e65c443351811fb9039bfa,2,2,1.0
1412559410af5e92c35e053fd6acd006,ce87153ae6d1e210517154ec1057aad5,2,2,1.0
af417df88fa589d65603e559ee80a22c,e238fba997eec80e48bf8d8689877d89,2,2,1.0
065938485846aa5adc196cb536de42e0,b2b114ecefe93aa93d0f2bdd14ac8f84,2,2,1.0
1803287d1e7138aec6ea9d3c963ed87d,fb5e89c121d9569d1a58e0afb54da971,2,2,1.0
96b482d81d31251add90a9fe63fbbcec,c4a5dbcdc7c33758cf5efff999c6203c,2,2,1.0
48c1b34a2d23e13b8967caa478d9c428,8b88f64495d95d12a12c0d71534d0faa,2,2,1.0
2c03431d52e6ae4479a2a2310fb2e481,a231b02134665d0d59438a0008e6e082,2,2,1.0
91da289fa4deba62c108246d150a8f4e,e301216623168d227eb0b0a3aabb1e62,2,2,1.0
c4ba227e9593faaf28a4ea8e5ec6c93f,ea77749bef0ca28ab93f391cda660f71,2,2,1.0
8dc10e9acb420db970e64b4c99cba7ec,dfbebe96520c2a101d602c7d003764ba,2,2,1.0
28e3b4a14a28881ebbdf5384e004d6fb,9a56d30e286ddea1374c143d111de34d,2,2,1.0
2c03431d52e6ae4479a2a2310fb2e481,3578707d5fbfaaad05a3862a179bf76d,2,2,1.0
7647c15a4f2e66304c91fcf86573a2a3,7e69734dad7cfcbe95aa59f38095057d,2,2,1.0
318dd674b6e789249337a1edca1b0cc1,ae4040757eb5b3be43a7c0ea27260d50,2,2,1.0
65942a39d31e4aa627f0f65e0298ba2f,cf4935767b14a8312de405de5d5bbdb5,2,2,1.0
4f4a4c713a7892d9db23f694fc647d13,aebd72416330dcdb02e8d478fd81c9f6,2,2,1.0
318dd674b6e789249337a1edca1b0cc1,7647c15a4f2e66304c91fcf86573a2a3,2,2,1.0
65942a39d31e4aa627f0f65e0298ba2f,a57efc75b64a030eb02c4ebe7f48e45f,2,2,1.0
ab6a9070b1a32a6ded0bf6410399ab55,fb8038205a1b4f9a90cb981e074e9be2,2,2,1.0
65d7c0904b51f5b432e71a14b25121dc,7b32049d8495d56c8b27eae575921a60,2,2,1.0
b0b219d68cb80e8440a7fccd3dab3851,dfbebe96520c2a101d602c7d003764ba,2,2,1.0
5dda09ed137461608be539348c1dac39,e225b3c270984a8097a136089a11aea9,2,2,1.0
6a41171c962a6356e8ea95518821dd45,863c9a8df992728d25a783b95471b674,2,2,1.0
9a56d30e286ddea1374c143d111de34d,af417df88fa589d65603e559ee80a22c,2,2,1.0
3ad84abcfa9a58f9ede403889421500b,ae4040757eb5b3be43a7c0ea27260d50,2,2,1.0
399699e87adec3391203291418de34d1,ea77749bef0ca28ab93f391cda660f71,2,2,1.0
0d60ae009e0cfd8b0c96aa47625f20a4,8d174d46566bd4824dea80be4d00a2ce,2,2,1.0
75bbb6b481a1df1689bb769e63ec3acb,eed42da7ee2f3ce26ab52758e63d855f,2,2,1.0
65942a39d31e4aa627f0f65e0298ba2f,91da289fa4deba62c108246d150a8f4e,2,2,1.0
507d34ab7a9f465f7a023cf256e524da,c4a5dbcdc7c33758cf5efff999c6203c,2,2,1.0
a4669a28dd126c93ca64ddf49a15e496,b0b219d68cb80e8440a7fccd3dab3851,2,2,1.0
d7c6bdf20c4ec9c9cda815dde58e778a,e8fee231a8a4901e2b0b5a2324eb1405,2,2,1.0
65942a39d31e4aa627f0f65e0298ba2f,bd6c1c99a4f6c28c98927351eb226e80,2,2,1.0
1e6b20395bc9690fe6735e6b6e0d2791,5182c0939da37d2f3acd9f2fb8b60d4f,2,2,1.0
be4eb163762cf164f26f81021c4a5e97,bf257f507db19138f5bc4065313c1f87,2,2,1.0
c4ba227e9593faaf28a4ea8e5ec6c93f,e225b3c270984a8097a136089a11aea9,2,2,1.0
3e5dd5efb71f831fffee3735c9e41e87,4f4a4c713a7892d9db23f694fc647d13,2,2,1.0
e5b6fb6c5e7e4adc25a5e400c0104508,ef3e32f1b8658891add797672f995cc5,2,2,1.0
3411eba8bec9143a5c999f80226aaa5e,c2420179b6e09b39bd84ab44ec412a51,2,2,1.0
8b88f64495d95d12a12c0d71534d0faa,d9752ac494a2b97507fd2faa478cabd9,2,2,1.0
1f17641a9f9ad86c56fa3f3401102857,45fd1f20d58a364a552cfecccfa78935,2,2,1.0
90c312d2299d36c16bbaa3d717b3dfba,f64075e7fa628bdc6c3e7c3108d7c624,2,2,1.0
1e6b20395bc9690fe6735e6b6e0d2791,3ad84abcfa9a58f9ede403889421500b,2,2,1.0
7a5a23b53277ee5e9d10a9d4b6a3b462,9099c659f8cd764e87a1482d258fcec9,2,2,1.0
3052fa07cdb3c836b158402ea4ee6fb8,ae4040757eb5b3be43a7c0ea27260d50,2,2,1.0
87a305c45891600e0244ee26c0bf1fa9,f64075e7fa628bdc6c3e7c3108d7c624,2,2,1.0
9a56d30e286ddea1374c143d111de34d,e238fba997eec80e48bf8d8689877d89,2,2,1.0
9cb94124fb0fda10d04fccc5477573b6,ec441c1966bfa602976763f330fc5168,2,2,1.0
500916dd05e1a0eef077815b20b9b644,f71f43f5a8dc56beb6ebdabf0d82e802,2,2,1.0
03cccac05d316dc60827fa7abedd608e,ec8cf19822473555370553d399f7a654,2,2,1.0
2c03431d52e6ae4479a2a2310fb2e481,f64075e7fa628bdc6c3e7c3108d7c624,2,2,1.0
05fb25843c4048d1ce40611d11966278,444afd392665f1cc1f3b65ec48063735,2,2,1.0
03d4c28894c1239ca5a6dd6f0c197921,0fa3e5721cad691b9594fb89f9805a68,2,2,1.0
90c312d2299d36c16bbaa3d717b3dfba,cf4935767b14a8312de405de5d5bbdb5,2,2,1.0
399699e87adec3391203291418de34d1,e225b3c270984a8097a136089a11aea9,2,2,1.0
5261961eeb22ad480eafeb8829cddacf,be4eb163762cf164f26f81021c4a5e97,2,2,1.0
a8953e3d7677addada63eee79b91e7ff,e301216623168d227eb0b0a3aabb1e62,2,2,1.0
90c312d2299d36c16bbaa3d717b3dfba,a57efc75b64a030eb02c4ebe7f48e45f,2,2,1.0
87a305c45891600e0244ee26c0bf1fa9,cf4935767b14a8312de405de5d5bbdb5,2,2,1.0
97ba9c6276256eca910e8d36e78abfa8,c4ba227e9593faaf28a4ea8e5ec6c93f,2,2,1.0
2c03431d52e6ae4479a2a2310fb2e481,cf4935767b14a8312de405de5d5bbdb5,2,2,1.0
065938485846aa5adc196cb536de42e0,c6e6c968421911e3975a6f7160a1d4b6,2,2,1.0
210bec49b9e200df48dd3f31310d606e,8418b8ecfc9702b5eacddc5e75a4dcca,2,2,1.0
70c976663a07ebfd35d81c6179258391,96d3a3257161c32fe93aea0e38b16515,2,2,1.0
a57efc75b64a030eb02c4ebe7f48e45f,f64075e7fa628bdc6c3e7c3108d7c624,2,2,1.0
16d185a0b670f133ae3c1d737185cb4b,4dd4862366d29145386ec1c6ce5852f4,2,2,1.0
200d8b1f16d0cc9600022fdc99987a7f,6ff4f4fcdadf8410fcae5bad48d7044d,2,2,1.0
6ff4f4fcdadf8410fcae5bad48d7044d,dfbebe96520c2a101d602c7d003764ba,2,2,1.0
3fdd5f758dedbccffc537354946aa3b6,b4324bf24671bd5c4ebfcd2a8c639e86,2,2,1.0
90c312d2299d36c16bbaa3d717b3dfba,91da289fa4deba62c108246d150a8f4e,2,2,1.0
399699e87adec3391203291418de34d1,aebd72416330dcdb02e8d478fd81c9f6,2,2,1.0
4f4a4c713a7892d9db23f694fc647d13,b84dbaedbe3ea55d7cc0894fbea73910,2,2,1.0
90c312d2299d36c16bbaa3d717b3dfba,bd6c1c99a4f6c28c98927351eb226e80,2,2,1.0
46f15c2526277c2f9cfa6b239dfb11b3,6e6fdec52c6dbf58721bf7a4eaf5b679,2,2,1.0
87a305c45891600e0244ee26c0bf1fa9,91da289fa4deba62c108246d150a8f4e,2,2,1.0
87a305c45891600e0244ee26c0bf1fa9,bd6c1c99a4f6c28c98927351eb226e80,2,2,1.0
2708339a3f5355f56983737d54fbce59,dfbebe96520c2a101d602c7d003764ba,2,2,1.0
4f4a4c713a7892d9db23f694fc647d13,b0b219d68cb80e8440a7fccd3dab3851,2,2,1.0
a57efc75b64a030eb02c4ebe7f48e45f,cf4935767b14a8312de405de5d5bbdb5,2,2,1.0
0f10d99ee99ca3d0489f2f2169b41ec3,a7751ca7aa429b41cf9065a425d52aea,2,2,1.0
1412559410af5e92c35e053fd6acd006,5e6ff5789e4d6b6d6f2a801e4da72e7a,2,2,1.0
81db097ffce4bd958cfffeca7c41e301,a4669a28dd126c93ca64ddf49a15e496,2,2,1.0
d9752ac494a2b97507fd2faa478cabd9,ec8cf19822473555370553d399f7a654,2,2,1.0
70c976663a07ebfd35d81c6179258391,b410d7fd96e7ff12af1d2f87aae875a8,2,2,1.0
2ecb8546a5c0ea3c74dfa8b77a321370,c735c714dbe80672320182bb48bba3ba,2,2,1.0
aebd72416330dcdb02e8d478fd81c9f6,bd6c1c99a4f6c28c98927351eb226e80,2,2,1.0
39ae2ab725be4a0db66896735a49dac7,78c5f76b60a3a2588635aadc70e34df7,2,2,1.0
a7751ca7aa429b41cf9065a425d52aea,b410d7fd96e7ff12af1d2f87aae875a8,2,2,1.0
aea1ccbc3f29445178036e658e686eb1,c0fc2e3595c750de75d36e7db9399e83,2,2,1.0
0ddba04798f1c085d0ca93af0e91f6c1,a4669a28dd126c93ca64ddf49a15e496,2,2,1.0
02b20b7c813efede140142ac610e36dc,d535471db72095137da93810c98af688,2,2,1.0
1803287d1e7138aec6ea9d3c963ed87d,70755e5b9df5988f592f3dec6279f1be,2,2,1.0
0ddba04798f1c085d0ca93af0e91f6c1,3e5dd5efb71f831fffee3735c9e41e87,2,2,1.0
a57efc75b64a030eb02c4ebe7f48e45f,bd6c1c99a4f6c28c98927351eb226e80,2,2,1.0
d792207a143bca423ba1685b30e34557,e225b3c270984a8097a136089a11aea9,2,2,1.0
5dda09ed137461608be539348c1dac39,698a9cafcc15cac8cdbaee64adc6efbe,2,2,1.0
35cac0573a06f610cc8e356e0710d9b1,c0fc2e3595c750de75d36e7db9399e83,2,2,1.0
237dfb57ee5ac9e68310bfd4bd816149,a4669a28dd126c93ca64ddf49a15e496,2,2,1.0
5dda09ed137461608be539348c1dac39,b0b219d68cb80e8440a7fccd3dab3851,2,2,1.0
bd6c1c99a4f6c28c98927351eb226e80,e301216623168d227eb0b0a3aabb1e62,2,2,1.0
81db097ffce4bd958cfffeca7c41e301,97ba9c6276256eca910e8d36e78abfa8,2,2,1.0
9ccd3694bf9d11a53846dcc5c105e7b6,d9752ac494a2b97507fd2faa478cabd9,2,2,1.0
3c08b0cab2334cc5db8c5915ce0d74cc,66a0e4ae01e565ad721e85f287a2315e,2,2,1.0
97ba9c6276256eca910e8d36e78abfa8,be4eb163762cf164f26f81021c4a5e97,2,2,1.0
5ebd246be48ec18bf3859966284333f8,b7741f7ec50ab6bcd52ab08ea8f214d9,2,2,1.0
c0d3fe5df1e0d9f039d407115d15b0a0,fff7219c86179ca6441b8f37823ba3d3,2,2,1.0
65942a39d31e4aa627f0f65e0298ba2f,90c312d2299d36c16bbaa3d717b3dfba,2,2,1.0
158ff08f9b1aeebfa96820580f3877a6,9a2344afe2d1a43559906bd456567a9b,2,2,1.0
200d8b1f16d0cc9600022fdc99987a7f,3e5dd5efb71f831fffee3735c9e41e87,2,2,1.0
5a6b37816cefa8497b74b1ef78dbb202,fe1a0586d9ca0876528af23f3219ce3b,2,2,1.0
399699e87adec3391203291418de34d1,b84dbaedbe3ea55d7cc0894fbea73910,2,2,1.0
aebd72416330dcdb02e8d478fd81c9f6,bf257f507db19138f5bc4065313c1f87,2,2,1.0
237dfb57ee5ac9e68310bfd4bd816149,97ba9c6276256eca910e8d36e78abfa8,2,2,1.0
0b1ef8f1c964c96702a47c381c61f84f,38775863e907bb656c90a73fbc8083e4,2,2,1.0
399699e87adec3391203291418de34d1,698a9cafcc15cac8cdbaee64adc6efbe,2,2,1.0
b4da3c8deec3e1c31023d39ba20bb40e,f43631b724c7704d75fd3b41de54e724,2,2,1.0
2b5c14b7e1a3d88ff7e0c46e15851f5f,65d7c0904b51f5b432e71a14b25121dc,2,2,1.0
399699e87adec3391203291418de34d1,b0b219d68cb80e8440a7fccd3dab3851,2,2,1.0
3e5a237352ac4b53e1281b9b62efcbcc,66a0e4ae01e565ad721e85f287a2315e,2,2,1.0
0d60ae009e0cfd8b0c96aa47625f20a4,7228928ea2429a6e7ccd7efd24789266,2,2,1.0
da0db337ede939840c3b01ee64616282,fc8039a2b1963ca28dffe5dc886fa5c3,2,2,1.0
577786ab410d98d13e0a00878cd9e8fa,70fc429b7bf128070c74d50e27d0c6a2,2,2,1.0
752b204b9bbb2d9e3eb29b58059f7e17,91a8e898b4d523890123febf84dfbef4,2,2,1.0
3af5f7534be6d2d2d81562ee1dc98af2,4279e2fb7de9c27f439fdb82e4f1281f,2,2,1.0
318dd674b6e789249337a1edca1b0cc1,7989d259bdf69447ee8e00970c3f3228,2,2,1.0
59deaa85810b3c3af6536e02d782a90c,961ca706a9f7e9d6a4ba81922cde9730,2,2,1.0
a57efc75b64a030eb02c4ebe7f48e45f,bf257f507db19138f5bc4065313c1f87,2,2,1.0
0f10d99ee99ca3d0489f2f2169b41ec3,ec441c1966bfa602976763f330fc5168,2,2,1.0
78c5f76b60a3a2588635aadc70e34df7,e89bab624ed1d8c75012bf52bacc654c,2,2,1.0
02fbe4db886eb98774c8ba300d39fa79,5733010674adc0076bd5d41eb3703955,2,2,1.0
4279e2fb7de9c27f439fdb82e4f1281f,c4ba227e9593faaf28a4ea8e5ec6c93f,2,2,1.0
25e028fa8de01a4043fe40595f9edcff,45ca2b8a047054e858fa92a2a09bdd59,2,2,1.0
3ad84abcfa9a58f9ede403889421500b,7989d259bdf69447ee8e00970c3f3228,2,2,1.0
e301216623168d227eb0b0a3aabb1e62,ea77749bef0ca28ab93f391cda660f71,2,2,1.0
5ebd246be48ec18bf3859966284333f8,9cb94124fb0fda10d04fccc5477573b6,2,2,1.0
96d3a3257161c32fe93aea0e38b16515,a7751ca7aa429b41cf9065a425d52aea,2,2,1.0
e89bab624ed1d8c75012bf52bacc654c,fb5e89c121d9569d1a58e0afb54da971,2,2,1.0
210bec49b9e200df48dd3f31310d606e,87a305c45891600e0244ee26c0bf1fa9,2,2,1.0
6bcce41d3b905cf26ad66b9fe760bbc0,d1d5df8c1c5a2a239bbd30a2b2685f66,2,2,1.0
1cf641eb1fc43ff738ee8ee0662de8a1,4f37b187b2d58f32f0739d1d4d9a12b1,2,2,1.0
065938485846aa5adc196cb536de42e0,fc8039a2b1963ca28dffe5dc886fa5c3,2,2,1.0
747a3bde8936cc5b862993e65c1b5a48,7a8afce0fdb6cd5e748818e19f1e223a,2,2,1.0
4fcf56f1cf3d583a0cec41f7f523a852,aea1ccbc3f29445178036e658e686eb1,2,2,1.0
4e32c2752aeaa8d8b99da2b145a1c826,d792207a143bca423ba1685b30e34557,2,2,1.0
3052fa07cdb3c836b158402ea4ee6fb8,7989d259bdf69447ee8e00970c3f3228,2,2,1.0
3fdd5f758dedbccffc537354946aa3b6,c735c714dbe80672320182bb48bba3ba,2,2,1.0
1412559410af5e92c35e053fd6acd006,4d1fe8b6f5e9ee044a14467c8b2832b6,2,2,1.0
9b9aa67941ab5886ffebd2e42a24c537,ccc25edb24a6888b0a406ed43a1c04fd,2,2,1.0
4f4a4c713a7892d9db23f694fc647d13,a8953e3d7677addada63eee79b91e7ff,2,2,1.0
4279e2fb7de9c27f439fdb82e4f1281f,aab579a39b1b5c223c2e1a4bbf8ff977,2,2,1.0
5e6ff5789e4d6b6d6f2a801e4da72e7a,e6f18fab493c0bdc553eafd9b66cb5f2,2,2,1.0
09ecbbc6902ae2add46294a42e3a59f1,444afd392665f1cc1f3b65ec48063735,2,2,1.0
45fd1f20d58a364a552cfecccfa78935,da0db337ede939840c3b01ee64616282,2,2,1.0
b7741f7ec50ab6bcd52ab08ea8f214d9,ec441c1966bfa602976763f330fc5168,2,2,1.0
b233915725d368ec61c224efb81ed915,ca505f00e361296c5d92e01d245671e6,2,2,1.0
210bec49b9e200df48dd3f31310d606e,a57efc75b64a030eb02c4ebe7f48e45f,2,2,1.0
70755e5b9df5988f592f3dec6279f1be,eed42da7ee2f3ce26ab52758e63d855f,2,2,1.0
81db097ffce4bd958cfffeca7c41e301,8418b8ecfc9702b5eacddc5e75a4dcca,2,2,1.0
65942a39d31e4aa627f0f65e0298ba2f,d792207a143bca423ba1685b30e34557,2,2,1.0
200d8b1f16d0cc9600022fdc99987a7f,237dfb57ee5ac9e68310bfd4bd816149,2,2,1.0
1803287d1e7138aec6ea9d3c963ed87d,78c5f76b60a3a2588635aadc70e34df7,2,2,1.0
4f4a4c713a7892d9db23f694fc647d13,81db097ffce4bd958cfffeca7c41e301,2,2,1.0
8b88f64495d95d12a12c0d71534d0faa,c4295b913119b04f3c9d28a7bfd524f1,2,2,1.0
02fbe4db886eb98774c8ba300d39fa79,b4da3c8deec3e1c31023d39ba20bb40e,2,2,1.0
1208c8555f90541f4ca397baeb16a26d,376f87fc0c95ceb6668c29f4f37db4b4,2,2,1.0
6ff4f4fcdadf8410fcae5bad48d7044d,e301216623168d227eb0b0a3aabb1e62,2,2,1.0
158ff08f9b1aeebfa96820580f3877a6,e6f18fab493c0bdc553eafd9b66cb5f2,2,2,1.0
200d8b1f16d0cc9600022fdc99987a7f,dfbebe96520c2a101d602c7d003764ba,2,2,1.0
0ddba04798f1c085d0ca93af0e91f6c1,8418b8ecfc9702b5eacddc5e75a4dcca,2,2,1.0
a231b02134665d0d59438a0008e6e082,a4669a28dd126c93ca64ddf49a15e496,2,2,1.0
210bec49b9e200df48dd3f31310d606e,91da289fa4deba62c108246d150a8f4e,2,2,1.0
02b20b7c813efede140142ac610e36dc,a7751ca7aa429b41cf9065a425d52aea,2,2,1.0
210bec49b9e200df48dd3f31310d606e,bd6c1c99a4f6c28c98927351eb226e80,2,2,1.0
2b5c14b7e1a3d88ff7e0c46e15851f5f,df9bd60da4a8f8945d2b862aebd3d418,2,2,1.0
7647c15a4f2e66304c91fcf86573a2a3,7de1536dfbeaacfb971b48c2c93c16cc,2,2,1.0
4f4a4c713a7892d9db23f694fc647d13,65942a39d31e4aa627f0f65e0298ba2f,2,2,1.0
e5b6fb6c5e7e4adc25a5e400c0104508,fb5e89c121d9569d1a58e0afb54da971,2,2,1.0
3578707d5fbfaaad05a3862a179bf76d,a4669a28dd126c93ca64ddf49a15e496,2,2,1.0
9a2344afe2d1a43559906bd456567a9b,9cb94124fb0fda10d04fccc5477573b6,2,2,1.0
6d9cdc2c73e65c443351811fb9039bfa,6ff4f4fcdadf8410fcae5bad48d7044d,2,2,1.0
39ae2ab725be4a0db66896735a49dac7,e89bab624ed1d8c75012bf52bacc654c,2,2,1.0
2708339a3f5355f56983737d54fbce59,e301216623168d227eb0b0a3aabb1e62,2,2,1.0
96278eb6dace1f0dce1f78d760d5587f,c1e936d4c4fd02c66085ed43914d0b67,2,2,1.0
03cccac05d316dc60827fa7abedd608e,d9752ac494a2b97507fd2faa478cabd9,2,2,1.0
0d52f8cd8892f109a15803df169113b6,ae8482b27b2119e2c3278f5ddf9c1024,2,2,1.0
750550f1fbf777d9383acb856bc593dd,ce87153ae6d1e210517154ec1057aad5,2,2,1.0
237dfb57ee5ac9e68310bfd4bd816149,8418b8ecfc9702b5eacddc5e75a4dcca,2,2,1.0
318dd674b6e789249337a1edca1b0cc1,af417df88fa589d65603e559ee80a22c,2,2,1.0
7d2e246c38946e89eda0c9c1288fc0e3,c4a5dbcdc7c33758cf5efff999c6203c,2,2,1.0
91da289fa4deba62c108246d150a8f4e,c4ba227e9593faaf28a4ea8e5ec6c93f,2,2,1.0
4f4a4c713a7892d9db23f694fc647d13,6d9cdc2c73e65c443351811fb9039bfa,2,2,1.0
4e32c2752aeaa8d8b99da2b145a1c826,e8b4b9cf7e6a2e6e13371f3439a4a1ba,2,2,1.0
16f8c97e3a58560cfd64cff33dd78515,c4295b913119b04f3c9d28a7bfd524f1,2,2,1.0
3ad84abcfa9a58f9ede403889421500b,af417df88fa589d65603e559ee80a22c,2,2,1.0
8418b8ecfc9702b5eacddc5e75a4dcca,dfbebe96520c2a101d602c7d003764ba,2,2,1.0
96d3a3257161c32fe93aea0e38b16515,ec441c1966bfa602976763f330fc5168,2,2,1.0
8dc10e9acb420db970e64b4c99cba7ec,e8b4b9cf7e6a2e6e13371f3439a4a1ba,2,2,1.0
90c312d2299d36c16bbaa3d717b3dfba,d792207a143bca423ba1685b30e34557,2,2,1.0
1803287d1e7138aec6ea9d3c963ed87d,39ae2ab725be4a0db66896735a49dac7,2,2,1.0
3578707d5fbfaaad05a3862a179bf76d,97ba9c6276256eca910e8d36e78abfa8,2,2,1.0
318dd674b6e789249337a1edca1b0cc1,e238fba997eec80e48bf8d8689877d89,2,2,1.0
8b88f64495d95d12a12c0d71534d0faa,a6ddea592cbc5da9970a9a9803c07347,2,2,1.0
dfbebe96520c2a101d602c7d003764ba,e301216623168d227eb0b0a3aabb1e62,2,2,1.0
481d9ef7f22b196a3112b031c1b972d1,ae1d1e3aace44aeae97187488325c43f,2,2,1.0
65942a39d31e4aa627f0f65e0298ba2f,e8b4b9cf7e6a2e6e13371f3439a4a1ba,2,2,1.0
1412559410af5e92c35e053fd6acd006,750550f1fbf777d9383acb856bc593dd,2,2,1.0
87a305c45891600e0244ee26c0bf1fa9,d792207a143bca423ba1685b30e34557,2,2,1.0
399699e87adec3391203291418de34d1,a8953e3d7677addada63eee79b91e7ff,2,2,1.0
065938485846aa5adc196cb536de42e0,da0db337ede939840c3b01ee64616282,2,2,1.0
2c03431d52e6ae4479a2a2310fb2e481,d792207a143bca423ba1685b30e34557,2,2,1.0
b2b114ecefe93aa93d0f2bdd14ac8f84,d8cc3231a8eda4409875bb69bb91f594,2,2,1.0
3052fa07cdb3c836b158402ea4ee6fb8,af417df88fa589d65603e559ee80a22c,2,2,1.0
16f8c97e3a58560cfd64cff33dd78515,9ccd3694bf9d11a53846dcc5c105e7b6,2,2,1.0
1803287d1e7138aec6ea9d3c963ed87d,e5b6fb6c5e7e4adc25a5e400c0104508,2,2,1.0
3ad84abcfa9a58f9ede403889421500b,e238fba997eec80e48bf8d8689877d89,2,2,1.0
16f8c97e3a58560cfd64cff33dd78515,8b88f64495d95d12a12c0d71534d0faa,2,2,1.0
210bec49b9e200df48dd3f31310d606e,bf257f507db19138f5bc4065313c1f87,2,2,1.0
bf257f507db19138f5bc4065313c1f87,e301216623168d227eb0b0a3aabb1e62,2,2,1.0
399699e87adec3391203291418de34d1,81db097ffce4bd958cfffeca7c41e301,2,2,1.0
6a64e2cf94a5779760698c1e25a2852a,fa0cf5b25732a933725b83d2f716000a,2,2,1.0
3af5f7534be6d2d2d81562ee1dc98af2,a231b02134665d0d59438a0008e6e082,2,2,1.0
16f8c97e3a58560cfd64cff33dd78515,a6ddea592cbc5da9970a9a9803c07347,2,2,1.0
a57efc75b64a030eb02c4ebe7f48e45f,d792207a143bca423ba1685b30e34557,2,2,1.0
3c08b0cab2334cc5db8c5915ce0d74cc,d8cc3231a8eda4409875bb69bb91f594,2,2,1.0
0339119d431b8dd1b361567e4fc48a58,37dca09dbcd3b46dd024b2c742e6e362,2,2,1.0
3052fa07cdb3c836b158402ea4ee6fb8,e238fba997eec80e48bf8d8689877d89,2,2,1.0
7d834f25bc4e9c7905f9e31e1c94c51b,b4da3c8deec3e1c31023d39ba20bb40e,2,2,1.0
080a538ba865739bd97c3ffd9e71bcf0,158ff08f9b1aeebfa96820580f3877a6,2,2,1.0
a8953e3d7677addada63eee79b91e7ff,c4ba227e9593faaf28a4ea8e5ec6c93f,2,2,1.0
02b20b7c813efede140142ac610e36dc,ec441c1966bfa602976763f330fc5168,2,2,1.0
aab579a39b1b5c223c2e1a4bbf8ff977,dfbebe96520c2a101d602c7d003764ba,2,2,1.0
9ccd3694bf9d11a53846dcc5c105e7b6,c4295b913119b04f3c9d28a7bfd524f1,2,2,1.0
91da289fa4deba62c108246d150a8f4e,be4eb163762cf164f26f81021c4a5e97,2,2,1.0
399699e87adec3391203291418de34d1,6d9cdc2c73e65c443351811fb9039bfa,2,2,1.0
2c03431d52e6ae4479a2a2310fb2e481,399699e87adec3391203291418de34d1,2,2,1.0
5733010674adc0076bd5d41eb3703955,b4da3c8deec3e1c31023d39ba20bb40e,2,2,1.0
90c312d2299d36c16bbaa3d717b3dfba,e8b4b9cf7e6a2e6e13371f3439a4a1ba,2,2,1.0
7d2e246c38946e89eda0c9c1288fc0e3,96b482d81d31251add90a9fe63fbbcec,2,2,1.0
38c82315266557c3d9c4312643d1717c,96b482d81d31251add90a9fe63fbbcec,2,2,1.0
2a532e879c1278727d9d7001890cd333,a7751ca7aa429b41cf9065a425d52aea,2,2,1.0
b8b468fcb7dd44194b4aecb89c8fc103,b9746b56cf8884c9724b03900e46cf0c,2,2,1.0
4f928a6270233d6c7c4e73919fa12295,7f0a32f4af1dd3e5f0c45a633ace40ba,2,2,1.0
87a305c45891600e0244ee26c0bf1fa9,e8b4b9cf7e6a2e6e13371f3439a4a1ba,2,2,1.0
065938485846aa5adc196cb536de42e0,3c08b0cab2334cc5db8c5915ce0d74cc,2,2,1.0
3e5a237352ac4b53e1281b9b62efcbcc,d8cc3231a8eda4409875bb69bb91f594,2,2,1.0
81db097ffce4bd958cfffeca7c41e301,87a305c45891600e0244ee26c0bf1fa9,2,2,1.0
65942a39d31e4aa627f0f65e0298ba2f,8dc10e9acb420db970e64b4c99cba7ec,2,2,1.0
28e3b4a14a28881ebbdf5384e004d6fb,ae4040757eb5b3be43a7c0ea27260d50,2,2,1.0
16f8c97e3a58560cfd64cff33dd78515,48c1b34a2d23e13b8967caa478d9c428,2,2,1.0
be4eb163762cf164f26f81021c4a5e97,ea77749bef0ca28ab93f391cda660f71,2,2,1.0
2c03431d52e6ae4479a2a2310fb2e481,e8b4b9cf7e6a2e6e13371f3439a4a1ba,2,2,1.0
4e32c2752aeaa8d8b99da2b145a1c826,5261961eeb22ad480eafeb8829cddacf,2,2,1.0
e8fee231a8a4901e2b0b5a2324eb1405,fda3a3eb3370c1295a4fc3f6cd3d7604,2,2,1.0
81db097ffce4bd958cfffeca7c41e301,f64075e7fa628bdc6c3e7c3108d7c624,2,2,1.0
0d52f8cd8892f109a15803df169113b6,4b72c220414716bd4464a30fac305adc,2,2,1.0
a8953e3d7677addada63eee79b91e7ff,aab579a39b1b5c223c2e1a4bbf8ff977,2,2,1.0
210bec49b9e200df48dd3f31310d606e,90c312d2299d36c16bbaa3d717b3dfba,2,2,1.0
0ddba04798f1c085d0ca93af0e91f6c1,87a305c45891600e0244ee26c0bf1fa9,2,2,1.0
1e51a6a24372a8bedea3519f13f80e91,c4a5dbcdc7c33758cf5efff999c6203c,2,2,1.0
1412559410af5e92c35e053fd6acd006,70c976663a07ebfd35d81c6179258391,2,2,1.0
3af5f7534be6d2d2d81562ee1dc98af2,f64075e7fa628bdc6c3e7c3108d7c624,2,2,1.0
3ef7989405f00bb74c7d463b0357abfd,b8b468fcb7dd44194b4aecb89c8fc103,2,2,1.0
3c08b0cab2334cc5db8c5915ce0d74cc,b2b114ecefe93aa93d0f2bdd14ac8f84,2,2,1.0
5e6ff5789e4d6b6d6f2a801e4da72e7a,96d3a3257161c32fe93aea0e38b16515,2,2,1.0
ae4040757eb5b3be43a7c0ea27260d50,e1015df046a6e086818dc851b65c2392,2,2,1.0
81db097ffce4bd958cfffeca7c41e301,cf4935767b14a8312de405de5d5bbdb5,2,2,1.0
4f4a4c713a7892d9db23f694fc647d13,5dda09ed137461608be539348c1dac39,2,2,1.0
237dfb57ee5ac9e68310bfd4bd816149,87a305c45891600e0244ee26c0bf1fa9,2,2,1.0
4279e2fb7de9c27f439fdb82e4f1281f,4f4a4c713a7892d9db23f694fc647d13,2,2,1.0
81db097ffce4bd958cfffeca7c41e301,a57efc75b64a030eb02c4ebe7f48e45f,2,2,1.0
9ccd3694bf9d11a53846dcc5c105e7b6,a6ddea592cbc5da9970a9a9803c07347,2,2,1.0
3578707d5fbfaaad05a3862a179bf76d,8418b8ecfc9702b5eacddc5e75a4dcca,2,2,1.0
750550f1fbf777d9383acb856bc593dd,9a2344afe2d1a43559906bd456567a9b,2,2,1.0
1cba83304eaba52a71d853f593d565f1,3413f9bca7b61d654f1da9a0afd68c7b,2,2,1.0
237dfb57ee5ac9e68310bfd4bd816149,f64075e7fa628bdc6c3e7c3108d7c624,2,2,1.0
0fa3e5721cad691b9594fb89f9805a68,7d834f25bc4e9c7905f9e31e1c94c51b,2,2,1.0
3af5f7534be6d2d2d81562ee1dc98af2,cf4935767b14a8312de405de5d5bbdb5,2,2,1.0
0ddba04798f1c085d0ca93af0e91f6c1,a57efc75b64a030eb02c4ebe7f48e45f,2,2,1.0
158ff08f9b1aeebfa96820580f3877a6,96d3a3257161c32fe93aea0e38b16515,2,2,1.0
5e6ff5789e4d6b6d6f2a801e4da72e7a,b410d7fd96e7ff12af1d2f87aae875a8,2,2,1.0
2136a45b6c2f821dfdc5149c045b3fdd,34c7e58f5db5eedd271166b131e8febd,2,2,1.0
a8953e3d7677addada63eee79b91e7ff,be4eb163762cf164f26f81021c4a5e97,2,2,1.0
81db097ffce4bd958cfffeca7c41e301,91da289fa4deba62c108246d150a8f4e,2,2,1.0
81db097ffce4bd958cfffeca7c41e301,bd6c1c99a4f6c28c98927351eb226e80,2,2,1.0
200d8b1f16d0cc9600022fdc99987a7f,e301216623168d227eb0b0a3aabb1e62,2,2,1.0
3e5a237352ac4b53e1281b9b62efcbcc,b2b114ecefe93aa93d0f2bdd14ac8f84,2,2,1.0
065938485846aa5adc196cb536de42e0,59deaa85810b3c3af6536e02d782a90c,2,2,1.0
65942a39d31e4aa627f0f65e0298ba2f,ea77749bef0ca28ab93f391cda660f71,2,2,1.0
210bec49b9e200df48dd3f31310d606e,2c03431d52e6ae4479a2a2310fb2e481,2,2,1.0
237dfb57ee5ac9e68310bfd4bd816149,a57efc75b64a030eb02c4ebe7f48e45f,2,2,1.0
a2d2201f14b81eb836de9fef6d305311,e7ea4c3049b0ffcb326d8fcf44a06c05,2,2,1.0
158ff08f9b1aeebfa96820580f3877a6,b410d7fd96e7ff12af1d2f87aae875a8,2,2,1.0
6746118163577769f5bad6a82a0b0790,69333c9b0482a31b66b050c1c62f8cec,2,2,1.0
058b604a0df6b29f03c540de254b197f,5b3701e58aad8913eee15daaf03c0a9b,2,2,1.0
d8cc3231a8eda4409875bb69bb91f594,da0db337ede939840c3b01ee64616282,2,2,1.0
4fcf56f1cf3d583a0cec41f7f523a852,d8cc3231a8eda4409875bb69bb91f594,2,2,1.0
0b1ef8f1c964c96702a47c381c61f84f,5b40b6d003822b8ff229a910784fe4e5,2,2,1.0
2a532e879c1278727d9d7001890cd333,ec441c1966bfa602976763f330fc5168,2,2,1.0
237dfb57ee5ac9e68310bfd4bd816149,91da289fa4deba62c108246d150a8f4e,2,2,1.0
237dfb57ee5ac9e68310bfd4bd816149,bd6c1c99a4f6c28c98927351eb226e80,2,2,1.0
b2b114ecefe93aa93d0f2bdd14ac8f84,c6e6c968421911e3975a6f7160a1d4b6,2,2,1.0
8418b8ecfc9702b5eacddc5e75a4dcca,e301216623168d227eb0b0a3aabb1e62,2,2,1.0
3e5dd5efb71f831fffee3735c9e41e87,a4669a28dd126c93ca64ddf49a15e496,2,2,1.0
2c03431d52e6ae4479a2a2310fb2e481,5261961eeb22ad480eafeb8829cddacf,2,2,1.0
ef3e32f1b8658891add797672f995cc5,fb5e89c121d9569d1a58e0afb54da971,2,2,1.0
b0b219d68cb80e8440a7fccd3dab3851,c4ba227e9593faaf28a4ea8e5ec6c93f,2,2,1.0
59deaa85810b3c3af6536e02d782a90c,aea1ccbc3f29445178036e658e686eb1,2,2,1.0
65942a39d31e4aa627f0f65e0298ba2f,e225b3c270984a8097a136089a11aea9,2,2,1.0
0f10d99ee99ca3d0489f2f2169b41ec3,357ae7be4a22fee3a22cca59f6b681fc,2,2,1.0
1e51a6a24372a8bedea3519f13f80e91,96b482d81d31251add90a9fe63fbbcec,2,2,1.0
4e32c2752aeaa8d8b99da2b145a1c826,aebd72416330dcdb02e8d478fd81c9f6,2,2,1.0
3578707d5fbfaaad05a3862a179bf76d,a231b02134665d0d59438a0008e6e082,2,2,1.0
5dda09ed137461608be539348c1dac39,97ba9c6276256eca910e8d36e78abfa8,2,2,1.0
3c08b0cab2334cc5db8c5915ce0d74cc,c6e6c968421911e3975a6f7160a1d4b6,2,2,1.0
698a9cafcc15cac8cdbaee64adc6efbe,a4669a28dd126c93ca64ddf49a15e496,2,2,1.0
e0ec2e3c3f6e06839e8fb986be65c7c5,fb5e89c121d9569d1a58e0afb54da971,2,2,1.0
35cac0573a06f610cc8e356e0710d9b1,66a0e4ae01e565ad721e85f287a2315e,2,2,1.0
81db097ffce4bd958cfffeca7c41e301,bf257f507db19138f5bc4065313c1f87,2,2,1.0
90c312d2299d36c16bbaa3d717b3dfba,ea77749bef0ca28ab93f391cda660f71,2,2,1.0
357ae7be4a22fee3a22cca59f6b681fc,a7751ca7aa429b41cf9065a425d52aea,2,2,1.0
35cac0573a06f610cc8e356e0710d9b1,4fcf56f1cf3d583a0cec41f7f523a852,2,2,1.0
02b20b7c813efede140142ac610e36dc,0f10d99ee99ca3d0489f2f2169b41ec3,2,2,1.0
0ddba04798f1c085d0ca93af0e91f6c1,200d8b1f16d0cc9600022fdc99987a7f,2,2,1.0
eed42da7ee2f3ce26ab52758e63d855f,ef3e32f1b8658891add797672f995cc5,2,2,1.0
66d5f99377fe9807805f089baa65c715,d8cc3231a8eda4409875bb69bb91f594,2,2,1.0
af417df88fa589d65603e559ee80a22c,e1015df046a6e086818dc851b65c2392,2,2,1.0
1f17641a9f9ad86c56fa3f3401102857,66d5f99377fe9807805f089baa65c715,2,2,1.0
65942a39d31e4aa627f0f65e0298ba2f,aebd72416330dcdb02e8d478fd81c9f6,2,2,1.0
45fd1f20d58a364a552cfecccfa78935,c0fc2e3595c750de75d36e7db9399e83,2,2,1.0
3e5dd5efb71f831fffee3735c9e41e87,97ba9c6276256eca910e8d36e78abfa8,2,2,1.0
b03d35ad6272610aa766b2e1559f43c4,bf7e07e4ccc7df0889db4653d60c3f27,2,2,1.0
9f5b78334246addf67c6b0545bc7dd2b,ec8cf19822473555370553d399f7a654,2,2,1.0
0ddba04798f1c085d0ca93af0e91f6c1,bf257f507db19138f5bc4065313c1f87,2,2,1.0
7989d259bdf69447ee8e00970c3f3228,7e69734dad7cfcbe95aa59f38095057d,2,2,1.0
79a932ef36d3058a3bff9ed1a8d31b4c,e261fc64438c07bf3f12e82fe26c0682,2,2,1.0
aebd72416330dcdb02e8d478fd81c9f6,ea77749bef0ca28ab93f391cda660f71,2,2,1.0
70755e5b9df5988f592f3dec6279f1be,e5b6fb6c5e7e4adc25a5e400c0104508,2,2,1.0
7de1536dfbeaacfb971b48c2c93c16cc,d9752ac494a2b97507fd2faa478cabd9,2,2,1.0
3e5a237352ac4b53e1281b9b62efcbcc,c6e6c968421911e3975a6f7160a1d4b6,2,2,1.0
b410d7fd96e7ff12af1d2f87aae875a8,d535471db72095137da93810c98af688,2,2,1.0
b233915725d368ec61c224efb81ed915,d46f0f655659cbeb210db2a746b2554f,2,2,1.0
237dfb57ee5ac9e68310bfd4bd816149,bf257f507db19138f5bc4065313c1f87,2,2,1.0
698a9cafcc15cac8cdbaee64adc6efbe,97ba9c6276256eca910e8d36e78abfa8,2,2,1.0
210bec49b9e200df48dd3f31310d606e,aab579a39b1b5c223c2e1a4bbf8ff977,2,2,1.0
a57efc75b64a030eb02c4ebe7f48e45f,ea77749bef0ca28ab93f391cda660f71,2,2,1.0
90c312d2299d36c16bbaa3d717b3dfba,e225b3c270984a8097a136089a11aea9,2,2,1.0
45fd1f20d58a364a552cfecccfa78935,961ca706a9f7e9d6a4ba81922cde9730,2,2,1.0
961ca706a9f7e9d6a4ba81922cde9730,b2b114ecefe93aa93d0f2bdd14ac8f84,2,2,1.0
8dc10e9acb420db970e64b4c99cba7ec,be4eb163762cf164f26f81021c4a5e97,2,2,1.0
a231b02134665d0d59438a0008e6e082,e301216623168d227eb0b0a3aabb1e62,2,2,1.0
2b5c14b7e1a3d88ff7e0c46e15851f5f,7a1751f98e25f665fc0130c7b001e18f,2,2,1.0
c1e936d4c4fd02c66085ed43914d0b67,d4e365482617be6d91e1271aa793b3c2,2,2,1.0
3578707d5fbfaaad05a3862a179bf76d,87a305c45891600e0244ee26c0bf1fa9,2,2,1.0
5277f2c18bae9ff7f93aa8118ace6e03,6e6fdec52c6dbf58721bf7a4eaf5b679,2,2,1.0
6ff4f4fcdadf8410fcae5bad48d7044d,c4ba227e9593faaf28a4ea8e5ec6c93f,2,2,1.0
36cfec707344b75d20e6c7ef583c3b8c,a4aade0ce7988cd421340d39d0fba92d,2,2,1.0
03cccac05d316dc60827fa7abedd608e,a6ddea592cbc5da9970a9a9803c07347,2,2,1.0
87a305c45891600e0244ee26c0bf1fa9,e225b3c270984a8097a136089a11aea9,2,2,1.0
4f4a4c713a7892d9db23f694fc647d13,6ff4f4fcdadf8410fcae5bad48d7044d,2,2,1.0
b410d7fd96e7ff12af1d2f87aae875a8,b7741f7ec50ab6bcd52ab08ea8f214d9,2,2,1.0
2b5c14b7e1a3d88ff7e0c46e15851f5f,fda3a3eb3370c1295a4fc3f6cd3d7604,2,2,1.0
1412559410af5e92c35e053fd6acd006,f30856ad31d3e74253a3f4ccef670648,2,2,1.0
3578707d5fbfaaad05a3862a179bf76d,f64075e7fa628bdc6c3e7c3108d7c624,2,2,1.0
aebd72416330dcdb02e8d478fd81c9f6,e225b3c270984a8097a136089a11aea9,2,2,1.0
b0b219d68cb80e8440a7fccd3dab3851,be4eb163762cf164f26f81021c4a5e97,2,2,1.0
81db097ffce4bd958cfffeca7c41e301,90c312d2299d36c16bbaa3d717b3dfba,2,2,1.0
28e3b4a14a28881ebbdf5384e004d6fb,7989d259bdf69447ee8e00970c3f3228,2,2,1.0
418104937eb08a32d45ed65eb6ff56bf,cf004a37244a84e6569ae75d1efa7149,2,2,1.0
5d77cf4bfc8132075fc589f355875baa,7d834f25bc4e9c7905f9e31e1c94c51b,2,2,1.0
2708339a3f5355f56983737d54fbce59,c4ba227e9593faaf28a4ea8e5ec6c93f,2,2,1.0
399699e87adec3391203291418de34d1,4279e2fb7de9c27f439fdb82e4f1281f,2,2,1.0
66d5f99377fe9807805f089baa65c715,b2b114ecefe93aa93d0f2bdd14ac8f84,2,2,1.0
90c312d2299d36c16bbaa3d717b3dfba,aebd72416330dcdb02e8d478fd81c9f6,2,2,1.0
4e32c2752aeaa8d8b99da2b145a1c826,b84dbaedbe3ea55d7cc0894fbea73910,2,2,1.0
9a56d30e286ddea1374c143d111de34d,e1015df046a6e086818dc851b65c2392,2,2,1.0
91dda3852e8a4757ed73fc91360cfa5f,9934d9121d7b75929c14c754f1ffed75,2,2,1.0
87a305c45891600e0244ee26c0bf1fa9,aebd72416330dcdb02e8d478fd81c9f6,2,2,1.0
a231b02134665d0d59438a0008e6e082,a57efc75b64a030eb02c4ebe7f48e45f,2,2,1.0
0ddba04798f1c085d0ca93af0e91f6c1,90c312d2299d36c16bbaa3d717b3dfba,2,2,1.0
05fb25843c4048d1ce40611d11966278,e261fc64438c07bf3f12e82fe26c0682,2,2,1.0
3578707d5fbfaaad05a3862a179bf76d,cf4935767b14a8312de405de5d5bbdb5,2,2,1.0
2c03431d52e6ae4479a2a2310fb2e481,aebd72416330dcdb02e8d478fd81c9f6,2,2,1.0
78c5f76b60a3a2588635aadc70e34df7,92fc4892f11581ee802e8e2fa4296433,2,2,1.0
a57efc75b64a030eb02c4ebe7f48e45f,e225b3c270984a8097a136089a11aea9,2,2,1.0
3578707d5fbfaaad05a3862a179bf76d,a57efc75b64a030eb02c4ebe7f48e45f,2,2,1.0
6ff4f4fcdadf8410fcae5bad48d7044d,aab579a39b1b5c223c2e1a4bbf8ff977,2,2,1.0
03cccac05d316dc60827fa7abedd608e,48c1b34a2d23e13b8967caa478d9c428,2,2,1.0
65942a39d31e4aa627f0f65e0298ba2f,b84dbaedbe3ea55d7cc0894fbea73910,2,2,1.0
1f17641a9f9ad86c56fa3f3401102857,892a397bf8506b6c30355f3fc1338900,2,2,1.0
237dfb57ee5ac9e68310bfd4bd816149,90c312d2299d36c16bbaa3d717b3dfba,2,2,1.0
357ae7be4a22fee3a22cca59f6b681fc,ec441c1966bfa602976763f330fc5168,2,2,1.0
03d4c28894c1239ca5a6dd6f0c197921,7d834f25bc4e9c7905f9e31e1c94c51b,2,2,1.0
651ed17eda0600815cf614b33c535d6b,8fe4f9a0d6a47babbd498127a9109bd1,2,2,1.0
406aefddac1b54a36022ef32ffe6ed5f,623674d39fd0350df92b1f91c469ba39,2,2,1.0
65942a39d31e4aa627f0f65e0298ba2f,b0b219d68cb80e8440a7fccd3dab3851,2,2,1.0
3578707d5fbfaaad05a3862a179bf76d,91da289fa4deba62c108246d150a8f4e,2,2,1.0
3578707d5fbfaaad05a3862a179bf76d,bd6c1c99a4f6c28c98927351eb226e80,2,2,1.0
5182c0939da37d2f3acd9f2fb8b60d4f,d9752ac494a2b97507fd2faa478cabd9,2,2,1.0
4b72c220414716bd4464a30fac305adc,e261fc64438c07bf3f12e82fe26c0682,2,2,1.0
7b32049d8495d56c8b27eae575921a60,d7c6bdf20c4ec9c9cda815dde58e778a,2,2,1.0
a57efc75b64a030eb02c4ebe7f48e45f,aebd72416330dcdb02e8d478fd81c9f6,2,2,1.0
b2b114ecefe93aa93d0f2bdd14ac8f84,fc8039a2b1963ca28dffe5dc886fa5c3,2,2,1.0
210bec49b9e200df48dd3f31310d606e,8dc10e9acb420db970e64b4c99cba7ec,2,2,1.0
210bec49b9e200df48dd3f31310d606e,4e32c2752aeaa8d8b99da2b145a1c826,2,2,1.0
065938485846aa5adc196cb536de42e0,961ca706a9f7e9d6a4ba81922cde9730,2,2,1.0
8ef9add628931053f28350c0ad4bc7f7,92fc4892f11581ee802e8e2fa4296433,2,2,1.0
3e5dd5efb71f831fffee3735c9e41e87,8418b8ecfc9702b5eacddc5e75a4dcca,2,2,1.0
6e6fdec52c6dbf58721bf7a4eaf5b679,b65b4e0ccf23f096b3eb8bce350a400a,2,2,1.0
065938485846aa5adc196cb536de42e0,1f17641a9f9ad86c56fa3f3401102857,2,2,1.0
6d9cdc2c73e65c443351811fb9039bfa,e301216623168d227eb0b0a3aabb1e62,2,2,1.0
6e6fdec52c6dbf58721bf7a4eaf5b679,7a1751f98e25f665fc0130c7b001e18f,2,2,1.0
6ff4f4fcdadf8410fcae5bad48d7044d,be4eb163762cf164f26f81021c4a5e97,2,2,1.0
0ddba04798f1c085d0ca93af0e91f6c1,2c03431d52e6ae4479a2a2310fb2e481,2,2,1.0
0fa3e5721cad691b9594fb89f9805a68,b463aa86422087e97281b2787590fb0d,2,2,1.0
961ca706a9f7e9d6a4ba81922cde9730,c6e6c968421911e3975a6f7160a1d4b6,2,2,1.0
3c08b0cab2334cc5db8c5915ce0d74cc,fc8039a2b1963ca28dffe5dc886fa5c3,2,2,1.0
a4669a28dd126c93ca64ddf49a15e496,f64075e7fa628bdc6c3e7c3108d7c624,2,2,1.0
6e6fdec52c6dbf58721bf7a4eaf5b679,fda3a3eb3370c1295a4fc3f6cd3d7604,2,2,1.0
5261961eeb22ad480eafeb8829cddacf,a4669a28dd126c93ca64ddf49a15e496,2,2,1.0
46f15c2526277c2f9cfa6b239dfb11b3,e8fee231a8a4901e2b0b5a2324eb1405,2,2,1.0
c5d3ed7ec11b725a565192292bb411cc,fac47e384fef9ddc9c3cad97ed3192e0,2,2,1.0
5ebd246be48ec18bf3859966284333f8,ce87153ae6d1e210517154ec1057aad5,2,2,1.0
b4324bf24671bd5c4ebfcd2a8c639e86,c735c714dbe80672320182bb48bba3ba,2,2,1.0
698a9cafcc15cac8cdbaee64adc6efbe,8418b8ecfc9702b5eacddc5e75a4dcca,2,2,1.0
2708339a3f5355f56983737d54fbce59,be4eb163762cf164f26f81021c4a5e97,2,2,1.0
237dfb57ee5ac9e68310bfd4bd816149,2c03431d52e6ae4479a2a2310fb2e481,2,2,1.0
90c312d2299d36c16bbaa3d717b3dfba,b84dbaedbe3ea55d7cc0894fbea73910,2,2,1.0
02b20b7c813efede140142ac610e36dc,357ae7be4a22fee3a22cca59f6b681fc,2,2,1.0
a24587c47d40ff560266576b543d16d8,e261fc64438c07bf3f12e82fe26c0682,2,2,1.0
9a56d30e286ddea1374c143d111de34d,9f5b78334246addf67c6b0545bc7dd2b,2,2,1.0
df9bd60da4a8f8945d2b862aebd3d418,fda3a3eb3370c1295a4fc3f6cd3d7604,2,2,1.0
66d5f99377fe9807805f089baa65c715,c6e6c968421911e3975a6f7160a1d4b6,2,2,1.0
81db097ffce4bd958cfffeca7c41e301,d792207a143bca423ba1685b30e34557,2,2,1.0
87a305c45891600e0244ee26c0bf1fa9,b84dbaedbe3ea55d7cc0894fbea73910,2,2,1.0
210bec49b9e200df48dd3f31310d606e,2708339a3f5355f56983737d54fbce59,2,2,1.0
a4669a28dd126c93ca64ddf49a15e496,cf4935767b14a8312de405de5d5bbdb5,2,2,1.0
28e3b4a14a28881ebbdf5384e004d6fb,af417df88fa589d65603e559ee80a22c,2,2,1.0
90c312d2299d36c16bbaa3d717b3dfba,b0b219d68cb80e8440a7fccd3dab3851,2,2,1.0
a231b02134665d0d59438a0008e6e082,bf257f507db19138f5bc4065313c1f87,2,2,1.0
2c03431d52e6ae4479a2a2310fb2e481,b84dbaedbe3ea55d7cc0894fbea73910,2,2,1.0
03cccac05d316dc60827fa7abedd608e,9a56d30e286ddea1374c143d111de34d,2,2,1.0
3e5a237352ac4b53e1281b9b62efcbcc,fc8039a2b1963ca28dffe5dc886fa5c3,2,2,1.0
87a305c45891600e0244ee26c0bf1fa9,b0b219d68cb80e8440a7fccd3dab3851,2,2,1.0
2ecb8546a5c0ea3c74dfa8b77a321370,aaad6d68de5490cba508e4203ddc87de,2,2,1.0
3578707d5fbfaaad05a3862a179bf76d,bf257f507db19138f5bc4065313c1f87,2,2,1.0
3af5f7534be6d2d2d81562ee1dc98af2,d792207a143bca423ba1685b30e34557,2,2,1.0
6e6fdec52c6dbf58721bf7a4eaf5b679,7b32049d8495d56c8b27eae575921a60,2,2,1.0
05fb25843c4048d1ce40611d11966278,79a932ef36d3058a3bff9ed1a8d31b4c,2,2,1.0
aea1ccbc3f29445178036e658e686eb1,d8cc3231a8eda4409875bb69bb91f594,2,2,1.0
aebd72416330dcdb02e8d478fd81c9f6,b0b219d68cb80e8440a7fccd3dab3851,2,2,1.0
210bec49b9e200df48dd3f31310d606e,ea77749bef0ca28ab93f391cda660f71,2,2,1.0
5dda09ed137461608be539348c1dac39,a231b02134665d0d59438a0008e6e082,2,2,1.0
237dfb57ee5ac9e68310bfd4bd816149,d792207a143bca423ba1685b30e34557,2,2,1.0
28e3b4a14a28881ebbdf5384e004d6fb,e238fba997eec80e48bf8d8689877d89,2,2,1.0
a57efc75b64a030eb02c4ebe7f48e45f,b84dbaedbe3ea55d7cc0894fbea73910,2,2,1.0
750550f1fbf777d9383acb856bc593dd,96d3a3257161c32fe93aea0e38b16515,2,2,1.0
a6ddea592cbc5da9970a9a9803c07347,af417df88fa589d65603e559ee80a22c,2,2,1.0
763537fbd8173d949ea5b3da1d1461b7,c4a0997ebd5dc2e05c2afdd835a002aa,2,2,1.0
e5b6fb6c5e7e4adc25a5e400c0104508,e89bab624ed1d8c75012bf52bacc654c,2,2,1.0
a57efc75b64a030eb02c4ebe7f48e45f,b0b219d68cb80e8440a7fccd3dab3851,2,2,1.0
16d185a0b670f133ae3c1d737185cb4b,3277891bd580550e931b09b683cc4d86,2,2,1.0
651ed17eda0600815cf614b33c535d6b,a676674630bb75afa401d173d691473e,2,2,1.0
4b72c220414716bd4464a30fac305adc,79a932ef36d3058a3bff9ed1a8d31b4c,2,2,1.0
011b4adcd54683b480c4d841250a987f,cfe96f24bd8c36325e0d92e44324cf66,2,2,1.0
85189d642c11e7090cb2f72fed68ea42,aeb60b971e54df6473d586ada758ca72,2,2,1.0
55bea30cd78db302debc515e81a851d4,651ed17eda0600815cf614b33c535d6b,2,2,1.0
9a2344afe2d1a43559906bd456567a9b,ce87153ae6d1e210517154ec1057aad5,2,2,1.0
0f10d99ee99ca3d0489f2f2169b41ec3,5ebd246be48ec18bf3859966284333f8,2,2,1.0
06f289b98b5b10b7d7692548624cb616,ec99f30f38afadbfbae32d5883734ded,2,2,1.0
080a538ba865739bd97c3ffd9e71bcf0,ce87153ae6d1e210517154ec1057aad5,2,2,1.0
79a932ef36d3058a3bff9ed1a8d31b4c,a24587c47d40ff560266576b543d16d8,2,2,1.0
4e32c2752aeaa8d8b99da2b145a1c826,a8953e3d7677addada63eee79b91e7ff,2,2,1.0
7647c15a4f2e66304c91fcf86573a2a3,af417df88fa589d65603e559ee80a22c,2,2,1.0
bf021b222ddfd6549c1ae7b11a8522d8,c1e936d4c4fd02c66085ed43914d0b67,2,2,1.0
698a9cafcc15cac8cdbaee64adc6efbe,a231b02134665d0d59438a0008e6e082,2,2,1.0
210bec49b9e200df48dd3f31310d606e,e225b3c270984a8097a136089a11aea9,2,2,1.0
59deaa85810b3c3af6536e02d782a90c,d8cc3231a8eda4409875bb69bb91f594,2,2,1.0
a6ddea592cbc5da9970a9a9803c07347,e238fba997eec80e48bf8d8689877d89,2,2,1.0
0ddba04798f1c085d0ca93af0e91f6c1,aab579a39b1b5c223c2e1a4bbf8ff977,2,2,1.0
399699e87adec3391203291418de34d1,a231b02134665d0d59438a0008e6e082,2,2,1.0
200d8b1f16d0cc9600022fdc99987a7f,c4ba227e9593faaf28a4ea8e5ec6c93f,2,2,1.0
97ba9c6276256eca910e8d36e78abfa8,a4669a28dd126c93ca64ddf49a15e496,2,2,1.0
4f4a4c713a7892d9db23f694fc647d13,dfbebe96520c2a101d602c7d003764ba,2,2,1.0
3578707d5fbfaaad05a3862a179bf76d,90c312d2299d36c16bbaa3d717b3dfba,2,2,1.0
4dd4862366d29145386ec1c6ce5852f4,bd10ec3ad72914d1866c911956f9180d,2,2,1.0
4e32c2752aeaa8d8b99da2b145a1c826,81db097ffce4bd958cfffeca7c41e301,2,2,1.0
3af5f7534be6d2d2d81562ee1dc98af2,e8b4b9cf7e6a2e6e13371f3439a4a1ba,2,2,1.0
3c08b0cab2334cc5db8c5915ce0d74cc,da0db337ede939840c3b01ee64616282,2,2,1.0
48c1b34a2d23e13b8967caa478d9c428,ec8cf19822473555370553d399f7a654,2,2,1.0
aea1ccbc3f29445178036e658e686eb1,b2b114ecefe93aa93d0f2bdd14ac8f84,2,2,1.0
9f5b78334246addf67c6b0545bc7dd2b,d9752ac494a2b97507fd2faa478cabd9,2,2,1.0
65942a39d31e4aa627f0f65e0298ba2f,a8953e3d7677addada63eee79b91e7ff,2,2,1.0
7de1536dfbeaacfb971b48c2c93c16cc,c4295b913119b04f3c9d28a7bfd524f1,2,2,1.0
5dda09ed137461608be539348c1dac39,f64075e7fa628bdc6c3e7c3108d7c624,2,2,1.0
7647c15a4f2e66304c91fcf86573a2a3,e238fba997eec80e48bf8d8689877d89,2,2,1.0
4e32c2752aeaa8d8b99da2b145a1c826,65942a39d31e4aa627f0f65e0298ba2f,2,2,1.0
31110c0abf469026d27a9f6b5f4fb364,e9fb042476cdddcf08d9537a73107f17,2,2,1.0
3e5dd5efb71f831fffee3735c9e41e87,87a305c45891600e0244ee26c0bf1fa9,2,2,1.0
2a532e879c1278727d9d7001890cd333,357ae7be4a22fee3a22cca59f6b681fc,2,2,1.0
65942a39d31e4aa627f0f65e0298ba2f,81db097ffce4bd958cfffeca7c41e301,2,2,1.0
35cac0573a06f610cc8e356e0710d9b1,b2b114ecefe93aa93d0f2bdd14ac8f84,2,2,1.0
06f289b98b5b10b7d7692548624cb616,ee9d97a7d28183a3d93aefb807e48524,2,2,1.0
78c5f76b60a3a2588635aadc70e34df7,ef3e32f1b8658891add797672f995cc5,2,2,1.0
09ecbbc6902ae2add46294a42e3a59f1,e261fc64438c07bf3f12e82fe26c0682,2,2,1.0
6ecae395621d20aca9711709fedacade,d55417a83a73d1702b43988e63f0731a,2,2,1.0
200d8b1f16d0cc9600022fdc99987a7f,aab579a39b1b5c223c2e1a4bbf8ff977,2,2,1.0
8418b8ecfc9702b5eacddc5e75a4dcca,c4ba227e9593faaf28a4ea8e5ec6c93f,2,2,1.0
5dda09ed137461608be539348c1dac39,cf4935767b14a8312de405de5d5bbdb5,2,2,1.0
1175e95fb47ddff9de6b2b06188f7e0d,f4f2d85371955b0e254ce594fcf09a0d,2,2,1.0
b410d7fd96e7ff12af1d2f87aae875a8,ec441c1966bfa602976763f330fc5168,2,2,1.0
3e5a237352ac4b53e1281b9b62efcbcc,da0db337ede939840c3b01ee64616282,2,2,1.0
9b9aa67941ab5886ffebd2e42a24c537,f9a707150880ff8da844d1d097f7e44b,2,2,1.0
961ca706a9f7e9d6a4ba81922cde9730,fc8039a2b1963ca28dffe5dc886fa5c3,2,2,1.0
5d77cf4bfc8132075fc589f355875baa,b463aa86422087e97281b2787590fb0d,2,2,1.0
3ccc59a10bd8a1eb4613a41f34aeef5b,3daecf8142fdd6c03cf4825284d1bb5f,2,2,1.0
698a9cafcc15cac8cdbaee64adc6efbe,87a305c45891600e0244ee26c0bf1fa9,2,2,1.0
05fb25843c4048d1ce40611d11966278,a24587c47d40ff560266576b543d16d8,2,2,1.0
651ed17eda0600815cf614b33c535d6b,a95a7250342fa968f37ddc74a5199ae6,2,2,1.0
7989d259bdf69447ee8e00970c3f3228,7de1536dfbeaacfb971b48c2c93c16cc,2,2,1.0
5ebd246be48ec18bf3859966284333f8,9a2344afe2d1a43559906bd456567a9b,2,2,1.0
aecfcfbdbed5deaea72b8f500f5bd071,b8939dbecf0659982b0e7d21c3731f7b,2,2,1.0
698a9cafcc15cac8cdbaee64adc6efbe,f64075e7fa628bdc6c3e7c3108d7c624,2,2,1.0
c4ba227e9593faaf28a4ea8e5ec6c93f,dfbebe96520c2a101d602c7d003764ba,2,2,1.0
5261961eeb22ad480eafeb8829cddacf,8418b8ecfc9702b5eacddc5e75a4dcca,2,2,1.0
5e6ff5789e4d6b6d6f2a801e4da72e7a,9cb94124fb0fda10d04fccc5477573b6,2,2,1.0
81db097ffce4bd958cfffeca7c41e301,8dc10e9acb420db970e64b4c99cba7ec,2,2,1.0
3e5dd5efb71f831fffee3735c9e41e87,a57efc75b64a030eb02c4ebe7f48e45f,2,2,1.0
4d1fe8b6f5e9ee044a14467c8b2832b6,750550f1fbf777d9383acb856bc593dd,2,2,1.0
65942a39d31e4aa627f0f65e0298ba2f,6d9cdc2c73e65c443351811fb9039bfa,2,2,1.0
318dd674b6e789249337a1edca1b0cc1,7e69734dad7cfcbe95aa59f38095057d,2,2,1.0
3fdd5f758dedbccffc537354946aa3b6,aaad6d68de5490cba508e4203ddc87de,2,2,1.0
66d5f99377fe9807805f089baa65c715,fc8039a2b1963ca28dffe5dc886fa5c3,2,2,1.0
7de1536dfbeaacfb971b48c2c93c16cc,a6ddea592cbc5da9970a9a9803c07347,2,2,1.0
46f15c2526277c2f9cfa6b239dfb11b3,5277f2c18bae9ff7f93aa8118ace6e03,2,2,1.0
90c312d2299d36c16bbaa3d717b3dfba,a8953e3d7677addada63eee79b91e7ff,2,2,1.0
8418b8ecfc9702b5eacddc5e75a4dcca,aab579a39b1b5c223c2e1a4bbf8ff977,2,2,1.0
0ddba04798f1c085d0ca93af0e91f6c1,8dc10e9acb420db970e64b4c99cba7ec,2,2,1.0
06f289b98b5b10b7d7692548624cb616,eed42da7ee2f3ce26ab52758e63d855f,2,2,1.0
0ddba04798f1c085d0ca93af0e91f6c1,4e32c2752aeaa8d8b99da2b145a1c826,2,2,1.0
0d60ae009e0cfd8b0c96aa47625f20a4,763537fbd8173d949ea5b3da1d1461b7,2,2,1.0
87a305c45891600e0244ee26c0bf1fa9,a8953e3d7677addada63eee79b91e7ff,2,2,1.0
4b72c220414716bd4464a30fac305adc,a24587c47d40ff560266576b543d16d8,2,2,1.0
698a9cafcc15cac8cdbaee64adc6efbe,cf4935767b14a8312de405de5d5bbdb5,2,2,1.0
03d4c28894c1239ca5a6dd6f0c197921,b463aa86422087e97281b2787590fb0d,2,2,1.0
8b88f64495d95d12a12c0d71534d0faa,ae4040757eb5b3be43a7c0ea27260d50,2,2,1.0
3e5dd5efb71f831fffee3735c9e41e87,91da289fa4deba62c108246d150a8f4e,2,2,1.0
200d8b1f16d0cc9600022fdc99987a7f,be4eb163762cf164f26f81021c4a5e97,2,2,1.0
399699e87adec3391203291418de34d1,cf4935767b14a8312de405de5d5bbdb5,2,2,1.0
83bf39384884016d6218c5cee2dca7e7,86618766c9dacd2ccd49fb6492ddcbbf,2,2,1.0
3e5dd5efb71f831fffee3735c9e41e87,bd6c1c99a4f6c28c98927351eb226e80,2,2,1.0
698a9cafcc15cac8cdbaee64adc6efbe,a57efc75b64a030eb02c4ebe7f48e45f,2,2,1.0
2c03431d52e6ae4479a2a2310fb2e481,a8953e3d7677addada63eee79b91e7ff,2,2,1.0
399699e87adec3391203291418de34d1,dfbebe96520c2a101d602c7d003764ba,2,2,1.0
96d3a3257161c32fe93aea0e38b16515,e6f18fab493c0bdc553eafd9b66cb5f2,2,2,1.0
1e6b20395bc9690fe6735e6b6e0d2791,c4295b913119b04f3c9d28a7bfd524f1,2,2,1.0
237dfb57ee5ac9e68310bfd4bd816149,8dc10e9acb420db970e64b4c99cba7ec,2,2,1.0
237dfb57ee5ac9e68310bfd4bd816149,4e32c2752aeaa8d8b99da2b145a1c826,2,2,1.0
3578707d5fbfaaad05a3862a179bf76d,d792207a143bca423ba1685b30e34557,2,2,1.0
5182c0939da37d2f3acd9f2fb8b60d4f,c4295b913119b04f3c9d28a7bfd524f1,2,2,1.0
aab579a39b1b5c223c2e1a4bbf8ff977,c4ba227e9593faaf28a4ea8e5ec6c93f,2,2,1.0
aea1ccbc3f29445178036e658e686eb1,c6e6c968421911e3975a6f7160a1d4b6,2,2,1.0
080a538ba865739bd97c3ffd9e71bcf0,5e6ff5789e4d6b6d6f2a801e4da72e7a,2,2,1.0
2c03431d52e6ae4479a2a2310fb2e481,81db097ffce4bd958cfffeca7c41e301,2,2,1.0
3af5f7534be6d2d2d81562ee1dc98af2,5261961eeb22ad480eafeb8829cddacf,2,2,1.0
698a9cafcc15cac8cdbaee64adc6efbe,91da289fa4deba62c108246d150a8f4e,2,2,1.0
92fc4892f11581ee802e8e2fa4296433,eed42da7ee2f3ce26ab52758e63d855f,2,2,1.0
698a9cafcc15cac8cdbaee64adc6efbe,bd6c1c99a4f6c28c98927351eb226e80,2,2,1.0
21b318668bb97ce15c5bb21e0275060f,b913e12201852f1b7b0a3a3378447a0a,2,2,1.0
210bec49b9e200df48dd3f31310d606e,698a9cafcc15cac8cdbaee64adc6efbe,2,2,1.0
39ae2ab725be4a0db66896735a49dac7,ef3e32f1b8658891add797672f995cc5,2,2,1.0
a57efc75b64a030eb02c4ebe7f48e45f,a8953e3d7677addada63eee79b91e7ff,2,2,1.0
88a830a14a479075c655c2f9d3ba3934,a3c776e946f1056964f85942ce783c40,2,2,1.0
210bec49b9e200df48dd3f31310d606e,b0b219d68cb80e8440a7fccd3dab3851,2,2,1.0
0ddba04798f1c085d0ca93af0e91f6c1,2708339a3f5355f56983737d54fbce59,2,2,1.0
6777d4af8d5920d859e894ea694b04cb,e6daf89ad5d70394292f763272af2362,2,2,1.0
8418b8ecfc9702b5eacddc5e75a4dcca,be4eb163762cf164f26f81021c4a5e97,2,2,1.0
1e6b20395bc9690fe6735e6b6e0d2791,9ccd3694bf9d11a53846dcc5c105e7b6,2,2,1.0
2c03431d52e6ae4479a2a2310fb2e481,65942a39d31e4aa627f0f65e0298ba2f,2,2,1.0
3ad84abcfa9a58f9ede403889421500b,e1015df046a6e086818dc851b65c2392,2,2,1.0
16f8c97e3a58560cfd64cff33dd78515,7647c15a4f2e66304c91fcf86573a2a3,2,2,1.0
750550f1fbf777d9383acb856bc593dd,f30856ad31d3e74253a3f4ccef670648,2,2,1.0
1e6b20395bc9690fe6735e6b6e0d2791,8b88f64495d95d12a12c0d71534d0faa,2,2,1.0
8ef9add628931053f28350c0ad4bc7f7,ee9d97a7d28183a3d93aefb807e48524,2,2,1.0
81db097ffce4bd958cfffeca7c41e301,ea77749bef0ca28ab93f391cda660f71,2,2,1.0
1118bbd6c82a824ebc677b12e525864f,2333828ee788c93301aba0c40bc79a39,2,2,1.0
080a538ba865739bd97c3ffd9e71bcf0,9a2344afe2d1a43559906bd456567a9b,2,2,1.0
4279e2fb7de9c27f439fdb82e4f1281f,a4669a28dd126c93ca64ddf49a15e496,2,2,1.0
1f17641a9f9ad86c56fa3f3401102857,4fcf56f1cf3d583a0cec41f7f523a852,2,2,1.0
09ecbbc6902ae2add46294a42e3a59f1,79a932ef36d3058a3bff9ed1a8d31b4c,2,2,1.0
237dfb57ee5ac9e68310bfd4bd816149,2708339a3f5355f56983737d54fbce59,2,2,1.0
3c08b0cab2334cc5db8c5915ce0d74cc,59deaa85810b3c3af6536e02d782a90c,2,2,1.0
0ddba04798f1c085d0ca93af0e91f6c1,ea77749bef0ca28ab93f391cda660f71,2,2,1.0
a676674630bb75afa401d173d691473e,a95a7250342fa968f37ddc74a5199ae6,2,2,1.0
02b20b7c813efede140142ac610e36dc,080a538ba865739bd97c3ffd9e71bcf0,2,2,1.0
b84dbaedbe3ea55d7cc0894fbea73910,dfbebe96520c2a101d602c7d003764ba,2,2,1.0
a231b02134665d0d59438a0008e6e082,aab579a39b1b5c223c2e1a4bbf8ff977,2,2,1.0
02b20b7c813efede140142ac610e36dc,e6f18fab493c0bdc553eafd9b66cb5f2,2,2,1.0
3052fa07cdb3c836b158402ea4ee6fb8,e1015df046a6e086818dc851b65c2392,2,2,1.0
3e5dd5efb71f831fffee3735c9e41e87,bf257f507db19138f5bc4065313c1f87,2,2,1.0
961ca706a9f7e9d6a4ba81922cde9730,da0db337ede939840c3b01ee64616282,2,2,1.0
a83cc01cd09394ced3e8c97808d94d7d,e49047a4c83acc67477aea24e68e0d10,2,2,1.0
444afd392665f1cc1f3b65ec48063735,e261fc64438c07bf3f12e82fe26c0682,2,2,1.0
75bbb6b481a1df1689bb769e63ec3acb,8ef9add628931053f28350c0ad4bc7f7,2,2,1.0
8e2c92b2442298bd653b0e9aadf4c313,e2ce734f0bd635b4b82317b5e5fcd152,2,2,1.0
3729f8f3dacbb68f393d2d6ad2b3dc91,fb8038205a1b4f9a90cb981e074e9be2,2,2,1.0
5182c0939da37d2f3acd9f2fb8b60d4f,a6ddea592cbc5da9970a9a9803c07347,2,2,1.0
d792207a143bca423ba1685b30e34557,dfbebe96520c2a101d602c7d003764ba,2,2,1.0
9ccfff93c79f3dd996cce15f26480c5b,c7b577de54cb78d5d8f60f78f0476a52,2,2,1.0
ce87153ae6d1e210517154ec1057aad5,d535471db72095137da93810c98af688,2,2,1.0
4d1fe8b6f5e9ee044a14467c8b2832b6,70c976663a07ebfd35d81c6179258391,2,2,1.0
237dfb57ee5ac9e68310bfd4bd816149,ea77749bef0ca28ab93f391cda660f71,2,2,1.0
4e32c2752aeaa8d8b99da2b145a1c826,5dda09ed137461608be539348c1dac39,2,2,1.0
81db097ffce4bd958cfffeca7c41e301,e225b3c270984a8097a136089a11aea9,2,2,1.0
4279e2fb7de9c27f439fdb82e4f1281f,97ba9c6276256eca910e8d36e78abfa8,2,2,1.0
70c976663a07ebfd35d81c6179258391,ce87153ae6d1e210517154ec1057aad5,2,2,1.0
3e5a237352ac4b53e1281b9b62efcbcc,59deaa85810b3c3af6536e02d782a90c,2,2,1.0
698a9cafcc15cac8cdbaee64adc6efbe,bf257f507db19138f5bc4065313c1f87,2,2,1.0
276743a9fc79d7269dca763e48a52b3f,82e1a1e7c48fe142617f3cff6c5bfef3,2,2,1.0
a4669a28dd126c93ca64ddf49a15e496,d792207a143bca423ba1685b30e34557,2,2,1.0
05fb25843c4048d1ce40611d11966278,fd46f99e9913ddee8a6ce5f91d65cf09,2,2,1.0
a7751ca7aa429b41cf9065a425d52aea,ce87153ae6d1e210517154ec1057aad5,2,2,1.0
0ddba04798f1c085d0ca93af0e91f6c1,4f4a4c713a7892d9db23f694fc647d13,2,2,1.0
aab579a39b1b5c223c2e1a4bbf8ff977,be4eb163762cf164f26f81021c4a5e97,2,2,1.0
4f4a4c713a7892d9db23f694fc647d13,e301216623168d227eb0b0a3aabb1e62,2,2,1.0
7e13c5b52f3f0e1979723ff4b9051904,c1e936d4c4fd02c66085ed43914d0b67,2,2,1.0
2708339a3f5355f56983737d54fbce59,3af5f7534be6d2d2d81562ee1dc98af2,2,2,1.0
318dd674b6e789249337a1edca1b0cc1,9f5b78334246addf67c6b0545bc7dd2b,2,2,1.0
9ccd3694bf9d11a53846dcc5c105e7b6,ae4040757eb5b3be43a7c0ea27260d50,2,2,1.0
4d1fe8b6f5e9ee044a14467c8b2832b6,5ebd246be48ec18bf3859966284333f8,2,2,1.0
065938485846aa5adc196cb536de42e0,aea1ccbc3f29445178036e658e686eb1,2,2,1.0
5261961eeb22ad480eafeb8829cddacf,87a305c45891600e0244ee26c0bf1fa9,2,2,1.0
81db097ffce4bd958cfffeca7c41e301,aebd72416330dcdb02e8d478fd81c9f6,2,2,1.0
65d7c0904b51f5b432e71a14b25121dc,df9bd60da4a8f8945d2b862aebd3d418,2,2,1.0
6d9cdc2c73e65c443351811fb9039bfa,c4ba227e9593faaf28a4ea8e5ec6c93f,2,2,1.0
080a538ba865739bd97c3ffd9e71bcf0,1412559410af5e92c35e053fd6acd006,2,2,1.0
78c5f76b60a3a2588635aadc70e34df7,e0ec2e3c3f6e06839e8fb986be65c7c5,2,2,1.0
237dfb57ee5ac9e68310bfd4bd816149,e225b3c270984a8097a136089a11aea9,2,2,1.0
e0ec2e3c3f6e06839e8fb986be65c7c5,e89bab624ed1d8c75012bf52bacc654c,2,2,1.0
3ad84abcfa9a58f9ede403889421500b,9f5b78334246addf67c6b0545bc7dd2b,2,2,1.0
4b72c220414716bd4464a30fac305adc,fd46f99e9913ddee8a6ce5f91d65cf09,2,2,1.0
3af5f7534be6d2d2d81562ee1dc98af2,aebd72416330dcdb02e8d478fd81c9f6,2,2,1.0
3e5dd5efb71f831fffee3735c9e41e87,90c312d2299d36c16bbaa3d717b3dfba,2,2,1.0
ec99f30f38afadbfbae32d5883734ded,ee9d97a7d28183a3d93aefb807e48524,2,2,1.0
91da289fa4deba62c108246d150a8f4e,a4669a28dd126c93ca64ddf49a15e496,2,2,1.0
200d8b1f16d0cc9600022fdc99987a7f,4f4a4c713a7892d9db23f694fc647d13,2,2,1.0
3d4cd13fd525234c1c4a2304fbe769e0,9934d9121d7b75929c14c754f1ffed75,2,2,1.0
5334612ff6f9f1ee518ecf5a8b2d9efc,8d174d46566bd4824dea80be4d00a2ce,2,2,1.0
2bfb41d07316202af02dd28b825028d0,8fa60adf18fe4fd010cad0b48f6fedb4,2,2,1.0
237dfb57ee5ac9e68310bfd4bd816149,aebd72416330dcdb02e8d478fd81c9f6,2,2,1.0
5261961eeb22ad480eafeb8829cddacf,a57efc75b64a030eb02c4ebe7f48e45f,2,2,1.0
3052fa07cdb3c836b158402ea4ee6fb8,9f5b78334246addf67c6b0545bc7dd2b,2,2,1.0
6d9cdc2c73e65c443351811fb9039bfa,aab579a39b1b5c223c2e1a4bbf8ff977,2,2,1.0
85189d642c11e7090cb2f72fed68ea42,c7b4749501147c8b69fd551ac98b3a6e,2,2,1.0
3578707d5fbfaaad05a3862a179bf76d,8dc10e9acb420db970e64b4c99cba7ec,2,2,1.0
698a9cafcc15cac8cdbaee64adc6efbe,90c312d2299d36c16bbaa3d717b3dfba,2,2,1.0
3578707d5fbfaaad05a3862a179bf76d,4e32c2752aeaa8d8b99da2b145a1c826,2,2,1.0
2ca24754bdb45e98b2e06a59f513e68c,9f4c68ce46a6cb44330dcf4ba7d7d9b7,2,2,1.0
09ecbbc6902ae2add46294a42e3a59f1,a24587c47d40ff560266576b543d16d8,2,2,1.0
48c1b34a2d23e13b8967caa478d9c428,d9752ac494a2b97507fd2faa478cabd9,2,2,1.0
a4669a28dd126c93ca64ddf49a15e496,e8b4b9cf7e6a2e6e13371f3439a4a1ba,2,2,1.0
8fa60adf18fe4fd010cad0b48f6fedb4,b4324bf24671bd5c4ebfcd2a8c639e86,2,2,1.0
aea1ccbc3f29445178036e658e686eb1,fc8039a2b1963ca28dffe5dc886fa5c3,2,2,1.0
5261961eeb22ad480eafeb8829cddacf,91da289fa4deba62c108246d150a8f4e,2,2,1.0
5261961eeb22ad480eafeb8829cddacf,bd6c1c99a4f6c28c98927351eb226e80,2,2,1.0
444afd392665f1cc1f3b65ec48063735,79a932ef36d3058a3bff9ed1a8d31b4c,2,2,1.0
a24587c47d40ff560266576b543d16d8,fd46f99e9913ddee8a6ce5f91d65cf09,2,2,1.0
2a532e879c1278727d9d7001890cd333,e6f18fab493c0bdc553eafd9b66cb5f2,2,2,1.0
75bbb6b481a1df1689bb769e63ec3acb,92fc4892f11581ee802e8e2fa4296433,2,2,1.0
c7b577de54cb78d5d8f60f78f0476a52,fe1a0586d9ca0876528af23f3219ce3b,2,2,1.0
2c03431d52e6ae4479a2a2310fb2e481,5dda09ed137461608be539348c1dac39,2,2,1.0
944ffa79cd0634703c811391cecb666c,e4fa46d38fc419be0490e8c579ac0636,2,2,1.0
09831ff6ab667f42521bcd4c22dc755c,b53b27d7c61cc80d2b2eaf6f1ff8a861,2,2,1.0
b233915725d368ec61c224efb81ed915,c4a5dbcdc7c33758cf5efff999c6203c,2,2,1.0
78c5f76b60a3a2588635aadc70e34df7,fb5e89c121d9569d1a58e0afb54da971,2,2,1.0
2a0ac21838f4a0a00c767bbed07de79a,2c7210a0599f020ec353d97bb02ac6fd,2,2,1.0
81db097ffce4bd958cfffeca7c41e301,b84dbaedbe3ea55d7cc0894fbea73910,2,2,1.0
4deaa9aac5d5939feb62de62e7d24b50,f71f43f5a8dc56beb6ebdabf0d82e802,2,2,1.0
4279e2fb7de9c27f439fdb82e4f1281f,8418b8ecfc9702b5eacddc5e75a4dcca,2,2,1.0
5dda09ed137461608be539348c1dac39,d792207a143bca423ba1685b30e34557,2,2,1.0
81db097ffce4bd958cfffeca7c41e301,b0b219d68cb80e8440a7fccd3dab3851,2,2,1.0
a231b02134665d0d59438a0008e6e082,ea77749bef0ca28ab93f391cda660f71,2,2,1.0
97ba9c6276256eca910e8d36e78abfa8,e301216623168d227eb0b0a3aabb1e62,2,2,1.0
9f5b78334246addf67c6b0545bc7dd2b,a6ddea592cbc5da9970a9a9803c07347,2,2,1.0
3af5f7534be6d2d2d81562ee1dc98af2,b84dbaedbe3ea55d7cc0894fbea73910,2,2,1.0
0ddba04798f1c085d0ca93af0e91f6c1,698a9cafcc15cac8cdbaee64adc6efbe,2,2,1.0
1412559410af5e92c35e053fd6acd006,2a532e879c1278727d9d7001890cd333,2,2,1.0
3578707d5fbfaaad05a3862a179bf76d,ea77749bef0ca28ab93f391cda660f71,2,2,1.0
5ace05247b6926d3e595ac4de6620b1d,b9fc2d4c90bdadc7052fabe8353084ed,2,2,1.0
4d46468a975352fcca7ab6e1d828fea8,a83cc01cd09394ced3e8c97808d94d7d,2,2,1.0
210bec49b9e200df48dd3f31310d606e,6d9cdc2c73e65c443351811fb9039bfa,2,2,1.0
7b0c9f0a6a8fa1274c38050fc3f57c8d,e53454696deadacfdbaffb91e29b1ca9,2,2,1.0
4e32c2752aeaa8d8b99da2b145a1c826,6ff4f4fcdadf8410fcae5bad48d7044d,2,2,1.0
237dfb57ee5ac9e68310bfd4bd816149,698a9cafcc15cac8cdbaee64adc6efbe,2,2,1.0
5261961eeb22ad480eafeb8829cddacf,bf257f507db19138f5bc4065313c1f87,2,2,1.0
9cb94124fb0fda10d04fccc5477573b6,d535471db72095137da93810c98af688,2,2,1.0
3c08b0cab2334cc5db8c5915ce0d74cc,961ca706a9f7e9d6a4ba81922cde9730,2,2,1.0
080a538ba865739bd97c3ffd9e71bcf0,750550f1fbf777d9383acb856bc593dd,2,2,1.0
8b88f64495d95d12a12c0d71534d0faa,ec8cf19822473555370553d399f7a654,2,2,1.0
237dfb57ee5ac9e68310bfd4bd816149,b0b219d68cb80e8440a7fccd3dab3851,2,2,1.0
623674d39fd0350df92b1f91c469ba39,d0e376592a3036444738ee6a426785c1,2,2,1.0
b84dbaedbe3ea55d7cc0894fbea73910,e301216623168d227eb0b0a3aabb1e62,2,2,1.0
7e69734dad7cfcbe95aa59f38095057d,e1015df046a6e086818dc851b65c2392,2,2,1.0
03cccac05d316dc60827fa7abedd608e,ae4040757eb5b3be43a7c0ea27260d50,2,2,1.0
698a9cafcc15cac8cdbaee64adc6efbe,d792207a143bca423ba1685b30e34557,2,2,1.0
03cccac05d316dc60827fa7abedd608e,7647c15a4f2e66304c91fcf86573a2a3,2,2,1.0
66a0e4ae01e565ad721e85f287a2315e,c0fc2e3595c750de75d36e7db9399e83,2,2,1.0
02fbe4db886eb98774c8ba300d39fa79,f43631b724c7704d75fd3b41de54e724,2,2,1.0
5ebd246be48ec18bf3859966284333f8,96d3a3257161c32fe93aea0e38b16515,2,2,1.0
1412559410af5e92c35e053fd6acd006,a7751ca7aa429b41cf9065a425d52aea,2,2,1.0
d792207a143bca423ba1685b30e34557,e301216623168d227eb0b0a3aabb1e62,2,2,1.0
892a397bf8506b6c30355f3fc1338900,c0fc2e3595c750de75d36e7db9399e83,2,2,1.0
318dd674b6e789249337a1edca1b0cc1,7de1536dfbeaacfb971b48c2c93c16cc,2,2,1.0
3578707d5fbfaaad05a3862a179bf76d,e225b3c270984a8097a136089a11aea9,2,2,1.0
9cb94124fb0fda10d04fccc5477573b6,b7741f7ec50ab6bcd52ab08ea8f214d9,2,2,1.0
02b20b7c813efede140142ac610e36dc,b410d7fd96e7ff12af1d2f87aae875a8,2,2,1.0
ab6a9070b1a32a6ded0bf6410399ab55,aeb60b971e54df6473d586ada758ca72,2,2,1.0
3e5a237352ac4b53e1281b9b62efcbcc,961ca706a9f7e9d6a4ba81922cde9730,2,2,1.0
120a6e1875940fe48a44d6cf30706230,90e1f0d98aa33c74e43fb62004a829dd,2,2,1.0
200d8b1f16d0cc9600022fdc99987a7f,3af5f7534be6d2d2d81562ee1dc98af2,2,2,1.0
5dda09ed137461608be539348c1dac39,e8b4b9cf7e6a2e6e13371f3439a4a1ba,2,2,1.0
3052fa07cdb3c836b158402ea4ee6fb8,318dd674b6e789249337a1edca1b0cc1,2,2,1.0
444afd392665f1cc1f3b65ec48063735,a24587c47d40ff560266576b543d16d8,2,2,1.0
16f8c97e3a58560cfd64cff33dd78515,ec8cf19822473555370553d399f7a654,2,2,1.0
3ad84abcfa9a58f9ede403889421500b,7de1536dfbeaacfb971b48c2c93c16cc,2,2,1.0
45fd1f20d58a364a552cfecccfa78935,d8cc3231a8eda4409875bb69bb91f594,2,2,1.0
4279e2fb7de9c27f439fdb82e4f1281f,a231b02134665d0d59438a0008e6e082,2,2,1.0
0d60ae009e0cfd8b0c96aa47625f20a4,5334612ff6f9f1ee518ecf5a8b2d9efc,2,2,1.0
3d5ff67987bbd3820ca1cf5e7a468131,7101512429309e75acf4faaee55e5af0,2,2,1.0
3578707d5fbfaaad05a3862a179bf76d,aebd72416330dcdb02e8d478fd81c9f6,2,2,1.0
35cac0573a06f610cc8e356e0710d9b1,da0db337ede939840c3b01ee64616282,2,2,1.0
70755e5b9df5988f592f3dec6279f1be,8ef9add628931053f28350c0ad4bc7f7,2,2,1.0
5277f2c18bae9ff7f93aa8118ace6e03,e8fee231a8a4901e2b0b5a2324eb1405,2,2,1.0
5261961eeb22ad480eafeb8829cddacf,90c312d2299d36c16bbaa3d717b3dfba,2,2,1.0
3052fa07cdb3c836b158402ea4ee6fb8,7de1536dfbeaacfb971b48c2c93c16cc,2,2,1.0
5334612ff6f9f1ee518ecf5a8b2d9efc,7228928ea2429a6e7ccd7efd24789266,2,2,1.0
7e69734dad7cfcbe95aa59f38095057d,c4295b913119b04f3c9d28a7bfd524f1,2,2,1.0
92fc4892f11581ee802e8e2fa4296433,e5b6fb6c5e7e4adc25a5e400c0104508,2,2,1.0
357ae7be4a22fee3a22cca59f6b681fc,5ebd246be48ec18bf3859966284333f8,2,2,1.0
38775863e907bb656c90a73fbc8083e4,5b40b6d003822b8ff229a910784fe4e5,2,2,1.0
3ef7989405f00bb74c7d463b0357abfd,b9746b56cf8884c9724b03900e46cf0c,2,2,1.0
399699e87adec3391203291418de34d1,e8b4b9cf7e6a2e6e13371f3439a4a1ba,2,2,1.0
e225b3c270984a8097a136089a11aea9,ea77749bef0ca28ab93f391cda660f71,2,2,1.0
ce87153ae6d1e210517154ec1057aad5,ec441c1966bfa602976763f330fc5168,2,2,1.0
2c03431d52e6ae4479a2a2310fb2e481,6ff4f4fcdadf8410fcae5bad48d7044d,2,2,1.0
080a538ba865739bd97c3ffd9e71bcf0,70c976663a07ebfd35d81c6179258391,2,2,1.0
7e69734dad7cfcbe95aa59f38095057d,9ccd3694bf9d11a53846dcc5c105e7b6,2,2,1.0
4279e2fb7de9c27f439fdb82e4f1281f,87a305c45891600e0244ee26c0bf1fa9,2,2,1.0
39ae2ab725be4a0db66896735a49dac7,eed42da7ee2f3ce26ab52758e63d855f,2,2,1.0
7e69734dad7cfcbe95aa59f38095057d,8b88f64495d95d12a12c0d71534d0faa,2,2,1.0
4279e2fb7de9c27f439fdb82e4f1281f,f64075e7fa628bdc6c3e7c3108d7c624,2,2,1.0
9ccd3694bf9d11a53846dcc5c105e7b6,ec8cf19822473555370553d399f7a654,2,2,1.0
81db097ffce4bd958cfffeca7c41e301,a8953e3d7677addada63eee79b91e7ff,2,2,1.0
7d834f25bc4e9c7905f9e31e1c94c51b,f43631b724c7704d75fd3b41de54e724,2,2,1.0
35cac0573a06f610cc8e356e0710d9b1,3c08b0cab2334cc5db8c5915ce0d74cc,2,2,1.0
0d60ae009e0cfd8b0c96aa47625f20a4,c4a0997ebd5dc2e05c2afdd835a002aa,2,2,1.0
be4eb163762cf164f26f81021c4a5e97,f64075e7fa628bdc6c3e7c3108d7c624,2,2,1.0
b65b4e0ccf23f096b3eb8bce350a400a,e8fee231a8a4901e2b0b5a2324eb1405,2,2,1.0
065938485846aa5adc196cb536de42e0,d8cc3231a8eda4409875bb69bb91f594,2,2,1.0
3e5dd5efb71f831fffee3735c9e41e87,8dc10e9acb420db970e64b4c99cba7ec,2,2,1.0
3e5dd5efb71f831fffee3735c9e41e87,4e32c2752aeaa8d8b99da2b145a1c826,2,2,1.0
3af5f7534be6d2d2d81562ee1dc98af2,a8953e3d7677addada63eee79b91e7ff,2,2,1.0
4279e2fb7de9c27f439fdb82e4f1281f,cf4935767b14a8312de405de5d5bbdb5,2,2,1.0
a4669a28dd126c93ca64ddf49a15e496,aebd72416330dcdb02e8d478fd81c9f6,2,2,1.0
3578707d5fbfaaad05a3862a179bf76d,b84dbaedbe3ea55d7cc0894fbea73910,2,2,1.0
4279e2fb7de9c27f439fdb82e4f1281f,a57efc75b64a030eb02c4ebe7f48e45f,2,2,1.0
ec441c1966bfa602976763f330fc5168,f30856ad31d3e74253a3f4ccef670648,2,2,1.0
be4eb163762cf164f26f81021c4a5e97,cf4935767b14a8312de405de5d5bbdb5,2,2,1.0
3578707d5fbfaaad05a3862a179bf76d,698a9cafcc15cac8cdbaee64adc6efbe,2,2,1.0
237dfb57ee5ac9e68310bfd4bd816149,a8953e3d7677addada63eee79b91e7ff,2,2,1.0
3578707d5fbfaaad05a3862a179bf76d,b0b219d68cb80e8440a7fccd3dab3851,2,2,1.0
3af5f7534be6d2d2d81562ee1dc98af2,81db097ffce4bd958cfffeca7c41e301,2,2,1.0
0f10d99ee99ca3d0489f2f2169b41ec3,d535471db72095137da93810c98af688,2,2,1.0
12c6265af495a017928e8f642d3881e4,8f08ba3c31b5bf076daa9541f3c607ea,2,2,1.0
698a9cafcc15cac8cdbaee64adc6efbe,8dc10e9acb420db970e64b4c99cba7ec,2,2,1.0
1803287d1e7138aec6ea9d3c963ed87d,ec99f30f38afadbfbae32d5883734ded,2,2,1.0
4279e2fb7de9c27f439fdb82e4f1281f,91da289fa4deba62c108246d150a8f4e,2,2,1.0
65d7c0904b51f5b432e71a14b25121dc,b65b4e0ccf23f096b3eb8bce350a400a,2,2,1.0
9ccfff93c79f3dd996cce15f26480c5b,a3c776e946f1056964f85942ce783c40,2,2,1.0
4279e2fb7de9c27f439fdb82e4f1281f,bd6c1c99a4f6c28c98927351eb226e80,2,2,1.0
237dfb57ee5ac9e68310bfd4bd816149,81db097ffce4bd958cfffeca7c41e301,2,2,1.0
65d7c0904b51f5b432e71a14b25121dc,7a1751f98e25f665fc0130c7b001e18f,2,2,1.0
3af5f7534be6d2d2d81562ee1dc98af2,65942a39d31e4aa627f0f65e0298ba2f,2,2,1.0
4f4a4c713a7892d9db23f694fc647d13,c4ba227e9593faaf28a4ea8e5ec6c93f,2,2,1.0
66d5f99377fe9807805f089baa65c715,961ca706a9f7e9d6a4ba81922cde9730,2,2,1.0
444afd392665f1cc1f3b65ec48063735,fd46f99e9913ddee8a6ce5f91d65cf09,2,2,1.0
6ff4f4fcdadf8410fcae5bad48d7044d,a4669a28dd126c93ca64ddf49a15e496,2,2,1.0
0f10d99ee99ca3d0489f2f2169b41ec3,b7741f7ec50ab6bcd52ab08ea8f214d9,2,2,1.0
65d7c0904b51f5b432e71a14b25121dc,fda3a3eb3370c1295a4fc3f6cd3d7604,2,2,1.0
28e3b4a14a28881ebbdf5384e004d6fb,e1015df046a6e086818dc851b65c2392,2,2,1.0
2c03431d52e6ae4479a2a2310fb2e481,3e5dd5efb71f831fffee3735c9e41e87,2,2,1.0
e6f18fab493c0bdc553eafd9b66cb5f2,ec441c1966bfa602976763f330fc5168,2,2,1.0
399699e87adec3391203291418de34d1,5261961eeb22ad480eafeb8829cddacf,2,2,1.0
4e32c2752aeaa8d8b99da2b145a1c826,dfbebe96520c2a101d602c7d003764ba,2,2,1.0
75bbb6b481a1df1689bb769e63ec3acb,ee9d97a7d28183a3d93aefb807e48524,2,2,1.0
73b78f75df448f01b52aee67c38e1b4d,a4aade0ce7988cd421340d39d0fba92d,2,2,1.0
5ebd246be48ec18bf3859966284333f8,f30856ad31d3e74253a3f4ccef670648,2,2,1.0
35cac0573a06f610cc8e356e0710d9b1,59deaa85810b3c3af6536e02d782a90c,2,2,1.0
7973a6ba9c81ecaeb3d628c33c7c7c48,b65b4e0ccf23f096b3eb8bce350a400a,2,2,1.0
2708339a3f5355f56983737d54fbce59,a4669a28dd126c93ca64ddf49a15e496,2,2,1.0
70c976663a07ebfd35d81c6179258391,750550f1fbf777d9383acb856bc593dd,2,2,1.0
3e5dd5efb71f831fffee3735c9e41e87,ea77749bef0ca28ab93f391cda660f71,2,2,1.0
5e6ff5789e4d6b6d6f2a801e4da72e7a,ce87153ae6d1e210517154ec1057aad5,2,2,1.0
210bec49b9e200df48dd3f31310d606e,4279e2fb7de9c27f439fdb82e4f1281f,2,2,1.0
45fd1f20d58a364a552cfecccfa78935,c6e6c968421911e3975a6f7160a1d4b6,2,2,1.0
237dfb57ee5ac9e68310bfd4bd816149,6d9cdc2c73e65c443351811fb9039bfa,2,2,1.0
03cccac05d316dc60827fa7abedd608e,7989d259bdf69447ee8e00970c3f3228,2,2,1.0
46f15c2526277c2f9cfa6b239dfb11b3,7973a6ba9c81ecaeb3d628c33c7c7c48,2,2,1.0
b7741f7ec50ab6bcd52ab08ea8f214d9,d535471db72095137da93810c98af688,2,2,1.0
2708339a3f5355f56983737d54fbce59,3e5dd5efb71f831fffee3735c9e41e87,2,2,1.0
7989d259bdf69447ee8e00970c3f3228,af417df88fa589d65603e559ee80a22c,2,2,1.0
83bf39384884016d6218c5cee2dca7e7,86bb795b2c858e2ca3bc6271de923619,2,2,1.0
65942a39d31e4aa627f0f65e0298ba2f,dfbebe96520c2a101d602c7d003764ba,2,2,1.0
48c1b34a2d23e13b8967caa478d9c428,a6ddea592cbc5da9970a9a9803c07347,2,2,1.0
6ff4f4fcdadf8410fcae5bad48d7044d,97ba9c6276256eca910e8d36e78abfa8,2,2,1.0
a6ddea592cbc5da9970a9a9803c07347,e1015df046a6e086818dc851b65c2392,2,2,1.0
00ec23a308504080697e5204d3dbcb2c,500916dd05e1a0eef077815b20b9b644,2,2,1.0
a4669a28dd126c93ca64ddf49a15e496,b84dbaedbe3ea55d7cc0894fbea73910,2,2,1.0
698a9cafcc15cac8cdbaee64adc6efbe,ea77749bef0ca28ab93f391cda660f71,2,2,1.0
712c4abfd9b054e7872aad2021a4aee3,bd175eda0510a90fcb57ead16a5e85d3,2,2,1.0
5261961eeb22ad480eafeb8829cddacf,aab579a39b1b5c223c2e1a4bbf8ff977,2,2,1.0
158ff08f9b1aeebfa96820580f3877a6,ce87153ae6d1e210517154ec1057aad5,2,2,1.0
ee9d97a7d28183a3d93aefb807e48524,ef3e32f1b8658891add797672f995cc5,2,2,1.0
03d4c28894c1239ca5a6dd6f0c197921,5733010674adc0076bd5d41eb3703955,2,2,1.0
91da289fa4deba62c108246d150a8f4e,a57efc75b64a030eb02c4ebe7f48e45f,2,2,1.0
4279e2fb7de9c27f439fdb82e4f1281f,bf257f507db19138f5bc4065313c1f87,2,2,1.0
0f10d99ee99ca3d0489f2f2169b41ec3,9cb94124fb0fda10d04fccc5477573b6,2,2,1.0
7989d259bdf69447ee8e00970c3f3228,e238fba997eec80e48bf8d8689877d89,2,2,1.0
3e5dd5efb71f831fffee3735c9e41e87,e225b3c270984a8097a136089a11aea9,2,2,1.0
7973a6ba9c81ecaeb3d628c33c7c7c48,7b32049d8495d56c8b27eae575921a60,2,2,1.0
7647c15a4f2e66304c91fcf86573a2a3,e1015df046a6e086818dc851b65c2392,2,2,1.0
5dda09ed137461608be539348c1dac39,aebd72416330dcdb02e8d478fd81c9f6,2,2,1.0
2b5c14b7e1a3d88ff7e0c46e15851f5f,46f15c2526277c2f9cfa6b239dfb11b3,2,2,1.0
91da289fa4deba62c108246d150a8f4e,bd6c1c99a4f6c28c98927351eb226e80,2,2,1.0
4f4a4c713a7892d9db23f694fc647d13,be4eb163762cf164f26f81021c4a5e97,2,2,1.0
5d77cf4bfc8132075fc589f355875baa,b4da3c8deec3e1c31023d39ba20bb40e,2,2,1.0
1803287d1e7138aec6ea9d3c963ed87d,eed42da7ee2f3ce26ab52758e63d855f,2,2,1.0
9a2344afe2d1a43559906bd456567a9b,f30856ad31d3e74253a3f4ccef670648,2,2,1.0
b410d7fd96e7ff12af1d2f87aae875a8,e6f18fab493c0bdc553eafd9b66cb5f2,2,2,1.0
080a538ba865739bd97c3ffd9e71bcf0,f30856ad31d3e74253a3f4ccef670648,2,2,1.0
aebd72416330dcdb02e8d478fd81c9f6,f64075e7fa628bdc6c3e7c3108d7c624,2,2,1.0
4c30e4dd03cd345d33e315a19c828265,be54df277bac50d1ff64f1c5df2730dd,2,2,1.0
96d3a3257161c32fe93aea0e38b16515,d535471db72095137da93810c98af688,2,2,1.0
698a9cafcc15cac8cdbaee64adc6efbe,e225b3c270984a8097a136089a11aea9,2,2,1.0
28e3b4a14a28881ebbdf5384e004d6fb,9f5b78334246addf67c6b0545bc7dd2b,2,2,1.0
90c312d2299d36c16bbaa3d717b3dfba,dfbebe96520c2a101d602c7d003764ba,2,2,1.0
7de1536dfbeaacfb971b48c2c93c16cc,ae4040757eb5b3be43a7c0ea27260d50,2,2,1.0
48c1b34a2d23e13b8967caa478d9c428,7e69734dad7cfcbe95aa59f38095057d,2,2,1.0
0b1ef8f1c964c96702a47c381c61f84f,4f928a6270233d6c7c4e73919fa12295,2,2,1.0
e301216623168d227eb0b0a3aabb1e62,e8b4b9cf7e6a2e6e13371f3439a4a1ba,2,2,1.0
87a305c45891600e0244ee26c0bf1fa9,dfbebe96520c2a101d602c7d003764ba,2,2,1.0
16f8c97e3a58560cfd64cff33dd78515,d9752ac494a2b97507fd2faa478cabd9,2,2,1.0
aebd72416330dcdb02e8d478fd81c9f6,cf4935767b14a8312de405de5d5bbdb5,2,2,1.0
2c03431d52e6ae4479a2a2310fb2e481,dfbebe96520c2a101d602c7d003764ba,2,2,1.0
3daecf8142fdd6c03cf4825284d1bb5f,5bc738a48bdb9ca1f798d56de2cce84c,2,2,1.0
03d4c28894c1239ca5a6dd6f0c197921,b4da3c8deec3e1c31023d39ba20bb40e,2,2,1.0
96d3a3257161c32fe93aea0e38b16515,b7741f7ec50ab6bcd52ab08ea8f214d9,2,2,1.0
cf4935767b14a8312de405de5d5bbdb5,ea77749bef0ca28ab93f391cda660f71,2,2,1.0
698a9cafcc15cac8cdbaee64adc6efbe,aebd72416330dcdb02e8d478fd81c9f6,2,2,1.0
3c08b0cab2334cc5db8c5915ce0d74cc,3e5a237352ac4b53e1281b9b62efcbcc,2,2,1.0
3578707d5fbfaaad05a3862a179bf76d,a8953e3d7677addada63eee79b91e7ff,2,2,1.0
4279e2fb7de9c27f439fdb82e4f1281f,90c312d2299d36c16bbaa3d717b3dfba,2,2,1.0
2378eeed2dcf1e43fc9ffcbb93e04827,b61de7fcc331da9b8493a4ec5ba50a51,2,2,1.0
c8cfa46e5d1f306b819532624342debb,f4e81554e6d13f3eb2b14a882fa18d0d,2,2,1.0
03cccac05d316dc60827fa7abedd608e,af417df88fa589d65603e559ee80a22c,2,2,1.0
7647c15a4f2e66304c91fcf86573a2a3,c4295b913119b04f3c9d28a7bfd524f1,2,2,1.0
5261961eeb22ad480eafeb8829cddacf,8dc10e9acb420db970e64b4c99cba7ec,2,2,1.0
e03684ee60e4f8113ddbe25a1a33d4a3,fb8038205a1b4f9a90cb981e074e9be2,2,2,1.0
318dd674b6e789249337a1edca1b0cc1,5182c0939da37d2f3acd9f2fb8b60d4f,2,2,1.0
a57efc75b64a030eb02c4ebe7f48e45f,dfbebe96520c2a101d602c7d003764ba,2,2,1.0
78c5f76b60a3a2588635aadc70e34df7,e5b6fb6c5e7e4adc25a5e400c0104508,2,2,1.0
3578707d5fbfaaad05a3862a179bf76d,81db097ffce4bd958cfffeca7c41e301,2,2,1.0
b84dbaedbe3ea55d7cc0894fbea73910,c4ba227e9593faaf28a4ea8e5ec6c93f,2,2,1.0
8d174d46566bd4824dea80be4d00a2ce,c4a0997ebd5dc2e05c2afdd835a002aa,2,2,1.0
3c08b0cab2334cc5db8c5915ce0d74cc,aea1ccbc3f29445178036e658e686eb1,2,2,1.0
91da289fa4deba62c108246d150a8f4e,bf257f507db19138f5bc4065313c1f87,2,2,1.0
97ba9c6276256eca910e8d36e78abfa8,aab579a39b1b5c223c2e1a4bbf8ff977,2,2,1.0
3af5f7534be6d2d2d81562ee1dc98af2,5dda09ed137461608be539348c1dac39,2,2,1.0
a8953e3d7677addada63eee79b91e7ff,bd6c1c99a4f6c28c98927351eb226e80,2,2,1.0
3ad84abcfa9a58f9ede403889421500b,5182c0939da37d2f3acd9f2fb8b60d4f,2,2,1.0
507d34ab7a9f465f7a023cf256e524da,96b482d81d31251add90a9fe63fbbcec,2,2,1.0
48c1b34a2d23e13b8967caa478d9c428,9a56d30e286ddea1374c143d111de34d,2,2,1.0
7647c15a4f2e66304c91fcf86573a2a3,9f5b78334246addf67c6b0545bc7dd2b,2,2,1.0
4fcf56f1cf3d583a0cec41f7f523a852,66d5f99377fe9807805f089baa65c715,2,2,1.0
27259fad9054fce994a70f1d117bc402,3ea35d016eb96bbfede151b359b8da8e,2,2,1.0
6ff4f4fcdadf8410fcae5bad48d7044d,8418b8ecfc9702b5eacddc5e75a4dcca,2,2,1.0
03cccac05d316dc60827fa7abedd608e,e238fba997eec80e48bf8d8689877d89,2,2,1.0
5dda09ed137461608be539348c1dac39,b84dbaedbe3ea55d7cc0894fbea73910,2,2,1.0
7647c15a4f2e66304c91fcf86573a2a3,9ccd3694bf9d11a53846dcc5c105e7b6,2,2,1.0
08f39bc6b746bc26013fa99b725e83e6,f3a00ac7ef765a53370cd03daf250c2c,2,2,1.0
399699e87adec3391203291418de34d1,be4eb163762cf164f26f81021c4a5e97,2,2,1.0
7647c15a4f2e66304c91fcf86573a2a3,8b88f64495d95d12a12c0d71534d0faa,2,2,1.0
96d3a3257161c32fe93aea0e38b16515,9cb94124fb0fda10d04fccc5477573b6,2,2,1.0
158ff08f9b1aeebfa96820580f3877a6,5e6ff5789e4d6b6d6f2a801e4da72e7a,2,2,1.0
5e6ff5789e4d6b6d6f2a801e4da72e7a,9a2344afe2d1a43559906bd456567a9b,2,2,1.0
3578707d5fbfaaad05a3862a179bf76d,6d9cdc2c73e65c443351811fb9039bfa,2,2,1.0
2708339a3f5355f56983737d54fbce59,8418b8ecfc9702b5eacddc5e75a4dcca,2,2,1.0
3e5a237352ac4b53e1281b9b62efcbcc,aea1ccbc3f29445178036e658e686eb1,2,2,1.0
45fd1f20d58a364a552cfecccfa78935,fc8039a2b1963ca28dffe5dc886fa5c3,2,2,1.0
8a04cd485d578904eed5263be0df576c,a8bfc5f0c511a76ceed6b30b1d03efa6,2,2,1.0
02b20b7c813efede140142ac610e36dc,b7741f7ec50ab6bcd52ab08ea8f214d9,2,2,1.0
1e6b20395bc9690fe6735e6b6e0d2791,7647c15a4f2e66304c91fcf86573a2a3,2,2,1.0
bd6c1c99a4f6c28c98927351eb226e80,f64075e7fa628bdc6c3e7c3108d7c624,2,2,1.0
3052fa07cdb3c836b158402ea4ee6fb8,5182c0939da37d2f3acd9f2fb8b60d4f,2,2,1.0
5182c0939da37d2f3acd9f2fb8b60d4f,ae4040757eb5b3be43a7c0ea27260d50,2,2,1.0
3e5dd5efb71f831fffee3735c9e41e87,698a9cafcc15cac8cdbaee64adc6efbe,2,2,1.0
4aaa58570595843d3c6670516aaa3745,d4b0546eafc45b6b4880a54583880931,2,2,1.0
5182c0939da37d2f3acd9f2fb8b60d4f,7647c15a4f2e66304c91fcf86573a2a3,2,2,1.0
0ddba04798f1c085d0ca93af0e91f6c1,97ba9c6276256eca910e8d36e78abfa8,2,2,1.0
3e5dd5efb71f831fffee3735c9e41e87,b0b219d68cb80e8440a7fccd3dab3851,2,2,1.0
210bec49b9e200df48dd3f31310d606e,a231b02134665d0d59438a0008e6e082,2,2,1.0
4d1fe8b6f5e9ee044a14467c8b2832b6,d535471db72095137da93810c98af688,2,2,1.0
200d8b1f16d0cc9600022fdc99987a7f,a4669a28dd126c93ca64ddf49a15e496,2,2,1.0
3052fa07cdb3c836b158402ea4ee6fb8,3ad84abcfa9a58f9ede403889421500b,2,2,1.0
70755e5b9df5988f592f3dec6279f1be,ec99f30f38afadbfbae32d5883734ded,2,2,1.0
3277891bd580550e931b09b683cc4d86,bd10ec3ad72914d1866c911956f9180d,2,2,1.0
4e32c2752aeaa8d8b99da2b145a1c826,e301216623168d227eb0b0a3aabb1e62,2,2,1.0
5261961eeb22ad480eafeb8829cddacf,ea77749bef0ca28ab93f391cda660f71,2,2,1.0
35cac0573a06f610cc8e356e0710d9b1,961ca706a9f7e9d6a4ba81922cde9730,2,2,1.0
bd6c1c99a4f6c28c98927351eb226e80,cf4935767b14a8312de405de5d5bbdb5,2,2,1.0
698a9cafcc15cac8cdbaee64adc6efbe,b84dbaedbe3ea55d7cc0894fbea73910,2,2,1.0
35bbb96d850c5f9ab81302b4dd1670c4,de0bf4b52c6b76e5ddc39b9bd24bbb26,2,2,1.0
a4669a28dd126c93ca64ddf49a15e496,a8953e3d7677addada63eee79b91e7ff,2,2,1.0
210bec49b9e200df48dd3f31310d606e,3578707d5fbfaaad05a3862a179bf76d,2,2,1.0
a3c776e946f1056964f85942ce783c40,c7b577de54cb78d5d8f60f78f0476a52,2,2,1.0
8dc10e9acb420db970e64b4c99cba7ec,e301216623168d227eb0b0a3aabb1e62,2,2,1.0
d9752ac494a2b97507fd2faa478cabd9,e238fba997eec80e48bf8d8689877d89,2,2,1.0
698a9cafcc15cac8cdbaee64adc6efbe,b0b219d68cb80e8440a7fccd3dab3851,2,2,1.0
4d1fe8b6f5e9ee044a14467c8b2832b6,b7741f7ec50ab6bcd52ab08ea8f214d9,2,2,1.0
e89bab624ed1d8c75012bf52bacc654c,ec99f30f38afadbfbae32d5883734ded,2,2,1.0
39ae2ab725be4a0db66896735a49dac7,e5b6fb6c5e7e4adc25a5e400c0104508,2,2,1.0
4279e2fb7de9c27f439fdb82e4f1281f,d792207a143bca423ba1685b30e34557,2,2,1.0
a8953e3d7677addada63eee79b91e7ff,bf257f507db19138f5bc4065313c1f87,2,2,1.0
28e3b4a14a28881ebbdf5384e004d6fb,318dd674b6e789249337a1edca1b0cc1,2,2,1.0
b84dbaedbe3ea55d7cc0894fbea73910,be4eb163762cf164f26f81021c4a5e97,2,2,1.0
4deaa9aac5d5939feb62de62e7d24b50,500916dd05e1a0eef077815b20b9b644,2,2,1.0
be4eb163762cf164f26f81021c4a5e97,d792207a143bca423ba1685b30e34557,2,2,1.0
02b20b7c813efede140142ac610e36dc,9cb94124fb0fda10d04fccc5477573b6,2,2,1.0
8418b8ecfc9702b5eacddc5e75a4dcca,a4669a28dd126c93ca64ddf49a15e496,2,2,1.0
b0b219d68cb80e8440a7fccd3dab3851,e301216623168d227eb0b0a3aabb1e62,2,2,1.0
200d8b1f16d0cc9600022fdc99987a7f,97ba9c6276256eca910e8d36e78abfa8,2,2,1.0
237dfb57ee5ac9e68310bfd4bd816149,4279e2fb7de9c27f439fdb82e4f1281f,2,2,1.0
5261961eeb22ad480eafeb8829cddacf,e225b3c270984a8097a136089a11aea9,2,2,1.0
70755e5b9df5988f592f3dec6279f1be,ee9d97a7d28183a3d93aefb807e48524,2,2,1.0
376f87fc0c95ceb6668c29f4f37db4b4,cb5c545d96f39390b7f372aaa88c4a7e,2,2,1.0
4fcf56f1cf3d583a0cec41f7f523a852,892a397bf8506b6c30355f3fc1338900,2,2,1.0
28e3b4a14a28881ebbdf5384e004d6fb,7de1536dfbeaacfb971b48c2c93c16cc,2,2,1.0
1412559410af5e92c35e053fd6acd006,357ae7be4a22fee3a22cca59f6b681fc,2,2,1.0
2bfb41d07316202af02dd28b825028d0,3fdd5f758dedbccffc537354946aa3b6,2,2,1.0
210bec49b9e200df48dd3f31310d606e,f64075e7fa628bdc6c3e7c3108d7c624,2,2,1.0
5a6b37816cefa8497b74b1ef78dbb202,a3c776e946f1056964f85942ce783c40,2,2,1.0
2a532e879c1278727d9d7001890cd333,d535471db72095137da93810c98af688,2,2,1.0
8418b8ecfc9702b5eacddc5e75a4dcca,97ba9c6276256eca910e8d36e78abfa8,2,2,1.0
8ef9add628931053f28350c0ad4bc7f7,e89bab624ed1d8c75012bf52bacc654c,2,2,1.0
70c976663a07ebfd35d81c6179258391,f30856ad31d3e74253a3f4ccef670648,2,2,1.0
210bec49b9e200df48dd3f31310d606e,cf4935767b14a8312de405de5d5bbdb5,2,2,1.0
961ca706a9f7e9d6a4ba81922cde9730,aea1ccbc3f29445178036e658e686eb1,2,2,1.0
0d52f8cd8892f109a15803df169113b6,444afd392665f1cc1f3b65ec48063735,2,2,1.0
a7751ca7aa429b41cf9065a425d52aea,f30856ad31d3e74253a3f4ccef670648,2,2,1.0
2a532e879c1278727d9d7001890cd333,b7741f7ec50ab6bcd52ab08ea8f214d9,2,2,1.0
5518a112dff474788c0d52cd4688acff,aaa346447b09efdc442a08b80e86d77a,2,2,1.0
be4eb163762cf164f26f81021c4a5e97,e8b4b9cf7e6a2e6e13371f3439a4a1ba,2,2,1.0
3af5f7534be6d2d2d81562ee1dc98af2,6ff4f4fcdadf8410fcae5bad48d7044d,2,2,1.0
bd6c1c99a4f6c28c98927351eb226e80,bf257f507db19138f5bc4065313c1f87,2,2,1.0
2c03431d52e6ae4479a2a2310fb2e481,e301216623168d227eb0b0a3aabb1e62,2,2,1.0
6ff4f4fcdadf8410fcae5bad48d7044d,87a305c45891600e0244ee26c0bf1fa9,2,2,1.0
ee9d97a7d28183a3d93aefb807e48524,fb5e89c121d9569d1a58e0afb54da971,2,2,1.0
aaa346447b09efdc442a08b80e86d77a,ab654ea423caf4fd8644891d185c3fc9,2,2,1.0
397017a63f9c38e08a205d660a5d3019,3e332338454c5752a0ff8cb3858fabfb,2,2,1.0
e0ec2e3c3f6e06839e8fb986be65c7c5,ef3e32f1b8658891add797672f995cc5,2,2,1.0
158ff08f9b1aeebfa96820580f3877a6,4d1fe8b6f5e9ee044a14467c8b2832b6,2,2,1.0
66d5f99377fe9807805f089baa65c715,aea1ccbc3f29445178036e658e686eb1,2,2,1.0
e89bab624ed1d8c75012bf52bacc654c,eed42da7ee2f3ce26ab52758e63d855f,2,2,1.0
2708339a3f5355f56983737d54fbce59,87a305c45891600e0244ee26c0bf1fa9,2,2,1.0
9b82602fc3e9a153752f16553752d58d,c632f50941cea29d2d1501813c183dcf,2,2,1.0
5dda09ed137461608be539348c1dac39,a8953e3d7677addada63eee79b91e7ff,2,2,1.0
1f17641a9f9ad86c56fa3f3401102857,3c08b0cab2334cc5db8c5915ce0d74cc,2,2,1.0
9f5b78334246addf67c6b0545bc7dd2b,ae4040757eb5b3be43a7c0ea27260d50,2,2,1.0
6ff4f4fcdadf8410fcae5bad48d7044d,a57efc75b64a030eb02c4ebe7f48e45f,2,2,1.0
5dda09ed137461608be539348c1dac39,81db097ffce4bd958cfffeca7c41e301,2,2,1.0
7de1536dfbeaacfb971b48c2c93c16cc,ec8cf19822473555370553d399f7a654,2,2,1.0
c6e6c968421911e3975a6f7160a1d4b6,fc8039a2b1963ca28dffe5dc886fa5c3,2,2,1.0
2a532e879c1278727d9d7001890cd333,9cb94124fb0fda10d04fccc5477573b6,2,2,1.0
200d8b1f16d0cc9600022fdc99987a7f,8418b8ecfc9702b5eacddc5e75a4dcca,2,2,1.0
4d1fe8b6f5e9ee044a14467c8b2832b6,a7751ca7aa429b41cf9065a425d52aea,2,2,1.0
2708339a3f5355f56983737d54fbce59,a57efc75b64a030eb02c4ebe7f48e45f,2,2,1.0
5dda09ed137461608be539348c1dac39,65942a39d31e4aa627f0f65e0298ba2f,2,2,1.0
b0b219d68cb80e8440a7fccd3dab3851,bf257f507db19138f5bc4065313c1f87,2,2,1.0
1f17641a9f9ad86c56fa3f3401102857,35cac0573a06f610cc8e356e0710d9b1,2,2,1.0
3e5dd5efb71f831fffee3735c9e41e87,81db097ffce4bd958cfffeca7c41e301,2,2,1.0
6ff4f4fcdadf8410fcae5bad48d7044d,91da289fa4deba62c108246d150a8f4e,2,2,1.0
c4295b913119b04f3c9d28a7bfd524f1,ec8cf19822473555370553d399f7a654,2,2,1.0
6ff4f4fcdadf8410fcae5bad48d7044d,bd6c1c99a4f6c28c98927351eb226e80,2,2,1.0
698a9cafcc15cac8cdbaee64adc6efbe,a8953e3d7677addada63eee79b91e7ff,2,2,1.0
5261961eeb22ad480eafeb8829cddacf,698a9cafcc15cac8cdbaee64adc6efbe,2,2,1.0
4279e2fb7de9c27f439fdb82e4f1281f,8dc10e9acb420db970e64b4c99cba7ec,2,2,1.0
4279e2fb7de9c27f439fdb82e4f1281f,4e32c2752aeaa8d8b99da2b145a1c826,2,2,1.0
dfbebe96520c2a101d602c7d003764ba,f64075e7fa628bdc6c3e7c3108d7c624,2,2,1.0
7a1751f98e25f665fc0130c7b001e18f,b65b4e0ccf23f096b3eb8bce350a400a,2,2,1.0
06f289b98b5b10b7d7692548624cb616,75bbb6b481a1df1689bb769e63ec3acb,2,2,1.0
91da289fa4deba62c108246d150a8f4e,aab579a39b1b5c223c2e1a4bbf8ff977,2,2,1.0
5261961eeb22ad480eafeb8829cddacf,b0b219d68cb80e8440a7fccd3dab3851,2,2,1.0
5dda09ed137461608be539348c1dac39,6d9cdc2c73e65c443351811fb9039bfa,2,2,1.0
aebd72416330dcdb02e8d478fd81c9f6,d792207a143bca423ba1685b30e34557,2,2,1.0
2708339a3f5355f56983737d54fbce59,91da289fa4deba62c108246d150a8f4e,2,2,1.0
81db097ffce4bd958cfffeca7c41e301,a231b02134665d0d59438a0008e6e082,2,2,1.0
2b5c14b7e1a3d88ff7e0c46e15851f5f,d7c6bdf20c4ec9c9cda815dde58e778a,2,2,1.0
2708339a3f5355f56983737d54fbce59,bd6c1c99a4f6c28c98927351eb226e80,2,2,1.0
5182c0939da37d2f3acd9f2fb8b60d4f,7989d259bdf69447ee8e00970c3f3228,2,2,1.0
3ea35d016eb96bbfede151b359b8da8e,651ed17eda0600815cf614b33c535d6b,2,2,1.0
698a9cafcc15cac8cdbaee64adc6efbe,81db097ffce4bd958cfffeca7c41e301,2,2,1.0
e5b6fb6c5e7e4adc25a5e400c0104508,eed42da7ee2f3ce26ab52758e63d855f,2,2,1.0
3af5f7534be6d2d2d81562ee1dc98af2,3e5dd5efb71f831fffee3735c9e41e87,2,2,1.0
3578707d5fbfaaad05a3862a179bf76d,4279e2fb7de9c27f439fdb82e4f1281f,2,2,1.0
bf257f507db19138f5bc4065313c1f87,f64075e7fa628bdc6c3e7c3108d7c624,2,2,1.0
0ddba04798f1c085d0ca93af0e91f6c1,a231b02134665d0d59438a0008e6e082,2,2,1.0
3e5dd5efb71f831fffee3735c9e41e87,6d9cdc2c73e65c443351811fb9039bfa,2,2,1.0
31110c0abf469026d27a9f6b5f4fb364,fc94333f2fc94ee80653e648ef08175b,2,2,1.0
065938485846aa5adc196cb536de42e0,45fd1f20d58a364a552cfecccfa78935,2,2,1.0
6d9cdc2c73e65c443351811fb9039bfa,a4669a28dd126c93ca64ddf49a15e496,2,2,1.0
158ff08f9b1aeebfa96820580f3877a6,750550f1fbf777d9383acb856bc593dd,2,2,1.0
7c64114d404c93f2c4305a9f2e7dc3eb,e7e6c73d63190cbf9d70af9c488e227f,2,2,1.0
399699e87adec3391203291418de34d1,65942a39d31e4aa627f0f65e0298ba2f,2,2,1.0
0ddba04798f1c085d0ca93af0e91f6c1,3578707d5fbfaaad05a3862a179bf76d,2,2,1.0
6e6fdec52c6dbf58721bf7a4eaf5b679,df9bd60da4a8f8945d2b862aebd3d418,2,2,1.0
357ae7be4a22fee3a22cca59f6b681fc,d535471db72095137da93810c98af688,2,2,1.0
237dfb57ee5ac9e68310bfd4bd816149,a231b02134665d0d59438a0008e6e082,2,2,1.0
d8cc3231a8eda4409875bb69bb91f594,fc8039a2b1963ca28dffe5dc886fa5c3,2,2,1.0
bf257f507db19138f5bc4065313c1f87,cf4935767b14a8312de405de5d5bbdb5,2,2,1.0
698a9cafcc15cac8cdbaee64adc6efbe,6d9cdc2c73e65c443351811fb9039bfa,2,2,1.0
7a1751f98e25f665fc0130c7b001e18f,7b32049d8495d56c8b27eae575921a60,2,2,1.0
45fd1f20d58a364a552cfecccfa78935,59deaa85810b3c3af6536e02d782a90c,2,2,1.0
237dfb57ee5ac9e68310bfd4bd816149,3578707d5fbfaaad05a3862a179bf76d,2,2,1.0
1e6b20395bc9690fe6735e6b6e0d2791,ec8cf19822473555370553d399f7a654,2,2,1.0
272f7dfe5a6714f61a473c8d2f2862f1,a13d3e08e93017d233c021a49d9a2c54,2,2,1.0
6ff4f4fcdadf8410fcae5bad48d7044d,bf257f507db19138f5bc4065313c1f87,2,2,1.0
4279e2fb7de9c27f439fdb82e4f1281f,ea77749bef0ca28ab93f391cda660f71,2,2,1.0
357ae7be4a22fee3a22cca59f6b681fc,b7741f7ec50ab6bcd52ab08ea8f214d9,2,2,1.0
5182c0939da37d2f3acd9f2fb8b60d4f,ec8cf19822473555370553d399f7a654,2,2,1.0
59deaa85810b3c3af6536e02d782a90c,66d5f99377fe9807805f089baa65c715,2,2,1.0
2b5c14b7e1a3d88ff7e0c46e15851f5f,e8fee231a8a4901e2b0b5a2324eb1405,2,2,1.0
6d9cdc2c73e65c443351811fb9039bfa,97ba9c6276256eca910e8d36e78abfa8,2,2,1.0
aebd72416330dcdb02e8d478fd81c9f6,e8b4b9cf7e6a2e6e13371f3439a4a1ba,2,2,1.0
2708339a3f5355f56983737d54fbce59,bf257f507db19138f5bc4065313c1f87,2,2,1.0
16f8c97e3a58560cfd64cff33dd78515,3052fa07cdb3c836b158402ea4ee6fb8,2,2,1.0
4d1fe8b6f5e9ee044a14467c8b2832b6,ec441c1966bfa602976763f330fc5168,2,2,1.0
c6e6c968421911e3975a6f7160a1d4b6,da0db337ede939840c3b01ee64616282,2,2,1.0
0ddba04798f1c085d0ca93af0e91f6c1,f64075e7fa628bdc6c3e7c3108d7c624,2,2,1.0
16f8c97e3a58560cfd64cff33dd78515,7e69734dad7cfcbe95aa59f38095057d,2,2,1.0
ce87153ae6d1e210517154ec1057aad5,e6f18fab493c0bdc553eafd9b66cb5f2,2,2,1.0
bd6c1c99a4f6c28c98927351eb226e80,d792207a143bca423ba1685b30e34557,2,2,1.0
a57efc75b64a030eb02c4ebe7f48e45f,e8b4b9cf7e6a2e6e13371f3439a4a1ba,2,2,1.0
6e6fdec52c6dbf58721bf7a4eaf5b679,d7c6bdf20c4ec9c9cda815dde58e778a,2,2,1.0
81db097ffce4bd958cfffeca7c41e301,dfbebe96520c2a101d602c7d003764ba,2,2,1.0
4279e2fb7de9c27f439fdb82e4f1281f,e225b3c270984a8097a136089a11aea9,2,2,1.0
3ccc59a10bd8a1eb4613a41f34aeef5b,5bc738a48bdb9ca1f798d56de2cce84c,2,2,1.0
0ddba04798f1c085d0ca93af0e91f6c1,cf4935767b14a8312de405de5d5bbdb5,2,2,1.0
8b88f64495d95d12a12c0d71534d0faa,9a56d30e286ddea1374c143d111de34d,2,2,1.0
be4eb163762cf164f26f81021c4a5e97,e225b3c270984a8097a136089a11aea9,2,2,1.0
06f289b98b5b10b7d7692548624cb616,8ef9add628931053f28350c0ad4bc7f7,2,2,1.0
357ae7be4a22fee3a22cca59f6b681fc,9cb94124fb0fda10d04fccc5477573b6,2,2,1.0
3af5f7534be6d2d2d81562ee1dc98af2,dfbebe96520c2a101d602c7d003764ba,2,2,1.0
200d8b1f16d0cc9600022fdc99987a7f,87a305c45891600e0244ee26c0bf1fa9,2,2,1.0
1412559410af5e92c35e053fd6acd006,5ebd246be48ec18bf3859966284333f8,2,2,1.0
6ff4f4fcdadf8410fcae5bad48d7044d,90c312d2299d36c16bbaa3d717b3dfba,2,2,1.0
158ff08f9b1aeebfa96820580f3877a6,70c976663a07ebfd35d81c6179258391,2,2,1.0
237dfb57ee5ac9e68310bfd4bd816149,cf4935767b14a8312de405de5d5bbdb5,2,2,1.0
4279e2fb7de9c27f439fdb82e4f1281f,aebd72416330dcdb02e8d478fd81c9f6,2,2,1.0
237dfb57ee5ac9e68310bfd4bd816149,dfbebe96520c2a101d602c7d003764ba,2,2,1.0
86618766c9dacd2ccd49fb6492ddcbbf,ea5386878274082051c5746cbc6e3087,2,2,1.0
8fa60adf18fe4fd010cad0b48f6fedb4,aaad6d68de5490cba508e4203ddc87de,2,2,1.0
0ddba04798f1c085d0ca93af0e91f6c1,91da289fa4deba62c108246d150a8f4e,2,2,1.0
66a0e4ae01e565ad721e85f287a2315e,b2b114ecefe93aa93d0f2bdd14ac8f84,2,2,1.0
4e32c2752aeaa8d8b99da2b145a1c826,c4ba227e9593faaf28a4ea8e5ec6c93f,2,2,1.0
0ddba04798f1c085d0ca93af0e91f6c1,bd6c1c99a4f6c28c98927351eb226e80,2,2,1.0
2708339a3f5355f56983737d54fbce59,90c312d2299d36c16bbaa3d717b3dfba,2,2,1.0
892a397bf8506b6c30355f3fc1338900,b2b114ecefe93aa93d0f2bdd14ac8f84,2,2,1.0
16f8c97e3a58560cfd64cff33dd78515,9a56d30e286ddea1374c143d111de34d,2,2,1.0
91da289fa4deba62c108246d150a8f4e,ea77749bef0ca28ab93f391cda660f71,2,2,1.0
85189d642c11e7090cb2f72fed68ea42,e03684ee60e4f8113ddbe25a1a33d4a3,2,2,1.0
5277f2c18bae9ff7f93aa8118ace6e03,7973a6ba9c81ecaeb3d628c33c7c7c48,2,2,1.0
8dc10e9acb420db970e64b4c99cba7ec,c4ba227e9593faaf28a4ea8e5ec6c93f,2,2,1.0
ae4040757eb5b3be43a7c0ea27260d50,c4295b913119b04f3c9d28a7bfd524f1,2,2,1.0
59deaa85810b3c3af6536e02d782a90c,892a397bf8506b6c30355f3fc1338900,2,2,1.0
8418b8ecfc9702b5eacddc5e75a4dcca,87a305c45891600e0244ee26c0bf1fa9,2,2,1.0
200d8b1f16d0cc9600022fdc99987a7f,a57efc75b64a030eb02c4ebe7f48e45f,2,2,1.0
65942a39d31e4aa627f0f65e0298ba2f,c4ba227e9593faaf28a4ea8e5ec6c93f,2,2,1.0
aeb60b971e54df6473d586ada758ca72,fb8038205a1b4f9a90cb981e074e9be2,2,2,1.0
28e3b4a14a28881ebbdf5384e004d6fb,5182c0939da37d2f3acd9f2fb8b60d4f,2,2,1.0
961ca706a9f7e9d6a4ba81922cde9730,d8cc3231a8eda4409875bb69bb91f594,2,2,1.0
210bec49b9e200df48dd3f31310d606e,d792207a143bca423ba1685b30e34557,2,2,1.0
4e32c2752aeaa8d8b99da2b145a1c826,aab579a39b1b5c223c2e1a4bbf8ff977,2,2,1.0
1f17641a9f9ad86c56fa3f3401102857,c0fc2e3595c750de75d36e7db9399e83,2,2,1.0
200d8b1f16d0cc9600022fdc99987a7f,91da289fa4deba62c108246d150a8f4e,2,2,1.0
200d8b1f16d0cc9600022fdc99987a7f,bd6c1c99a4f6c28c98927351eb226e80,2,2,1.0
399699e87adec3391203291418de34d1,5dda09ed137461608be539348c1dac39,2,2,1.0
6d9cdc2c73e65c443351811fb9039bfa,8418b8ecfc9702b5eacddc5e75a4dcca,2,2,1.0
28e3b4a14a28881ebbdf5384e004d6fb,3ad84abcfa9a58f9ede403889421500b,2,2,1.0
5334612ff6f9f1ee518ecf5a8b2d9efc,763537fbd8173d949ea5b3da1d1461b7,2,2,1.0
70fc429b7bf128070c74d50e27d0c6a2,ae1d1e3aace44aeae97187488325c43f,2,2,1.0
8dc10e9acb420db970e64b4c99cba7ec,aab579a39b1b5c223c2e1a4bbf8ff977,2,2,1.0
91da289fa4deba62c108246d150a8f4e,e225b3c270984a8097a136089a11aea9,2,2,1.0
f435be2fc1336c5bd3bf67a394388bfd,fddb8fbf1c62f17b8c28501408d902ec,2,2,1.0
48c1b34a2d23e13b8967caa478d9c428,ae4040757eb5b3be43a7c0ea27260d50,2,2,1.0
36d9cc02c910d8c59caa1674f53c3ffb,79fa3eb416c3933311c949121225649f,2,2,1.0
8418b8ecfc9702b5eacddc5e75a4dcca,a57efc75b64a030eb02c4ebe7f48e45f,2,2,1.0
2708339a3f5355f56983737d54fbce59,2c03431d52e6ae4479a2a2310fb2e481,2,2,1.0
a8013fd4e4acf9c0c679bda6d572eeee,afff0a82d666cefe84a5bbafc923f8cc,2,2,1.0
48c1b34a2d23e13b8967caa478d9c428,7647c15a4f2e66304c91fcf86573a2a3,2,2,1.0
080a538ba865739bd97c3ffd9e71bcf0,2a532e879c1278727d9d7001890cd333,2,2,1.0
2bfb41d07316202af02dd28b825028d0,b4324bf24671bd5c4ebfcd2a8c639e86,2,2,1.0
346fce1712054d4339be023a27c38f13,f2e0c95f9c0e971bb561b11ecf5a95d3,2,2,1.0
4279e2fb7de9c27f439fdb82e4f1281f,b84dbaedbe3ea55d7cc0894fbea73910,2,2,1.0
8418b8ecfc9702b5eacddc5e75a4dcca,91da289fa4deba62c108246d150a8f4e,2,2,1.0
88a830a14a479075c655c2f9d3ba3934,c7b577de54cb78d5d8f60f78f0476a52,2,2,1.0
8418b8ecfc9702b5eacddc5e75a4dcca,bd6c1c99a4f6c28c98927351eb226e80,2,2,1.0
4e32c2752aeaa8d8b99da2b145a1c826,be4eb163762cf164f26f81021c4a5e97,2,2,1.0
90c312d2299d36c16bbaa3d717b3dfba,c4ba227e9593faaf28a4ea8e5ec6c93f,2,2,1.0
4279e2fb7de9c27f439fdb82e4f1281f,698a9cafcc15cac8cdbaee64adc6efbe,2,2,1.0
06f289b98b5b10b7d7692548624cb616,92fc4892f11581ee802e8e2fa4296433,2,2,1.0
a8953e3d7677addada63eee79b91e7ff,ea77749bef0ca28ab93f391cda660f71,2,2,1.0
210bec49b9e200df48dd3f31310d606e,399699e87adec3391203291418de34d1,2,2,1.0
aab579a39b1b5c223c2e1a4bbf8ff977,e301216623168d227eb0b0a3aabb1e62,2,2,1.0
c4295b913119b04f3c9d28a7bfd524f1,d9752ac494a2b97507fd2faa478cabd9,2,2,1.0
4279e2fb7de9c27f439fdb82e4f1281f,b0b219d68cb80e8440a7fccd3dab3851,2,2,1.0
16f8c97e3a58560cfd64cff33dd78515,28e3b4a14a28881ebbdf5384e004d6fb,2,2,1.0
87a305c45891600e0244ee26c0bf1fa9,c4ba227e9593faaf28a4ea8e5ec6c93f,2,2,1.0
3e5dd5efb71f831fffee3735c9e41e87,4279e2fb7de9c27f439fdb82e4f1281f,2,2,1.0
2b5c14b7e1a3d88ff7e0c46e15851f5f,5277f2c18bae9ff7f93aa8118ace6e03,2,2,1.0
892a397bf8506b6c30355f3fc1338900,c6e6c968421911e3975a6f7160a1d4b6,2,2,1.0
2c03431d52e6ae4479a2a2310fb2e481,c4ba227e9593faaf28a4ea8e5ec6c93f,2,2,1.0
210bec49b9e200df48dd3f31310d606e,e8b4b9cf7e6a2e6e13371f3439a4a1ba,2,2,1.0
a231b02134665d0d59438a0008e6e082,f64075e7fa628bdc6c3e7c3108d7c624,2,2,1.0
d535471db72095137da93810c98af688,ec441c1966bfa602976763f330fc5168,2,2,1.0
5692f45005b99d929b723b96408957ec,73b78f75df448f01b52aee67c38e1b4d,2,2,1.0
65942a39d31e4aa627f0f65e0298ba2f,be4eb163762cf164f26f81021c4a5e97,2,2,1.0
7989d259bdf69447ee8e00970c3f3228,e1015df046a6e086818dc851b65c2392,2,2,1.0
200d8b1f16d0cc9600022fdc99987a7f,bf257f507db19138f5bc4065313c1f87,2,2,1.0
9f5b78334246addf67c6b0545bc7dd2b,af417df88fa589d65603e559ee80a22c,2,2,1.0
e0ec2e3c3f6e06839e8fb986be65c7c5,eed42da7ee2f3ce26ab52758e63d855f,2,2,1.0
b463aa86422087e97281b2787590fb0d,b4da3c8deec3e1c31023d39ba20bb40e,2,2,1.0
af417df88fa589d65603e559ee80a22c,c4295b913119b04f3c9d28a7bfd524f1,2,2,1.0
9cb94124fb0fda10d04fccc5477573b6,e6f18fab493c0bdc553eafd9b66cb5f2,2,2,1.0
e1015df046a6e086818dc851b65c2392,ec8cf19822473555370553d399f7a654,2,2,1.0
96278eb6dace1f0dce1f78d760d5587f,bf021b222ddfd6549c1ae7b11a8522d8,2,2,1.0
5e6ff5789e4d6b6d6f2a801e4da72e7a,f30856ad31d3e74253a3f4ccef670648,2,2,1.0
38c82315266557c3d9c4312643d1717c,bb7a29428a71e286a02f1377d42d6a35,2,2,1.0
a231b02134665d0d59438a0008e6e082,cf4935767b14a8312de405de5d5bbdb5,2,2,1.0
96278eb6dace1f0dce1f78d760d5587f,d4e365482617be6d91e1271aa793b3c2,2,2,1.0
a8953e3d7677addada63eee79b91e7ff,e225b3c270984a8097a136089a11aea9,2,2,1.0
70115d0e9a0d564ff0bb0315ccaae0eb,a58c3fb6af3c545575b2d93dd050aec9,2,2,1.0
2c03431d52e6ae4479a2a2310fb2e481,aab579a39b1b5c223c2e1a4bbf8ff977,2,2,1.0
3578707d5fbfaaad05a3862a179bf76d,dfbebe96520c2a101d602c7d003764ba,2,2,1.0
9f5b78334246addf67c6b0545bc7dd2b,e238fba997eec80e48bf8d8689877d89,2,2,1.0
5dda09ed137461608be539348c1dac39,6ff4f4fcdadf8410fcae5bad48d7044d,2,2,1.0
8418b8ecfc9702b5eacddc5e75a4dcca,bf257f507db19138f5bc4065313c1f87,2,2,1.0
be4cb52f1e018e4ad1abc82eac59bfd3,edd176efa31cbfc929efbac163cb45a6,2,2,1.0
158ff08f9b1aeebfa96820580f3877a6,f30856ad31d3e74253a3f4ccef670648,2,2,1.0
1e6b20395bc9690fe6735e6b6e0d2791,d9752ac494a2b97507fd2faa478cabd9,2,2,1.0
a231b02134665d0d59438a0008e6e082,bd6c1c99a4f6c28c98927351eb226e80,2,2,1.0
03cccac05d316dc60827fa7abedd608e,3052fa07cdb3c836b158402ea4ee6fb8,2,2,1.0
75bbb6b481a1df1689bb769e63ec3acb,e89bab624ed1d8c75012bf52bacc654c,2,2,1.0
2708339a3f5355f56983737d54fbce59,aab579a39b1b5c223c2e1a4bbf8ff977,2,2,1.0
c0fc2e3595c750de75d36e7db9399e83,d8cc3231a8eda4409875bb69bb91f594,2,2,1.0
bd6c1c99a4f6c28c98927351eb226e80,ea77749bef0ca28ab93f391cda660f71,2,2,1.0
bf257f507db19138f5bc4065313c1f87,d792207a143bca423ba1685b30e34557,2,2,1.0
3af5f7534be6d2d2d81562ee1dc98af2,e301216623168d227eb0b0a3aabb1e62,2,2,1.0
0f10d99ee99ca3d0489f2f2169b41ec3,9a2344afe2d1a43559906bd456567a9b,2,2,1.0
03cccac05d316dc60827fa7abedd608e,7e69734dad7cfcbe95aa59f38095057d,2,2,1.0
7989d259bdf69447ee8e00970c3f3228,c4295b913119b04f3c9d28a7bfd524f1,2,2,1.0
90c312d2299d36c16bbaa3d717b3dfba,be4eb163762cf164f26f81021c4a5e97,2,2,1.0
200d8b1f16d0cc9600022fdc99987a7f,90c312d2299d36c16bbaa3d717b3dfba,2,2,1.0
87a305c45891600e0244ee26c0bf1fa9,be4eb163762cf164f26f81021c4a5e97,2,2,1.0
91da289fa4deba62c108246d150a8f4e,b0b219d68cb80e8440a7fccd3dab3851,2,2,1.0
6d9cdc2c73e65c443351811fb9039bfa,87a305c45891600e0244ee26c0bf1fa9,2,2,1.0
2c03431d52e6ae4479a2a2310fb2e481,be4eb163762cf164f26f81021c4a5e97,2,2,1.0
4f4a4c713a7892d9db23f694fc647d13,a4669a28dd126c93ca64ddf49a15e496,2,2,1.0
9a56d30e286ddea1374c143d111de34d,c4295b913119b04f3c9d28a7bfd524f1,2,2,1.0
02b20b7c813efede140142ac610e36dc,ce87153ae6d1e210517154ec1057aad5,2,2,1.0
6d9cdc2c73e65c443351811fb9039bfa,f64075e7fa628bdc6c3e7c3108d7c624,2,2,1.0
399699e87adec3391203291418de34d1,6ff4f4fcdadf8410fcae5bad48d7044d,2,2,1.0
0b1ef8f1c964c96702a47c381c61f84f,7f0a32f4af1dd3e5f0c45a633ace40ba,2,2,1.0
7989d259bdf69447ee8e00970c3f3228,9f5b78334246addf67c6b0545bc7dd2b,2,2,1.0
7989d259bdf69447ee8e00970c3f3228,9ccd3694bf9d11a53846dcc5c105e7b6,2,2,1.0
210bec49b9e200df48dd3f31310d606e,5261961eeb22ad480eafeb8829cddacf,2,2,1.0
bd6c1c99a4f6c28c98927351eb226e80,e225b3c270984a8097a136089a11aea9,2,2,1.0
7989d259bdf69447ee8e00970c3f3228,8b88f64495d95d12a12c0d71534d0faa,2,2,1.0
a57efc75b64a030eb02c4ebe7f48e45f,be4eb163762cf164f26f81021c4a5e97,2,2,1.0
aab579a39b1b5c223c2e1a4bbf8ff977,bf257f507db19138f5bc4065313c1f87,2,2,1.0
8418b8ecfc9702b5eacddc5e75a4dcca,90c312d2299d36c16bbaa3d717b3dfba,2,2,1.0
40aff2666e4f64f660c941072c6e2521,43f94ca19cdd8f90882d20383806d388,2,2,1.0
6d9cdc2c73e65c443351811fb9039bfa,cf4935767b14a8312de405de5d5bbdb5,2,2,1.0
e225b3c270984a8097a136089a11aea9,f64075e7fa628bdc6c3e7c3108d7c624,2,2,1.0
9a56d30e286ddea1374c143d111de34d,9ccd3694bf9d11a53846dcc5c105e7b6,2,2,1.0
a49541d03e056ca867d3b96f267b8a9a,b5128c97b1b2be63ef8fb4f741d85fa4,2,2,1.0
7e69734dad7cfcbe95aa59f38095057d,ec8cf19822473555370553d399f7a654,2,2,1.0
6d9cdc2c73e65c443351811fb9039bfa,a57efc75b64a030eb02c4ebe7f48e45f,2,2,1.0
2bfb41d07316202af02dd28b825028d0,c735c714dbe80672320182bb48bba3ba,2,2,1.0
6a64e2cf94a5779760698c1e25a2852a,e8569c57efe3adf347b3e92ec04d1f91,2,2,1.0
a4669a28dd126c93ca64ddf49a15e496,dfbebe96520c2a101d602c7d003764ba,2,2,1.0
7b32049d8495d56c8b27eae575921a60,e8fee231a8a4901e2b0b5a2324eb1405,2,2,1.0
6ff4f4fcdadf8410fcae5bad48d7044d,8dc10e9acb420db970e64b4c99cba7ec,2,2,1.0
4e32c2752aeaa8d8b99da2b145a1c826,4f4a4c713a7892d9db23f694fc647d13,2,2,1.0
aebd72416330dcdb02e8d478fd81c9f6,b84dbaedbe3ea55d7cc0894fbea73910,2,2,1.0
bf257f507db19138f5bc4065313c1f87,e8b4b9cf7e6a2e6e13371f3439a4a1ba,2,2,1.0
0ddba04798f1c085d0ca93af0e91f6c1,d792207a143bca423ba1685b30e34557,2,2,1.0
200d8b1f16d0cc9600022fdc99987a7f,2c03431d52e6ae4479a2a2310fb2e481,2,2,1.0
4279e2fb7de9c27f439fdb82e4f1281f,a8953e3d7677addada63eee79b91e7ff,2,2,1.0
1a185a8b307a1add1f201001877f6f6c,7a8afce0fdb6cd5e748818e19f1e223a,2,2,1.0
5261961eeb22ad480eafeb8829cddacf,97ba9c6276256eca910e8d36e78abfa8,2,2,1.0
2708339a3f5355f56983737d54fbce59,8dc10e9acb420db970e64b4c99cba7ec,2,2,1.0
66a0e4ae01e565ad721e85f287a2315e,fc8039a2b1963ca28dffe5dc886fa5c3,2,2,1.0
6d9cdc2c73e65c443351811fb9039bfa,91da289fa4deba62c108246d150a8f4e,2,2,1.0
2708339a3f5355f56983737d54fbce59,4e32c2752aeaa8d8b99da2b145a1c826,2,2,1.0
9a56d30e286ddea1374c143d111de34d,a6ddea592cbc5da9970a9a9803c07347,2,2,1.0
6d9cdc2c73e65c443351811fb9039bfa,bd6c1c99a4f6c28c98927351eb226e80,2,2,1.0
892a397bf8506b6c30355f3fc1338900,fc8039a2b1963ca28dffe5dc886fa5c3,2,2,1.0
48c1b34a2d23e13b8967caa478d9c428,7989d259bdf69447ee8e00970c3f3228,2,2,1.0
730e4b7ede33b484516435d39ab4dc49,edd176efa31cbfc929efbac163cb45a6,2,2,1.0
4279e2fb7de9c27f439fdb82e4f1281f,81db097ffce4bd958cfffeca7c41e301,2,2,1.0
a8953e3d7677addada63eee79b91e7ff,b0b219d68cb80e8440a7fccd3dab3851,2,2,1.0
35cac0573a06f610cc8e356e0710d9b1,d8cc3231a8eda4409875bb69bb91f594,2,2,1.0
3e5dd5efb71f831fffee3735c9e41e87,a231b02134665d0d59438a0008e6e082,2,2,1.0
1a716867d4991435608b0c3296384801,74ef2468836d147c610bc829ecd77677,2,2,1.0
96b482d81d31251add90a9fe63fbbcec,b233915725d368ec61c224efb81ed915,2,2,1.0
0fa3e5721cad691b9594fb89f9805a68,f43631b724c7704d75fd3b41de54e724,2,2,1.0
3729f8f3dacbb68f393d2d6ad2b3dc91,aeb60b971e54df6473d586ada758ca72,2,2,1.0
0f10d99ee99ca3d0489f2f2169b41ec3,e6f18fab493c0bdc553eafd9b66cb5f2,2,2,1.0
96d3a3257161c32fe93aea0e38b16515,9a2344afe2d1a43559906bd456567a9b,2,2,1.0
1a185a8b307a1add1f201001877f6f6c,289410555e77b17958f6c008359eb524,2,2,1.0
4e7d90791af7ac2024f8b978fa4fc095,5eefd8328b4437dcbf0104e89c8fa305,2,2,1.0
703d68159ad7ef05ffb804d0fccedfcb,93541741ba99116c5cf5773312eff953,2,2,1.0
399699e87adec3391203291418de34d1,3e5dd5efb71f831fffee3735c9e41e87,2,2,1.0
0ddba04798f1c085d0ca93af0e91f6c1,399699e87adec3391203291418de34d1,2,2,1.0
81db097ffce4bd958cfffeca7c41e301,e8b4b9cf7e6a2e6e13371f3439a4a1ba,2,2,1.0
e261fc64438c07bf3f12e82fe26c0682,fd46f99e9913ddee8a6ce5f91d65cf09,2,2,1.0
4279e2fb7de9c27f439fdb82e4f1281f,6d9cdc2c73e65c443351811fb9039bfa,2,2,1.0
6ff4f4fcdadf8410fcae5bad48d7044d,ea77749bef0ca28ab93f391cda660f71,2,2,1.0
27259fad9054fce994a70f1d117bc402,651ed17eda0600815cf614b33c535d6b,2,2,1.0
03cccac05d316dc60827fa7abedd608e,9f5b78334246addf67c6b0545bc7dd2b,2,2,1.0
481d9ef7f22b196a3112b031c1b972d1,577786ab410d98d13e0a00878cd9e8fa,2,2,1.0
0ddba04798f1c085d0ca93af0e91f6c1,e8b4b9cf7e6a2e6e13371f3439a4a1ba,2,2,1.0
237dfb57ee5ac9e68310bfd4bd816149,399699e87adec3391203291418de34d1,2,2,1.0
70c976663a07ebfd35d81c6179258391,a7751ca7aa429b41cf9065a425d52aea,2,2,1.0
06f289b98b5b10b7d7692548624cb616,1803287d1e7138aec6ea9d3c963ed87d,2,2,1.0
03cccac05d316dc60827fa7abedd608e,28e3b4a14a28881ebbdf5384e004d6fb,2,2,1.0
2708339a3f5355f56983737d54fbce59,ea77749bef0ca28ab93f391cda660f71,2,2,1.0
92fc4892f11581ee802e8e2fa4296433,ec99f30f38afadbfbae32d5883734ded,2,2,1.0
6d9cdc2c73e65c443351811fb9039bfa,bf257f507db19138f5bc4065313c1f87,2,2,1.0
210bec49b9e200df48dd3f31310d606e,aebd72416330dcdb02e8d478fd81c9f6,2,2,1.0
237dfb57ee5ac9e68310bfd4bd816149,e8b4b9cf7e6a2e6e13371f3439a4a1ba,2,2,1.0
c0fc2e3595c750de75d36e7db9399e83,c6e6c968421911e3975a6f7160a1d4b6,2,2,1.0
7b25ab0d08d78c12d64d346bd3c8ac8b,a41b86830f14039dc56fb5a1879879e9,2,2,1.0
b7741f7ec50ab6bcd52ab08ea8f214d9,e6f18fab493c0bdc553eafd9b66cb5f2,2,2,1.0
39ae2ab725be4a0db66896735a49dac7,8ef9add628931053f28350c0ad4bc7f7,2,2,1.0
9cb94124fb0fda10d04fccc5477573b6,b410d7fd96e7ff12af1d2f87aae875a8,2,2,1.0
4e7da8460a307b63a7a4d98750f3a95a,747a3bde8936cc5b862993e65c1b5a48,2,2,1.0
2c03431d52e6ae4479a2a2310fb2e481,4f4a4c713a7892d9db23f694fc647d13,2,2,1.0
3daecf8142fdd6c03cf4825284d1bb5f,d262a1a1abd12ead162803a7a3b00a2c,2,2,1.0
3e5dd5efb71f831fffee3735c9e41e87,f64075e7fa628bdc6c3e7c3108d7c624,2,2,1.0
b854c56e1163bced9c3ebf1e4a6576f3,c01ac50f437f46cc8fffb6d1a01d8631,2,2,1.0
3c08b0cab2334cc5db8c5915ce0d74cc,45fd1f20d58a364a552cfecccfa78935,2,2,1.0
0d52f8cd8892f109a15803df169113b6,e261fc64438c07bf3f12e82fe26c0682,2,2,1.0
6ff4f4fcdadf8410fcae5bad48d7044d,e225b3c270984a8097a136089a11aea9,2,2,1.0
5dda09ed137461608be539348c1dac39,dfbebe96520c2a101d602c7d003764ba,2,2,1.0
02b20b7c813efede140142ac610e36dc,9a2344afe2d1a43559906bd456567a9b,2,2,1.0
4f4a4c713a7892d9db23f694fc647d13,8418b8ecfc9702b5eacddc5e75a4dcca,2,2,1.0
dfbebe96520c2a101d602c7d003764ba,ea77749bef0ca28ab93f391cda660f71,2,2,1.0
2708339a3f5355f56983737d54fbce59,4f4a4c713a7892d9db23f694fc647d13,2,2,1.0
48c1b34a2d23e13b8967caa478d9c428,af417df88fa589d65603e559ee80a22c,2,2,1.0
66a0e4ae01e565ad721e85f287a2315e,da0db337ede939840c3b01ee64616282,2,2,1.0
3e5dd5efb71f831fffee3735c9e41e87,cf4935767b14a8312de405de5d5bbdb5,2,2,1.0
2708339a3f5355f56983737d54fbce59,e225b3c270984a8097a136089a11aea9,2,2,1.0
892a397bf8506b6c30355f3fc1338900,da0db337ede939840c3b01ee64616282,2,2,1.0
92fc4892f11581ee802e8e2fa4296433,ee9d97a7d28183a3d93aefb807e48524,2,2,1.0
1803287d1e7138aec6ea9d3c963ed87d,75bbb6b481a1df1689bb769e63ec3acb,2,2,1.0
3e5a237352ac4b53e1281b9b62efcbcc,45fd1f20d58a364a552cfecccfa78935,2,2,1.0
0a3d4f596bd69fa0b5f599c4b66b9dc5,cad3d0a8ce32033e32792a268e38fe03,2,2,1.0
8ef9add628931053f28350c0ad4bc7f7,ef3e32f1b8658891add797672f995cc5,2,2,1.0
86618766c9dacd2ccd49fb6492ddcbbf,86bb795b2c858e2ca3bc6271de923619,2,2,1.0
bf257f507db19138f5bc4065313c1f87,ea77749bef0ca28ab93f391cda660f71,2,2,1.0
1a185a8b307a1add1f201001877f6f6c,4e7da8460a307b63a7a4d98750f3a95a,2,2,1.0
6d9cdc2c73e65c443351811fb9039bfa,90c312d2299d36c16bbaa3d717b3dfba,2,2,1.0
698a9cafcc15cac8cdbaee64adc6efbe,dfbebe96520c2a101d602c7d003764ba,2,2,1.0
48c1b34a2d23e13b8967caa478d9c428,e238fba997eec80e48bf8d8689877d89,2,2,1.0
3e47025034c5a31cff56168ac0519f1f,a74c55db1520986fe4c117a54a0fc287,2,2,1.0
a231b02134665d0d59438a0008e6e082,d792207a143bca423ba1685b30e34557,2,2,1.0
065938485846aa5adc196cb536de42e0,66d5f99377fe9807805f089baa65c715,2,2,1.0
dfbebe96520c2a101d602c7d003764ba,e225b3c270984a8097a136089a11aea9,2,2,1.0
ab6a9070b1a32a6ded0bf6410399ab55,e03684ee60e4f8113ddbe25a1a33d4a3,2,2,1.0
210bec49b9e200df48dd3f31310d606e,b84dbaedbe3ea55d7cc0894fbea73910,2,2,1.0
0ddba04798f1c085d0ca93af0e91f6c1,5261961eeb22ad480eafeb8829cddacf,2,2,1.0
70c976663a07ebfd35d81c6179258391,ec441c1966bfa602976763f330fc5168,2,2,1.0
318dd674b6e789249337a1edca1b0cc1,e1015df046a6e086818dc851b65c2392,2,2,1.0
00ec23a308504080697e5204d3dbcb2c,f71f43f5a8dc56beb6ebdabf0d82e802,2,2,1.0
e0ec2e3c3f6e06839e8fb986be65c7c5,e5b6fb6c5e7e4adc25a5e400c0104508,2,2,1.0
02b20b7c813efede140142ac610e36dc,1412559410af5e92c35e053fd6acd006,2,2,1.0
a4669a28dd126c93ca64ddf49a15e496,e301216623168d227eb0b0a3aabb1e62,2,2,1.0
45fd1f20d58a364a552cfecccfa78935,aea1ccbc3f29445178036e658e686eb1,2,2,1.0
7e13c5b52f3f0e1979723ff4b9051904,96278eb6dace1f0dce1f78d760d5587f,2,2,1.0
5334612ff6f9f1ee518ecf5a8b2d9efc,c4a0997ebd5dc2e05c2afdd835a002aa,2,2,1.0
200d8b1f16d0cc9600022fdc99987a7f,8dc10e9acb420db970e64b4c99cba7ec,2,2,1.0
16f8c97e3a58560cfd64cff33dd78515,ae4040757eb5b3be43a7c0ea27260d50,2,2,1.0
bf257f507db19138f5bc4065313c1f87,e225b3c270984a8097a136089a11aea9,2,2,1.0
200d8b1f16d0cc9600022fdc99987a7f,4e32c2752aeaa8d8b99da2b145a1c826,2,2,1.0
79a932ef36d3058a3bff9ed1a8d31b4c,fd46f99e9913ddee8a6ce5f91d65cf09,2,2,1.0
237dfb57ee5ac9e68310bfd4bd816149,5261961eeb22ad480eafeb8829cddacf,2,2,1.0
5d77cf4bfc8132075fc589f355875baa,f43631b724c7704d75fd3b41de54e724,2,2,1.0
35cac0573a06f610cc8e356e0710d9b1,c6e6c968421911e3975a6f7160a1d4b6,2,2,1.0
cf4935767b14a8312de405de5d5bbdb5,f64075e7fa628bdc6c3e7c3108d7c624,2,2,1.0
7de1536dfbeaacfb971b48c2c93c16cc,7e69734dad7cfcbe95aa59f38095057d,2,2,1.0
1f17641a9f9ad86c56fa3f3401102857,66a0e4ae01e565ad721e85f287a2315e,2,2,1.0
5261961eeb22ad480eafeb8829cddacf,a231b02134665d0d59438a0008e6e082,2,2,1.0
0d52f8cd8892f109a15803df169113b6,79a932ef36d3058a3bff9ed1a8d31b4c,2,2,1.0
1e6b20395bc9690fe6735e6b6e0d2791,a6ddea592cbc5da9970a9a9803c07347,2,2,1.0
3578707d5fbfaaad05a3862a179bf76d,399699e87adec3391203291418de34d1,2,2,1.0
03cccac05d316dc60827fa7abedd608e,7de1536dfbeaacfb971b48c2c93c16cc,2,2,1.0
e261fc64438c07bf3f12e82fe26c0682,f46ebdbd5c48c0683980a759b8937912,2,2,1.0
2a532e879c1278727d9d7001890cd333,9a2344afe2d1a43559906bd456567a9b,2,2,1.0
0f10d99ee99ca3d0489f2f2169b41ec3,96d3a3257161c32fe93aea0e38b16515,2,2,1.0
8418b8ecfc9702b5eacddc5e75a4dcca,8dc10e9acb420db970e64b4c99cba7ec,2,2,1.0
03d4c28894c1239ca5a6dd6f0c197921,f43631b724c7704d75fd3b41de54e724,2,2,1.0
a231b02134665d0d59438a0008e6e082,e8b4b9cf7e6a2e6e13371f3439a4a1ba,2,2,1.0
200d8b1f16d0cc9600022fdc99987a7f,2708339a3f5355f56983737d54fbce59,2,2,1.0
83bf39384884016d6218c5cee2dca7e7,ea5386878274082051c5746cbc6e3087,2,2,1.0
7e69734dad7cfcbe95aa59f38095057d,d9752ac494a2b97507fd2faa478cabd9,2,2,1.0
6ff4f4fcdadf8410fcae5bad48d7044d,b0b219d68cb80e8440a7fccd3dab3851,2,2,1.0
318dd674b6e789249337a1edca1b0cc1,c4295b913119b04f3c9d28a7bfd524f1,2,2,1.0
ec99f30f38afadbfbae32d5883734ded,ef3e32f1b8658891add797672f995cc5,2,2,1.0
3578707d5fbfaaad05a3862a179bf76d,e8b4b9cf7e6a2e6e13371f3439a4a1ba,2,2,1.0
2c03431d52e6ae4479a2a2310fb2e481,3af5f7534be6d2d2d81562ee1dc98af2,2,2,1.0
c0fc2e3595c750de75d36e7db9399e83,fc8039a2b1963ca28dffe5dc886fa5c3,2,2,1.0
9cb94124fb0fda10d04fccc5477573b6,f30856ad31d3e74253a3f4ccef670648,2,2,1.0
065938485846aa5adc196cb536de42e0,3e5a237352ac4b53e1281b9b62efcbcc,2,2,1.0
2708339a3f5355f56983737d54fbce59,698a9cafcc15cac8cdbaee64adc6efbe,2,2,1.0
3af5f7534be6d2d2d81562ee1dc98af2,c4ba227e9593faaf28a4ea8e5ec6c93f,2,2,1.0
6d9cdc2c73e65c443351811fb9039bfa,d792207a143bca423ba1685b30e34557,2,2,1.0
1803287d1e7138aec6ea9d3c963ed87d,8ef9add628931053f28350c0ad4bc7f7,2,2,1.0
024bc6c3997170f0ca30edba8ba8aa55,3ce1c87f5a41df6487cde6bb63eda741,2,2,1.0
2708339a3f5355f56983737d54fbce59,b0b219d68cb80e8440a7fccd3dab3851,2,2,1.0
065938485846aa5adc196cb536de42e0,892a397bf8506b6c30355f3fc1338900,2,2,1.0
0f10d99ee99ca3d0489f2f2169b41ec3,b410d7fd96e7ff12af1d2f87aae875a8,2,2,1.0
4f4a4c713a7892d9db23f694fc647d13,87a305c45891600e0244ee26c0bf1fa9,2,2,1.0
3ad84abcfa9a58f9ede403889421500b,c4295b913119b04f3c9d28a7bfd524f1,2,2,1.0
200d8b1f16d0cc9600022fdc99987a7f,ea77749bef0ca28ab93f391cda660f71,2,2,1.0
1e6b20395bc9690fe6735e6b6e0d2791,48c1b34a2d23e13b8967caa478d9c428,2,2,1.0
0ddba04798f1c085d0ca93af0e91f6c1,e225b3c270984a8097a136089a11aea9,2,2,1.0
1412559410af5e92c35e053fd6acd006,d535471db72095137da93810c98af688,2,2,1.0
e238fba997eec80e48bf8d8689877d89,ec8cf19822473555370553d399f7a654,2,2,1.0
7de1536dfbeaacfb971b48c2c93c16cc,9a56d30e286ddea1374c143d111de34d,2,2,1.0
4d1fe8b6f5e9ee044a14467c8b2832b6,e6f18fab493c0bdc553eafd9b66cb5f2,2,2,1.0
5a6b37816cefa8497b74b1ef78dbb202,88a830a14a479075c655c2f9d3ba3934,2,2,1.0
16a909e83380bb2ae4676ca69ac30886,1e6dc17adde78e52b6fa5e634f4454e0,2,2,1.0
318dd674b6e789249337a1edca1b0cc1,9ccd3694bf9d11a53846dcc5c105e7b6,2,2,1.0
318dd674b6e789249337a1edca1b0cc1,8b88f64495d95d12a12c0d71534d0faa,2,2,1.0
1e6b20395bc9690fe6735e6b6e0d2791,7e69734dad7cfcbe95aa59f38095057d,2,2,1.0
5261961eeb22ad480eafeb8829cddacf,f64075e7fa628bdc6c3e7c3108d7c624,2,2,1.0
3052fa07cdb3c836b158402ea4ee6fb8,c4295b913119b04f3c9d28a7bfd524f1,2,2,1.0
1412559410af5e92c35e053fd6acd006,b7741f7ec50ab6bcd52ab08ea8f214d9,2,2,1.0
0ddba04798f1c085d0ca93af0e91f6c1,aebd72416330dcdb02e8d478fd81c9f6,2,2,1.0
3af5f7534be6d2d2d81562ee1dc98af2,aab579a39b1b5c223c2e1a4bbf8ff977,2,2,1.0
3ad84abcfa9a58f9ede403889421500b,9ccd3694bf9d11a53846dcc5c105e7b6,2,2,1.0
5182c0939da37d2f3acd9f2fb8b60d4f,7e69734dad7cfcbe95aa59f38095057d,2,2,1.0
2bfb41d07316202af02dd28b825028d0,2ecb8546a5c0ea3c74dfa8b77a321370,2,2,1.0
080a538ba865739bd97c3ffd9e71bcf0,357ae7be4a22fee3a22cca59f6b681fc,2,2,1.0
4f4a4c713a7892d9db23f694fc647d13,a57efc75b64a030eb02c4ebe7f48e45f,2,2,1.0
4654e5ef29b043f05bbd28af25225a50,54a0adda1e4280f00619da4f756ebad3,2,2,1.0
8418b8ecfc9702b5eacddc5e75a4dcca,ea77749bef0ca28ab93f391cda660f71,2,2,1.0
3ad84abcfa9a58f9ede403889421500b,8b88f64495d95d12a12c0d71534d0faa,2,2,1.0
5dda09ed137461608be539348c1dac39,e301216623168d227eb0b0a3aabb1e62,2,2,1.0
200d8b1f16d0cc9600022fdc99987a7f,e225b3c270984a8097a136089a11aea9,2,2,1.0
7973a6ba9c81ecaeb3d628c33c7c7c48,df9bd60da4a8f8945d2b862aebd3d418,2,2,1.0
ce15104baabb5bf543c7aabb9d607072,df76d1efc22b15300619dd981a0c3d1c,2,2,1.0
5261961eeb22ad480eafeb8829cddacf,cf4935767b14a8312de405de5d5bbdb5,2,2,1.0
3729f8f3dacbb68f393d2d6ad2b3dc91,c7b4749501147c8b69fd551ac98b3a6e,2,2,1.0
97ba9c6276256eca910e8d36e78abfa8,a231b02134665d0d59438a0008e6e082,2,2,1.0
3052fa07cdb3c836b158402ea4ee6fb8,9ccd3694bf9d11a53846dcc5c105e7b6,2,2,1.0
3ad84abcfa9a58f9ede403889421500b,a6ddea592cbc5da9970a9a9803c07347,2,2,1.0
080a538ba865739bd97c3ffd9e71bcf0,4d1fe8b6f5e9ee044a14467c8b2832b6,2,2,1.0
96b482d81d31251add90a9fe63fbbcec,d46f0f655659cbeb210db2a746b2554f,2,2,1.0
81db097ffce4bd958cfffeca7c41e301,be4eb163762cf164f26f81021c4a5e97,2,2,1.0
c4ba227e9593faaf28a4ea8e5ec6c93f,e301216623168d227eb0b0a3aabb1e62,2,2,1.0
7d2e246c38946e89eda0c9c1288fc0e3,ca505f00e361296c5d92e01d245671e6,2,2,1.0
38c82315266557c3d9c4312643d1717c,ca505f00e361296c5d92e01d245671e6,2,2,1.0
3277891bd580550e931b09b683cc4d86,4dd4862366d29145386ec1c6ce5852f4,2,2,1.0
8ef9add628931053f28350c0ad4bc7f7,e0ec2e3c3f6e06839e8fb986be65c7c5,2,2,1.0
5c418501b87e13cd0dfdb50fe6f1d96d,5ebc16fa8e8f7628425904c85c99760a,2,2,1.0
3052fa07cdb3c836b158402ea4ee6fb8,8b88f64495d95d12a12c0d71534d0faa,2,2,1.0
0d52f8cd8892f109a15803df169113b6,a24587c47d40ff560266576b543d16d8,2,2,1.0
5ebd246be48ec18bf3859966284333f8,750550f1fbf777d9383acb856bc593dd,2,2,1.0
2b5c14b7e1a3d88ff7e0c46e15851f5f,7973a6ba9c81ecaeb3d628c33c7c7c48,2,2,1.0
210bec49b9e200df48dd3f31310d606e,a8953e3d7677addada63eee79b91e7ff,2,2,1.0
3af5f7534be6d2d2d81562ee1dc98af2,be4eb163762cf164f26f81021c4a5e97,2,2,1.0
91da289fa4deba62c108246d150a8f4e,97ba9c6276256eca910e8d36e78abfa8,2,2,1.0
65d7c0904b51f5b432e71a14b25121dc,d7c6bdf20c4ec9c9cda815dde58e778a,2,2,1.0
1412559410af5e92c35e053fd6acd006,9cb94124fb0fda10d04fccc5477573b6,2,2,1.0
8418b8ecfc9702b5eacddc5e75a4dcca,e225b3c270984a8097a136089a11aea9,2,2,1.0
1e6b20395bc9690fe6735e6b6e0d2791,9a56d30e286ddea1374c143d111de34d,2,2,1.0
3578707d5fbfaaad05a3862a179bf76d,5261961eeb22ad480eafeb8829cddacf,2,2,1.0
e225b3c270984a8097a136089a11aea9,e8b4b9cf7e6a2e6e13371f3439a4a1ba,2,2,1.0
35cac0573a06f610cc8e356e0710d9b1,fc8039a2b1963ca28dffe5dc886fa5c3,2,2,1.0
399699e87adec3391203291418de34d1,e301216623168d227eb0b0a3aabb1e62,2,2,1.0
70755e5b9df5988f592f3dec6279f1be,75bbb6b481a1df1689bb769e63ec3acb,2,2,1.0
7d2e246c38946e89eda0c9c1288fc0e3,b233915725d368ec61c224efb81ed915,2,2,1.0
38c82315266557c3d9c4312643d1717c,b233915725d368ec61c224efb81ed915,2,2,1.0
11ebea68a1046fa3268cb278df2c4f31,1c17be9b50e8816082532bfe18e0cd8a,2,2,1.0
5182c0939da37d2f3acd9f2fb8b60d4f,9a56d30e286ddea1374c143d111de34d,2,2,1.0
210bec49b9e200df48dd3f31310d606e,81db097ffce4bd958cfffeca7c41e301,2,2,1.0
c0fc2e3595c750de75d36e7db9399e83,da0db337ede939840c3b01ee64616282,2,2,1.0
56e3a158ef88285f2c15a83db0b13d93,b1039a56990acdddd5438aea568557db,2,2,1.0
3ad84abcfa9a58f9ede403889421500b,48c1b34a2d23e13b8967caa478d9c428,2,2,1.0
79a932ef36d3058a3bff9ed1a8d31b4c,f46ebdbd5c48c0683980a759b8937912,2,2,1.0
46f15c2526277c2f9cfa6b239dfb11b3,b65b4e0ccf23f096b3eb8bce350a400a,2,2,1.0
0a3d4f596bd69fa0b5f599c4b66b9dc5,f2e6b49d4c29d9ea50b3551892f2cd36,2,2,1.0
70115d0e9a0d564ff0bb0315ccaae0eb,83476105a4e9a12fcddd09081dc6cefe,2,2,1.0
7973a6ba9c81ecaeb3d628c33c7c7c48,d7c6bdf20c4ec9c9cda815dde58e778a,2,2,1.0
357ae7be4a22fee3a22cca59f6b681fc,9a2344afe2d1a43559906bd456567a9b,2,2,1.0
1803287d1e7138aec6ea9d3c963ed87d,92fc4892f11581ee802e8e2fa4296433,2,2,1.0
46f15c2526277c2f9cfa6b239dfb11b3,7a1751f98e25f665fc0130c7b001e18f,2,2,1.0
96d3a3257161c32fe93aea0e38b16515,b410d7fd96e7ff12af1d2f87aae875a8,2,2,1.0
210bec49b9e200df48dd3f31310d606e,65942a39d31e4aa627f0f65e0298ba2f,2,2,1.0
0ddba04798f1c085d0ca93af0e91f6c1,b84dbaedbe3ea55d7cc0894fbea73910,2,2,1.0
bf021b222ddfd6549c1ae7b11a8522d8,d4e365482617be6d91e1271aa793b3c2,2,2,1.0
97ba9c6276256eca910e8d36e78abfa8,f64075e7fa628bdc6c3e7c3108d7c624,2,2,1.0
46f15c2526277c2f9cfa6b239dfb11b3,fda3a3eb3370c1295a4fc3f6cd3d7604,2,2,1.0
00ec23a308504080697e5204d3dbcb2c,4deaa9aac5d5939feb62de62e7d24b50,2,2,1.0
4f4a4c713a7892d9db23f694fc647d13,bf257f507db19138f5bc4065313c1f87,2,2,1.0
16f8c97e3a58560cfd64cff33dd78515,7989d259bdf69447ee8e00970c3f3228,2,2,1.0
0ddba04798f1c085d0ca93af0e91f6c1,b0b219d68cb80e8440a7fccd3dab3851,2,2,1.0
3e5dd5efb71f831fffee3735c9e41e87,d792207a143bca423ba1685b30e34557,2,2,1.0
237dfb57ee5ac9e68310bfd4bd816149,b84dbaedbe3ea55d7cc0894fbea73910,2,2,1.0
6d9cdc2c73e65c443351811fb9039bfa,8dc10e9acb420db970e64b4c99cba7ec,2,2,1.0
8ef9add628931053f28350c0ad4bc7f7,fb5e89c121d9569d1a58e0afb54da971,2,2,1.0
0f10d99ee99ca3d0489f2f2169b41ec3,f30856ad31d3e74253a3f4ccef670648,2,2,1.0
97ba9c6276256eca910e8d36e78abfa8,cf4935767b14a8312de405de5d5bbdb5,2,2,1.0
02b20b7c813efede140142ac610e36dc,96d3a3257161c32fe93aea0e38b16515,2,2,1.0
b410d7fd96e7ff12af1d2f87aae875a8,ce87153ae6d1e210517154ec1057aad5,2,2,1.0
97ba9c6276256eca910e8d36e78abfa8,a57efc75b64a030eb02c4ebe7f48e45f,2,2,1.0
39ae2ab725be4a0db66896735a49dac7,ec99f30f38afadbfbae32d5883734ded,2,2,1.0
46f15c2526277c2f9cfa6b239dfb11b3,7b32049d8495d56c8b27eae575921a60,2,2,1.0
a231b02134665d0d59438a0008e6e082,e225b3c270984a8097a136089a11aea9,2,2,1.0
158ff08f9b1aeebfa96820580f3877a6,2a532e879c1278727d9d7001890cd333,2,2,1.0
65942a39d31e4aa627f0f65e0298ba2f,6ff4f4fcdadf8410fcae5bad48d7044d,2,2,1.0
05fb25843c4048d1ce40611d11966278,f46ebdbd5c48c0683980a759b8937912,2,2,1.0
200d8b1f16d0cc9600022fdc99987a7f,698a9cafcc15cac8cdbaee64adc6efbe,2,2,1.0
1e6b20395bc9690fe6735e6b6e0d2791,28e3b4a14a28881ebbdf5384e004d6fb,2,2,1.0
78c5f76b60a3a2588635aadc70e34df7,eed42da7ee2f3ce26ab52758e63d855f,2,2,1.0
5ebd246be48ec18bf3859966284333f8,70c976663a07ebfd35d81c6179258391,2,2,1.0
2b5c14b7e1a3d88ff7e0c46e15851f5f,6e6fdec52c6dbf58721bf7a4eaf5b679,2,2,1.0
200d8b1f16d0cc9600022fdc99987a7f,b0b219d68cb80e8440a7fccd3dab3851,2,2,1.0
97ba9c6276256eca910e8d36e78abfa8,bd6c1c99a4f6c28c98927351eb226e80,2,2,1.0
d535471db72095137da93810c98af688,e6f18fab493c0bdc553eafd9b66cb5f2,2,2,1.0
1e51a6a24372a8bedea3519f13f80e91,ca505f00e361296c5d92e01d245671e6,2,2,1.0
3ea35d016eb96bbfede151b359b8da8e,55bea30cd78db302debc515e81a851d4,2,2,1.0
a231b02134665d0d59438a0008e6e082,aebd72416330dcdb02e8d478fd81c9f6,2,2,1.0
06f289b98b5b10b7d7692548624cb616,70755e5b9df5988f592f3dec6279f1be,2,2,1.0
4d1fe8b6f5e9ee044a14467c8b2832b6,96d3a3257161c32fe93aea0e38b16515,2,2,1.0
a6ddea592cbc5da9970a9a9803c07347,d9752ac494a2b97507fd2faa478cabd9,2,2,1.0
66a0e4ae01e565ad721e85f287a2315e,961ca706a9f7e9d6a4ba81922cde9730,2,2,1.0
8b88f64495d95d12a12c0d71534d0faa,af417df88fa589d65603e559ee80a22c,2,2,1.0
4f4a4c713a7892d9db23f694fc647d13,90c312d2299d36c16bbaa3d717b3dfba,2,2,1.0
4b72c220414716bd4464a30fac305adc,f46ebdbd5c48c0683980a759b8937912,2,2,1.0
b7741f7ec50ab6bcd52ab08ea8f214d9,f30856ad31d3e74253a3f4ccef670648,2,2,1.0
09ecbbc6902ae2add46294a42e3a59f1,fd46f99e9913ddee8a6ce5f91d65cf09,2,2,1.0
892a397bf8506b6c30355f3fc1338900,961ca706a9f7e9d6a4ba81922cde9730,2,2,1.0
158ff08f9b1aeebfa96820580f3877a6,a7751ca7aa429b41cf9065a425d52aea,2,2,1.0
289410555e77b17958f6c008359eb524,7a8afce0fdb6cd5e748818e19f1e223a,2,2,1.0
3e5dd5efb71f831fffee3735c9e41e87,e8b4b9cf7e6a2e6e13371f3439a4a1ba,2,2,1.0
39ae2ab725be4a0db66896735a49dac7,ee9d97a7d28183a3d93aefb807e48524,2,2,1.0
6d9cdc2c73e65c443351811fb9039bfa,ea77749bef0ca28ab93f391cda660f71,2,2,1.0
b84dbaedbe3ea55d7cc0894fbea73910,bd6c1c99a4f6c28c98927351eb226e80,2,2,1.0
8418b8ecfc9702b5eacddc5e75a4dcca,b0b219d68cb80e8440a7fccd3dab3851,2,2,1.0
3ccc59a10bd8a1eb4613a41f34aeef5b,d262a1a1abd12ead162803a7a3b00a2c,2,2,1.0
aaad6d68de5490cba508e4203ddc87de,b4324bf24671bd5c4ebfcd2a8c639e86,2,2,1.0
577786ab410d98d13e0a00878cd9e8fa,ae1d1e3aace44aeae97187488325c43f,2,2,1.0
4d1fe8b6f5e9ee044a14467c8b2832b6,b410d7fd96e7ff12af1d2f87aae875a8,2,2,1.0
7647c15a4f2e66304c91fcf86573a2a3,d9752ac494a2b97507fd2faa478cabd9,2,2,1.0
4e32c2752aeaa8d8b99da2b145a1c826,a4669a28dd126c93ca64ddf49a15e496,2,2,1.0
1e51a6a24372a8bedea3519f13f80e91,b233915725d368ec61c224efb81ed915,2,2,1.0
357ae7be4a22fee3a22cca59f6b681fc,e6f18fab493c0bdc553eafd9b66cb5f2,2,2,1.0
8fa60adf18fe4fd010cad0b48f6fedb4,c735c714dbe80672320182bb48bba3ba,2,2,1.0
3af5f7534be6d2d2d81562ee1dc98af2,4f4a4c713a7892d9db23f694fc647d13,2,2,1.0
8b88f64495d95d12a12c0d71534d0faa,e238fba997eec80e48bf8d8689877d89,2,2,1.0
1f17641a9f9ad86c56fa3f3401102857,b2b114ecefe93aa93d0f2bdd14ac8f84,2,2,1.0
698a9cafcc15cac8cdbaee64adc6efbe,e8b4b9cf7e6a2e6e13371f3439a4a1ba,2,2,1.0
cf4935767b14a8312de405de5d5bbdb5,d792207a143bca423ba1685b30e34557,2,2,1.0
35cac0573a06f610cc8e356e0710d9b1,45fd1f20d58a364a552cfecccfa78935,2,2,1.0
0fa3e5721cad691b9594fb89f9805a68,5d77cf4bfc8132075fc589f355875baa,2,2,1.0
16f8c97e3a58560cfd64cff33dd78515,af417df88fa589d65603e559ee80a22c,2,2,1.0
4dd4862366d29145386ec1c6ce5852f4,962f59f16192af55bb1832221274ad74,2,2,1.0
8dc10e9acb420db970e64b4c99cba7ec,a4669a28dd126c93ca64ddf49a15e496,2,2,1.0
ec99f30f38afadbfbae32d5883734ded,fb5e89c121d9569d1a58e0afb54da971,2,2,1.0
a4669a28dd126c93ca64ddf49a15e496,c4ba227e9593faaf28a4ea8e5ec6c93f,2,2,1.0
3578707d5fbfaaad05a3862a179bf76d,be4eb163762cf164f26f81021c4a5e97,2,2,1.0
a24587c47d40ff560266576b543d16d8,f46ebdbd5c48c0683980a759b8937912,2,2,1.0
97ba9c6276256eca910e8d36e78abfa8,bf257f507db19138f5bc4065313c1f87,2,2,1.0
65942a39d31e4aa627f0f65e0298ba2f,a4669a28dd126c93ca64ddf49a15e496,2,2,1.0
5d8f99c602be552d9707f3bd77c24d36,f8f6ed51ded0d4757a6153f5ce0f8906,2,2,1.0
6d9cdc2c73e65c443351811fb9039bfa,e225b3c270984a8097a136089a11aea9,2,2,1.0
5a6b37816cefa8497b74b1ef78dbb202,c7b577de54cb78d5d8f60f78f0476a52,2,2,1.0
96d3a3257161c32fe93aea0e38b16515,f30856ad31d3e74253a3f4ccef670648,2,2,1.0
4e32c2752aeaa8d8b99da2b145a1c826,97ba9c6276256eca910e8d36e78abfa8,2,2,1.0
03cccac05d316dc60827fa7abedd608e,5182c0939da37d2f3acd9f2fb8b60d4f,2,2,1.0
1412559410af5e92c35e053fd6acd006,ec441c1966bfa602976763f330fc5168,2,2,1.0
16f8c97e3a58560cfd64cff33dd78515,e238fba997eec80e48bf8d8689877d89,2,2,1.0
2a532e879c1278727d9d7001890cd333,96d3a3257161c32fe93aea0e38b16515,2,2,1.0
210bec49b9e200df48dd3f31310d606e,5dda09ed137461608be539348c1dac39,2,2,1.0
418104937eb08a32d45ed65eb6ff56bf,a13d3e08e93017d233c021a49d9a2c54,2,2,1.0
7e69734dad7cfcbe95aa59f38095057d,a6ddea592cbc5da9970a9a9803c07347,2,2,1.0
a231b02134665d0d59438a0008e6e082,b84dbaedbe3ea55d7cc0894fbea73910,2,2,1.0
8dc10e9acb420db970e64b4c99cba7ec,97ba9c6276256eca910e8d36e78abfa8,2,2,1.0
b84dbaedbe3ea55d7cc0894fbea73910,bf257f507db19138f5bc4065313c1f87,2,2,1.0
0ddba04798f1c085d0ca93af0e91f6c1,a8953e3d7677addada63eee79b91e7ff,2,2,1.0
6d9cdc2c73e65c443351811fb9039bfa,aebd72416330dcdb02e8d478fd81c9f6,2,2,1.0
75bbb6b481a1df1689bb769e63ec3acb,ef3e32f1b8658891add797672f995cc5,2,2,1.0
080a538ba865739bd97c3ffd9e71bcf0,5ebd246be48ec18bf3859966284333f8,2,2,1.0
91da289fa4deba62c108246d150a8f4e,a231b02134665d0d59438a0008e6e082,2,2,1.0
5733010674adc0076bd5d41eb3703955,f43631b724c7704d75fd3b41de54e724,2,2,1.0
6a64e2cf94a5779760698c1e25a2852a,ae52fa61f27bd494a25bc4c101fa29d0,2,2,1.0
4279e2fb7de9c27f439fdb82e4f1281f,dfbebe96520c2a101d602c7d003764ba,2,2,1.0
a231b02134665d0d59438a0008e6e082,b0b219d68cb80e8440a7fccd3dab3851,2,2,1.0
2a532e879c1278727d9d7001890cd333,b410d7fd96e7ff12af1d2f87aae875a8,2,2,1.0
be4eb163762cf164f26f81021c4a5e97,dfbebe96520c2a101d602c7d003764ba,2,2,1.0
0ddba04798f1c085d0ca93af0e91f6c1,81db097ffce4bd958cfffeca7c41e301,2,2,1.0
cf4935767b14a8312de405de5d5bbdb5,e8b4b9cf7e6a2e6e13371f3439a4a1ba,2,2,1.0
90c312d2299d36c16bbaa3d717b3dfba,a4669a28dd126c93ca64ddf49a15e496,2,2,1.0
3e5dd5efb71f831fffee3735c9e41e87,5261961eeb22ad480eafeb8829cddacf,2,2,1.0
9ccd3694bf9d11a53846dcc5c105e7b6,af417df88fa589d65603e559ee80a22c,2,2,1.0
5261961eeb22ad480eafeb8829cddacf,d792207a143bca423ba1685b30e34557,2,2,1.0
87a305c45891600e0244ee26c0bf1fa9,a4669a28dd126c93ca64ddf49a15e496,2,2,1.0
0ddba04798f1c085d0ca93af0e91f6c1,65942a39d31e4aa627f0f65e0298ba2f,2,2,1.0
3729f8f3dacbb68f393d2d6ad2b3dc91,85189d642c11e7090cb2f72fed68ea42,2,2,1.0
750550f1fbf777d9383acb856bc593dd,d535471db72095137da93810c98af688,2,2,1.0
02b20b7c813efede140142ac610e36dc,f30856ad31d3e74253a3f4ccef670648,2,2,1.0
2c03431d52e6ae4479a2a2310fb2e481,a4669a28dd126c93ca64ddf49a15e496,2,2,1.0
7e13c5b52f3f0e1979723ff4b9051904,bf021b222ddfd6549c1ae7b11a8522d8,2,2,1.0
1f17641a9f9ad86c56fa3f3401102857,c6e6c968421911e3975a6f7160a1d4b6,2,2,1.0
5182c0939da37d2f3acd9f2fb8b60d4f,7de1536dfbeaacfb971b48c2c93c16cc,2,2,1.0
70755e5b9df5988f592f3dec6279f1be,92fc4892f11581ee802e8e2fa4296433,2,2,1.0
7e13c5b52f3f0e1979723ff4b9051904,d4e365482617be6d91e1271aa793b3c2,2,2,1.0
a4669a28dd126c93ca64ddf49a15e496,be4eb163762cf164f26f81021c4a5e97,2,2,1.0
0ddba04798f1c085d0ca93af0e91f6c1,6d9cdc2c73e65c443351811fb9039bfa,2,2,1.0
237dfb57ee5ac9e68310bfd4bd816149,65942a39d31e4aa627f0f65e0298ba2f,2,2,1.0
9ccd3694bf9d11a53846dcc5c105e7b6,e238fba997eec80e48bf8d8689877d89,2,2,1.0
289410555e77b17958f6c008359eb524,4e7da8460a307b63a7a4d98750f3a95a,2,2,1.0
86618766c9dacd2ccd49fb6492ddcbbf,d29019c6fe58343d55caeb6f76ae2278,2,2,1.0
6782d39234f06de1548c8e8514082d63,891e01e2ab20f46c3e5602cd958c1ec7,2,2,1.0
7973a6ba9c81ecaeb3d628c33c7c7c48,7a1751f98e25f665fc0130c7b001e18f,2,2,1.0
91da289fa4deba62c108246d150a8f4e,f64075e7fa628bdc6c3e7c3108d7c624,2,2,1.0
2bfb41d07316202af02dd28b825028d0,aaad6d68de5490cba508e4203ddc87de,2,2,1.0
4f4a4c713a7892d9db23f694fc647d13,aab579a39b1b5c223c2e1a4bbf8ff977,2,2,1.0
7973a6ba9c81ecaeb3d628c33c7c7c48,fda3a3eb3370c1295a4fc3f6cd3d7604,2,2,1.0
5dda09ed137461608be539348c1dac39,c4ba227e9593faaf28a4ea8e5ec6c93f,2,2,1.0
3c08b0cab2334cc5db8c5915ce0d74cc,66d5f99377fe9807805f089baa65c715,2,2,1.0
1803287d1e7138aec6ea9d3c963ed87d,ee9d97a7d28183a3d93aefb807e48524,2,2,1.0
c6e6c968421911e3975a6f7160a1d4b6,d8cc3231a8eda4409875bb69bb91f594,2,2,1.0
2c03431d52e6ae4479a2a2310fb2e481,97ba9c6276256eca910e8d36e78abfa8,2,2,1.0
09ecbbc6902ae2add46294a42e3a59f1,f46ebdbd5c48c0683980a759b8937912,2,2,1.0
6d9cdc2c73e65c443351811fb9039bfa,b84dbaedbe3ea55d7cc0894fbea73910,2,2,1.0
91da289fa4deba62c108246d150a8f4e,cf4935767b14a8312de405de5d5bbdb5,2,2,1.0
7d2e246c38946e89eda0c9c1288fc0e3,d46f0f655659cbeb210db2a746b2554f,2,2,1.0
38c82315266557c3d9c4312643d1717c,d46f0f655659cbeb210db2a746b2554f,2,2,1.0
ae4040757eb5b3be43a7c0ea27260d50,ec8cf19822473555370553d399f7a654,2,2,1.0
200d8b1f16d0cc9600022fdc99987a7f,6d9cdc2c73e65c443351811fb9039bfa,2,2,1.0
4e32c2752aeaa8d8b99da2b145a1c826,8418b8ecfc9702b5eacddc5e75a4dcca,2,2,1.0
6d9cdc2c73e65c443351811fb9039bfa,b0b219d68cb80e8440a7fccd3dab3851,2,2,1.0
5261961eeb22ad480eafeb8829cddacf,e8b4b9cf7e6a2e6e13371f3439a4a1ba,2,2,1.0
2708339a3f5355f56983737d54fbce59,97ba9c6276256eca910e8d36e78abfa8,2,2,1.0
28e3b4a14a28881ebbdf5384e004d6fb,c4295b913119b04f3c9d28a7bfd524f1,2,2,1.0
3e5a237352ac4b53e1281b9b62efcbcc,66d5f99377fe9807805f089baa65c715,2,2,1.0
ca505f00e361296c5d92e01d245671e6,d46f0f655659cbeb210db2a746b2554f,2,2,1.0
7e69734dad7cfcbe95aa59f38095057d,9a56d30e286ddea1374c143d111de34d,2,2,1.0
7a1751f98e25f665fc0130c7b001e18f,df9bd60da4a8f8945d2b862aebd3d418,2,2,1.0
65942a39d31e4aa627f0f65e0298ba2f,8418b8ecfc9702b5eacddc5e75a4dcca,2,2,1.0
357ae7be4a22fee3a22cca59f6b681fc,96d3a3257161c32fe93aea0e38b16515,2,2,1.0
399699e87adec3391203291418de34d1,c4ba227e9593faaf28a4ea8e5ec6c93f,2,2,1.0
38775863e907bb656c90a73fbc8083e4,7f0a32f4af1dd3e5f0c45a633ace40ba,2,2,1.0
97ba9c6276256eca910e8d36e78abfa8,d792207a143bca423ba1685b30e34557,2,2,1.0
2708339a3f5355f56983737d54fbce59,4279e2fb7de9c27f439fdb82e4f1281f,2,2,1.0
aeb60b971e54df6473d586ada758ca72,e03684ee60e4f8113ddbe25a1a33d4a3,2,2,1.0
3e5dd5efb71f831fffee3735c9e41e87,aebd72416330dcdb02e8d478fd81c9f6,2,2,1.0
210bec49b9e200df48dd3f31310d606e,6ff4f4fcdadf8410fcae5bad48d7044d,2,2,1.0
28e3b4a14a28881ebbdf5384e004d6fb,9ccd3694bf9d11a53846dcc5c105e7b6,2,2,1.0
a8953e3d7677addada63eee79b91e7ff,f64075e7fa628bdc6c3e7c3108d7c624,2,2,1.0
a6ddea592cbc5da9970a9a9803c07347,c4295b913119b04f3c9d28a7bfd524f1,2,2,1.0
28e3b4a14a28881ebbdf5384e004d6fb,8b88f64495d95d12a12c0d71534d0faa,2,2,1.0
357ae7be4a22fee3a22cca59f6b681fc,b410d7fd96e7ff12af1d2f87aae875a8,2,2,1.0
a231b02134665d0d59438a0008e6e082,a8953e3d7677addada63eee79b91e7ff,2,2,1.0
2a532e879c1278727d9d7001890cd333,f30856ad31d3e74253a3f4ccef670648,2,2,1.0
aebd72416330dcdb02e8d478fd81c9f6,dfbebe96520c2a101d602c7d003764ba,2,2,1.0
4f4a4c713a7892d9db23f694fc647d13,8dc10e9acb420db970e64b4c99cba7ec,2,2,1.0
ccc25edb24a6888b0a406ed43a1c04fd,f9a707150880ff8da844d1d097f7e44b,2,2,1.0
399699e87adec3391203291418de34d1,aab579a39b1b5c223c2e1a4bbf8ff977,2,2,1.0
5dda09ed137461608be539348c1dac39,be4eb163762cf164f26f81021c4a5e97,2,2,1.0
ab6a9070b1a32a6ded0bf6410399ab55,c7b4749501147c8b69fd551ac98b3a6e,2,2,1.0
a8953e3d7677addada63eee79b91e7ff,cf4935767b14a8312de405de5d5bbdb5,2,2,1.0
28e3b4a14a28881ebbdf5384e004d6fb,a6ddea592cbc5da9970a9a9803c07347,2,2,1.0
3c08b0cab2334cc5db8c5915ce0d74cc,892a397bf8506b6c30355f3fc1338900,2,2,1.0
75bbb6b481a1df1689bb769e63ec3acb,e0ec2e3c3f6e06839e8fb986be65c7c5,2,2,1.0
4fcf56f1cf3d583a0cec41f7f523a852,c0fc2e3595c750de75d36e7db9399e83,2,2,1.0
0ddba04798f1c085d0ca93af0e91f6c1,5dda09ed137461608be539348c1dac39,2,2,1.0
0f10d99ee99ca3d0489f2f2169b41ec3,158ff08f9b1aeebfa96820580f3877a6,2,2,1.0
9ccfff93c79f3dd996cce15f26480c5b,fe1a0586d9ca0876528af23f3219ce3b,2,2,1.0
1f17641a9f9ad86c56fa3f3401102857,fc8039a2b1963ca28dffe5dc886fa5c3,2,2,1.0
318dd674b6e789249337a1edca1b0cc1,3ad84abcfa9a58f9ede403889421500b,2,2,1.0
4e2134b6f89e4a041641a30e801bfbe5,b1e12d161a96fad9fd17d98cb73e619e,2,2,1.0
750550f1fbf777d9383acb856bc593dd,a7751ca7aa429b41cf9065a425d52aea,2,2,1.0
2c03431d52e6ae4479a2a2310fb2e481,8418b8ecfc9702b5eacddc5e75a4dcca,2,2,1.0
af417df88fa589d65603e559ee80a22c,ec8cf19822473555370553d399f7a654,2,2,1.0
d7c6bdf20c4ec9c9cda815dde58e778a,df9bd60da4a8f8945d2b862aebd3d418,2,2,1.0
3578707d5fbfaaad05a3862a179bf76d,65942a39d31e4aa627f0f65e0298ba2f,2,2,1.0
237dfb57ee5ac9e68310bfd4bd816149,5dda09ed137461608be539348c1dac39,2,2,1.0
3e5a237352ac4b53e1281b9b62efcbcc,892a397bf8506b6c30355f3fc1338900,2,2,1.0
cf4935767b14a8312de405de5d5bbdb5,e225b3c270984a8097a136089a11aea9,2,2,1.0
698a9cafcc15cac8cdbaee64adc6efbe,be4eb163762cf164f26f81021c4a5e97,2,2,1.0
444afd392665f1cc1f3b65ec48063735,f46ebdbd5c48c0683980a759b8937912,2,2,1.0
b463aa86422087e97281b2787590fb0d,f43631b724c7704d75fd3b41de54e724,2,2,1.0
28e3b4a14a28881ebbdf5384e004d6fb,48c1b34a2d23e13b8967caa478d9c428,2,2,1.0
1e51a6a24372a8bedea3519f13f80e91,d46f0f655659cbeb210db2a746b2554f,2,2,1.0
3ff01063b5e9ac29b967bac52fa3fd33,4faddb71b28a095ba04a31c33d1062c8,2,2,1.0
1e6b20395bc9690fe6735e6b6e0d2791,ae4040757eb5b3be43a7c0ea27260d50,2,2,1.0
3e5dd5efb71f831fffee3735c9e41e87,b84dbaedbe3ea55d7cc0894fbea73910,2,2,1.0
8ef9add628931053f28350c0ad4bc7f7,e5b6fb6c5e7e4adc25a5e400c0104508,2,2,1.0
4f4a4c713a7892d9db23f694fc647d13,ea77749bef0ca28ab93f391cda660f71,2,2,1.0
210bec49b9e200df48dd3f31310d606e,3e5dd5efb71f831fffee3735c9e41e87,2,2,1.0
06f289b98b5b10b7d7692548624cb616,e89bab624ed1d8c75012bf52bacc654c,2,2,1.0
7228928ea2429a6e7ccd7efd24789266,8d174d46566bd4824dea80be4d00a2ce,2,2,1.0
7647c15a4f2e66304c91fcf86573a2a3,a6ddea592cbc5da9970a9a9803c07347,2,2,1.0
892a397bf8506b6c30355f3fc1338900,aea1ccbc3f29445178036e658e686eb1,2,2,1.0
4e32c2752aeaa8d8b99da2b145a1c826,87a305c45891600e0244ee26c0bf1fa9,2,2,1.0
6d9cdc2c73e65c443351811fb9039bfa,a8953e3d7677addada63eee79b91e7ff,2,2,1.0
bd6c1c99a4f6c28c98927351eb226e80,dfbebe96520c2a101d602c7d003764ba,2,2,1.0
75bbb6b481a1df1689bb769e63ec3acb,fb5e89c121d9569d1a58e0afb54da971,2,2,1.0
92fc4892f11581ee802e8e2fa4296433,e89bab624ed1d8c75012bf52bacc654c,2,2,1.0
8dc10e9acb420db970e64b4c99cba7ec,f64075e7fa628bdc6c3e7c3108d7c624,2,2,1.0
65942a39d31e4aa627f0f65e0298ba2f,87a305c45891600e0244ee26c0bf1fa9,2,2,1.0
6d9cdc2c73e65c443351811fb9039bfa,81db097ffce4bd958cfffeca7c41e301,2,2,1.0
0ddba04798f1c085d0ca93af0e91f6c1,4279e2fb7de9c27f439fdb82e4f1281f,2,2,1.0
9a56d30e286ddea1374c143d111de34d,ec8cf19822473555370553d399f7a654,2,2,1.0
65942a39d31e4aa627f0f65e0298ba2f,e301216623168d227eb0b0a3aabb1e62,2,2,1.0
48c1b34a2d23e13b8967caa478d9c428,9f5b78334246addf67c6b0545bc7dd2b,2,2,1.0
4e32c2752aeaa8d8b99da2b145a1c826,a57efc75b64a030eb02c4ebe7f48e45f,2,2,1.0
92c50a9a268f9f35ac5e97abf0de997c,b60fcee0a2f8f958bf64aa7e2606b21a,2,2,1.0
b0b219d68cb80e8440a7fccd3dab3851,f64075e7fa628bdc6c3e7c3108d7c624,2,2,1.0
8dc10e9acb420db970e64b4c99cba7ec,cf4935767b14a8312de405de5d5bbdb5,2,2,1.0
6ff4f4fcdadf8410fcae5bad48d7044d,a231b02134665d0d59438a0008e6e082,2,2,1.0
03cccac05d316dc60827fa7abedd608e,1e6b20395bc9690fe6735e6b6e0d2791,2,2,1.0
2de521d3fd097acfbd5bed9c7b9ed0d0,58b9df3491d94885a911b85e507c75d1,2,2,1.0
8dc10e9acb420db970e64b4c99cba7ec,a57efc75b64a030eb02c4ebe7f48e45f,2,2,1.0
357ae7be4a22fee3a22cca59f6b681fc,f30856ad31d3e74253a3f4ccef670648,2,2,1.0
750550f1fbf777d9383acb856bc593dd,ec441c1966bfa602976763f330fc5168,2,2,1.0
4e32c2752aeaa8d8b99da2b145a1c826,91da289fa4deba62c108246d150a8f4e,2,2,1.0
4e32c2752aeaa8d8b99da2b145a1c826,bd6c1c99a4f6c28c98927351eb226e80,2,2,1.0
03cccac05d316dc60827fa7abedd608e,16f8c97e3a58560cfd64cff33dd78515,2,2,1.0
1f17641a9f9ad86c56fa3f3401102857,da0db337ede939840c3b01ee64616282,2,2,1.0
2708339a3f5355f56983737d54fbce59,a231b02134665d0d59438a0008e6e082,2,2,1.0
b0b219d68cb80e8440a7fccd3dab3851,cf4935767b14a8312de405de5d5bbdb5,2,2,1.0
200d8b1f16d0cc9600022fdc99987a7f,4279e2fb7de9c27f439fdb82e4f1281f,2,2,1.0
8dc10e9acb420db970e64b4c99cba7ec,91da289fa4deba62c108246d150a8f4e,2,2,1.0
5261961eeb22ad480eafeb8829cddacf,aebd72416330dcdb02e8d478fd81c9f6,2,2,1.0
2708339a3f5355f56983737d54fbce59,3578707d5fbfaaad05a3862a179bf76d,2,2,1.0
8dc10e9acb420db970e64b4c99cba7ec,bd6c1c99a4f6c28c98927351eb226e80,2,2,1.0
e89bab624ed1d8c75012bf52bacc654c,ee9d97a7d28183a3d93aefb807e48524,2,2,1.0
210bec49b9e200df48dd3f31310d606e,237dfb57ee5ac9e68310bfd4bd816149,2,2,1.0
4d1fe8b6f5e9ee044a14467c8b2832b6,9cb94124fb0fda10d04fccc5477573b6,2,2,1.0
3ad84abcfa9a58f9ede403889421500b,7647c15a4f2e66304c91fcf86573a2a3,2,2,1.0
5277f2c18bae9ff7f93aa8118ace6e03,b65b4e0ccf23f096b3eb8bce350a400a,2,2,1.0
730e4b7ede33b484516435d39ab4dc49,be4cb52f1e018e4ad1abc82eac59bfd3,2,2,1.0
79a932ef36d3058a3bff9ed1a8d31b4c,ae8482b27b2119e2c3278f5ddf9c1024,2,2,1.0
e8b4b9cf7e6a2e6e13371f3439a4a1ba,f64075e7fa628bdc6c3e7c3108d7c624,2,2,1.0
5277f2c18bae9ff7f93aa8118ace6e03,7a1751f98e25f665fc0130c7b001e18f,2,2,1.0
02fbe4db886eb98774c8ba300d39fa79,5d77cf4bfc8132075fc589f355875baa,2,2,1.0
90c312d2299d36c16bbaa3d717b3dfba,e301216623168d227eb0b0a3aabb1e62,2,2,1.0
e5b6fb6c5e7e4adc25a5e400c0104508,ec99f30f38afadbfbae32d5883734ded,2,2,1.0
210bec49b9e200df48dd3f31310d606e,dfbebe96520c2a101d602c7d003764ba,2,2,1.0
c3aac0f3675a314a924cb484549447c5,cf6183c0caa8e012e8587a9e71ce2888,2,2,1.0
4279e2fb7de9c27f439fdb82e4f1281f,e8b4b9cf7e6a2e6e13371f3439a4a1ba,2,2,1.0
b0b219d68cb80e8440a7fccd3dab3851,bd6c1c99a4f6c28c98927351eb226e80,2,2,1.0
158ff08f9b1aeebfa96820580f3877a6,357ae7be4a22fee3a22cca59f6b681fc,2,2,1.0
27259fad9054fce994a70f1d117bc402,55bea30cd78db302debc515e81a851d4,2,2,1.0
3729f8f3dacbb68f393d2d6ad2b3dc91,ab6a9070b1a32a6ded0bf6410399ab55,2,2,1.0
ae4040757eb5b3be43a7c0ea27260d50,d9752ac494a2b97507fd2faa478cabd9,2,2,1.0
85189d642c11e7090cb2f72fed68ea42,ab6a9070b1a32a6ded0bf6410399ab55,2,2,1.0
87a305c45891600e0244ee26c0bf1fa9,e301216623168d227eb0b0a3aabb1e62,2,2,1.0
5277f2c18bae9ff7f93aa8118ace6e03,fda3a3eb3370c1295a4fc3f6cd3d7604,2,2,1.0
0ddba04798f1c085d0ca93af0e91f6c1,6ff4f4fcdadf8410fcae5bad48d7044d,2,2,1.0
2c03431d52e6ae4479a2a2310fb2e481,87a305c45891600e0244ee26c0bf1fa9,2,2,1.0
97ba9c6276256eca910e8d36e78abfa8,ea77749bef0ca28ab93f391cda660f71,2,2,1.0
66d5f99377fe9807805f089baa65c715,892a397bf8506b6c30355f3fc1338900,2,2,1.0
3052fa07cdb3c836b158402ea4ee6fb8,7647c15a4f2e66304c91fcf86573a2a3,2,2,1.0
aebd72416330dcdb02e8d478fd81c9f6,e301216623168d227eb0b0a3aabb1e62,2,2,1.0
3578707d5fbfaaad05a3862a179bf76d,5dda09ed137461608be539348c1dac39,2,2,1.0
6ff4f4fcdadf8410fcae5bad48d7044d,f64075e7fa628bdc6c3e7c3108d7c624,2,2,1.0
91da289fa4deba62c108246d150a8f4e,d792207a143bca423ba1685b30e34557,2,2,1.0
7647c15a4f2e66304c91fcf86573a2a3,9a56d30e286ddea1374c143d111de34d,2,2,1.0
399699e87adec3391203291418de34d1,4f4a4c713a7892d9db23f694fc647d13,2,2,1.0
237dfb57ee5ac9e68310bfd4bd816149,6ff4f4fcdadf8410fcae5bad48d7044d,2,2,1.0
3991c84b618da2e02b44ba48aba925d1,419fa4c55bcc7754a965e67a57fb3f7d,2,2,1.0
0f10d99ee99ca3d0489f2f2169b41ec3,2a532e879c1278727d9d7001890cd333,2,2,1.0
02b20b7c813efede140142ac610e36dc,158ff08f9b1aeebfa96820580f3877a6,2,2,1.0
4e32c2752aeaa8d8b99da2b145a1c826,bf257f507db19138f5bc4065313c1f87,2,2,1.0
96b482d81d31251add90a9fe63fbbcec,bb7a29428a71e286a02f1377d42d6a35,2,2,1.0
2708339a3f5355f56983737d54fbce59,f64075e7fa628bdc6c3e7c3108d7c624,2,2,1.0
87a305c45891600e0244ee26c0bf1fa9,a57efc75b64a030eb02c4ebe7f48e45f,2,2,1.0
a57efc75b64a030eb02c4ebe7f48e45f,e301216623168d227eb0b0a3aabb1e62,2,2,1.0
5277f2c18bae9ff7f93aa8118ace6e03,7b32049d8495d56c8b27eae575921a60,2,2,1.0
b84dbaedbe3ea55d7cc0894fbea73910,ea77749bef0ca28ab93f391cda660f71,2,2,1.0
6ff4f4fcdadf8410fcae5bad48d7044d,cf4935767b14a8312de405de5d5bbdb5,2,2,1.0
2c03431d52e6ae4479a2a2310fb2e481,a57efc75b64a030eb02c4ebe7f48e45f,2,2,1.0
8dc10e9acb420db970e64b4c99cba7ec,bf257f507db19138f5bc4065313c1f87,2,2,1.0
3e5dd5efb71f831fffee3735c9e41e87,a8953e3d7677addada63eee79b91e7ff,2,2,1.0
e5b6fb6c5e7e4adc25a5e400c0104508,ee9d97a7d28183a3d93aefb807e48524,2,2,1.0
97ba9c6276256eca910e8d36e78abfa8,e225b3c270984a8097a136089a11aea9,2,2,1.0
d792207a143bca423ba1685b30e34557,ea77749bef0ca28ab93f391cda660f71,2,2,1.0
05fb25843c4048d1ce40611d11966278,ae8482b27b2119e2c3278f5ddf9c1024,2,2,1.0
4f4a4c713a7892d9db23f694fc647d13,698a9cafcc15cac8cdbaee64adc6efbe,2,2,1.0
65942a39d31e4aa627f0f65e0298ba2f,bf257f507db19138f5bc4065313c1f87,2,2,1.0
2708339a3f5355f56983737d54fbce59,cf4935767b14a8312de405de5d5bbdb5,2,2,1.0
b65b4e0ccf23f096b3eb8bce350a400a,fda3a3eb3370c1295a4fc3f6cd3d7604,2,2,1.0
38c82315266557c3d9c4312643d1717c,7d2e246c38946e89eda0c9c1288fc0e3,2,2,1.0
2c03431d52e6ae4479a2a2310fb2e481,91da289fa4deba62c108246d150a8f4e,2,2,1.0
5261961eeb22ad480eafeb8829cddacf,b84dbaedbe3ea55d7cc0894fbea73910,2,2,1.0
2c03431d52e6ae4479a2a2310fb2e481,bd6c1c99a4f6c28c98927351eb226e80,2,2,1.0
70755e5b9df5988f592f3dec6279f1be,e0ec2e3c3f6e06839e8fb986be65c7c5,2,2,1.0
97ba9c6276256eca910e8d36e78abfa8,aebd72416330dcdb02e8d478fd81c9f6,2,2,1.0
507d34ab7a9f465f7a023cf256e524da,bb7a29428a71e286a02f1377d42d6a35,2,2,1.0
1e6b20395bc9690fe6735e6b6e0d2791,7989d259bdf69447ee8e00970c3f3228,2,2,1.0
ee9d97a7d28183a3d93aefb807e48524,eed42da7ee2f3ce26ab52758e63d855f,2,2,1.0
d29019c6fe58343d55caeb6f76ae2278,ea5386878274082051c5746cbc6e3087,2,2,1.0
0734186c93d9d5488a3a77c8178cb794,c9b4c4cecb2f6c6efe2f0e4849266350,2,2,1.0
b84dbaedbe3ea55d7cc0894fbea73910,e225b3c270984a8097a136089a11aea9,2,2,1.0
4b72c220414716bd4464a30fac305adc,ae8482b27b2119e2c3278f5ddf9c1024,2,2,1.0
9cb94124fb0fda10d04fccc5477573b6,ce87153ae6d1e210517154ec1057aad5,2,2,1.0
5e6ff5789e4d6b6d6f2a801e4da72e7a,750550f1fbf777d9383acb856bc593dd,2,2,1.0
3af5f7534be6d2d2d81562ee1dc98af2,a4669a28dd126c93ca64ddf49a15e496,2,2,1.0
3e5dd5efb71f831fffee3735c9e41e87,65942a39d31e4aa627f0f65e0298ba2f,2,2,1.0
91da289fa4deba62c108246d150a8f4e,e8b4b9cf7e6a2e6e13371f3439a4a1ba,2,2,1.0
1412559410af5e92c35e053fd6acd006,9a2344afe2d1a43559906bd456567a9b,2,2,1.0
48c1b34a2d23e13b8967caa478d9c428,7de1536dfbeaacfb971b48c2c93c16cc,2,2,1.0
7a1751f98e25f665fc0130c7b001e18f,fda3a3eb3370c1295a4fc3f6cd3d7604,2,2,1.0
5ebd246be48ec18bf3859966284333f8,d535471db72095137da93810c98af688,2,2,1.0
a8953e3d7677addada63eee79b91e7ff,d792207a143bca423ba1685b30e34557,2,2,1.0
4e32c2752aeaa8d8b99da2b145a1c826,90c312d2299d36c16bbaa3d717b3dfba,2,2,1.0
4279e2fb7de9c27f439fdb82e4f1281f,5261961eeb22ad480eafeb8829cddacf,2,2,1.0
7de1536dfbeaacfb971b48c2c93c16cc,af417df88fa589d65603e559ee80a22c,2,2,1.0
1f17641a9f9ad86c56fa3f3401102857,59deaa85810b3c3af6536e02d782a90c,2,2,1.0
83476105a4e9a12fcddd09081dc6cefe,a58c3fb6af3c545575b2d93dd050aec9,2,2,1.0
3d4cd13fd525234c1c4a2304fbe769e0,91dda3852e8a4757ed73fc91360cfa5f,2,2,1.0
af417df88fa589d65603e559ee80a22c,d9752ac494a2b97507fd2faa478cabd9,2,2,1.0
237dfb57ee5ac9e68310bfd4bd816149,3e5dd5efb71f831fffee3735c9e41e87,2,2,1.0
3b81cc8417be691f3159596da7e08a3c,b40dbfe9e5c408e8e4d943656ad1ece6,2,2,1.0
5733010674adc0076bd5d41eb3703955,5d77cf4bfc8132075fc589f355875baa,2,2,1.0
8dc10e9acb420db970e64b4c99cba7ec,90c312d2299d36c16bbaa3d717b3dfba,2,2,1.0
3c08b0cab2334cc5db8c5915ce0d74cc,4fcf56f1cf3d583a0cec41f7f523a852,2,2,1.0
90c312d2299d36c16bbaa3d717b3dfba,bf257f507db19138f5bc4065313c1f87,2,2,1.0
35cac0573a06f610cc8e356e0710d9b1,66d5f99377fe9807805f089baa65c715,2,2,1.0
3af5f7534be6d2d2d81562ee1dc98af2,97ba9c6276256eca910e8d36e78abfa8,2,2,1.0
59deaa85810b3c3af6536e02d782a90c,c0fc2e3595c750de75d36e7db9399e83,2,2,1.0
bf257f507db19138f5bc4065313c1f87,dfbebe96520c2a101d602c7d003764ba,2,2,1.0
87a305c45891600e0244ee26c0bf1fa9,bf257f507db19138f5bc4065313c1f87,2,2,1.0
a24587c47d40ff560266576b543d16d8,ae8482b27b2119e2c3278f5ddf9c1024,2,2,1.0
c7b4749501147c8b69fd551ac98b3a6e,fb8038205a1b4f9a90cb981e074e9be2,2,2,1.0
7de1536dfbeaacfb971b48c2c93c16cc,e238fba997eec80e48bf8d8689877d89,2,2,1.0
2c03431d52e6ae4479a2a2310fb2e481,bf257f507db19138f5bc4065313c1f87,2,2,1.0
200d8b1f16d0cc9600022fdc99987a7f,a231b02134665d0d59438a0008e6e082,2,2,1.0
c4295b913119b04f3c9d28a7bfd524f1,e238fba997eec80e48bf8d8689877d89,2,2,1.0
b410d7fd96e7ff12af1d2f87aae875a8,f30856ad31d3e74253a3f4ccef670648,2,2,1.0
3e5a237352ac4b53e1281b9b62efcbcc,4fcf56f1cf3d583a0cec41f7f523a852,2,2,1.0
70755e5b9df5988f592f3dec6279f1be,fb5e89c121d9569d1a58e0afb54da971,2,2,1.0
66a0e4ae01e565ad721e85f287a2315e,d8cc3231a8eda4409875bb69bb91f594,2,2,1.0
200d8b1f16d0cc9600022fdc99987a7f,3578707d5fbfaaad05a3862a179bf76d,2,2,1.0
0130baad44d0ccc44bc7526c1ac18c64,1cba83304eaba52a71d853f593d565f1,2,2,1.0
7989d259bdf69447ee8e00970c3f3228,d9752ac494a2b97507fd2faa478cabd9,2,2,1.0
399699e87adec3391203291418de34d1,3af5f7534be6d2d2d81562ee1dc98af2,2,2,1.0
892a397bf8506b6c30355f3fc1338900,d8cc3231a8eda4409875bb69bb91f594,2,2,1.0
65d7c0904b51f5b432e71a14b25121dc,7973a6ba9c81ecaeb3d628c33c7c7c48,2,2,1.0
97ba9c6276256eca910e8d36e78abfa8,b84dbaedbe3ea55d7cc0894fbea73910,2,2,1.0
a8953e3d7677addada63eee79b91e7ff,e8b4b9cf7e6a2e6e13371f3439a4a1ba,2,2,1.0
8fe4f9a0d6a47babbd498127a9109bd1,a676674630bb75afa401d173d691473e,2,2,1.0
9a2344afe2d1a43559906bd456567a9b,d535471db72095137da93810c98af688,2,2,1.0
3578707d5fbfaaad05a3862a179bf76d,6ff4f4fcdadf8410fcae5bad48d7044d,2,2,1.0
9819390871759f4e81b4e1843e4d5c42,af5b766ebb8329a34871cbafc1e2352b,2,2,1.0
8b88f64495d95d12a12c0d71534d0faa,e1015df046a6e086818dc851b65c2392,2,2,1.0
080a538ba865739bd97c3ffd9e71bcf0,d535471db72095137da93810c98af688,2,2,1.0
05fb25843c4048d1ce40611d11966278,4b72c220414716bd4464a30fac305adc,2,2,1.0
9a56d30e286ddea1374c143d111de34d,d9752ac494a2b97507fd2faa478cabd9,2,2,1.0
d7c6bdf20c4ec9c9cda815dde58e778a,fda3a3eb3370c1295a4fc3f6cd3d7604,2,2,1.0
4f928a6270233d6c7c4e73919fa12295,5b40b6d003822b8ff229a910784fe4e5,2,2,1.0
97ba9c6276256eca910e8d36e78abfa8,b0b219d68cb80e8440a7fccd3dab3851,2,2,1.0
be4eb163762cf164f26f81021c4a5e97,c4ba227e9593faaf28a4ea8e5ec6c93f,2,2,1.0
1e6b20395bc9690fe6735e6b6e0d2791,af417df88fa589d65603e559ee80a22c,2,2,1.0
0ddba04798f1c085d0ca93af0e91f6c1,237dfb57ee5ac9e68310bfd4bd816149,2,2,1.0
5e6ff5789e4d6b6d6f2a801e4da72e7a,70c976663a07ebfd35d81c6179258391,2,2,1.0
8418b8ecfc9702b5eacddc5e75a4dcca,a231b02134665d0d59438a0008e6e082,2,2,1.0
1e51a6a24372a8bedea3519f13f80e91,7d2e246c38946e89eda0c9c1288fc0e3,2,2,1.0
210bec49b9e200df48dd3f31310d606e,e301216623168d227eb0b0a3aabb1e62,2,2,1.0
5182c0939da37d2f3acd9f2fb8b60d4f,af417df88fa589d65603e559ee80a22c,2,2,1.0
7e69734dad7cfcbe95aa59f38095057d,ae4040757eb5b3be43a7c0ea27260d50,2,2,1.0
87a305c45891600e0244ee26c0bf1fa9,90c312d2299d36c16bbaa3d717b3dfba,2,2,1.0
9a2344afe2d1a43559906bd456567a9b,b7741f7ec50ab6bcd52ab08ea8f214d9,2,2,1.0
0ddba04798f1c085d0ca93af0e91f6c1,dfbebe96520c2a101d602c7d003764ba,2,2,1.0
83bf39384884016d6218c5cee2dca7e7,d29019c6fe58343d55caeb6f76ae2278,2,2,1.0
080a538ba865739bd97c3ffd9e71bcf0,b7741f7ec50ab6bcd52ab08ea8f214d9,2,2,1.0
1412559410af5e92c35e053fd6acd006,e6f18fab493c0bdc553eafd9b66cb5f2,2,2,1.0
2c03431d52e6ae4479a2a2310fb2e481,90c312d2299d36c16bbaa3d717b3dfba,2,2,1.0
75bbb6b481a1df1689bb769e63ec3acb,78c5f76b60a3a2588635aadc70e34df7,2,2,1.0
02b20b7c813efede140142ac610e36dc,2a532e879c1278727d9d7001890cd333,2,2,1.0
0130baad44d0ccc44bc7526c1ac18c64,3413f9bca7b61d654f1da9a0afd68c7b,2,2,1.0
35cac0573a06f610cc8e356e0710d9b1,3e5a237352ac4b53e1281b9b62efcbcc,2,2,1.0
02fbe4db886eb98774c8ba300d39fa79,0fa3e5721cad691b9594fb89f9805a68,2,2,1.0
16f8c97e3a58560cfd64cff33dd78515,e1015df046a6e086818dc851b65c2392,2,2,1.0
1e6b20395bc9690fe6735e6b6e0d2791,e238fba997eec80e48bf8d8689877d89,2,2,1.0
318dd674b6e789249337a1edca1b0cc1,ec8cf19822473555370553d399f7a654,2,2,1.0
200d8b1f16d0cc9600022fdc99987a7f,f64075e7fa628bdc6c3e7c3108d7c624,2,2,1.0
58812bfc80ed972fa2e7f3614c0cd22e,5e7138389382fc1b06c0ac985011e12b,2,2,1.0
35cac0573a06f610cc8e356e0710d9b1,892a397bf8506b6c30355f3fc1338900,2,2,1.0
8dc10e9acb420db970e64b4c99cba7ec,d792207a143bca423ba1685b30e34557,2,2,1.0
5e6ff5789e4d6b6d6f2a801e4da72e7a,5ebd246be48ec18bf3859966284333f8,2,2,1.0
5182c0939da37d2f3acd9f2fb8b60d4f,e238fba997eec80e48bf8d8689877d89,2,2,1.0
5261961eeb22ad480eafeb8829cddacf,a8953e3d7677addada63eee79b91e7ff,2,2,1.0
35cac0573a06f610cc8e356e0710d9b1,aea1ccbc3f29445178036e658e686eb1,2,2,1.0
3729f8f3dacbb68f393d2d6ad2b3dc91,e03684ee60e4f8113ddbe25a1a33d4a3,2,2,1.0
3ad84abcfa9a58f9ede403889421500b,ec8cf19822473555370553d399f7a654,2,2,1.0
735d2f09948cabbdb942958b1f94debd,e4c86e662d2175b91ad7c9615024b408,2,2,1.0
b0b219d68cb80e8440a7fccd3dab3851,d792207a143bca423ba1685b30e34557,2,2,1.0
200d8b1f16d0cc9600022fdc99987a7f,cf4935767b14a8312de405de5d5bbdb5,2,2,1.0
0f10d99ee99ca3d0489f2f2169b41ec3,ce87153ae6d1e210517154ec1057aad5,2,2,1.0
3e5dd5efb71f831fffee3735c9e41e87,5dda09ed137461608be539348c1dac39,2,2,1.0
6e6fdec52c6dbf58721bf7a4eaf5b679,e8fee231a8a4901e2b0b5a2324eb1405,2,2,1.0
89468b8994a62cb344e62ab6981a6451,af4a0bb895d2c8c821bd955648aca24e,2,2,1.0
4fcf56f1cf3d583a0cec41f7f523a852,66a0e4ae01e565ad721e85f287a2315e,2,2,1.0
158ff08f9b1aeebfa96820580f3877a6,5ebd246be48ec18bf3859966284333f8,2,2,1.0
3af5f7534be6d2d2d81562ee1dc98af2,8418b8ecfc9702b5eacddc5e75a4dcca,2,2,1.0
e0ec2e3c3f6e06839e8fb986be65c7c5,ec99f30f38afadbfbae32d5883734ded,2,2,1.0
bd6c1c99a4f6c28c98927351eb226e80,e8b4b9cf7e6a2e6e13371f3439a4a1ba,2,2,1.0
5261961eeb22ad480eafeb8829cddacf,81db097ffce4bd958cfffeca7c41e301,2,2,1.0
ae52fa61f27bd494a25bc4c101fa29d0,fa0cf5b25732a933725b83d2f716000a,2,2,1.0
8418b8ecfc9702b5eacddc5e75a4dcca,f64075e7fa628bdc6c3e7c3108d7c624,2,2,1.0
05fb25843c4048d1ce40611d11966278,09ecbbc6902ae2add46294a42e3a59f1,2,2,1.0
8fe4f9a0d6a47babbd498127a9109bd1,a95a7250342fa968f37ddc74a5199ae6,2,2,1.0
09ecbbc6902ae2add46294a42e3a59f1,ae8482b27b2119e2c3278f5ddf9c1024,2,2,1.0
080a538ba865739bd97c3ffd9e71bcf0,9cb94124fb0fda10d04fccc5477573b6,2,2,1.0
59d2db950a513645b4f625a77a6d7e02,7bc3e3e04d914c88c93d683b6d095167,2,2,1.0
df9bd60da4a8f8945d2b862aebd3d418,e8fee231a8a4901e2b0b5a2324eb1405,2,2,1.0
5ebd246be48ec18bf3859966284333f8,a7751ca7aa429b41cf9065a425d52aea,2,2,1.0
3052fa07cdb3c836b158402ea4ee6fb8,ec8cf19822473555370553d399f7a654,2,2,1.0
65d7c0904b51f5b432e71a14b25121dc,6e6fdec52c6dbf58721bf7a4eaf5b679,2,2,1.0
4279e2fb7de9c27f439fdb82e4f1281f,be4eb163762cf164f26f81021c4a5e97,2,2,1.0
38c82315266557c3d9c4312643d1717c,c4a5dbcdc7c33758cf5efff999c6203c,2,2,1.0
3578707d5fbfaaad05a3862a179bf76d,3e5dd5efb71f831fffee3735c9e41e87,2,2,1.0
8b88f64495d95d12a12c0d71534d0faa,9f5b78334246addf67c6b0545bc7dd2b,2,2,1.0
5261961eeb22ad480eafeb8829cddacf,65942a39d31e4aa627f0f65e0298ba2f,2,2,1.0
8b88f64495d95d12a12c0d71534d0faa,9ccd3694bf9d11a53846dcc5c105e7b6,2,2,1.0
cad3d0a8ce32033e32792a268e38fe03,f2e6b49d4c29d9ea50b3551892f2cd36,2,2,1.0
36cfec707344b75d20e6c7ef583c3b8c,73b78f75df448f01b52aee67c38e1b4d,2,2,1.0
8418b8ecfc9702b5eacddc5e75a4dcca,cf4935767b14a8312de405de5d5bbdb5,2,2,1.0
86bb795b2c858e2ca3bc6271de923619,ea5386878274082051c5746cbc6e3087,2,2,1.0
5261961eeb22ad480eafeb8829cddacf,6d9cdc2c73e65c443351811fb9039bfa,2,2,1.0
75bbb6b481a1df1689bb769e63ec3acb,e5b6fb6c5e7e4adc25a5e400c0104508,2,2,1.0
65942a39d31e4aa627f0f65e0298ba2f,aab579a39b1b5c223c2e1a4bbf8ff977,2,2,1.0
9ccd3694bf9d11a53846dcc5c105e7b6,e1015df046a6e086818dc851b65c2392,2,2,1.0
b7741f7ec50ab6bcd52ab08ea8f214d9,ce87153ae6d1e210517154ec1057aad5,2,2,1.0
bb7a29428a71e286a02f1377d42d6a35,ca505f00e361296c5d92e01d245671e6,2,2,1.0
1f17641a9f9ad86c56fa3f3401102857,961ca706a9f7e9d6a4ba81922cde9730,2,2,1.0
e0ec2e3c3f6e06839e8fb986be65c7c5,ee9d97a7d28183a3d93aefb807e48524,2,2,1.0
90df730a12d231d7e596d2f0f314b86d,f69dd277696f9a8fbe3745934891c18a,2,2,1.0
16f8c97e3a58560cfd64cff33dd78515,9f5b78334246addf67c6b0545bc7dd2b,2,2,1.0
88a830a14a479075c655c2f9d3ba3934,9ccfff93c79f3dd996cce15f26480c5b,2,2,1.0
91da289fa4deba62c108246d150a8f4e,aebd72416330dcdb02e8d478fd81c9f6,2,2,1.0
b0b219d68cb80e8440a7fccd3dab3851,e8b4b9cf7e6a2e6e13371f3439a4a1ba,2,2,1.0
6ff4f4fcdadf8410fcae5bad48d7044d,d792207a143bca423ba1685b30e34557,2,2,1.0
272f7dfe5a6714f61a473c8d2f2862f1,418104937eb08a32d45ed65eb6ff56bf,2,2,1.0
66a0e4ae01e565ad721e85f287a2315e,c6e6c968421911e3975a6f7160a1d4b6,2,2,1.0
aab579a39b1b5c223c2e1a4bbf8ff977,f64075e7fa628bdc6c3e7c3108d7c624,2,2,1.0
2708339a3f5355f56983737d54fbce59,d792207a143bca423ba1685b30e34557,2,2,1.0
97ba9c6276256eca910e8d36e78abfa8,a8953e3d7677addada63eee79b91e7ff,2,2,1.0
3277891bd580550e931b09b683cc4d86,962f59f16192af55bb1832221274ad74,2,2,1.0
aebd72416330dcdb02e8d478fd81c9f6,c4ba227e9593faaf28a4ea8e5ec6c93f,2,2,1.0
50fd19860348ef2a4ff4db6168e99eee,8a7f96e72bededa72b184408111db3f3,2,2,1.0
962f59f16192af55bb1832221274ad74,bd10ec3ad72914d1866c911956f9180d,2,2,1.0
9a2344afe2d1a43559906bd456567a9b,a7751ca7aa429b41cf9065a425d52aea,2,2,1.0
080a538ba865739bd97c3ffd9e71bcf0,a7751ca7aa429b41cf9065a425d52aea,2,2,1.0
aeb60b971e54df6473d586ada758ca72,c7b4749501147c8b69fd551ac98b3a6e,2,2,1.0
aab579a39b1b5c223c2e1a4bbf8ff977,cf4935767b14a8312de405de5d5bbdb5,2,2,1.0
4e32c2752aeaa8d8b99da2b145a1c826,8dc10e9acb420db970e64b4c99cba7ec,2,2,1.0
90c312d2299d36c16bbaa3d717b3dfba,aab579a39b1b5c223c2e1a4bbf8ff977,2,2,1.0
7d2e246c38946e89eda0c9c1288fc0e3,bb7a29428a71e286a02f1377d42d6a35,2,2,1.0
6d9cdc2c73e65c443351811fb9039bfa,a231b02134665d0d59438a0008e6e082,2,2,1.0
a57efc75b64a030eb02c4ebe7f48e45f,c4ba227e9593faaf28a4ea8e5ec6c93f,2,2,1.0
96d3a3257161c32fe93aea0e38b16515,ce87153ae6d1e210517154ec1057aad5,2,2,1.0
87a305c45891600e0244ee26c0bf1fa9,aab579a39b1b5c223c2e1a4bbf8ff977,2,2,1.0
a231b02134665d0d59438a0008e6e082,dfbebe96520c2a101d602c7d003764ba,2,2,1.0
5ebd246be48ec18bf3859966284333f8,ec441c1966bfa602976763f330fc5168,2,2,1.0
0f10d99ee99ca3d0489f2f2169b41ec3,5e6ff5789e4d6b6d6f2a801e4da72e7a,2,2,1.0
3e332338454c5752a0ff8cb3858fabfb,b27739502aee0eb80a4699f471027da2,2,2,1.0
70c976663a07ebfd35d81c6179258391,d535471db72095137da93810c98af688,2,2,1.0
aab579a39b1b5c223c2e1a4bbf8ff977,bd6c1c99a4f6c28c98927351eb226e80,2,2,1.0
81db097ffce4bd958cfffeca7c41e301,e301216623168d227eb0b0a3aabb1e62,2,2,1.0
09ecbbc6902ae2add46294a42e3a59f1,4b72c220414716bd4464a30fac305adc,2,2,1.0
28e3b4a14a28881ebbdf5384e004d6fb,7647c15a4f2e66304c91fcf86573a2a3,2,2,1.0
444afd392665f1cc1f3b65ec48063735,ae8482b27b2119e2c3278f5ddf9c1024,2,2,1.0
9ccd3694bf9d11a53846dcc5c105e7b6,9f5b78334246addf67c6b0545bc7dd2b,2,2,1.0
6ff4f4fcdadf8410fcae5bad48d7044d,e8b4b9cf7e6a2e6e13371f3439a4a1ba,2,2,1.0
2708339a3f5355f56983737d54fbce59,399699e87adec3391203291418de34d1,2,2,1.0
2ecb8546a5c0ea3c74dfa8b77a321370,8fa60adf18fe4fd010cad0b48f6fedb4,2,2,1.0
a7751ca7aa429b41cf9065a425d52aea,d535471db72095137da93810c98af688,2,2,1.0
a8953e3d7677addada63eee79b91e7ff,aebd72416330dcdb02e8d478fd81c9f6,2,2,1.0
3af5f7534be6d2d2d81562ee1dc98af2,87a305c45891600e0244ee26c0bf1fa9,2,2,1.0
1412559410af5e92c35e053fd6acd006,96d3a3257161c32fe93aea0e38b16515,2,2,1.0
0ddba04798f1c085d0ca93af0e91f6c1,e301216623168d227eb0b0a3aabb1e62,2,2,1.0
48c1b34a2d23e13b8967caa478d9c428,5182c0939da37d2f3acd9f2fb8b60d4f,2,2,1.0
a57efc75b64a030eb02c4ebe7f48e45f,aab579a39b1b5c223c2e1a4bbf8ff977,2,2,1.0
91da289fa4deba62c108246d150a8f4e,b84dbaedbe3ea55d7cc0894fbea73910,2,2,1.0
3e5dd5efb71f831fffee3735c9e41e87,6ff4f4fcdadf8410fcae5bad48d7044d,2,2,1.0
2708339a3f5355f56983737d54fbce59,e8b4b9cf7e6a2e6e13371f3439a4a1ba,2,2,1.0
70c976663a07ebfd35d81c6179258391,b7741f7ec50ab6bcd52ab08ea8f214d9,2,2,1.0
065938485846aa5adc196cb536de42e0,35cac0573a06f610cc8e356e0710d9b1,2,2,1.0
5b71ca52f13f79c2be72b2aad8755c0a,dc6ac849aa384fa44fc33be6201fbd0c,2,2,1.0
237dfb57ee5ac9e68310bfd4bd816149,e301216623168d227eb0b0a3aabb1e62,2,2,1.0
a7751ca7aa429b41cf9065a425d52aea,b7741f7ec50ab6bcd52ab08ea8f214d9,2,2,1.0
1803287d1e7138aec6ea9d3c963ed87d,e89bab624ed1d8c75012bf52bacc654c,2,2,1.0
a6ddea592cbc5da9970a9a9803c07347,ae4040757eb5b3be43a7c0ea27260d50,2,2,1.0
4e32c2752aeaa8d8b99da2b145a1c826,ea77749bef0ca28ab93f391cda660f71,2,2,1.0
1412559410af5e92c35e053fd6acd006,b410d7fd96e7ff12af1d2f87aae875a8,2,2,1.0
a3c776e946f1056964f85942ce783c40,fe1a0586d9ca0876528af23f3219ce3b,2,2,1.0
aebd72416330dcdb02e8d478fd81c9f6,be4eb163762cf164f26f81021c4a5e97,2,2,1.0
698a9cafcc15cac8cdbaee64adc6efbe,6ff4f4fcdadf8410fcae5bad48d7044d,2,2,1.0
5261961eeb22ad480eafeb8829cddacf,5dda09ed137461608be539348c1dac39,2,2,1.0
bd6c1c99a4f6c28c98927351eb226e80,c4ba227e9593faaf28a4ea8e5ec6c93f,2,2,1.0
0ddba04798f1c085d0ca93af0e91f6c1,210bec49b9e200df48dd3f31310d606e,2,2,1.0
36cfec707344b75d20e6c7ef583c3b8c,5692f45005b99d929b723b96408957ec,2,2,1.0
3af5f7534be6d2d2d81562ee1dc98af2,a57efc75b64a030eb02c4ebe7f48e45f,2,2,1.0
e1015df046a6e086818dc851b65c2392,e238fba997eec80e48bf8d8689877d89,2,2,1.0
46f15c2526277c2f9cfa6b239dfb11b3,65d7c0904b51f5b432e71a14b25121dc,2,2,1.0
8dc10e9acb420db970e64b4c99cba7ec,ea77749bef0ca28ab93f391cda660f71,2,2,1.0
9a2344afe2d1a43559906bd456567a9b,ec441c1966bfa602976763f330fc5168,2,2,1.0
16f8c97e3a58560cfd64cff33dd78515,318dd674b6e789249337a1edca1b0cc1,2,2,1.0
03cccac05d316dc60827fa7abedd608e,e1015df046a6e086818dc851b65c2392,2,2,1.0
dfbebe96520c2a101d602c7d003764ba,e8b4b9cf7e6a2e6e13371f3439a4a1ba,2,2,1.0
080a538ba865739bd97c3ffd9e71bcf0,ec441c1966bfa602976763f330fc5168,2,2,1.0
7647c15a4f2e66304c91fcf86573a2a3,ae4040757eb5b3be43a7c0ea27260d50,2,2,1.0
00e8cbf31206edcf22b7b118daa13983,8266a33ae45def22e9a5142f504746f1,2,2,1.0
39ae2ab725be4a0db66896735a49dac7,75bbb6b481a1df1689bb769e63ec3acb,2,2,1.0
87a305c45891600e0244ee26c0bf1fa9,8dc10e9acb420db970e64b4c99cba7ec,2,2,1.0
406aefddac1b54a36022ef32ffe6ed5f,d0e376592a3036444738ee6a426785c1,2,2,1.0
70755e5b9df5988f592f3dec6279f1be,78c5f76b60a3a2588635aadc70e34df7,2,2,1.0
3af5f7534be6d2d2d81562ee1dc98af2,91da289fa4deba62c108246d150a8f4e,2,2,1.0
6d9cdc2c73e65c443351811fb9039bfa,dfbebe96520c2a101d602c7d003764ba,2,2,1.0
2c03431d52e6ae4479a2a2310fb2e481,8dc10e9acb420db970e64b4c99cba7ec,2,2,1.0
3af5f7534be6d2d2d81562ee1dc98af2,bd6c1c99a4f6c28c98927351eb226e80,2,2,1.0
b0b219d68cb80e8440a7fccd3dab3851,ea77749bef0ca28ab93f391cda660f71,2,2,1.0
2c03431d52e6ae4479a2a2310fb2e481,4e32c2752aeaa8d8b99da2b145a1c826,2,2,1.0
5dda09ed137461608be539348c1dac39,a4669a28dd126c93ca64ddf49a15e496,2,2,1.0
70c976663a07ebfd35d81c6179258391,9cb94124fb0fda10d04fccc5477573b6,2,2,1.0
4f4a4c713a7892d9db23f694fc647d13,97ba9c6276256eca910e8d36e78abfa8,2,2,1.0
05fb25843c4048d1ce40611d11966278,0d52f8cd8892f109a15803df169113b6,2,2,1.0
7989d259bdf69447ee8e00970c3f3228,a6ddea592cbc5da9970a9a9803c07347,2,2,1.0
318dd674b6e789249337a1edca1b0cc1,d9752ac494a2b97507fd2faa478cabd9,2,2,1.0
4e32c2752aeaa8d8b99da2b145a1c826,e225b3c270984a8097a136089a11aea9,2,2,1.0
4d1fe8b6f5e9ee044a14467c8b2832b6,ce87153ae6d1e210517154ec1057aad5,2,2,1.0
16f8c97e3a58560cfd64cff33dd78515,7de1536dfbeaacfb971b48c2c93c16cc,2,2,1.0
96b482d81d31251add90a9fe63fbbcec,ca505f00e361296c5d92e01d245671e6,2,2,1.0
0f10d99ee99ca3d0489f2f2169b41ec3,1412559410af5e92c35e053fd6acd006,2,2,1.0
200d8b1f16d0cc9600022fdc99987a7f,210bec49b9e200df48dd3f31310d606e,2,2,1.0
a8953e3d7677addada63eee79b91e7ff,b84dbaedbe3ea55d7cc0894fbea73910,2,2,1.0
3ea35d016eb96bbfede151b359b8da8e,8fe4f9a0d6a47babbd498127a9109bd1,2,2,1.0
78c5f76b60a3a2588635aadc70e34df7,8ef9add628931053f28350c0ad4bc7f7,2,2,1.0
8dc10e9acb420db970e64b4c99cba7ec,e225b3c270984a8097a136089a11aea9,2,2,1.0
1e51a6a24372a8bedea3519f13f80e91,bb7a29428a71e286a02f1377d42d6a35,2,2,1.0
3ad84abcfa9a58f9ede403889421500b,d9752ac494a2b97507fd2faa478cabd9,2,2,1.0
d9752ac494a2b97507fd2faa478cabd9,e1015df046a6e086818dc851b65c2392,2,2,1.0
e8b4b9cf7e6a2e6e13371f3439a4a1ba,ea77749bef0ca28ab93f391cda660f71,2,2,1.0
b0b219d68cb80e8440a7fccd3dab3851,e225b3c270984a8097a136089a11aea9,2,2,1.0
03cccac05d316dc60827fa7abedd608e,c4295b913119b04f3c9d28a7bfd524f1,2,2,1.0
7e69734dad7cfcbe95aa59f38095057d,af417df88fa589d65603e559ee80a22c,2,2,1.0
5ec139ae8a8a28c349ba778d9f012f9e,ecc2cadae1306ec2f3cc3c4c3ebdf1f5,2,2,1.0
2708339a3f5355f56983737d54fbce59,5261961eeb22ad480eafeb8829cddacf,2,2,1.0
444afd392665f1cc1f3b65ec48063735,4b72c220414716bd4464a30fac305adc,2,2,1.0
399699e87adec3391203291418de34d1,a4669a28dd126c93ca64ddf49a15e496,2,2,1.0
4279e2fb7de9c27f439fdb82e4f1281f,65942a39d31e4aa627f0f65e0298ba2f,2,2,1.0
8dc10e9acb420db970e64b4c99cba7ec,aebd72416330dcdb02e8d478fd81c9f6,2,2,1.0
3052fa07cdb3c836b158402ea4ee6fb8,d9752ac494a2b97507fd2faa478cabd9,2,2,1.0
200d8b1f16d0cc9600022fdc99987a7f,d792207a143bca423ba1685b30e34557,2,2,1.0
210bec49b9e200df48dd3f31310d606e,c4ba227e9593faaf28a4ea8e5ec6c93f,2,2,1.0
507d34ab7a9f465f7a023cf256e524da,ca505f00e361296c5d92e01d245671e6,2,2,1.0
06f289b98b5b10b7d7692548624cb616,ef3e32f1b8658891add797672f995cc5,2,2,1.0
0f10d99ee99ca3d0489f2f2169b41ec3,4d1fe8b6f5e9ee044a14467c8b2832b6,2,2,1.0
bd6c1c99a4f6c28c98927351eb226e80,be4eb163762cf164f26f81021c4a5e97,2,2,1.0
16d185a0b670f133ae3c1d737185cb4b,bd10ec3ad72914d1866c911956f9180d,2,2,1.0
3d71bc3ae0c9f857ffe17636e0d59aab,630f664ac3b2844e836d10abf880cd47,2,2,1.0
87a305c45891600e0244ee26c0bf1fa9,ea77749bef0ca28ab93f391cda660f71,2,2,1.0
38775863e907bb656c90a73fbc8083e4,4f928a6270233d6c7c4e73919fa12295,2,2,1.0
3fdd5f758dedbccffc537354946aa3b6,8fa60adf18fe4fd010cad0b48f6fedb4,2,2,1.0
2c03431d52e6ae4479a2a2310fb2e481,ea77749bef0ca28ab93f391cda660f71,2,2,1.0
3af5f7534be6d2d2d81562ee1dc98af2,bf257f507db19138f5bc4065313c1f87,2,2,1.0
750550f1fbf777d9383acb856bc593dd,e6f18fab493c0bdc553eafd9b66cb5f2,2,2,1.0
1b270bd97f6e1d9af2d5d06f0d4a80e8,74ba3ec548ea09a1df6d06fd31072d71,2,2,1.0
4fcf56f1cf3d583a0cec41f7f523a852,b2b114ecefe93aa93d0f2bdd14ac8f84,2,2,1.0
46f15c2526277c2f9cfa6b239dfb11b3,df9bd60da4a8f8945d2b862aebd3d418,2,2,1.0
59deaa85810b3c3af6536e02d782a90c,66a0e4ae01e565ad721e85f287a2315e,2,2,1.0
4368b6d00daadcf1c3830ceee322ef4f,5f439c10be261b762af976221efcdbd1,1,1,1.0
1df0a296f852bdf1a17b085730f4b894,dce323533e45e74d215e0fe7fb114118,1,1,1.0
46f85d17380660c2b457a30d81b7fd32,50c585f1c6e34fd6a4cef2b8ca4d6988,1,1,1.0
80721bef26b8e127ac080a297b683707,cad13a8b23f70b1c28436974f7007dae,1,1,1.0
2476d7ece2a612057413907e779f4837,2d814752d2ee9984e22f7d59b8956f96,1,1,1.0
961efa774ea7c0d0a4514295647e78d5,ee8a82aa67708572e19a41f800984ecc,1,1,1.0
417c106d1cfb829444065690c70a3465,63e24a46d814600391af3768f5dc7dfc,1,1,1.0
0d0481ffb0bb25cfc9ba06c02bba0ecf,fcac5c45ae137a12df98dfaab874de3c,1,1,1.0
68dc7a89f87830c6261e314dfed6faef,77bc8a7b582f1def0c501c225e15048c,1,1,1.0
90168a02b6a5df02639a8f31ceb5bef5,fdce9a2878c33e84d8e3afb003cf8d7f,1,1,1.0
156682bfe55ab873dd2390cd94aee186,f053ed40ef0fa5d5c8d6e50c125e9c1d,1,1,1.0
3f02edfb1cae00377b6bebaba4767815,77478d54ce0ee01c276292d8579f478b,1,1,1.0
6498df2c9689817da899bc7471154397,cc75120073fb03f586924a6091e58e28,1,1,1.0
2690d07dfb3d22053e2545e107af4e84,5fe35ed36e47572b5e4238bbf066bd5b,1,1,1.0
3be9c553e23e8c83ced423a32f5ea1f0,fb927b0b2ddb2d2bffb5076119a8bc13,1,1,1.0
57152ecf5f2c1f8f940fca676b6d199b,76b652d71b511e315d136d3c052614f2,1,1,1.0
285e92182b75afe3123897ecaf02f253,efa1d06033457a7e39a5fa71201f2b77,1,1,1.0
3268d9544224d6bbdd2893d666d5580e,83b325d5df01a4e34241e960db8582b7,1,1,1.0
6d91f649550081a2a1ca1d69a71eec64,be85a0a806dce759c23e87a3e8e24682,1,1,1.0
8c8fccc50566baaed602e3775d9d5665,b3594bb146f9ab181aeb6c72deaabe54,1,1,1.0
3abbdb572309e93105f0ca0238df5f2c,ba54f40bedb59c8a4cfeb3cef1a4f8e8,1,1,1.0
2dc8656cd6899d986974fab7ecf1fd74,7febafa06d9d8f232a900a2937f04338,1,1,1.0
9c1604a9e4b09ec12e4334420b483f3f,f525ea95844284b57cfa8d6d31db613b,1,1,1.0
0fe65f1865925542754cce1d1cc65005,b628a5624473f220735f504870eaf6c5,1,1,1.0
23514d2198beeaa0c6cae93f7bcece4f,4125ca92d09b7d7a7709209878845a0e,1,1,1.0
06285644a5dcbd27f078ec193ef2fc72,f8c74f26f568c1b52cd212e700e977df,1,1,1.0
05950dd13be9313da9752082073de48d,152fc02825ebb754ffcb79393de6914f,1,1,1.0
b0544deca1ad01a5e0f71db95378697f,ce5e89ef785b6b3fa8b7816d835220f0,1,1,1.0
8affef1a9da1b5d0e18b9defcbb34f2b,d7ad4446f5142b38e6257875b14485a6,1,1,1.0
0fee4adcd47e19eb91c84f2449500247,6dba6f8d6b28cb57dc4c873f578d5086,1,1,1.0
2611f4b0d21a94052388195d93ddbfff,6c039e3652b253b36c019353b242fd0e,1,1,1.0
837502a03089bd6634038d02e13e828f,9ec5dd9399e8b72cb81c2f2d3d83d1f0,1,1,1.0
658d64ac4045f10a4b38e31e37d97ee2,7395fb5c5e553808bdcfe3df389f6aef,1,1,1.0
10ec83cc1eb95a0965aab23377edc1ae,f906de91f4e609f51713929edadb8fff,1,1,1.0
a0ba4be3b3162d5c6033725ddd480f42,dfb7f397991dbda2d975f5d7bfd915bc,1,1,1.0
04c3799d1da502e6977882da307f39bd,5c916abe6d4526b2e978a603912e4c34,1,1,1.0
2478fd4bc30a8724f6513169153e5670,e6b9dd1ff3fc7c413f1786685ed6dd1b,1,1,1.0
0b7e8a47536e37a99cd123528fee61b7,b684b5160d8661dcc3ea1a0a90f9f000,1,1,1.0
786c7b9dfd6dff5c802b170d3859c33b,9d0ef7d06f184c4fd91aa7d3ea6b1003,1,1,1.0
03f0eaa85630490d7b8249285009ccd4,eaaff84ebc1c020ab83950d9303a8e97,1,1,1.0
9fc74175f571140da6c160cb27ffed4f,c589ce4c653991c65f29b41c74d50374,1,1,1.0
23f614484b8fc679ba0a6b1535620da0,5f8c6f3a4b96dc87a47c35c5bb018c19,1,1,1.0
1fbe6503f9ad5cf195896ff8f6b9002b,60407605c43a0ff96a026b72b9369e24,1,1,1.0
259dac757896d24d7702b9acbbff3f3c,9c209a3050ac652d2296e84a1e58bbb3,1,1,1.0
03f36811ed7689b1b01f4ebb1dd4f145,f3914fdcecde6f1e5a93a60f476629cf,1,1,1.0
dd83c210f2179d6c893b5c0bf9da0268,e0d57fcc716125d70f48d5e7e165a23c,1,1,1.0
03872faea1fac00ae8da6e805bcb73e7,edc9873039c3986b086a6fa6953bcf27,1,1,1.0
2611f4b0d21a94052388195d93ddbfff,ac632f3aef3b65fdd24382d53636a308,1,1,1.0
5384448dd5699a577f1f4495795927f3,e45f7706f5e37da923c14f3a4bff40c6,1,1,1.0
20cddbe74c983ad5ffa0f01d5f8a150d,c53d90ab068a7fde8fb74003248e1ebc,1,1,1.0
9ed9f25194cfa06254405e2f9dfd8923,ccedd01ebe7a8641887f6676ba5ae095,1,1,1.0
23377791df925b1158ea0e673839b1e3,c5f4a17332cac9eea14c1147093298dc,1,1,1.0
9eb50bea8fc821330e360fd0fd25af4a,e7928873aa29a8b16ac777ce228c92cb,1,1,1.0
61825845f32d651576361ffb0d1531b9,7a311716cb061e6677b00589143f4d5f,1,1,1.0
0fc01fadfadc1bafd9afcb4250949086,7aa53d2337853b9ca0128f978b6041b9,1,1,1.0
04badcbeea122a16bcab6bd3d47bf166,bd025dd90706f85a73f01b3eacbc9666,1,1,1.0
098433b9f9255997177c7dfb1dc8fb87,4c116f8ddec984371284ab7bc860001a,1,1,1.0
8d8abfd0d01a9c667c0820bb8c9185a8,f75d969ab1bb9e98db3e1a8329953b26,1,1,1.0
2c5ff1117575aa29de30d6ad663836a1,a49c25b37294eaa2f50ba92291686137,1,1,1.0
73c4efed8d45dab6e5e412c2f3594fe6,d1c19268fffc2d095bf27843b7435130,1,1,1.0
9e64023fa21c8dc095fdbd1a0568ae62,d164b19f04a89cca783eee581d4d07df,1,1,1.0
ab364f2411aa664f844730f2afd40a54,da8912d6606bafc5b52bf257f2e0dd0f,1,1,1.0
1afad585650bcfea043426764c8ddbe5,4c4cb7298a837849426bea982a676ae8,1,1,1.0
81f08296bfd8ca38b50fc96163880b03,d2d549c84bb91ddac8484347e9ba87e4,1,1,1.0
62e32e0b239b36c93427f7910eb6a173,c11b49cd5e286f19445c7211b6039abe,1,1,1.0
ad60ba535e4fa2b72c924290d6337913,bccf1f04597bf7d228479c66d874061b,1,1,1.0
264948e03eef857d56379613eae0381c,2c8c98e49fc4e40372531352d87e3f2c,1,1,1.0
b31e37349201c9fe959cf4d69aedf167,da572a48fcd5b6554b601efe1b306aa8,1,1,1.0
2ed0fed2170249d11a69c5406a3f8d1b,7012fea1469196cc73d876d7b85c82ea,1,1,1.0
2dc1f0328505e1db9aa4878e443692e9,9e5fb44b38392e51b5fecabf840a2423,1,1,1.0
00370dfde3d012c420d29657afc2fc8b,4818e9b74711c62ee9b9ae1c9e174f06,1,1,1.0
1f085946ebcb56e5ea64b0b902e1cc8b,f5472555b3e63eedcccf98ed40571431,1,1,1.0
905b4b5e62e7a1d4675891494f6ea508,f2eeb419fb7bf5b1a9bd49a37a8c651c,1,1,1.0
4d447efc41b13cd3888ace85fa1ad69b,842909a01087405cc84f9c41d519b3f4,1,1,1.0
ad076f69fe41e2f2e356025bf2751920,b9aa4c0927aac2f4ed4304ed9f85d8c7,1,1,1.0
1f002646e8e36047b4be779104d4c1cf,c1d8fe2673f3a62db4e235e128278b94,1,1,1.0
01b84e3fa2897be6eec7fadddb3d56f3,cb204efbe3ba3f77edacc4d5259752ba,1,1,1.0
2012b2a91b073059bd14c5ab78911e43,d852affba1eb7b0fbb351e17f13cc5f1,1,1,1.0
c5a858f4563ac285516d166c3039b074,d3391cadc57741a0defe8a569e476813,1,1,1.0
ea92d6a7fb13cf8c2d2849639fa3df1c,fe50fc8b1e7d06fc87e9e25522832f22,1,1,1.0
6a583f4c6790a4c8330beb7612e17f42,a8d91aea91e95b9fc06492ac162a7876,1,1,1.0
58e16b9b31cecd2680fb21ca83dc680c,b13aa6fa39cdbcace11d493d1b64f0b8,1,1,1.0
5abec77f25448f05e114df428f92dccf,943bb0afb826a269071a6d3153d046f5,1,1,1.0
708e931f4d6fcccd3b95cc42b4da7d29,e945b7126442e3e257f644df5ea97abf,1,1,1.0
6730f232479ef26058fcfa270ddc6178,9a04f0ca97e81b8b008207c3e87dd183,1,1,1.0
fde93c2ff20a5d3e3491b6d0de6c45d3,fee61e0580d8e989c9e0dbf0f7ffca23,1,1,1.0
44c6fd175e072b9e77d386e4478ed202,cbf411a8cdf5eca112fcc459f3588d6b,1,1,1.0
00da34ebf22b87f6c2f53dc069f237df,3572efa7933c2e02d4c7024db6052b56,1,1,1.0
9cb2c1708f3857b57ec24bdf212059df,e2a79ea0b1f1937a8c182eadad5f4067,1,1,1.0
75662d5614222cc2e7bf5b40f3929642,9a6cf088dc9a259ef2b7736c229a12f4,1,1,1.0
678c7cf33c88babf7648252630b50b87,a047a295e19f2cc33a6c72836cea230d,1,1,1.0
cd6d36ae7f6cae0d16e84f588958641d,e852f17c1be6e90035f06460b4965b76,1,1,1.0
5e64493c9c3bce3e075b2477083c38b7,b24cfc385718a9a4400f0bce33a24e0f,1,1,1.0
0efbf71d3bb7f39db251d45828021a8a,98245ed8c8d57ba6dcb8e5d86942ab1f,1,1,1.0
d0f64066b1e499611ce01edcc9eaa495,d3d7ef5288ec60b1abfd7e93fe7cdc0b,1,1,1.0
85a579c0088b75ad02c788f0b9962e4a,ef0e85848b6a00e7d41318ae87025954,1,1,1.0
8d153d12b59d763efeb3953822c51862,deeb111b082e45a8aa9234539fc6159d,1,1,1.0
b8e21ad479da823a52b677502d3c7ea9,d6853f6bfdbd971c8c59e823866fbe85,1,1,1.0
2052100271252734a28b93ba86c1acf3,a15127e427282f07bbcc3c5da3fc9370,1,1,1.0
032b1e4c69af2508092a7778380353eb,fe969bc8faf45d5a27cb7f3dd3bd5922,1,1,1.0
2052100271252734a28b93ba86c1acf3,b56a9485cd8a9ec00c366912cd29c809,1,1,1.0
5179b7b48c149156cb51eddfaf06b712,5c6753f93a60d6b51595d2c4804247ea,1,1,1.0
bdfcfb95b8d3e5792240bbd5108a7096,e4787ce91345e0da5002acfe07c0a8f3,1,1,1.0
86f85aea78279bbf8b06f8123c1fbe44,be0302324570b985bfaf4a7258e8fd1e,1,1,1.0
441a7498e6df67512bf1821ca6504f26,63a5753519e3e9bceddc74685ee16961,1,1,1.0
99a96012654d7b17b5f0b07d39a98327,f15a9046c797a0d3fe984e85941b7db1,1,1,1.0
2e2ac9b487e03daa3fab4888dd4c5c23,561ccc48c5f03fb5cc10bdf7a0006ffa,1,1,1.0
c96224828aa198f23cc499642489b74a,efc22e67476ebf4cd3b0ca9600e1b137,1,1,1.0
163319de65bcf700fff42119025c0dfc,f3f632bf7da587d94ac118c8c48b5a11,1,1,1.0
302f6c3eea8eb8ee3a365720c5593d3a,9d92c9e7325cbadab39042d4a60c7d9d,1,1,1.0
9b4df2b5ac16a3e91f6aaded89eaf356,fc06bc49c99d65a0828a32b606dcd059,1,1,1.0
30e72091f438f128e3d468846df8ae34,dbbca9fca7c5df38b618d6e8fce9a0c2,1,1,1.0
48fe27212ebfde5779c1bc2b956d1330,f0871fbd96f357457ef005037dc0de96,1,1,1.0
075564a7fc400fa02ad51283123de2a9,0ca4f40bcb9a321e4bfee0f3a23817ab,1,1,1.0
149d5d9046eda328cfe55e73c74af638,39e415a986e7e6fe1d19d29947cc27bd,1,1,1.0
17dcd0231c9282cb6be4216af1df4d3f,308abcd36b8ee155c308c009e0383dfb,1,1,1.0
06aba183cd0d3861cba60604ec558c01,16ae388d8c36c71739021268d3578191,1,1,1.0
0818fd5881c1dbf55c91d4cbd10c6973,18622f12981bb55e9a6f145fc0b4293d,1,1,1.0
6aff181bd06b313180eb608f4e0f0734,7ba50edff75214b77f7082278ff258c6,1,1,1.0
1a58ae3b5ece841b4ff7cc13f9de4cb7,a1864cdd58debf5031958069ee937742,1,1,1.0
d8a7587f5db85ee07524c29c57bd9434,e2b99cf5b4f16e1fde40dee92c1f6d15,1,1,1.0
8c1d5869f4f4d2e88714017c98c619ff,c00b72e6e187ce997106fc5270659eaf,1,1,1.0
83aa67c9d4e7385d205591c078438491,c30e1d992894094d169c6e3946b35dcc,1,1,1.0
ee8a82aa67708572e19a41f800984ecc,f0e26559ebc99fee583e3cc2c73d2ee7,1,1,1.0
3583128d8a12a3a38e40ac8363a3b8f0,cf26c0ed98d29abab5c9fe2643f88d19,1,1,1.0
10c009dd098e5e448e7ba617e26adec9,327468307c55c60b0647a51eef329c59,1,1,1.0
982c96a47b0a4f79d61a4a9fa5295766,e79e1a72ae3be0874ceaed13900757a8,1,1,1.0
1c8c2e37ecc2ddc12198fa9fe1e9edf5,c5afdb21fdb0a3e8c4a55742dfe7c644,1,1,1.0
17433325740c7c1d33c8eb6dd6eebba3,a852f2a44e0f05fcfc14b4af6d6bfc78,1,1,1.0
3196781fa8e84895b34326dfbb4826eb,a2b7cc06bc8ec4c9fda046dc4e344201,1,1,1.0
276f9dd654c5849860236cfd4c3e35a7,d624a80aa123d00e1e78ae655743ac51,1,1,1.0
5d8d6b43f3f42bcc94e23a6729ce16c3,9b3b3eaa63df7cc2909934af6d2034ba,1,1,1.0
6a1878cd0396230b45a84e2fe8c2492b,78e618675fdc15e0296f197a22ee30dd,1,1,1.0
bae6687e2e07f749eda874adba621bd4,ef7c34bf0d4dddef8838454208706360,1,1,1.0
3168dc37da92585ed2bf29058b0cc143,c5f01991eadc43c924dfd891e9026217,1,1,1.0
79f31ce24d54189dea16a41412066f5c,acce12c65412d17f3767b859db9f0b79,1,1,1.0
9a1f60afc2bd2f6a71224665958d55a3,a5fe57d105a5ce9b3a36196a69c61b6c,1,1,1.0
2ed6a3eda58c447a3d03d84baee994f7,de5092e115c6cfe408c86e8386d5da47,1,1,1.0
287b357d3f439f7a81acb81307e52d46,ca16f5d8e953482d92b1989c98c5e9cf,1,1,1.0
74bc78f8dbdf312f6b36305794c900da,c29d9bec0bfc16f539cdec270615f31c,1,1,1.0
9e40abd430fd934e5b84d89c23feca2e,c1ee2cabea2c6689bd3f4fec359e76f9,1,1,1.0
be27517f3c2c8e420f020bab4586510c,d8b31ea2574ac3968fc46700fc2cc393,1,1,1.0
d2931dde96daf36474fb9258d8db337a,f1acddb13b0339763b3af4497f769ac4,1,1,1.0
0583a3227ed3f4f3c348e5e25b3dd9a5,bd92bacb23ad3542b8b14875d1c76450,1,1,1.0
d0b458bb3ef3bab46a244c6420976304,f4f59f90f37cfba8814a0d8d031d5c2a,1,1,1.0
8bb9052ccae07ec6a7153f577f447486,beeb7358d68ef0a3115fde6746b9a8d4,1,1,1.0
01c15633aa5baf9c6d2685354fd82747,be6bd6ef5a586205cf814fae3db71689,1,1,1.0
3c0b1de96eda92c3108a3ee0e4d37cc7,4aaa810c22fdcb7f819405a014235380,1,1,1.0
36dac4b081149eb05a1cebb622cde2a7,497cca8e75a371668cdb695bbff584bf,1,1,1.0
01290b6163d2a02514a54df49221a668,844a1fd1ed142ec9cd2979e0e77784f5,1,1,1.0
107f488b239b8c98acfc78dfc41d8c13,e2b062e8d4636ab2d99a8e675d7f7f3d,1,1,1.0
3f1696ddc8b0b1091190ce0fa1aecde3,b2869304b7b5d007e152903d14237c4d,1,1,1.0
924a005e5a757eebb101239222d99467,e09002a1d37ff722ce6c9b44878434d5,1,1,1.0
87c9181dd7a8a73df938f13a7468bd40,994c4dd88ed8c241e8f5a39b7b1c2295,1,1,1.0
8cec3ca20d5d56eeb3587b4411cfbe0e,bbae933638e0c8b2d9d09f85657439f9,1,1,1.0
04d5d81451e0a6378b103c143688ae23,264948e03eef857d56379613eae0381c,1,1,1.0
7c4c626bfc738e4f6fe40c5c6e9b8a04,ed6492c2221f6d0181d77af178d625d2,1,1,1.0
148f0537f63e001d16394c0327384588,5a7cd0ca0226ed67b086d8e37d46692f,1,1,1.0
00a1c6913daeda0b7f9b79f802805fdb,462b2c6696f784f657d2b03acb9357e1,1,1,1.0
b95af8a1e4210ac231669877aff22962,df1f63ae64a8a2cb1453e9149769adf1,1,1,1.0
ba3ca06ea2014e7f64fbd412a7be6c07,fe6a76c801bc48ef40ee03170832f416,1,1,1.0
15024c407a7adf2b196809f37e667d9e,1725493c8d242215acd8c8f56fa3ea80,1,1,1.0
00da34ebf22b87f6c2f53dc069f237df,a1dcd10deecb96935b3d436e225e34e9,1,1,1.0
0ebafc630782e0a970a68e9fa8d74995,5adec75a56034d77ccf5b432bb9e99a7,1,1,1.0
cad8fdfc1352a1878f05378baeb8b43f,dc4a7cec043a824ca023222f91bb2fbc,1,1,1.0
c926f9749e71e831279c2eb90764b647,f2063195fdb9a77cb1fef31f3b6a346b,1,1,1.0
579e881c515b588ed0190ac0a10e6633,e1afc31f60bd65fec039b9e87888b979,1,1,1.0
adff49f8c4d0574ce37b9d2a6d2a7e60,e19f0bf5f0da34f9903502be9b0927b4,1,1,1.0
698b9fba35afa2346c8e579695ca2151,f0f5df081d2ef2d076f5832bfbff79d6,1,1,1.0
889bb546e301bd0fddc2637900d17c6b,a27db3c21ccda2b6c2054396f0a391e1,1,1,1.0
c8a01fb0f131793706dfc2388e6456cb,e14f209ed913d2ecadf37a9d49d35967,1,1,1.0
cf4e26095eea9699bdad6b03aba5d64a,e8c1041e916498bf50ea68017bbe887b,1,1,1.0
3add5c1d871344f08b66ef66e1e0f392,fdbe9abd8e36c2606144570edc51b24f,1,1,1.0
dc15b804fc0d87ff79b62183224e13ae,f29e3450543a53a40c9c5f9d23d3c929,1,1,1.0
41dfd8bc7c0aa3bb918e5cd5d949bf43,aeaf97f4b0d4f5086c1909c64240f31f,1,1,1.0
b49f37241decbe584b6d7b0526d23eed,e7a79647bfe462101954e5e05a11c49c,1,1,1.0
42f197da141b85da54eea101ad959f3d,99931a2b84e283bf84983b800bac2509,1,1,1.0
9fdcbc70784e835736b2fc6034707c18,a7932218ab192b7c1dac7e7a847ab21d,1,1,1.0
4ffc1a8259e81bc30151f421fca472d2,56a074e0fc79b287c1170d998519f1e8,1,1,1.0
2efdab402b57b0040f1f04c74cf3bef3,6628b7edac9b0cedad21d9be3b179ba0,1,1,1.0
1d3d1e52bb9e6223454758a01af2511e,c48519113e6436fc193d3b4ff2d7e4c1,1,1,1.0
077c3df601847549b013bfa66198fd22,94939fd11ba6e9d9891ad1eef88c4b7c,1,1,1.0
7c0e4a6359c6ff5cd0384f461562c59b,caca4ee1e654062eeef97972b8e24807,1,1,1.0
1057f54639afe5be6643510edd1b9b84,5e11d92b083de2a67448f44eb9b92e65,1,1,1.0
8ee172edc2158ba15715f463ca98b0b6,ebfd4be34e6b2c567dd5ae2f1c8cf3e9,1,1,1.0
65f6fec8322419f6f8c72a8603573596,babd2e2e00f4b20264b7a8dedba31346,1,1,1.0
21b890a8701db02f2107d0da119edc67,996573edb40f29bbb4b5be22990c514d,1,1,1.0
8fc1b266e54db64c474e6c7909e58dc0,d1da9d696ea8fd3eb079ddacbfb3b243,1,1,1.0
47536cd28cca4c60e0a137015f51eced,8bd394096fe3c0b6536a35812de0f403,1,1,1.0
75ba8ec3ede6b7de574025a007c41f13,def6a1bb25ed86d9fc212b52d45162a1,1,1,1.0
1fa79d6381da23d912745ebed94c8c8c,f05fa2c1130ab3c89ea4323d3bf98495,1,1,1.0
687b1475a3bdae78df6d5acf33144dcd,b4159742c6b85f6c1958779782cc4e76,1,1,1.0
748ff039820a309f68d0ca5d57ba60b7,d7f1f2c2fbdb3323715152564d0a9c73,1,1,1.0
2d5ce6732fd98e102ceecef54860dc54,7005c6a1f6693d223926c26e15bda5d2,1,1,1.0
a864829a200a4eef80cd8bbccb94fbfd,bf794f8fd4060d995e7219ba0d75ac93,1,1,1.0
012510db7f0db8481f8a3708400c8db9,12e2cfc1a8dc424fb87cc5a7ce029007,1,1,1.0
a2681e61ce4cd09c84e028a4963812da,f362be295de5e69caf19361b902825e9,1,1,1.0
8d0661ab943668129b4b061fd3d76710,e846010bf9fc991b1283ee2de425fae2,1,1,1.0
3d17d6f9493bde24f4573ae73a4fc15a,759f139e3c6deb5c492243ae1b7b984c,1,1,1.0
21342e5b1004a60189babbe685c06845,27aacd37c12bc685a275af86f14d2c23,1,1,1.0
1a24ffb661504bef8ecfbceeee2df17e,2f5b85d00d2b06d425a3890bbefa6730,1,1,1.0
254cc55d487e49155d9a904883f7dfd0,b62ee3acbf56921a216065b4ba6172b4,1,1,1.0
3a8972f0a43553cd60ec7fb208f2a795,70bb8d40cce49a25b570533ee5ac3d28,1,1,1.0
d0e577fb4794cd81f062326261a4f75e,e773a42bacfb194f0f480d9e52d0f688,1,1,1.0
08f41d7a0e37794d8852fc796141e2e6,dd54dc717fbbcc67d92a15d8b2350249,1,1,1.0
61d35cbf1edc461d853a4401e5212ef7,6e5c28706f896b7f1904372cf0cd8b8f,1,1,1.0
192558051845c170249edb8235fe3998,a1b667ccfcab85f34445a0905ec39a2e,1,1,1.0
685da5759b005b92d21173a0f4ab5f9b,8c05f20d5b89876f05c9be84bf65b31f,1,1,1.0
a728cee4511b36ca4b66d8684ca812b0,f866d380a54c503be1744eab0f43070d,1,1,1.0
1d2f8bddacd92a4a1bf22f153ee8eb46,5bb9ad6df9af9994190955a8b9b5b7c1,1,1,1.0
f6ea4931aba94f642f68369458a99527,fd365df3a117f34442836874e6cc22b4,1,1,1.0
2b59751a554698e90b9d4774588eebf4,413217b7e5821c7a83eb60dc03a09045,1,1,1.0
03daf3183493e2be42de099dd42689d2,31c9035341cb7e0645f2f6531616efd2,1,1,1.0
c1dc1162de49817a25314db3030276f5,d662c9534d6ef351cee60151372ed202,1,1,1.0
003c2067070f5b3d923235b1ea1cc17b,ae4206ed9160b571f35c6f767caec1ea,1,1,1.0
9e6fc65f490950a3f8855487b200069d,c4555c8838fd8c5584ed2d818124f16a,1,1,1.0
975362d8244917265887d77cb0156ded,c8c9de3d1ba2427a094e1b59ea3f8b09,1,1,1.0
2b35e83d758a0ab03ac21e29c2a959f8,b827fea57cffd3dd3389cfff90963c90,1,1,1.0
2c208e40e68580b7db16d7c9e6f0f834,46f40961423812c64201b6ac9dc1f658,1,1,1.0
71701a9e3db5893dcf98f25e8b67ecbb,d681396d784770d6368f2431f65faafe,1,1,1.0
0ae906aa815502181b814a40b95068bf,1529931ae589e40510ce709d0f4e83ba,1,1,1.0
58920cd5aa8f69847b28e7442950b490,794c9f5fee2afaf613551d8177ede557,1,1,1.0
3e626615eff8fd5206108ee715584f39,a9527e2dc08e10326d18fb0d6d41e072,1,1,1.0
3a62daf401b9dece811f8c31e0d01b43,ba3ca06ea2014e7f64fbd412a7be6c07,1,1,1.0
29a553dd8a1a0a22d1ee92263463abe9,8ed5f159139eb38172d25a57e129e87f,1,1,1.0
acdf151c13d2b00f6623ab42d918a8e2,bae5c8e9b93a8500aaf38c74efccc6d5,1,1,1.0
215e81304459427c1cc8a7390754a4c8,3629c99b2eeb7ce39e112a13db76a08f,1,1,1.0
71d25baac4c904dce622317c461139ae,f299134f7efff5b49cc413e408f1036c,1,1,1.0
45692f6db48dbb92b614ad5e8f75b1e7,922e15ce9c01f0a09b6883fcbf89c17d,1,1,1.0
35571f8188a21f1fc96da8d7f0c271da,d0e577fb4794cd81f062326261a4f75e,1,1,1.0
5c18360806646e0b871bf5b3a536fe85,ead4bc4e6d6c494a8102598fb3c26d91,1,1,1.0
699a6be6e54f898ba87579934d25863a,e5959be40b356a89206e1a4e3e895c21,1,1,1.0
9a824caef5a2703cd95d959c002a3e04,c32eefe4715ca1180e41d4e67c6978ba,1,1,1.0
02c443d096d234acef0e1b00d625daa7,f299134f7efff5b49cc413e408f1036c,1,1,1.0
64897b3807f3046df2563ff33e4011f9,86a1354f260c62e30af71fbb5cba8724,1,1,1.0
2b6215c6984a83718626d4243137037d,8e57110dee70069434704218c163a3a9,1,1,1.0
4134ed154a5441f87fdcbf923dca4279,c8d183727fc9b4dcac256fbe246d6270,1,1,1.0
ac5e8a7c85dda4d0edc05b16ec35c9d2,b23015faae83c812ac84439768b1f3af,1,1,1.0
6a0cf77d0a5a07990f6c117ca469417e,7d594464749f8b59d5e259954d705b2b,1,1,1.0
67b96b3e28695a4bd615b5e95367ec99,c8c9de3d1ba2427a094e1b59ea3f8b09,1,1,1.0
a440ac198e3e7e955a1e99fa738b81d1,f284b6400d8da91ce8587853a4f2c9c0,1,1,1.0
3fbdb765b8e1d5608f2621ef4b8ab863,d98c23a1061c771932d6ef64b6bc48a7,1,1,1.0
3cbc8d13e841f679aaa7ce498dd29082,3cfbe790a05c2d302c768b447864d7a1,1,1,1.0
6ba4ed1f1e8ec7b4f60ee85996fd5016,92ca21d06549460680f5ae0cd72fe722,1,1,1.0
b0cf52862e59fbb2580993925efd4182,ec6878ca56369064bf4622f8560ba71b,1,1,1.0
a63c88e3bd0344de106461ab8a3c3f03,f284b6400d8da91ce8587853a4f2c9c0,1,1,1.0
98e7f8ccc8bdeee890c834e5bb7285f5,dc313d7f26eb16e2022662a5a962bd22,1,1,1.0
b1cf093d4733621933034b69fb155947,ff5074ba8b01a03882e3935c8c3f5fc9,1,1,1.0
8f701e9f930cac0d9df626b8e4d4e91d,d201202e3b888f94826f1ddb27812480,1,1,1.0
a1dcd10deecb96935b3d436e225e34e9,da32b742431f04abc1a90b68893384bc,1,1,1.0
17e2da2b70a6c98e60fe4ae99cdde9ca,562dc4d7d8e2434726725aeca74da6e6,1,1,1.0
47b89560d1a92d6f272bf5804993c620,82f070e6a8ff03660d3e0e9f740d2854,1,1,1.0
2df79c0c80c225d537833abb01a1a8ca,a1e8031f1de34884726a7f690823f1c6,1,1,1.0
6b6cbf319617e3cbcb8b2bc7e36173a1,7750817bc39f117b78361cb7e91215eb,1,1,1.0
725edaaf9b82ca7fdb9545c3e913f46f,a423a4429a980619e98b406c23369073,1,1,1.0
69e24da4c221777554eb9b421b4d5fb0,dd7be927ce65354ff18a65c37e39c55d,1,1,1.0
7548a56b001c6d8c11dd5ec157002ac0,88d22eed30483c666a90137a8af4a675,1,1,1.0
180c1c7a04dd28956f7a6a4c73797245,77aab1794b028375b856f66e28b8b28e,1,1,1.0
b8d5a24b75c1001495f32b01bb45fb54,c0ccab4f31b652bc24055a22e9a67ea7,1,1,1.0
15bd73fd31976616a6857ebe833c006d,9a9d661c6b4eea1e912d7c5062b81b59,1,1,1.0
45b9b6b42cc8af1c16590ffc6d65b2ce,4b4e6199c7c6bb267b2f53dbc2f2606a,1,1,1.0
2433dc8be3fac1e8a903e77b2bbc4ba4,e602f17b276b90a8766bd196b3590c11,1,1,1.0
2b19e222fcbfd5584211b6b663d09260,681ee02113c8b572d0318265d7e8f92b,1,1,1.0
0fe4ad1853ca222fc9b0718ba6c32cd8,6ce73016161f051b4267667a28bb417e,1,1,1.0
6a1250106d0de8395377553e4dd2b5fc,a39f499be584ce0057dd5c0485123575,1,1,1.0
61f1a493cb99e61ebb41924c15778a5c,c4886396b3611751be07179df0696331,1,1,1.0
0b22bdc11a543726e030cfb5ea5757c6,80c5c43430d230af635aaccdec61ab6a,1,1,1.0
1fa5b2d41d572f019ebe025f76fd31fc,c4a58ea565ede873f6d96786fd10b14a,1,1,1.0
2a92f4fe4b7cab5cff814bd88149cb6d,2c74de174de65887717532ccb94bb5eb,1,1,1.0
85a579c0088b75ad02c788f0b9962e4a,e0f58d4868f03cdb286a83ccb5bb112e,1,1,1.0
5f368cf48b83a0e72935486a7a822c51,64450742fb384fc0207432c3f8083ae0,1,1,1.0
822c92cf032be0f44169eee5d1bc15de,e9620047052f3edb9a429db5b04df663,1,1,1.0
137d09ae9e41e9c1035cdfde4ab2925a,24ef20f64a513f7b0b0767fccb5a0ada,1,1,1.0
9a6fcde7014269861d6fa57d4719900b,eee67a226fbc44e23e1fd7e747b3994f,1,1,1.0
3c96c4f4a9829d6a8ac7e2c6d6a44c30,f81ebcdfffa17b86ae52ba407ef69a99,1,1,1.0
f67322f65afaf144137b6abdb65c16d6,ffb6123b45cfa6e6ff5ff94d404283b7,1,1,1.0
56b77aefa217c759e1985e362eca1120,c80a8439f5efec0925db8b868368425a,1,1,1.0
733bff7e3e0edb2740584c4ecdd4059c,f93b887b573ddbeebd93ca44eaaee548,1,1,1.0
6a1afdc6c02bdfc2997c11c65a5771cb,ac09ed646d92eb26c2fb2365f45e672c,1,1,1.0
223b254527e81c34ebbdca8f87956745,5ddfdebb80d2c8965c0d579fb8394c2f,1,1,1.0
3094d5cf2c1847c0254efd9931e407d9,353d04569392e5a31132f272aa633fb2,1,1,1.0
af4ccb75d8c6ad4cc37353e13706a43b,d0e577fb4794cd81f062326261a4f75e,1,1,1.0
e33ec0696943d2c82575e5aaebe3cf05,f28907f619f7d3457c109d49907d3deb,1,1,1.0
be0606f39c5d49fbc9ca5192e174a4b3,c2ce9cd6e32c21db0bf45ec6f0c63d37,1,1,1.0
846473950f551726568ca32928a13fcc,c03dd574c7ba647edd64e7ee79d1dc7d,1,1,1.0
089e0b8881ba4daa4ead7b2332dd16fa,b4dcecc2273383b0ff12622718bfb081,1,1,1.0
90aee4ffb98cfdb9d46b7cef63b2428f,fa307fa23fc17ba9f53736fe81795ffd,1,1,1.0
dd40cca4776a4c919c238c96f298bba4,e8a53ce0baadcfc115cd0ab29a5e9122,1,1,1.0
2c53cb714cd777eabc8a3ec12568e3cd,fbad078fcfca26a3127967e603b94bfe,1,1,1.0
0b2cd89a7b3c4a299f3634228f41cd2a,1b02d1d56a0a0c2a60ca6334993ff0ba,1,1,1.0
02ce856522310e96cddf763e086f3221,b2e4bda0d70a0dbedbf0201cbf64d90e,1,1,1.0
13142553736e27352e8663a653b07b96,7ee1d53407ed1c60113953f969f79d28,1,1,1.0
d2cdc1bc229c5e1848f8f7ce60a415f7,f284b6400d8da91ce8587853a4f2c9c0,1,1,1.0
43069068a21981fedb72d1985fc81616,bd5087dfce936421860ac7bd9a7a8055,1,1,1.0
26a8ec155c12a8d5f20a77149f7d418b,e5d3ed1d3f37e5943e8a1d1fa20ab21e,1,1,1.0
0b35b0c15e108cf218f935d9bb2069a4,87c7ba6365ad2daa9ac5370e376ea61a,1,1,1.0
7160a4c6df67459d2753beece45f7473,9c1604a9e4b09ec12e4334420b483f3f,1,1,1.0
45f1c844c7376ed6523aa7a8059f87d8,eeb7346247b026ee29a48803df6ed07e,1,1,1.0
a5e783156c30ef47a0209fe04f0c8f73,d9c528dea1e5035e1c94ce8f14c6ed0b,1,1,1.0
5f18af0b923b19582d6d6f2723f05b3d,654d7964c6cca4615f13d32504ef54be,1,1,1.0
5219c1e71778c7c921304a6d6b0fea7c,e2248a877fcc536b706ddae3a5057112,1,1,1.0
37cef7fb8127b7b3f4810de5942df2cd,566ef46eec03ac4a0e424357fa71db1e,1,1,1.0
d5e5f6ca068aaa55a32d95efbf49c8c1,ea5a9bb2e0b17b2f0c9b826ae0db1c22,1,1,1.0
d7da0f34317690055136ea1ff8f73e8f,ed6bbef5eadfaa3f40b4e279a46a5f63,1,1,1.0
979c7ce4919dd462f9cd4ba4608b829e,b684b5160d8661dcc3ea1a0a90f9f000,1,1,1.0
0836fe41115f616040d651b38c79b7ec,b32880dc4e86d9393b420f4881d01364,1,1,1.0
3a490364604f6817e258f127c19eec63,4cf926be7c4508b256de872d8de17979,1,1,1.0
077c3df601847549b013bfa66198fd22,2b34200e3bb4bce4c676ebca877d6087,1,1,1.0
43f7b15970f7fff0f1229e1fd4a693d9,6552c4c2115f11c5135daf7810c01291,1,1,1.0
362c0d32ec8688c2b02086cded7c21f4,5ea3241872d1e34589da0c0f8046f196,1,1,1.0
0d059932f9a38e9a1b3f0cd13246697b,23228c19192d79bc2a1d082d2f3f4cab,1,1,1.0
70c5c8376c293342409c02ca6d5e4ff0,7a6e597c66635dd688f6be9d0e82f525,1,1,1.0
75cb100fdf544ec67bcfc2a771551ac0,fe969bc8faf45d5a27cb7f3dd3bd5922,1,1,1.0
1150ce50d96c7a4a83a3eefde2a8cb4a,599fa5854f3bff7c41dab552068d04bc,1,1,1.0
ae9b719375655dab3c518d76cc37a843,b1b8abbd682ba19285f7385b65e43976,1,1,1.0
d8900bc06c6eb99a617d768e5bbe6d39,e8606b2433ed009a32f7a35dcbc84d83,1,1,1.0
154e1a18d4356adc890d517ae349146a,53dce2fec3b6c2d9a8f0d7f4ec30cad8,1,1,1.0
14c310d62bcd7be319b54b747eeaee62,c6ff4cdc311f5ff1bfe1457530f6eb2a,1,1,1.0
1be4b3e9d2811e17fbced81bbd1dbb50,5394f81042dcb49bc8a7068869cf319b,1,1,1.0
3c702760fe3c149207ea8a3dc56f7d44,4630eb52078f3b41e78d9537123abb29,1,1,1.0
106abb15071cec3557f8cd3b89384e99,f5733b4f604cb18cbd2d22b3f6d62db2,1,1,1.0
87f0a4b4837b52010b4bb2359cdc3896,d5937b0094e1e48177ff9b8bee7777cc,1,1,1.0
99ea24bd850ccb5e64c2200d92d71484,e09f04c7b6a088498a49a3af51e12eb4,1,1,1.0
0512ef7a58b99718b43889612e947bce,15bd954905b4dabd89d6770abc342281,1,1,1.0
208a127c790f3aa6b6ae229acfae97da,c78fddb6f257881a62b4de591bb5a1f1,1,1,1.0
33fe3258191eb8d23fcbd966967dffa0,6aed443e875746822eacf2502f52a778,1,1,1.0
5b1ce2603aed92f3655f96818402e8ec,c73db85789b600b05c503d21441940f9,1,1,1.0
38bfe8e3b53678fc301fcb2282176ab1,51123f60f2dbe85dbe20ed0eac8de0f8,1,1,1.0
997ae69514e4159b5b9e24a1e74e691f,a26ba65aaba9980a8d2d660416762660,1,1,1.0
16cfeea551909cfb6cfbafad8ad059ec,ad60ba535e4fa2b72c924290d6337913,1,1,1.0
46d5bdcc50df53ec8d503a81c0d2fa31,52ed5a07cfa81a6802763aa0e29e4311,1,1,1.0
128879fb7a67cfdb05d5e1fe5a37e989,41c644963bc416360dac20b09ec98d0a,1,1,1.0
a1ec4ef2b728011f5a164ea7a8807a37,b63103e7e7a35aba509576b116bad9c3,1,1,1.0
a9634ba777001268fd432bfdf0f21a10,e139bc5274d13c4f54854f48b0dd25db,1,1,1.0
2cf556b203080c71d49c3a19f1b96aa3,fa337cd346a1b4a25a37b4ff52a5d79e,1,1,1.0
6918a82aeb3180e943eac43a1e2b3e03,c857011e0440f818655aa5881f54b20c,1,1,1.0
549038e2c41350e6ac5a9d601a93ceed,7c08b70c272710b9e1bc9fa8f319b8e0,1,1,1.0
637cd4a8fa1c919744993c63a94aee39,e1afc31f60bd65fec039b9e87888b979,1,1,1.0
86d275d37ab130693fc6a970fa1accbf,9bb0ec72e0fc4088b5eacfeec3dd3bc7,1,1,1.0
d11fadbe16c1187867708bf468944ee4,d609dd18f8b33473adefe21f4d4cde39,1,1,1.0
d0f64066b1e499611ce01edcc9eaa495,d411743e96155ccf5ca3eb7efeec9ecc,1,1,1.0
3f86db7a226a23bc9ad2cbc312f665d3,c76d1d808a5ed9c89a3431fc911c9696,1,1,1.0
42ccb64a8249790bfbf885c6efc1cb40,667a996d867cb9540de65a0947dc121b,1,1,1.0
c63f1bf0ff66dc26aa7e32552b3d42d1,d78c12d22bb74c07f4a55c5c3a76b39d,1,1,1.0
5ead1596b959b2fc6ee4b75b863e7591,d251697395cddd7880318a127e8821ff,1,1,1.0
6a3def3d67ae4eb9861e1ede1feede8d,b4eb54a0c0c41f8d125f43a26546a6ea,1,1,1.0
71d482c2b03b9f2bf48f8ffbc5be7f7c,e380e5fe4b057596c3d126fec35b0112,1,1,1.0
0522386da62578998632b218ef15b958,1e23a493bbbc54ef9e592db53e29d223,1,1,1.0
9314b3483fb6e50ab88ebc930d821a9c,ca44a3391c5f7f5f94239e88dcfaf7a7,1,1,1.0
906eb84c793b1dfca2424d233f098692,ea5fc80471dd55321849b104daaa9e63,1,1,1.0
273d136f7121c493a5c994c4838fa350,813fdbc692f1b60aaa49e6f2d27e4aa9,1,1,1.0
4a05472a1d855148086a3b3fc98c3331,6a9501d542243cbdd043c91a66795279,1,1,1.0
7289eb6c836623d8538893307fea6475,a55224aa1cafc8d10ab7af526a4cf0dc,1,1,1.0
6f4b96e335b7cfe89b40731ea58af7f4,7ee99f5c522d01621617d63bda047019,1,1,1.0
9765e039028279fd2e60bb620a451526,c87782178caffd5f144489db539f644e,1,1,1.0
a14097347c4af120bca0ec1c6c7d5577,ac6f8809de0fddd109de86858232e7de,1,1,1.0
8751335bacaecf6d5c8f30300adc5890,9e6fc65f490950a3f8855487b200069d,1,1,1.0
8e496dbaa1ba4558868484ed52777fce,e210ba7ec6880abcc06096731feaa8bc,1,1,1.0
cc230a0a352f35b5932eb38eac0bc3c3,f34e9f318400ab43aece943bf7d6c6ef,1,1,1.0
51123f60f2dbe85dbe20ed0eac8de0f8,7ec163471da7520f672fef86422f42d5,1,1,1.0
2d25199208eddd7559de2cee830eb267,9e5f9798a71d8f5ec3020a5500d70430,1,1,1.0
7aae9564db1f3d4197e8a795a6eaec81,c593b1305c5f3c530b354ed703f1ab36,1,1,1.0
2e44d903b2cca9353309a88ace880bff,4e97e027ba98ea94741986df9712c839,1,1,1.0
1dfd2a6a5da29b716d514aad237a2b09,7c1987cd6598d55b54945bb661ddf4cd,1,1,1.0
224f7dc1344ecd979b9c354e2be92b15,b0ab6a589a96c680cefc4a0d41c3d3dc,1,1,1.0
32298281712f20b7489df2967a6fed6d,4ce8736c9e2737a864f804612388e921,1,1,1.0
0aff838d826afd9c11d8d35f114c0505,4790352dac464f21389858106fd211d6,1,1,1.0
01ba3180d3c6e7a6e269c5a542985423,22d25d2c2d5870dca824f5cc6294bb1f,1,1,1.0
aab7b1bac22bbdd1444b28a6e10ba4ce,eab31b8b1460693c283c2ca79936d106,1,1,1.0
b23300d8a38e47cd4f2d402c06879337,eb9bd866fb791851de9c7019e7ef7e8e,1,1,1.0
08f079395a188f5d5b175588fd8d420c,55310366b1116f6cf157b304213b24e7,1,1,1.0
5b74d241fd9d33618a011bafe4bda914,c5e04d2fe00cdad3c541268baa284553,1,1,1.0
10aedefb974a292765b5daeeb4177526,b13dc4ed163b263501d5c3cd16512bf7,1,1,1.0
15024c407a7adf2b196809f37e667d9e,701293338dcef8f3757cd77e87df9dbc,1,1,1.0
47bfa6b41a13fba5d7a8a528dcdee44a,7010733652739f8090f7bd78fecdbb25,1,1,1.0
422b5643b144b86f0168965efd90c219,a8936ae98383967879ba16c1f896bcf7,1,1,1.0
8f29552df9b476c07d4e156dc53d38ce,db342a4737f95bcf63ea219f3809a9c2,1,1,1.0
80fde6f9ed1b608dcc58489df7b890c2,d40aaaf342e2e82da754042ef4f0dcca,1,1,1.0
2f208b829f6ff8f31a31e521b8d1cf5e,acdf4f7e41a4a460570d9655c065f1ee,1,1,1.0
6d5d58a5892a5ce6f002010853e552fe,ee2aaf59280b2b6c1e4bc11f88704391,1,1,1.0
15090f48004f3b0fc18a167ef82af4db,7325a5b1220c24098d76206f8b9a3362,1,1,1.0
b2db866e08467e89eb6a8b6480e2cf91,f898e7cd83510e72ef5b30a1008e55ea,1,1,1.0
31dfbc935e91c88c9670960adc969234,fd0b0f2d8971b0fa0f0a69ae49aaffe2,1,1,1.0
1db0216c962ecdbf435323897004bd10,24561d5dff99c04231cdc4103b8e03d6,1,1,1.0
612db24bd7ec741c98823a46c73aba21,dee03aff0c23652196c2b40a1e3b1fa5,1,1,1.0
89b765801f4e0aed646a9814b76d22ef,dd55dce5a6ed77921d4187dbdbf5258d,1,1,1.0
c564843d3f0bceb0c0dfa56a3fb35299,cc2b8de8ff39938b645761199254a999,1,1,1.0
0bde5d622646f1efeaa781d862d432fd,1aef13286f96a7778da0aacc288fb773,1,1,1.0
71e324d4444cbd2ce5e61fa48dd434cf,841491836b155cea10133828ca4a600b,1,1,1.0
439ced9aafa171a1ac88efa951c7db0a,4fd742055ecff67e27469f9b2ef1a72b,1,1,1.0
788e55742fbad849cae0efbd73b37150,7fe53ce6ebcc4a93719884627ab3f66b,1,1,1.0
4412513db47efd18fc8ad98ff8e64727,a9747b164275fabdd901a9fc169c5251,1,1,1.0
0f6ec9285708bf10047949b87f716567,7be63f0ed4d9c76ed55844021da8d5e5,1,1,1.0
14d405a7e7d12c7059931c3551de5ae8,989d0cf1321d9c4490b36b00304f9f5c,1,1,1.0
145ec316f5428699441bb4e42ee44280,9b7446f804b353875dcef7422aa3cd50,1,1,1.0
1981be1865f6a58a850b16e4462ce38b,bd62b323b8e70075724fb43aab7a5bdc,1,1,1.0
26925800b79a132f5a050a0cd5233999,3caeec0a1c6dc72bb912f140e5fdc5a7,1,1,1.0
0d02e6c851d33fd72f26b4c9bd433627,a37dcee138f1fe115ecf91c72970256c,1,1,1.0
acfcf82d676478ea9991340b3983dd58,ed44769ec8dd9c02feb18d27e3eb25db,1,1,1.0
1145616de76e14f4e7fd5452c2be149c,807c1f920ed66cd5304366cf432d11fa,1,1,1.0
00da34ebf22b87f6c2f53dc069f237df,bc03e1579419c39e07816c7a5d681590,1,1,1.0
6a1250106d0de8395377553e4dd2b5fc,c9f633ba06746056943f5e6d4bf1f1cd,1,1,1.0
0e991e99c7b6436923a14d437cf2a041,a6ae95cd207c7cb963b4b6e444434bfb,1,1,1.0
2818ca3e861f7bc77e4acfdc1b161a9f,afad0f2ff6db48eaf48e85d9eff34373,1,1,1.0
05f8e6e32b003644892b67fd13a474d8,0e1d41bfd37919f2c7ffcc9ee5be2ddf,1,1,1.0
b6505459b444282c05faae099f7a8ccd,bf9d1e2df54a068d1a9ea18fa1f22491,1,1,1.0
6da31dc58967fb3efc26de4ad48cdbfc,c65f4f56ce72cf522b58b34511c96ad0,1,1,1.0
9a826a56844c1a5c011ad576e43f359a,b68994d00dd7bdcbb044c8a7f05110ce,1,1,1.0
a5314ac290a8b141491e987ae37aa7cc,e32aa4e5230e4f78cd989b979fc4279b,1,1,1.0
02f497cc7dfdd937def02d2359f93f8e,e57ee0110899c25ce93ffc9752424efb,1,1,1.0
16cfeea551909cfb6cfbafad8ad059ec,938f430a30c511a883c71999f6d01dcc,1,1,1.0
4909fc632891548ff0c209de1e3c51cf,5c1e822a0c38cd514cf34be29b19ceaf,1,1,1.0
23ce1427ade95620c2adb431e7282e88,aa8851660ae9be9ede2f93dd68a222de,1,1,1.0
8ce6a383fec2ae316e9b088d79d694e8,a08308dfb30f3ed8b21866524b6f9098,1,1,1.0
0b22bcdf93cde589d79719f5ad28a49e,662c0bb8f1ed1fea5a58cc76e3dc88ba,1,1,1.0
e9d17a5d477ce1dd5c2e3d3ad9b628ff,f69d58eed2c84ede7937a8caf953d786,1,1,1.0
561ccc48c5f03fb5cc10bdf7a0006ffa,d74f94b54581eed0b6675c48bf5fed5b,1,1,1.0
3eed0a5418ab8fadc4fbcf57210d99cb,c6732a395e578188b194953d0ee61d9e,1,1,1.0
67d825e1df23a4149d08fa45a102cd45,f4d5909a89b4ce6940bdc49e9cb2567b,1,1,1.0
36a3f07a3ede93d7185291abf93ffb87,582f16f6e7c44c004033eea0aeaf9b69,1,1,1.0
40fa3c3f56e34540416e8dd2089ca664,bb618097652f60d704f18da17c7ec977,1,1,1.0
460cd758614a0be9739d2f8d9bc1494d,a017de101a9c4fab4995c1bc81e737ea,1,1,1.0
22b04aabcbf2a01fd2c923338c560559,f0e26559ebc99fee583e3cc2c73d2ee7,1,1,1.0
063588f5ffa31febfaad35085b4582e1,c43b2b3018f41c39380df5b1e77769f8,1,1,1.0
b1c5805ecb66dbad5a2c91b650df929d,c0793ff8d7388fd2a42990943bab00ae,1,1,1.0
84f338b13c27803e2334e16235c2b8af,a2db25ea135165c845f262fe610cf905,1,1,1.0
c7ffd67556b0ce043baed501d4899bb8,cd315f6bf86d704bf9f8d60147c8c8aa,1,1,1.0
5656eb169546146caeab56c3ffc3d268,a8c6f9b53ffc95127731e575bbf57bb3,1,1,1.0
d9eb7288c21eb328d024a6a649a62f00,e06af2f2e6365ac2b1b64ee77582a374,1,1,1.0
227820fa21c5f2e13729a48f3b91f55a,908615aac51d5fa23f383006e55fbc4b,1,1,1.0
ba51c00331da2443f7bccb1f07322147,dc313d7f26eb16e2022662a5a962bd22,1,1,1.0
55b3988226b46467f2198fcb33d4bf1b,761188065f84481a27d8a8d3da08fc60,1,1,1.0
41e0ca64dedeade38fc6180a11998e32,8606c9f789af3fc84efc7a23a26ec957,1,1,1.0
35be49bcb22504c3ef1e2d43afc73fec,7ec90d689376a4d8aee359183d6f5b0a,1,1,1.0
09aefa81fc97a149e321b5f152fe713f,2902aa119b0d5e66be473e52db5d52d6,1,1,1.0
34a4471129ec6d7711fdc68a27ab967b,8f06048163e14e8ed0613397b8f4b2e5,1,1,1.0
73415ff8accfd83e082ac5a6822b8b35,c954e813ce233c2fca258c46f7d77dbe,1,1,1.0
166676be8e3b99818a08e4a0ce86273d,532dd1e9cd53b7d23c8b57bcf260671e,1,1,1.0
62fe3c4ffefb1c3462cb546598df78f8,bfe888248ff4f760ad25728a3c1a14cb,1,1,1.0
995dfac5a581cef9f2b3918afa42efdf,c459f4dd69a0d9468e3e170cf0c26d8f,1,1,1.0
503055e262756581eb9598f07466e485,c79a078562e39b70a04991294dbfbd96,1,1,1.0
0f8627184e33997c7e72a68b3c880b8d,c8abb595402e81f24cd4bebc51789c4e,1,1,1.0
9af871b776e8c4ce28cc3a468ec98de9,9c0d3116a3594b1d4d2b28b871ac22fd,1,1,1.0
3b2ae38156cf022ebdaf8a4ead16d30a,f16ed8e2ddd5b798116612f2dcf3d523,1,1,1.0
295e9c54b2bf6eef2eaf468e80788bc4,5892fddca4d0a53821598a088e1f915a,1,1,1.0
75f129431d530c554cefb23cf1293d92,a436f9751b6bc18408da60101cb961e2,1,1,1.0
9dd10d285fcd99dcd56a053b94730014,fee39f26bcbe8778bade5790471c4cf6,1,1,1.0
11c89d7353d7e228965ea26a84d7bbeb,fa7eb505fcfa90dc0dc9a40cd2d68a11,1,1,1.0
87edab6661956d4d2f05e205251cf1a4,a9cbbaf0e5796ccfb4989c52d639ff29,1,1,1.0
a28722eef958f9b0f015483e01b412ba,ce11d0ea91a27ab2f2e4757f690a5e30,1,1,1.0
9b1d4ea0e572459ee5e947abf3ca631d,a15b4369798b1273481c537bd0925249,1,1,1.0
75095b17a04a12410cdf890291bbcfc3,d9ff2c2a02516ec8114c1a4cabade69f,1,1,1.0
7dac7097370c4cf1b3f4d49108f20a87,d9aaa8544dd466a3623226d67b722880,1,1,1.0
24725c19b1dd55ca3d24642b77d0ad8d,ea2da7e0fb364b67989d4b8b214821dc,1,1,1.0
080a0367a5a773e61f1639a89f07b712,8f9cee5695fc39c8baa514b8df4aff34,1,1,1.0
0f07f80fc5d33a2d274a55d022b88346,bf5dd4a674429047e536b9c9d2f995c3,1,1,1.0
36894a55d9d9fdddcd897fde049aede1,942a5e1f3f7b206e11354f6d84121a3e,1,1,1.0
077c3df601847549b013bfa66198fd22,175e07edc5bf8b165844765acc6f1645,1,1,1.0
96b1c916f245f2462efcde3fce04bc3e,c9c60c93532e38fd3b2c81fb0e4f7e25,1,1,1.0
1dfd2a6a5da29b716d514aad237a2b09,60356e77165e290219f6f4a6382b10a0,1,1,1.0
218dcc9dc815bba457bd8b2fc03c5d96,47bcc63fd850775bb994db24702e478b,1,1,1.0
59426584e6d497b599e941914f4a8fc2,f202370686e500da7fd98c9d8bed9a81,1,1,1.0
5a014dabe8de0cc29621e8c8d5ebfd8e,f1136bf5c6ada89ff1ca10b9125d6b52,1,1,1.0
0a2b9adcfa15edb416193c8b435dc821,173a974c5e28457a3c82a122a321560d,1,1,1.0
6de132d5122aa07dd4cf023bf501e3b0,b4eb54a0c0c41f8d125f43a26546a6ea,1,1,1.0
429e518ce8df99be0112d0a03be13c15,6f3f49fc855f386bf0f737c9d84995dc,1,1,1.0
3c7399e057696d1a324871cb80f46745,7dddd924d92a307ffa2261b855b4ac27,1,1,1.0
af97d4ce03773a8f1111bac6ea2871f9,ed40f4e9347c913a17c97a34099d38b3,1,1,1.0
14083c873aada65a684a8e2428753f13,f705b2a95c88e8a57a061c85106be9a4,1,1,1.0
ab2d1ba701c748469008304cb9f83770,ff20c8e78e2ff58c77ad18fc57b7f73f,1,1,1.0
0d7ec9878ebe4e77c961f11487598826,d81c9733d8705744518cd8d2e1be4460,1,1,1.0
5cde4143aa39bac517bb47a8ca549b8b,6b98fe65e7c0ce4ba01c231fa7e91ae1,1,1,1.0
299622c6ade91056dc308a093cb07aa2,8bd9bcf1b901d0f6cc3bcecac3cf1410,1,1,1.0
745a69575e2fedb1e6529761517b1848,fee39f26bcbe8778bade5790471c4cf6,1,1,1.0
38212384f91f2a880a3f2f8686d73ae3,b7d3b4f8da39c2b27404f53ef5f74be6,1,1,1.0
2536a4c43bcd30e6e1f5188b2c781437,a0c8b35360fb81d904e498f156033141,1,1,1.0
7df5f97f9dc003369b506e93a2902840,e9fcb1c22404eb2c263c61a842c23055,1,1,1.0
2c533ae4556bd5b836ca6edc1ea42cd7,c336f25b0edf2e872f0210e30b729b07,1,1,1.0
033ba6356def942d520c9bbe24bb1d28,7ee99f5c522d01621617d63bda047019,1,1,1.0
5dd3fce30fcd14192d778995175d4f67,9993796d78160390efc1cdbcda4aff11,1,1,1.0
367e22969d3e7963ed7906e186c662bf,7dddd924d92a307ffa2261b855b4ac27,1,1,1.0
04135ea9b5a7f3db234797e55e2d4deb,87a309826a8cbca2e5cdc9c0e60a0129,1,1,1.0
5dd47007bddc275f352f051068c5e4e3,d700a290654faef414da173a6aba5acf,1,1,1.0
6e6fabd95676ab9f6fe71473894669ed,f63b0028ef4ef1e4e9be3046ac9f7352,1,1,1.0
37bdbe3bfc887a48e6e0879f39f999fd,8a0f2d8291c6c4ee8a491b325bb5b64a,1,1,1.0
5dd3fce30fcd14192d778995175d4f67,8f29552df9b476c07d4e156dc53d38ce,1,1,1.0
81530e422d2a60a81dd5e8ad8044abf9,bd7313ebab015a89363f426ff2c70445,1,1,1.0
038a554ef92b76a99899cd07bba80dd3,9785e169d9bae3ff57ed05d36a5ad11d,1,1,1.0
55b1ca01eb3b650afe3f6f85422d0694,be090b890480d4e78f88e844fa68050e,1,1,1.0
60bbf85d0e2d76455a8c9cb40f289038,b0e20a7858f68d8fbd69573b73cad53e,1,1,1.0
29b8adb5f559049a96ff59685807b782,cbb3bc292e844bceb4517a3212f6e370,1,1,1.0
0522386da62578998632b218ef15b958,90aee4ffb98cfdb9d46b7cef63b2428f,1,1,1.0
047b974b874ad791f0e3e56a13419e93,d7538b573179d0bc4ca666c03cc12d55,1,1,1.0
009890d2f2b15df1267ed7f90f45fc4e,8944ddfaf0d834d65a45fd1997847b28,1,1,1.0
a275786a4b5cfa8599c673460cabc855,af7749cbb8c4fe7905f1c66011cf67d2,1,1,1.0
04bfca470bca6cb201479f0d7a57c7f9,3fe205252c153bf71775e1fe3a198e57,1,1,1.0
5e0bab9d40f07a7b5f8555b15eb5703b,a61bdd3195ef6c83350ef0e8e16f67de,1,1,1.0
d9daca2cb55639456d4aae61b298bb91,f00d7bdaef5bd43dfa841d532c2b23a8,1,1,1.0
8d8abfd0d01a9c667c0820bb8c9185a8,fcfbf5e1af0aca3119296ab84a4096a9,1,1,1.0
81d59547135bb962c771484f86d08c11,bcf958b042ece5fd995de0dabb3abf56,1,1,1.0
873fab9e6cad078dcd3b1934a1c69161,afdf6bba7bebb1b304027a7d34c3a529,1,1,1.0
695611a3bc4d03c7b84999d8441600d5,e8db9c7662675885007923d3eeb58972,1,1,1.0
3ce1fa9f478cac95922954b388345677,caf275848cfa258e061236550f1e4fc0,1,1,1.0
5f3c00815858edfb034def7fcccb098d,ed8f9f65799b0844c21b87c0ad74f57f,1,1,1.0
9ab7c789eafeac4e56c370df1172c933,b1ff9fb27a1ecdbaa55ac715b5cb085c,1,1,1.0
46d73ea171779c28cefc16560672c59f,91802c6ba3172df9371817c1387ec0c5,1,1,1.0
623c354ece1488427e60faa24c49dcc1,f644ca019b90461d729d1d07fecef6bb,1,1,1.0
2ba89e7eff6bfee5d2e755671c26ce3d,fb933c9426bedb13e71038fa146fe6f2,1,1,1.0
34471a8e1a3d5425d255efa7d4b06220,5fd82666f1e64606820d24e3fbb5d160,1,1,1.0
4acc0fb9699727463a16e94be5670204,d9eb7288c21eb328d024a6a649a62f00,1,1,1.0
17ce6eedc5e8ec89bb143e97521b72b5,8106dda85e61ac65b597178f5eb9ee99,1,1,1.0
ae8c571034ecab31dd024d5ad236e049,b830bedf28690adc283cc2fc24a61768,1,1,1.0
6dca806b3397b113376d1cc9e30923a2,95ae36273ee77fd0be620474af5331bb,1,1,1.0
d041320ae7f525e9184cb0ae811cd9cf,faca1f85a0df17b777dd04b08fa3a908,1,1,1.0
1cd60d3658331ad4d42bb8c35ea76c98,8944ddfaf0d834d65a45fd1997847b28,1,1,1.0
9e09e0d9da7daf1871fbbe13d799a94e,b591f5bf6d3e9cdf40f968adf9ce2748,1,1,1.0
56ebae6a617d81baac2e108387429255,8423f43e0049483163143ee6950c2cb7,1,1,1.0
4909fc632891548ff0c209de1e3c51cf,edf6f64d9bb54ba61b4c3a008416501e,1,1,1.0
278afff910f55b5ef2798adeea2d179f,cae76dd4d838ce8f3f152baf0784c9b1,1,1,1.0
6633adb088760c36a2e759a0bfa39a10,965191786b70912f793e4a777fd623cd,1,1,1.0
19d79b18bbe2ba88beaab35d7074a6f5,90f8d4751efec89161e6fbebed93925f,1,1,1.0
8c19232ead49e981654300804a5eae9a,ba3ca06ea2014e7f64fbd412a7be6c07,1,1,1.0
1adee71d97c04b5a132eb30411732f64,2223bda42349b3700ef7635eb5de0504,1,1,1.0
e2ebf2a8b112fe192cb13433227baf54,f4247aab6898d547d364286a6caed2e6,1,1,1.0
551e541ae4351dbd9f96875b089c2c1b,7ae0f5f71307ed69612f918e13670d66,1,1,1.0
0d0481ffb0bb25cfc9ba06c02bba0ecf,47bcc63fd850775bb994db24702e478b,1,1,1.0
3eed0a5418ab8fadc4fbcf57210d99cb,bcb87af6b44d2f2057d85c4bee1e0af1,1,1,1.0
7ff94a3b88a95eb8d8c2202a50797781,e1564be61c08bb1dfaff4254af4e32d2,1,1,1.0
35fc59190f6c1aae9fa73515d7851156,c2f5d355bf122dba8aaf0c428073aa85,1,1,1.0
e79361a096b39abecd62b325281bff20,faae4bdf680651e40005ea6f0f90e8b8,1,1,1.0
44520c5174b581299269d07e0735b090,eb8ddda056161923245beb3770c3431f,1,1,1.0
37c108ce3abd1d35c9a3ce93f016657c,591f835a0f1e740b3d75ad7b0ffdffaa,1,1,1.0
35b2d70f1cb8c513340cd874d7a6cea0,71e45e001ce14fce23b14e351de6b273,1,1,1.0
692e54a1377629febd7d56cd3bb6ace4,b9616f4b96ce6bde1688eee752733c55,1,1,1.0
f0d0d7b878ad788b1e7636a9896e5d41,fee9d48a7d5e9122af7ebb105513a8fd,1,1,1.0
844d9a5cb83fae8665bcc87b7578e867,d2658839df6cf850f1c6f79cec532775,1,1,1.0
5dd2534fbe0705c26df4c13679ff20de,9eec9fe3b7e795eb94126ba9c3afab1b,1,1,1.0
0b61db16f7442906464f968d0a1d34f8,a23f32bea5b7b72d42da47dd84064251,1,1,1.0
18d51447071afdf65f25d0f3a84444f8,e721506aabb0f85b3096ce77483e35cc,1,1,1.0
73d44418367f9efcd7069592789bd0f5,9e76f3915edb389c53e9a959ad369793,1,1,1.0
39e9cbba464b86fe7b4bf8d6dfa4b259,dc25777eb31c1b928d00a6b8b857f5ad,1,1,1.0
e21c59137aeab92aaf2b6cb860debbb8,eda6700cdadde7d231bfe9085bdaf1d7,1,1,1.0
0bcdf709d5d3462205328abe5387c5b8,80186bfabb22164ca06e4085b2a04813,1,1,1.0
25044c137c37fe75371f41318164d2e3,91238ac9b555af75bab81ecb4a24ccca,1,1,1.0
411ea0a1c478941ca489be2b0c7749e9,bc458f34f5171301234090fbb62ebacb,1,1,1.0
5cb6e8fa430a87dc6ae47699a661d870,caca4ee1e654062eeef97972b8e24807,1,1,1.0
b54e87557a10b8b7b73348e076fc19db,f37ddc20da6cf3319c3dae26ee59b739,1,1,1.0
00196c4c9a3af7dd2ad10eade69c926f,0a57fe85f9e5335c4514c42f299a40d8,1,1,1.0
8459ee508c1b6da0559bc181ba1554c2,d2cdc1bc229c5e1848f8f7ce60a415f7,1,1,1.0
12611e5049d58be3e7edc5fa448d9ad4,f3f8e3b4878049134f671b22f773a253,1,1,1.0
0777b150d37cc8c65e506f3885292681,4e8a462337cfd94ff9798e7a91dcabec,1,1,1.0
268f67dec46731d0b3aec4305742423d,c162adcfa9cdc729ccea19ed898d7e6b,1,1,1.0
53924d76fdee811f00d845d85ff5f4cf,6359803b1d00fee3d435111ff2d7e453,1,1,1.0
771f822d4f288efa493c364dcbb1cebb,e1a56a21a2abe900cc74c970d9fc5181,1,1,1.0
5c183710323fed305c617f8840b8338c,fce15f707f36136d799b7eb0b8df9617,1,1,1.0
475e638b2b16d4b407b41ae324fc70bb,cce2d154c6667330120440af665ba1e5,1,1,1.0
3dd5414bc73454eb11a19605fe54dbbf,4ff376209add6152358ad7ae10a6f6c1,1,1,1.0
b35290b39d5d7004aa3cd32858dc0053,ed14f2102a49e750f344b3be696f5560,1,1,1.0
21b890a8701db02f2107d0da119edc67,eb2c9233e39cbd2e7db5b0624afdb4ce,1,1,1.0
3538cf3e6c8ad661ea4ac1d27f099397,5384448dd5699a577f1f4495795927f3,1,1,1.0
07aa0e46a3fec5c648422487a2efe4a9,8781c9fd53cc8eec28b7e9b875cba0cd,1,1,1.0
0d316f0f0b685b8c16f12cb3a30e4c0d,80a5566362b311353b8c4573f2de3670,1,1,1.0
bf1464c6f9bbf319b190fa3658848abc,d0617e96d9e1d5a652ebd86dff10d557,1,1,1.0
7358b89fc42f4a8e7b178e52f2300b59,b3f2ee1073f3fa2354c70910c0cbd983,1,1,1.0
5733364acefd6b132d4617348374034c,854653f952d2f4226c01355a42daa1ea,1,1,1.0
85150cfc97d454bf20b93ceb1ec587a9,acf44dfee8ef086ef411e130c9b7e23d,1,1,1.0
7bfb4300feb2a2ad6bcfba76fca42493,b2b77fb8cda1a91493aee2fdbbf3a4d6,1,1,1.0
4c64f14f4ec0fd39ad45d4390eb08d5a,e8b6707b80fa473748e3cb30f7271ed1,1,1,1.0
343641c05b9e577ce7079bb57be3ef80,bbe23bf5d5ed17c5a3132bebc16db355,1,1,1.0
23fd47f36200b41a0fa9df9abeabb738,8e2cbe0458411443853166c1a81d2f9d,1,1,1.0
03d7a7f43531de3c78653ac8e9c55653,281548a3e67bd3903a7d73070a74bfed,1,1,1.0
a05b42abd28b0e788776cc00acca82db,cc02224a63bfaa52e0007916dea1b669,1,1,1.0
1c6dbb642db9a21ed52b3607f19136ed,6b98fe65e7c0ce4ba01c231fa7e91ae1,1,1,1.0
678fa8f93a460cfb715fafec427bacf8,fd3a13c97274ff36f612acbb8e7a899d,1,1,1.0
18b47b06497e6e8f539b0ce9e1342f7d,3306db32ba8788609cc76d0d73075656,1,1,1.0
17f23261be013c223ae00f9e781738ad,361de267d5e4671a387abe26d3b2ca32,1,1,1.0
bf486091c0dae20552f2d22648e43559,dc02867c21f42ed442f02e434234e3bb,1,1,1.0
1e94ccce836082ef728f8afbb62b74f7,ae2562ed4271cf17df29478ed2321e73,1,1,1.0
2e2ac9b487e03daa3fab4888dd4c5c23,8b6c9af5ae36593f4a83dfe44030b4a3,1,1,1.0
139e7ad96c0f0042862c96fab83e30bf,65ff65476364f61bb41f6c7fb47d623c,1,1,1.0
04551dff8442a4da9c8860851f4096a6,c037aa753c0787f6e28b2d5c5e40d997,1,1,1.0
71d7cd1b63e808d874ba4ee63b3e6c15,ece10be38947ac6c501e9352ae27d61f,1,1,1.0
7f527e372d84825249a0b2719959f1a4,826fe81cab42b7dafaa39d81a7551bc5,1,1,1.0
63206b6879a3bba6161254b60d6dc82e,e8e4b74753e577683c109ea6a50283c9,1,1,1.0
e6d25eed5dfc35d21dc09d0aaa6d0c95,fad38f61bf94f5c7e3509e5fc4c7eb6d,1,1,1.0
15c47bc8e10642155f3b8d0a13f248f3,e1ea0db4ddd3f5e5e550879004258027,1,1,1.0
07fbf7cd2d1a81e2c4f88c9ff0148815,b6a65479eda98ce46d2c46ee41dddeb3,1,1,1.0
05c686adfdce0087f70f97a619c3b556,aae02b839262ab4090c2cb2ea2e205f8,1,1,1.0
74d241292d4ca93bfc962326cd89425d,a063b616094aedb793893b38ad6ef6f5,1,1,1.0
684fda5905aa430123c7b293106a337b,7a30c2f4ee4d9f8370e1ed8acf3eefb4,1,1,1.0
0718783ceb0b41b99edd61bcba3afc70,9d687a1e1a93c3d1788eaf38b05e0040,1,1,1.0
4909fc632891548ff0c209de1e3c51cf,85ec9fe66371731ebbc28903ae304551,1,1,1.0
a224940861ba26095fb10ba2fbfcc7e4,bff24ae781eaeea64eedeb5e785380a0,1,1,1.0
1d76c606c276f4fa89b49bb6fccd6cbc,917aaf420bc9836da7af3ea67743c3b2,1,1,1.0
57a1e272ccd2a65aedb93d759c2c7743,78fd1cb92103a044bc417c13050b4673,1,1,1.0
580bdfa1af923325cd7880e32bb7e15e,fcac5c45ae137a12df98dfaab874de3c,1,1,1.0
9113bbc10bbcdc498c65fcc1b81350a1,9bb0ec72e0fc4088b5eacfeec3dd3bc7,1,1,1.0
26a396fa263866c77d9753de6ab2e98c,709d99688e7a88e02ec4e82960b92c72,1,1,1.0
4b5b30edd0bb597f080ceae7d16da470,aee141085e7394b0d26736b002c65413,1,1,1.0
5bf7e4023dc44c2d8a70a12a2f3e0f1d,78d3e9eb8049ab569d7b3265e0a7c50b,1,1,1.0
8e41ce0cce0cde2b938d656c2eef051e,cb6aed72394f4099f2e1eb17f3a0bc26,1,1,1.0
5a2f563b9306c695e8f4c06ae6355a4b,d389a40e14769e6fec5b93496cb8993d,1,1,1.0
70bb8d40cce49a25b570533ee5ac3d28,9f777bbc0c01b969aad3ddc2894fd54a,1,1,1.0
b32a1ddd6ef3383bad879d458443e4f0,c0d4249b0ed7f26dfe085cb501cfe42e,1,1,1.0
0fd475edfa0b61c59ecde6f89c21dedb,d17aaee81356e6783a7df632a79aab57,1,1,1.0
4ff376209add6152358ad7ae10a6f6c1,8ae01caf95fcba159cdde44fb44596cb,1,1,1.0
16646e2ab777428b97d443e3eab28062,86d275d37ab130693fc6a970fa1accbf,1,1,1.0
bf8195e0faf7723e9c14affbfe36a4ba,fe21f72a3b663deeabf0b9067427cf62,1,1,1.0
a888fd5ece4a4f56d7c625ac4eb3bfff,ae9b719375655dab3c518d76cc37a843,1,1,1.0
64236f75547fa285c81d0fd448464ae8,da9a4eb4e164579e3b5d115ca0f114fb,1,1,1.0
d335baecca5030833f520b089d1f5de0,ebe981a1b4ae51ee6e244e207acd3562,1,1,1.0
0d92f6772c38f299cbe7b9b56e2135a3,98656098821004280b916203db00398b,1,1,1.0
78f805adedd04d801d02cf6bb93b34a6,af67a893495ab030eb363ece2d321641,1,1,1.0
881fadf40e765beb9dba633791d07159,9f0c5aae0debed6d7cdea5b8b54c4b91,1,1,1.0
a3f5ff84c68e46872f7dc36c859d0303,bdd99e376bbebd708f632e73cd260311,1,1,1.0
35b67549622f54ea9bef5df8350dc225,daa4bdb7d8bf38a540c6bf3fa379e16e,1,1,1.0
0a9435b10f0533aa2a6dd3a08d5633c3,c3113dcea93f1d9c82baa236fc449286,1,1,1.0
7d0f53a4ba8ced30161897099955a569,e7bfe0049388181838bb0d91652ffc04,1,1,1.0
3c55cdc2a66bd55b8725a89221d05970,669847632976dec8e615a869b2f7dc0e,1,1,1.0
2e44d903b2cca9353309a88ace880bff,5a1660d7af1ab417e55c72b396010989,1,1,1.0
5bd72a5ba72683010f8385cff8bb92fd,cab750b424d81593a98335df56fb5560,1,1,1.0
61d4cbbc787dae7c88b2d66f665ebff4,6d3a7899a5416ff9dc48e3fe1e7123e3,1,1,1.0
6dda77ce7d03b1b6a7cae2a037be41dc,ce2281ae0cb85fad394e9fe1695336a4,1,1,1.0
31e7af8414a4c6c40d9a4f217d269e99,9717da853b741eaaa3b98d9f9bd48c71,1,1,1.0
51cbfa44126505de7a55fb99ba49648b,da44823c9902dcfdfc8e99d6369797b6,1,1,1.0
1077b81a9864eda12e553f91e27a6f1f,73f0c1d657e571acb7a7540ac134a964,1,1,1.0
41d0610f2aeb9f45e800054e2641f4f1,f5b0285002cc988e5694855a11a1132d,1,1,1.0
4e70a82228226ffd96cb25aa6376f286,79fac3e1a69bc62339cee9fc5235f233,1,1,1.0
15bd73fd31976616a6857ebe833c006d,670df3711f72fcfcd719c07d8d2e568e,1,1,1.0
6ff8e4c8ccde5e092ccd5a41dbf28156,b6bc6eaab9eb9a657eef5c57a601713f,1,1,1.0
3e9b91e124e3ce99d298b10573f8d17b,fb3d2759405ec9a4a3e8eb61653a0bec,1,1,1.0
3e4097c77d4fc69d520b2e7ceca9f4f5,44a64df27a7de57ff4df2aa426acabcf,1,1,1.0
0258cd3b5e7c4b397cc09ea472677e73,4795fb1b0d025528a80e2e9ed5b35a85,1,1,1.0
b32bcb59268e3494d9b1295b47bb8df2,c5e0bea8d76cf467944d3feb699ad06e,1,1,1.0
282660942c5b5d1e009cbb5c420d15c8,ad57551ef98ffd9dae88136d56e0b9e7,1,1,1.0
29b0b21f7392f0a825de546f28d621bb,6f5e153b00fffba52e509d983fe9ba5f,1,1,1.0
720ace72da4dcef85f711cb34f7826c8,75b4c054dbce43062d94114fe56bc159,1,1,1.0
1c6dbb642db9a21ed52b3607f19136ed,9bf23870370b60c094d0206cc3330d6d,1,1,1.0
8affef1a9da1b5d0e18b9defcbb34f2b,cd60953fbe070a440b5967020f76f51c,1,1,1.0
753b6dc251fb86fd50ee5bd30feccfd4,e2cb1f94316636dcba4ddf72e4a89180,1,1,1.0
7329425efe29caeb8c292b725579bd50,d7d6084a07809ee2a00e58005e9469dc,1,1,1.0
0933b4e8c35afe40e5d434a897cfed9d,0e991e99c7b6436923a14d437cf2a041,1,1,1.0
3c6556e3fc08ba08740f82c0ae799d29,b4368f8820b5f84c93980820f629ac9d,1,1,1.0
6bed48f958a30982dbd2ad4f9abda173,f7375ab8456df55bdfc4d5f7dc5fb09e,1,1,1.0
a2580d4b7f5471bf5e8352446ba6628e,be83d747a325c0b259b6717700622e36,1,1,1.0
65f813f6217ac8589a850c6125ae3e3f,aea223346a5f80ca5f8c6f5a1a4e5e78,1,1,1.0
ad940dccfb73a91371980ffb90400577,ba690d5ce0fb26235943eb728ef4efd5,1,1,1.0
4ca4645eb9a7ffd4698e3d8a22de1af7,5cee614881d2b4cccc3378dcc933578d,1,1,1.0
7f9e8bc7f56a1129270582130b878ef4,9010ee092258b05c97a2ee2755ac54b1,1,1,1.0
36cc929a520588f985ba75a0d92238f4,8856412cf9cd5a3577968bad79e93bc6,1,1,1.0
63e24a46d814600391af3768f5dc7dfc,da994e8a54387cefc714c2331ee51a4a,1,1,1.0
75efe002b4535e3301867e2286f775f7,87674a7a03e104c3d506f2a06108e686,1,1,1.0
573605dc73227f843b291cd789a45d03,61ffb1cf1b889fb5d66b8527b9b12d3e,1,1,1.0
63f802c944ae93d5572534d787304237,8c60a63f751a4c744a3629ebf560041f,1,1,1.0
6bf33cbc32d6feef3072bf6a6ff13769,eacbbfa074a7a11963153a45bd66e86b,1,1,1.0
e764320fcdd6abaf4e20e88f024610f5,edfe46388531fd922ae5176d9711ad50,1,1,1.0
78421f912eb0c4ebdbd122f1c5dd87ee,ed199c3caa07116eb0e13cb32f292081,1,1,1.0
1aba2c112150045fe662c1a3e28acb7d,cc7c744f1af97f9a54fc904aca367cc0,1,1,1.0
e764320fcdd6abaf4e20e88f024610f5,f6a0ba5ca8307ad8ba69f0c91ff1c891,1,1,1.0
24c1bbbecb16d2be7ff3b7939afe7ecc,63fd7218b0cc3d5d4a354445cb266c4f,1,1,1.0
441a7498e6df67512bf1821ca6504f26,5ab9abfb98d886a5e80710ea88e4d520,1,1,1.0
4f27b1391a5ddc01d9cc7389ad36f8ea,7bd536f7c10736ba8894a00a780e8ef5,1,1,1.0
14e8fa3ae839122091f7ebacad945ebe,2efdab402b57b0040f1f04c74cf3bef3,1,1,1.0
5e64493c9c3bce3e075b2477083c38b7,73dc0d39c85572022b6c3803ffcb2f2f,1,1,1.0
7c080c2d5dd47b15522a29575194dbfc,ba87a8631c10832e670eddd7ea54cabe,1,1,1.0
3797f12de2bde994a8051ee48eda4818,99931a2b84e283bf84983b800bac2509,1,1,1.0
ec2121e4614c17cbad97cc243a299d17,ed54b14f4dc54b13120bcc86931c5255,1,1,1.0
2761fee7f378f0a8d7682d8a3fa07ab1,d0e577fb4794cd81f062326261a4f75e,1,1,1.0
a61c0dd1c6585331dddfa81976d59cb7,e0887426e5f891db9992803bdbc505a1,1,1,1.0
1aaef6b67bca8840918dae624f7abe86,aab7b1bac22bbdd1444b28a6e10ba4ce,1,1,1.0
15a8c734ce4d2b6cd9bb2a52c6347d89,5a8d5232fdb7e1904533fe410228daf6,1,1,1.0
189eedb15f06431209bd72b16187049c,f898e7cd83510e72ef5b30a1008e55ea,1,1,1.0
212a19fadd6806a18339f205cebfde8d,edea3d94e309f4f5ef91d01a70416373,1,1,1.0
8f601c7d9263ca954656792b02517b3b,d3ae5ec685b792fb76214d718f834b2d,1,1,1.0
01ed8df97a21e2f15521f9758554b32b,4cadda4ceeff8e011cb33d9ef96aaee6,1,1,1.0
df9925de02929a0d95219dd14fe2fdf1,df9f0597885f6b03f08f63aaf6045d06,1,1,1.0
913117091937d5839a6c3f449ab26da0,9c1604a9e4b09ec12e4334420b483f3f,1,1,1.0
7ab70dec691e6ced0e10140d4668ab00,ab37ef857a91599810a1aad74cd34407,1,1,1.0
ebcabf25f7c1fe3f0b1dc696cb94f1e7,f3ec7fe1b723815ea67103324912e409,1,1,1.0
6716a47d23270d65d123d9d148899102,ffcf1dc25f2222aea1aef48841f20f3a,1,1,1.0
2d10c61246b96296fce658ae99521d1d,358e9205c1df6c01c033d87d2b953d49,1,1,1.0
6716a47d23270d65d123d9d148899102,9c1a26719d8d672bc56afff709c94d3e,1,1,1.0
06b9d6221ccd83819ac6ad3f352854a9,4cda12819dc2b2df02ab1cdc1a0aaf0d,1,1,1.0
e9d112026934f36bffa9cfb35ff894f8,f5777a52ffe0bd4889e875c9d5164924,1,1,1.0
183b6a83ba94aa13e76b09f2df8ed4de,5914429b9cb0e9fa4066c7080f4537c1,1,1,1.0
a41c1c664fed16013ba77a1b4a874638,c1a46e8640dbd799c39cb8fb40fd66b7,1,1,1.0
b82f7162f6cf9554423f4bb4f47820f2,ef07ba9aa5226f77264ffa5762b2280b,1,1,1.0
208f290481193105f0bdc2d8f543904e,d74292688e33fc35558f7cb462740b4d,1,1,1.0
8360a5c47afc3de8a5f3c52e8d693845,cb2d00950f18d7d8f7fcfc8cc3a173b7,1,1,1.0
90cef6cbbc423b65e6f933b48893e739,a83f900d3642ed994cf95b2e6092f0e1,1,1,1.0
29e97563bdc456bff2b33e8c8fdd2560,f19d7913a34e1a1992f3ac0c9cff49c6,1,1,1.0
32752da00d66a31189201fc0772f600b,421787fea291a962c1ab57a6b26827ac,1,1,1.0
e5cc1d518d05b032550b7acc3bbc1399,f51e087ece2a796f81a5fc37b20b5593,1,1,1.0
8927f33187d9929c4fda3d4c4a2b4606,f8843ee8151578cf0f7f2679ea859023,1,1,1.0
115ea2edb390500f3e6110d8ba288d41,9f185e9464c467679ef8793bd665b3b1,1,1,1.0
986bbef397a31081e35344fcb2c7fb24,f6f3a9d3577ba8938434e26140369aa0,1,1,1.0
3c7d174ebe16d6f127f8eaa18518e757,bdff11e0a0086e8b282e2b386a6c9b49,1,1,1.0
417b98a93fc15c1ba7dd4beeb9f5cee5,a5ed96c1f32643055492dd786e93418f,1,1,1.0
80a5566362b311353b8c4573f2de3670,8fc0b9484c354a47742cab1a935d759d,1,1,1.0
8affef1a9da1b5d0e18b9defcbb34f2b,aba272612590a6a6813d975c3a90595e,1,1,1.0
b71c5db5eb2532fbc1c88f8991dcf45d,f6ea4931aba94f642f68369458a99527,1,1,1.0
9c393fe938ba64832b626e908d5c98f6,ac3050d2558a5f7dea93f62916bb38bb,1,1,1.0
81f08296bfd8ca38b50fc96163880b03,9cd8cab8da2c15b7ef379643caad4a01,1,1,1.0
4b293b0eba86e10fcecd40a7aac6608b,ef3925178975e16f70808ac3b5cf62c6,1,1,1.0
aabfe4bed1559f2d0db606df41c670e5,ca6a08cf73e5804caebd8c0544941afb,1,1,1.0
571b56c7c9a85b39baef2250fae008b0,cd5f31dbf464a33a0f8272b2f1371e0e,1,1,1.0
2e0b805455260cd1f7de32b1b5235337,92e6265dbbc8fd3ee150c14f65ab4214,1,1,1.0
6b4b795583bd096b98754505f1a77f1d,9b753bc83d35b5c04b2e2844d0780e7b,1,1,1.0
309acc8c68f7c802015a2b0df9602323,b1f99db4a41c5847c5744e0581f79b34,1,1,1.0
1fc4b1301c31a5843f2a0b3600c4f208,ac18d7af49d92b9420f967a2d939b1f0,1,1,1.0
2a11aff1149cd4eb6f3999a463681338,eaaff84ebc1c020ab83950d9303a8e97,1,1,1.0
5cb5e010562f6856f97ef2f67b223f70,8c3ff6ad9360189ef57d625d044d7c19,1,1,1.0
54c4d82847d7703efd49194c7a307604,54e1e57f3519010cd5d60a2ccb694607,1,1,1.0
80fde6f9ed1b608dcc58489df7b890c2,b3e53d18a997f27a3ffd16da497eaf58,1,1,1.0
46650309632bae65395fed1019b3cfdc,4f99c339d669d50ab3d87009990197d8,1,1,1.0
903fea98271edfad787cc4f60428edc2,eb7bf24d86651c7b79900ac8f78b2108,1,1,1.0
4bc3a049239b7e4a967a5c647bbc37a3,6d73e7efd1131276b3692f0adeed6ac9,1,1,1.0
53672a860a7ca35371a7e7a2edef2a07,59c71ab83d120ac9d6d593a285ac6feb,1,1,1.0
3fb6c7027ba2df577cb5f20fda647e6d,65771ea16b4909fde14e874d56fcd439,1,1,1.0
7058c13a5a286283c1053c204c243199,deb591f2f26d21f900e7bc5b800c1ca4,1,1,1.0
0b2d0021b09dd4791c0010d4be6e1760,6a1878cd0396230b45a84e2fe8c2492b,1,1,1.0
274d4e175e327cce95f86619d7ebe6dd,4e3536ded5308f26f44ce136683fb755,1,1,1.0
2433dce3c78ff42f594634545d3ed10c,e19f0bf5f0da34f9903502be9b0927b4,1,1,1.0
46b2fb5b2cde564a0a1824ae6a38bc5c,991a62b62d1cb282bb7d8302cd90a6cf,1,1,1.0
215e81304459427c1cc8a7390754a4c8,4d95d7be8e0e30b234f1e64ba6472732,1,1,1.0
214f7f00e0d787d65a822c8ed3e9c2a7,658be5b23fa4d143e2bf2c35f9401f9b,1,1,1.0
afbdca22030c5003a66f149acf874203,b96d7210632c1e88eafbf34998081f43,1,1,1.0
a2aeed8a726068866ec77d0288de2e2b,a651ae23be31e21922b96bc68e3e8507,1,1,1.0
34d1f09eab8df30b699122c567f6ab32,9a8e113829c4fd2e606481a1e7c133b7,1,1,1.0
3eed0a5418ab8fadc4fbcf57210d99cb,4e4665adecf8eab6a5dd3d8b750586bd,1,1,1.0
0f943ddad69361eafb2a72fadebd86ec,e02d989e7d4bb438b89148beff7f1af8,1,1,1.0
3f9e88e7d158e60e9746e20bfa4c3fb0,872dbd4de8fa62427b55ca0c978d0841,1,1,1.0
1e5398e6f92206cb1cf6c0b54f8a702e,2d25199208eddd7559de2cee830eb267,1,1,1.0
7b35fb694a1c478f507173167fbe234e,ed6bb3579d99a0ed255c44da1280231e,1,1,1.0
4d0e78f8c401beeb7be2c0e8cd6acb92,6b254fe768396fef4ba7adfb41befc71,1,1,1.0
48baee36b8865e911ae4b5521360546e,c420ec10595dfc16830afdc6233f8916,1,1,1.0
6364655a115c9a45a9283cd8e00aa643,94433e52e7cb4d2755e1ce5954f4ecf2,1,1,1.0
67376b5d0924ea581b587d0ef8032fd3,bff24ae781eaeea64eedeb5e785380a0,1,1,1.0
0a0d046bd78c9dc76c8dcfe5535b2ef1,4c00eebb1e1bbcfaafdb99184505c3e8,1,1,1.0
60b5c68fe249f766dc01e11e7c7fd677,ae81bba2e4844fba7a51395a0d0d06ac,1,1,1.0
45df9701a19ffdd972ae2c39b0d10edc,f085d32f56ff8cd1c24ea9eb43ec9edc,1,1,1.0
02943af04041ca7713d7ef096d5d7a8a,3cd73d6b67aa9d944d55978280201ac5,1,1,1.0
51498d611c600d2fbc05374a3928cfb2,5301f2f2142439cb77b84547ffb4b721,1,1,1.0
5241e55cb5cbb15f845ac606049c29e8,9af871b776e8c4ce28cc3a468ec98de9,1,1,1.0
0a62ae425772a001e2b3d3eb810f810e,3615a0782b52edcb08716ac2e1c17b05,1,1,1.0
7a5531cd96b9def6bd36bc530f317381,f7eaae0982d5d8ff27c56373895d97de,1,1,1.0
1f8a812f37c3d595f72c0ff5b85066f6,75f602b2ea0410471acb7762aa119865,1,1,1.0
3c9fef2fc2853b682e2f5f21dd739a6a,57f7824da4ffda33a744d12ecbeb90c8,1,1,1.0
b08c819639360dcaa6b051252a52b6ca,e0aa6fa7c2438e89c95d0b9cf2f5fc71,1,1,1.0
3b28f0054114806f37621c311da2dfdd,4a03730402e5a03b6c26b10122ddc8b4,1,1,1.0
0e443e6576fe27ebfd16507be8c0b50f,b885f966435a0ec1b81d25981ac9cb59,1,1,1.0
b9adc8737de57264a2899e33dbb78dc0,edf83a147fefedf3012112d7f5a89113,1,1,1.0
1f65b985510dd34cd39d7c91b7663c9d,66edbef33b6b2e190f70e849383498af,1,1,1.0
184c60d3f769361e505a2310ed7c508c,4a25be90799af81ad6183bfecd684de8,1,1,1.0
44d5ead0073d7c53c3f0503d9f847de0,a23f32bea5b7b72d42da47dd84064251,1,1,1.0
5b38ad98107098293758a5a9a7a6aca4,732c586984ab33016e174c8e51e38297,1,1,1.0
360fc42ad3c20f9d0e1186b830735382,45021e4215fb88a10f5efc5fd83bed5c,1,1,1.0
7fbb6d8f1f76288d32ab1a4e74da34c5,d3409ea9c3d5c452fdb21ccd23aaba7a,1,1,1.0
25c136107d37f6ce7ee99dbda316c4f7,f66c9f2fe720a7449ae729f275bdb5da,1,1,1.0
ae799ab5335e008fc47e663ea9523348,e63d1b81ea1a2cc0a9468c06a4305e09,1,1,1.0
5f0691f23c472d93782c13ceaf2421f8,e02d989e7d4bb438b89148beff7f1af8,1,1,1.0
ad44b3c17ee6d68e65859c41a1fefe58,e5f5af6441c76249e4b9f69b94a767b5,1,1,1.0
8a6ba6b413007e4b09dbc526503cb9d4,dc7993c491aef54414c4ff0a5be472ab,1,1,1.0
19ea244e9173ca0c8ae93d2831008fe7,a1dcd10deecb96935b3d436e225e34e9,1,1,1.0
e1ea386ca075b353d9391bdf9e4232ac,ec18492c03b697f38b02e5c6a73a48f4,1,1,1.0
ed92f716afaed80ff2cb54705754c912,fe5462d3581d238ff2f78d8f0220a86c,1,1,1.0
3744734d6dbaee08b3d2164f5260075b,4ad7084997dec8e94c385caec1970669,1,1,1.0
2ba177926f4acf1634e1227b4446e6fd,44f2cb476316d686c9351f8e7bc0c160,1,1,1.0
7081f7059c75b27b956c0bf5d9d17dbf,7e6d5d468dee1bdb289c8b85f7e839c0,1,1,1.0
145e12520ae65fe7e6e1ad094cac4d74,d9a83581a9401aa4af643c738ba0df79,1,1,1.0
12d1cda209613cd60b9d242181be7077,4f60e4ed8104dedbd1aeedad9d9fd5dc,1,1,1.0
91fcf0b76faf0a675625fd6fd6f72361,f978e2ab493a24c277e20268587b5667,1,1,1.0
1151be76113653dc4ed5d7e7fd17763a,d593ef1a12ca651faefeb00c841315f1,1,1,1.0
9f65c47cdfb0d8bd59d31c6881759086,d056b11b5be2faaec00bac69ddc600a3,1,1,1.0
67e1c37efd98d814dd27189cdbfb251d,91802c6ba3172df9371817c1387ec0c5,1,1,1.0
685da5759b005b92d21173a0f4ab5f9b,f29d39e1f3bf25b0a4998540baf4e7ad,1,1,1.0
82f899571674ff6479053e8e24b17e5f,b2969db5acdbf95765a2bbdc2699e30f,1,1,1.0
46f85d17380660c2b457a30d81b7fd32,a560432116ab4d14c43564e6ea2cba7c,1,1,1.0
449f298d4f110b021219775b1f59c636,ebedc15045555e7ed624ff7da267c611,1,1,1.0
5c4c9b685fd0819a54722afef7b66fab,d73c3cf4a0922ece1176bd40eb76ac50,1,1,1.0
39f2ac2e106f3c80b0ec0bc98380f99c,4d00a68a5ecafd5138753a21c61071d4,1,1,1.0
f5b96958fbb9b445d8c03401fe2d8bb5,fd9232f803111f08b1c940ea62d321fa,1,1,1.0
13c150eddeb625f94e1124d7617418be,3b28f0054114806f37621c311da2dfdd,1,1,1.0
6aacf022d2d4ad0d2324cca846808cdb,6d941b3978a4f78f9036c7eecf65563e,1,1,1.0
1e6464592f06fc3b7896b2a778fed210,c31ec2564ecad02c5a6f4efc1d878680,1,1,1.0
16646e2ab777428b97d443e3eab28062,dd4e0ed450b3778da02e225058eed1c2,1,1,1.0
d60ef691954f6912afa79452526e3e86,e68790871f64ddcc3e7f47040727a0f0,1,1,1.0
1529931ae589e40510ce709d0f4e83ba,2177d3f6b642082495fa4be219205596,1,1,1.0
c5280d077fa35b698b4b3feb5ed5a237,dd77fcd7433ec428f457d871d791890b,1,1,1.0
1c4208887f7d32e3f8a2fbae69d955db,d40aaaf342e2e82da754042ef4f0dcca,1,1,1.0
1d6469215cc70a0e1512aceb14022644,8c775c05651b7995405ee1d1dbe21bcf,1,1,1.0
80b5c70d20058c553d662a56cbff22e5,a053b33caad9b237f40a312e1dbe7af5,1,1,1.0
af43dcf9329358a6f3ce3b4c69082d75,fdd6f14e4ef0c5c24e9b5cd361abb157,1,1,1.0
35571f8188a21f1fc96da8d7f0c271da,8b2311048b3a63a10a5f5083a49634af,1,1,1.0
632fb09645bc961dfb3126abcc78310b,f525ea95844284b57cfa8d6d31db613b,1,1,1.0
0dba14cd2bbfa360822cb88608ad3be1,745596016d47674d833680994c86a673,1,1,1.0
1b1e1338111f49fa2d7d5acf5fae5de1,37aa16c68f12a40642fb9f2cb2555db9,1,1,1.0
0fbec58647e30924746f4688416c505b,e7faa4909187fbe531e3297afc72c649,1,1,1.0
26824b7428732490621d0a8e92d6a95c,3a59ed7823b38fbcaabf7e11c25aa95c,1,1,1.0
256a6a3b559c78fa8cda69de85bfb70c,6239031aefb6e819108331e66ecbca75,1,1,1.0
390cb623c17b2edfdb1f1237110bb597,e936b5a035e2b0505863a9aa31f32280,1,1,1.0
10c6fd00adf8b4af505532b878f29a23,fbba9f65a09a8d52b71e22f4fafed420,1,1,1.0
591dc0f2de23dca0916a96a86476dc24,6ef8c06e2d3781d146627296130f7cbd,1,1,1.0
4578c59d3730444c9221fb635f7af881,4d094dfd23064797e35aab51f129fda4,1,1,1.0
ac18d7af49d92b9420f967a2d939b1f0,ce43cf7952256dc47c836ce3e8117331,1,1,1.0
e16e99889e04b64fcd49b596afab2a33,faff4528095928ed7307472daf2417ca,1,1,1.0
ad7b16fb5d5f83db58c65bd87ea3d3cc,e8cf39d77b3e26275538f302fad519ca,1,1,1.0
53e0be8890c339b1ed51fd43fd381f98,8f5cea6168eb36b5c75205b12d5d2c5e,1,1,1.0
9b02db6dcad15dad9ecf70c0f0ba0373,a3e9e6d6f2d4aa1a7c98370dfe6b7372,1,1,1.0
5872f202865385317a6078777633adf0,a41a399cd15106cc2308f2ea468e231b,1,1,1.0
64ccf5b0558fd100011663ef2b4f21ce,cd36cd7b59aa0a34c594aa8b22cd69e2,1,1,1.0
9376735196d597e46dbd48e03dae1a78,ae03d9bc60ea9a4254380f51832185de,1,1,1.0
957dfd241f2ec78136a327c641bcf9de,da2c992332b995581ced04ecfa3af199,1,1,1.0
77ab661ff97ce38f2b08df0e72c0254b,c5c01882ea07c96a3647823205ae7187,1,1,1.0
5447e8d5a38d0ccdda2a48152214a416,6d35c6b2d82893a68275a4a40c7bb4ea,1,1,1.0
5f5072aea26091ec5d4d4ac22bd889a3,c336f25b0edf2e872f0210e30b729b07,1,1,1.0
42398dee8f2098eec5579129cc1a6f5e,44b8fd6a07abfd7a2bf9a3d698d5cf60,1,1,1.0
2c45e448cbfc3b0c4746ff9c8b2ad93f,98656098821004280b916203db00398b,1,1,1.0
738062998bb2f6f3c570fcbf82a86c49,c5c01882ea07c96a3647823205ae7187,1,1,1.0
082f8d0d83744f4fa435269cf705a07c,b2ddd9981dc33d282bf8d67f52856d44,1,1,1.0
268f67dec46731d0b3aec4305742423d,ce68e3c7989437c4e6b68ebf5cad704e,1,1,1.0
22770768e9c650851b78132a4d881128,75aa3869be687c067553853b124bbd2d,1,1,1.0
0f181a6d0bf0fc4080cb70ddd5ba16a2,bc897a7580447cd7bb7416411d0b6442,1,1,1.0
57c27c0f19165cea8452537e5873bdcf,bc112b2d320a73189173fd2d4e6be36c,1,1,1.0
c104009c0cb0c348e886865772343ca5,ccb1972aa9bed597b73798ed43ceb910,1,1,1.0
35150e1ba134ac622dcf1aaf3f072396,e5c9e7ba2b354b23d0757da227ad336f,1,1,1.0
6ae21bf29ebde0014fcefc3155890ac6,9763e1090fec82fe2b72418c22164020,1,1,1.0
2a92f4fe4b7cab5cff814bd88149cb6d,d60206c59aedb23b925377dc8fdd43bb,1,1,1.0
25ae9abe0b78d72df39294a640db19ad,ed5a19597135c123f7c58790f3293231,1,1,1.0
2b4ceec1c72940380f3d2ea427662a90,ddf6b5e5b8bb27ef61ddd976e9b3e37e,1,1,1.0
028ccf85a88eb595cfa50d7a0d417868,9e34a80e7b253af2ba1e258996dc3be3,1,1,1.0
c4d7f205b35968c6137af23d45e02102,f72c62e3003b21da59e71cc5d92fa7ac,1,1,1.0
229a63d95e8de666db8d89e8a767ee66,7ecc5251c43bab8ab38923eb2a03e291,1,1,1.0
7f5da5066c49789a1f5e6371e7d72e8e,8ea42429ccc7426d66542900f17513ae,1,1,1.0
0874cecfab8aecc80ae065af07035e5b,e3dd44babc2c1139943a55cf99e21a76,1,1,1.0
156b627048609063d0a85774fce17b3d,e0c23e8f0daad02d842426dbf4cc1fe2,1,1,1.0
17adee22dcf49a12b49cfc38e9f6397f,f2386d53c42789bc093c378dcd3ad36a,1,1,1.0
1a92c813c2da6316af4ffc3b47feb31a,a9b8e114e8bd0d2f91910b31d9599a57,1,1,1.0
20bedddbb25ad10025d407584e4f66bd,7a031e098378b76f944d11f0ee5a8633,1,1,1.0
269773a22afb7d31555459a234c70c41,b329ed361b94aa14781944b23063b5b0,1,1,1.0
0522386da62578998632b218ef15b958,58920cd5aa8f69847b28e7442950b490,1,1,1.0
0a03613ee8e9a8f96d3970ba2f89423a,5ad895e7b7ce9007c007cf5a524d01ae,1,1,1.0
0ec0d6094a230cb846113d32ddfd1c3c,93d800caaef23e2c5b2312f3881a495e,1,1,1.0
37bbbbc2dbb5e91c6d75dc5494332961,5ea3241872d1e34589da0c0f8046f196,1,1,1.0
4d221875624017bc47b4d1ce7314a5b7,9997c7b595acef85ab62bd4edfbbf1b9,1,1,1.0
16581dc9728476de622a2cb03e601070,33abb6c6f7f4097194a2b5085450b53e,1,1,1.0
2ece25a0059f5b948cc8400b30e63354,45aa78ff80a8483599e0c80fca170995,1,1,1.0
2d2dff303a27fadc670dd6434d524afa,71b873eededd786d027896414aee453e,1,1,1.0
44ee2c47a2e9d9a02f4fa9626cc8fe8f,a836949b8cf583b1868d8d7ea4ca1614,1,1,1.0
b32c5b76e3e653aee128dd5665549edc,b9adc8737de57264a2899e33dbb78dc0,1,1,1.0
deebc0166868feff9f08c5dc31ed0bce,f77c39e3290fba21f96ee1d92824a987,1,1,1.0
b0bd21f0f66b8ab0adb3c2aa012810a2,dd7a6c4682e8eaa62b1a7d9d1abae7e7,1,1,1.0
877e3dbd1c8c0e919ff1add9c5aadf5b,c1ed39f68b83b774bdbad90b46178ea5,1,1,1.0
4dc7a7dd7dd952e7c491d95a7cc3668b,b1cf093d4733621933034b69fb155947,1,1,1.0
9d643801fa7354800e7b9f8ff8f7f43d,b3522f97987b835cbcdd223d13dcdbfc,1,1,1.0
abb988a3a19147f2a4dbaf0e71bd9e37,af07308b275d755c9edb36a90c618231,1,1,1.0
9ff0bccccc58e1dc0c24b3b4600afadc,e701d84fe7c4c701d09b208176a0ef25,1,1,1.0
291384255a1ee845c40f5b555a7d99ab,edfa9c76eb9296cf40024cc3b079ed95,1,1,1.0
3385d3ca16a8ea8e2124294ac08b1814,915fcecba2454766fe81edb19249b1d2,1,1,1.0
54c4d82847d7703efd49194c7a307604,b2f91567cea910545e72f203ff7f326c,1,1,1.0
22bb5f27e6defb0d50a0cf5162891129,ce839bf77a192f7bf02be8b01ee3af1f,1,1,1.0
2ad92a8ebf1160ccadcac9cf4734273c,f8b71035443a05f1089f98519e97b63e,1,1,1.0
3921cce6cea68738f49b58a1efa5efe4,ea47bf07d22746280af63667a8ba2d20,1,1,1.0
ba8bc44e8dfd32e967518cf82f4888b5,fc39ab48d908b061e6ea3b4305b449ba,1,1,1.0
47a89e50eb2682031d3b9962afaeba4c,518de4c3f1112cc288a2e59d9c7ea234,1,1,1.0
9622a5e690173e69309e964cdec06605,b1e3a89f390098128c40f6ef2c98b344,1,1,1.0
8b4c19edf2c5859dd525115ef29ff41a,a58244ef7d22d3ee4ead98be7381299d,1,1,1.0
44b8fd6a07abfd7a2bf9a3d698d5cf60,e55ff332cb2752e2bf1be25cc725c801,1,1,1.0
06f627751c6010c4c1efa16a711b2764,8fd232dc0c1648e549e2811728f6076d,1,1,1.0
0690b2040ff6ad179db480b955894416,5fd82666f1e64606820d24e3fbb5d160,1,1,1.0
2548ce8e60025afcdc81a1a44c3caa9b,67b70801e21ff8c93e7ad2e6a063b9a0,1,1,1.0
83e19af9cb7591106ea19f1330771a33,d339ed835c9d8fd6b1e3c5cb60850bc5,1,1,1.0
50508b9b2844e625c6899d3e2af6a600,e72e3708081c015d5b75358bbf7307fc,1,1,1.0
43c987287f3384c6f9e9838edb2a6f82,b84bbab81298049dc58935109becbbcd,1,1,1.0
3db2007c5d6e2faa40531040efa5a0f0,4b2d8d001d20bd41b9d1017ede2e1d14,1,1,1.0
961173ac0d5857ae5bf61f00543b8847,f52e54a5d931d3ccd4f6e3a4b48f3aef,1,1,1.0
259a0ecdf2ae510fb368704926f1dd2b,27a6ed43c623d0ae63051aa18cff700b,1,1,1.0
1d19186b813298cb339fdf8b125c59ec,2928d77d6c80350ea0b8e912c9defeb1,1,1,1.0
a5a4dda10a759bf8a54f75817f7f6fcd,c01a9ddc8ac16b8c24c5a432a627c8e8,1,1,1.0
a2346489c23a35ba85d17038fa1cb7da,c23d08ad321b067575a59d384c9c1a24,1,1,1.0
226d6a108a5708a953f3ecb068a3d67c,df023209e19ababe47c09e3c89506b3e,1,1,1.0
27a09991ce74f723742165ebf54c609d,7bfb4300feb2a2ad6bcfba76fca42493,1,1,1.0
462bdc23a9aeccf92dc12e5893e54c30,6b7b588213ec0b5218a8e173c34b9293,1,1,1.0
15090f48004f3b0fc18a167ef82af4db,817dda6a694ae70dbe4157d6a5ec917d,1,1,1.0
1eaaf5035431353890f2771af98ec60e,90879b5ecd87add418bcb7e0ecb7ce1d,1,1,1.0
44b7a50e2adef4d4c4d768174002463f,693d85d1a05cfbafc51d7f7540b45d6c,1,1,1.0
9f2ad6468235279b4de6e35feb25be83,a9b61ba333b469e49f16885f14ac6b40,1,1,1.0
4458faa1e4fbc76c9042d5ded0b53244,890740d506e0acef77a81232edd17c16,1,1,1.0
078fa6f4e39a6288ef858fa22c8d4503,d1253237cc6eb7a60bcb018343642b0d,1,1,1.0
074508b4cb581cbc9aa412a6d82b9021,53dcf03d15f1b83797235d58729448bf,1,1,1.0
0e71681ebdc97df774d7451ce1b4bef9,a4552af6be904c6a8ff15bb23f111203,1,1,1.0
0b2bb52a5ca5a3380b2161a2d7c1bec3,c625ae7942edf0fcf6932c41bec0d2f8,1,1,1.0
208ff27cb49cb5f4cdbc72c014e184d7,d086da909c0fca61c4f78ed8d58e2613,1,1,1.0
2fd6a08f6ec728ad2791640b2a45cdc7,a5e903dd1104eac0c60b4ae4f61256be,1,1,1.0
3049bb2058a7124bd3c48bbe8e978016,aebc019034895515ebfcdd8fe7fa766f,1,1,1.0
582d5652f94a284e67644cbe0bb48ebf,6b930bea0ffc115fcc469350bc3ad875,1,1,1.0
4d35276095e7c9b9f81ab155d0bdfdb4,83c4b558e510a487da67673e4a13ad0b,1,1,1.0
97c449a46729b9ae673219997156645b,f14e70852069f3306296aeb226115ab4,1,1,1.0
3c0b1de96eda92c3108a3ee0e4d37cc7,a6871717bea370207a49a2cfb70607ad,1,1,1.0
94f785479d97796dacc40320b0e7c900,973a3e9bdb965c5033967a6772a0abd1,1,1,1.0
9fd4eb329cf497c6b7bd17421d205201,cc600bdf917663330ad986092b9cb8f5,1,1,1.0
896e3bf2e39b0bec241464a76717f947,9ce65b8b5abf4f8eb9c36d54903bf746,1,1,1.0
c8c40a3a22947159eab9af128b2e51dd,ebf088cc2ce28c6055f2cd5e2b9bb9ea,1,1,1.0
97a9cbfee4f4914fdb7761206d1bd014,b591f5bf6d3e9cdf40f968adf9ce2748,1,1,1.0
44c25e0d681c18ccc5461789f3cac74f,80ea96959a0e0842307e1b4ab4c32c63,1,1,1.0
03a5b2c623827a7d4e727ac0aa2284d4,ae6286642850378ad9886ee4fd70b437,1,1,1.0
470343eb61f65fecf6c7bdac5facb874,a28f925403b733be252893d297ffcd69,1,1,1.0
022ac7dfecd0b4f6019415c4a0fe6d03,587f86a9420bdae5e12b4754ce62fafb,1,1,1.0
ef39e758b13d83cf66c9624a8fedb728,f26b89209f5378f95d8e664073b76419,1,1,1.0
1854122b40297788a444f49ca7735eae,95a8cc62e51000cc4e68b13edf8bc392,1,1,1.0
10d854c7717f3a3221fc2874b4084910,cc55e6755d4e535fca6919ff7f126bcf,1,1,1.0
e30de13eeaf61271c16ae7ac68f763e4,f11ee8d88b7eef76bed1aabd3a0fc4d0,1,1,1.0
c0dab7eb07507ed9414cb4e6abae7f12,ef229329a0f5fae587957b9290563ace,1,1,1.0
32397f9b7defba82e3f6626350514be7,e3263aa098088e59a7c8bfd893ef09a5,1,1,1.0
6499986b00d14fa984d68727de0c2a17,f71abfaa809ecabefac16751ac9fabe7,1,1,1.0
d223c5bb21eb9bd26005f53adc94e87e,da41c75a2312d7f400a195235277278f,1,1,1.0
ae1c9c0f22ad209413028f81af2bf3c1,d418652394828c09dcd56cac7a26ae12,1,1,1.0
199518f9eacfe6b6297851b562c87d4f,cc30806e46501a4ee6f39db712313142,1,1,1.0
b1dca75b8acb4dab356086616ee92cf8,fcfeceb70fc4f20c0cd915a390e833ff,1,1,1.0
580ab375a0b236bb0ceb400abb2e0a63,a9669782a17a0b5e26ebbd3e67d82908,1,1,1.0
ce43cf7952256dc47c836ce3e8117331,fd20fc2b1ff034f4cec1599237797ffb,1,1,1.0
12cbc780c5224c7a0b11551d1283a5c6,b14ef688a7c1a52e7437298085d9d62b,1,1,1.0
4edc8b814260113b58134ee968726c5a,ed2b3f325265fe93991e55adab759757,1,1,1.0
413953669babc67fd371bb95cb892bbc,fd34bfdf47384dede1f18d1b53d2cfcb,1,1,1.0
65037427c770e4cfac3181e3ab9cf5ff,a652ad91bdba3ce3abd71247744e3395,1,1,1.0
3af0b2f7654f613ff1527b997a2ac57e,cc09e0ad13cc00b5d90b72bd0e66db8b,1,1,1.0
343fc5ba6c25583233f749bca311cca4,f3683e18231a0fd781816d98b09414b9,1,1,1.0
796d1c459382fbc03c2012eb91584ee3,a2aeed8a726068866ec77d0288de2e2b,1,1,1.0
2b26db3c45d52a1b983f12f2201cea88,424aca6872c5bab80780a8dec03b7516,1,1,1.0
7efc49d7862ee114c0ca869b439bf381,eb53ee675b0c79d66e25fce46957e1fe,1,1,1.0
69c626d2cbbf48233d66391c9371c482,f2888c99e7541004b991e6216880ac86,1,1,1.0
1a3e064d6461fb5fba261ab141ca2ad9,40594794ab94ef383504b759584bcb0a,1,1,1.0
36d8796364d2cc08dd3b2c0f43bee733,eba231172aaf34a3cd4094bd11dcad08,1,1,1.0
3f94c1f7e2d1dfcf8a46d01efe28abc3,592891bfd137d0161b5209a387a4e9cb,1,1,1.0
b7d3b4f8da39c2b27404f53ef5f74be6,c5c7a8748a200412a40978afa8f691e6,1,1,1.0
9b6ab2cceda2f18fc48fdf63c22af4ac,dac134231a54f7f083dbb5db08f915ba,1,1,1.0
1b7656b5b3c92c5e7d878ed08f5b130a,e1d928a9f5c4fe599e2418a0ce74d775,1,1,1.0
c537e307d0558bef8cbfff39ea7c2b24,f42b57e0d3e36754026cf7cfe52b78fe,1,1,1.0
72c0cafb09a8df96f0f84bb6eb7525c2,e1bc70766c3d26bde078ac0eb10ff607,1,1,1.0
dccd1a4751f4983ea37c63167df47a34,df0656c09678129487d1639d764acc1c,1,1,1.0
1013194e8e0710a463933a1b01e9dbc3,4df9aee56fa602c72756abb22ee60b17,1,1,1.0
2cc3ab894ffb00474daf7268dded66d2,743afbc068980db1534b9b1d01d80043,1,1,1.0
d52bed0b1d39a4e1a60af7bd1089709e,d8900bc06c6eb99a617d768e5bbe6d39,1,1,1.0
7ea594c84734eab39f86b4cdc75dc6d1,827321b201a9ca15305aaf395ab5ea2d,1,1,1.0
2b9d6bc6bce2439eb172a004287c2c2e,e83ca85f8176c4497377cff2cc7d9b7a,1,1,1.0
a5a66842f57f78fb350c764782c05216,def4d4fd32998652ae25219276c81dfd,1,1,1.0
370921d96b165f27cf3d3d72b8628ada,708e931f4d6fcccd3b95cc42b4da7d29,1,1,1.0
44191aeadca96c5a073edb7f09ceee05,c292a9555bb306c37d457cf89eb7afe3,1,1,1.0
8a5ec8d40544bd13f6e090182ba60008,cab8bb774d68b4a3941fb96c4e18e975,1,1,1.0
2849a8ecd0b9b89515401ccc6e5c23a6,839aeb4091438508f25004314b33cdae,1,1,1.0
bacfd927a67bc4cdbd5912606e830e35,e93d9a6b5205ffb13668bdea1285c973,1,1,1.0
814bfcdae2e4bb928da914fae6d5dfd8,bd0d97c6af77a1ef4850255bd6d17fec,1,1,1.0
eb3cb62b5b6296a30d023c91cb1b7cc4,ede1f1d3e3e1ffad65670d87556c74c4,1,1,1.0
80d9444e7cfcfd1288df2888c741cca3,84fb192d3e2a577896b041f08d125457,1,1,1.0
4d35276095e7c9b9f81ab155d0bdfdb4,af4d3cd0b29b208c971ff6ad78b41b79,1,1,1.0
42273d26a8bcc297e6b5c3e18d35949e,a834774364a7b64fd8f763bb952d55d5,1,1,1.0
89e60600ab541346299a981d5897fe7e,ff8d5a4820b9e8b59cdbc2f6102e64e4,1,1,1.0
24f534b787ae812c2935cd802f24003a,bacb93ae220562bbec5b93899bf028d3,1,1,1.0
1b61b6490c6d609224d6e8bb4bc415a4,43294442ac7ceaf7baaa4e0a7c63647b,1,1,1.0
958843e128a10a8ae35155b6fc57fec3,a2ba62a1d07bcfb715b6af144599582f,1,1,1.0
33a420dd96071ffb3fba60e0e2d31ee6,bdfe47b4aabb5f74902e1c197e18c549,1,1,1.0
49616117027655eef4fa46a4db852ed0,de710dc3e3ff1f28149f1ae6f234ed3f,1,1,1.0
00af5c2c9fd47849143be82aea5ab2cf,d3fc984c5a92922652079a947bcdd508,1,1,1.0
3e36afbf5d9f5e833d612294f376526d,e0d57fcc716125d70f48d5e7e165a23c,1,1,1.0
62e32e0b239b36c93427f7910eb6a173,f362be295de5e69caf19361b902825e9,1,1,1.0
23d7011ee3b2d9f4a392b72077522fcf,6bffa9e961fdb229eca8dffbd00d5ccd,1,1,1.0
a39f499be584ce0057dd5c0485123575,f82cb85be599c614a9665bb050d03dbb,1,1,1.0
a44d8c451b62aee20189cf53906c9b40,f9242445fc633a8871f2a6c4a033c8bf,1,1,1.0
479cc370a1fdb7d10dfe46016182a1c5,caa4de7729f9cd45c3302e258841bdb4,1,1,1.0
6ef8c06e2d3781d146627296130f7cbd,9a99455e6bb6d535872c01ebd9d4fa0b,1,1,1.0
8cebd890b95f34cd04b08f958c1af21c,c51b05929079be99aeab2ca8e64ff73a,1,1,1.0
7f400c7204b3881600bf1ae221e1e878,cad0b5d8a75081b5002037533074faec,1,1,1.0
635290b2d6c1633bd1f4544b7846d1dc,8a92424448e3a0e513968a6b1a565c11,1,1,1.0
82b10cac246970ffdf60e1d93a9a9816,c0a37e61c7980c62666befa53e300142,1,1,1.0
2cdd93040317cfc400800fbe293e5a59,a556156379bbd5053ca96ee21c08d132,1,1,1.0
19ea244e9173ca0c8ae93d2831008fe7,bc03e1579419c39e07816c7a5d681590,1,1,1.0
a96d5cfa0d3181817e2b946f921ea021,af6f23ebcfaa795b732ac0a7cd27b302,1,1,1.0
3bf6a63c31087f3d9ca40b4639a9c68c,7fde9b9f9d4350aa6d569b24c82c49ab,1,1,1.0
1dfd2a6a5da29b716d514aad237a2b09,35a5139d64a17f2d5336aabace88cf87,1,1,1.0
5e627d132aeeb2367ac18fedee35793b,990bdb18726e889e74b7bb975c831c83,1,1,1.0
108a7d8996b4298ae1a7f5b0653e613f,e45b85339839bb998a90465cf81217d8,1,1,1.0
6e76634fa3513f8ae8ac50b397571590,aac2d2806373a68287b29825b4496317,1,1,1.0
5a113bd934e8b75919fbddeef0f9282d,7b35fb694a1c478f507173167fbe234e,1,1,1.0
c81f58cab314b7de7e3c2d69cc7f4ea6,fa7e6f153b7724fda5c1d7cc7b9ae4ec,1,1,1.0
1aba2c112150045fe662c1a3e28acb7d,8335867dab25b0b9e2ba0f5e6299c870,1,1,1.0
11f4e46d548c0f96c60475576a0f6636,3d1b3afea75cda0162624725b2f53148,1,1,1.0
ce0b392d1f86983f80e16941a500bbcc,d07b6a47b7d914e6842629e9a20a7ffd,1,1,1.0
1ef93b70f88c26e3c6c49238d9edeb06,35a2b7648173b71e6d64851f211abace,1,1,1.0
56c6c0d4f530ead7bf112a82eb588b62,c85bfc424228cbea0bbbd3fce1b81979,1,1,1.0
bdd4e8bab079af37fe59f1d4ef95aec1,ef4b8074f8036f72703b3dad56d970a9,1,1,1.0
203c37755ceffec3ec8618c4057b0334,31e7af8414a4c6c40d9a4f217d269e99,1,1,1.0
17adee22dcf49a12b49cfc38e9f6397f,6cb48842b3e037bfaf046b60186b3a49,1,1,1.0
06f660202926f97c1f4fda2b62b64d10,4868eb71f4e43f6c8450433ccaad7379,1,1,1.0
7bbdfd62d43359529987ccbb3c7e272f,7ff24a30e0823c68748099bc3ea9c5f4,1,1,1.0
55db0f105e5ff30ad61bf0650c5c5338,ab487f6d62e9a0cfcdbe428b4d4d571a,1,1,1.0
43609bac99eff5f455f5ed4ac1f78171,f80949705bfbab52e90a79aac1a56cf1,1,1,1.0
559a8ee3945ef2efb08cf74e36c8b747,f0b376c0ba5bbcb99769469bc9e193f6,1,1,1.0
9ce65b8b5abf4f8eb9c36d54903bf746,bfb550a534d1e4081812bc6e3c4229e6,1,1,1.0
07187fdb640eb2923d831b48ce809b54,8b35b7ed30714b0abec988c46230d53f,1,1,1.0
6633adb088760c36a2e759a0bfa39a10,d3c5da1916a2eaaade7f588632395d68,1,1,1.0
733fdf92db3b917e1176893d4b1786ad,ed96ddef619d26be2d39af9573b78590,1,1,1.0
5d87457434b943e3a73799ebe33b4120,9b9f4f4f7f821de059a96aa761b1b642,1,1,1.0
b0d862937d1229af5e9feb9bbdf77e1c,b53d4d73a92d7a206a140c084e2aa16f,1,1,1.0
368c9c0dd3a4e5fa331d0a1fc0c1e6fa,6cf7fce5dc5a912c07d397888c26d289,1,1,1.0
54e1e57f3519010cd5d60a2ccb694607,ff460daf2964c4cccf8602d6f8dc2fe6,1,1,1.0
34fbd9c42eb9702b4b8c6624b228ef11,504df238632748f07ecb182598840290,1,1,1.0
21342e5b1004a60189babbe685c06845,896ae021b16a75c0400fad89141227b2,1,1,1.0
5cf4e0deb70db6783df2d23d7db1f9b1,97c5ee4484ef2c7159c3f646377cb49b,1,1,1.0
42bd33006febd2e5a3a5eb0feed6b7d5,a13b330f835320fb49bec725ca000b16,1,1,1.0
8d3f3ca0e53a6d74eec77ccb7623fd82,a66c441eed909a1be5447b3490acecfe,1,1,1.0
2811ad73853010acf94f73a07d9c3a3f,8eea446bbfa384e425aa5165d578755f,1,1,1.0
07c3f5ee530bcf86a76cd408cb777d84,2e9c493f84d35ee17a9183a670d88224,1,1,1.0
1e23a493bbbc54ef9e592db53e29d223,b43912d010fe62d7f48ee84a48fbd88d,1,1,1.0
5b1702b9c8d090a3f8a64775bed6021a,65c2b54b418a73fcb36a6b6e6765dd23,1,1,1.0
d2e8a737421fee29304c4bed77a0a576,f520f90d97fbeb3a0fb57f8d24526388,1,1,1.0
8ba4150a4fafb0077c45a9e03adff561,9d3a7edbff93f003097cb138484f1515,1,1,1.0
0bed2a910405e22f8d00eb45146e955a,5375e796c88f140f146e6d3493dd1c7a,1,1,1.0
2833606277939d24ef033ba7a4051906,7218da49ef6bca3a8d862b83e6112cf5,1,1,1.0
18b2fe273e9f6aacce12788bd8741fc4,ae76d876d1067aa49fa661723d824ed5,1,1,1.0
98de6fdee8013609f315bcbcf39fe23f,d2e8567398f17f502a49d198a480caf5,1,1,1.0
74cc50f19767973ff848ee8a52ca3020,e360b6b7973064d83141753fcbb1f22b,1,1,1.0
6f799a94b4ca2205bf0b894ec406d30e,9dd892e57b2b367c20c624a8c44b77e5,1,1,1.0
175d31d99e3c9cda3a97b4a228688c54,f90d8d6b2f6ace18ee2d185eed485116,1,1,1.0
1c423cc2d183707c9b0d986e9cc9a263,490d506e89c13c85d52896cf4364ae76,1,1,1.0
8a09151eafa8c55d97a45c1b4800fbc1,d60206c59aedb23b925377dc8fdd43bb,1,1,1.0
94b8135936dd26f8724e759893e10cf8,99496b860eb99c16de4bceab95a3eec0,1,1,1.0
44990c8e2d89132b17884a6ffde582e5,7bfbafc4d351ff632afc079bcfd93516,1,1,1.0
5dd6ace791de04fec92367219063f695,d45cd7d954ef0cd856ac93d53c12ec0e,1,1,1.0
69e27423d164d49d94d6be3f2d798320,cce2d154c6667330120440af665ba1e5,1,1,1.0
0fe889940c2e62512282de063f79b521,fcbe44facf671aa94ab5aa692af24c8d,1,1,1.0
65fffca3cd98a2ce884ad7ab69189ba2,f4b163d31ac02f0d11cd9317e061d185,1,1,1.0
81a58411e395b61e82e8a43138a37e43,c7a121a8997c9fb5086cd1ab624dc1ac,1,1,1.0
7fdec9ff3ee1b114201473991d35fc8e,badf212b4f8d94fffefee5bb59805f6e,1,1,1.0
07124ebbabe334f7b0cb2e7ec78bf00f,aa675da7689d6205d9821104b41ae2fe,1,1,1.0
57f7824da4ffda33a744d12ecbeb90c8,ae4d5ef790324529f372468ad53d8952,1,1,1.0
53d1b48bd9aa8100f30a5a631012ac33,68598b654c53799834f0abc847bd4a06,1,1,1.0
136807606cbecd946fbe8cb0d8e66537,64d819ec87080e83c38f2281a7450311,1,1,1.0
9749e3b7d02a7194473d5a6784071186,c07e64c68b9365508a2d88604868106a,1,1,1.0
bbb4489598feac603a21e4560d04699e,ff73dbd0440a0f1fac45e49efd6398b4,1,1,1.0
5c5d3189dbede0c6c269f0057d52622a,9719870f10bd3b010c8f26d93ff886a0,1,1,1.0
30e72091f438f128e3d468846df8ae34,a1becd13fb2a239be0a3dec3afb08b33,1,1,1.0
5674ba4c78cc9a00b85be9af1f954e3b,9065112d8c6b59afef09c2fc67c5025e,1,1,1.0
dc170fa9d3d1635e5584b8f137ee3992,ec0d14f6ecca05089a0a9e0440d3d8de,1,1,1.0
047b974b874ad791f0e3e56a13419e93,a69a4609fa836e9b699d1be232d5e327,1,1,1.0
199e0c07498edac57c28ac45e7cff3ef,8ca65fef69bdf0299409e1b52b6229f5,1,1,1.0
8631dc0d778a550f06636525e6170b5c,e9063e00898d88b25add862974ee6e20,1,1,1.0
32a86b4104156ff372232e52478e7f86,aa85718ac16de860638fec54c25ed38c,1,1,1.0
1eea1926909d76092ca561c81d6f692d,c8e559a002528dcae0cdf29dab6f1e3e,1,1,1.0
5b9102c033e98918ec6bbffa97684fa0,b1be5bbc17495f44b315b30d8147314c,1,1,1.0
3e69c94333cf73d1e18fe0eefc9f60a4,a1b32898e643753859daf101e6fbd811,1,1,1.0
4d0b63c02bf756e064687854ba9c6ffc,f0db0a54f2521254acd7eec3bc96b368,1,1,1.0
261d11f936ebdeae709e01a0ee364cfd,a183c677676c01f0b06ed8a8ebdb1ac9,1,1,1.0
cfa2f237bb69bf90590d25553746e604,fad47992707a262559ac38f22e77ac6b,1,1,1.0
1f82a45bfd1d8e50793443de86f20df2,91d5da8c24686b483a7b08bfddf5c344,1,1,1.0
536833e18725d7fa2366c130951f376e,fe8dc12da914a29250476cecc58097bc,1,1,1.0
66003712fd22ba49d0e695d80d054de1,cf8892fbf4897edf52d122c5a86061ca,1,1,1.0
289ac4586f5ec0949919c041473d0bad,e4f70444be096c3988db17b185baa29b,1,1,1.0
1096832553de16636aad419a4b376258,e406bc46939bd98faaa641fb597a1915,1,1,1.0
a74604c8d59be4d5eebd1fdde0e5e57c,c96224828aa198f23cc499642489b74a,1,1,1.0
39bed5bb702b35f9d4adbcbf28dc072f,7761a5f33917cb2d80362b42771fdbb5,1,1,1.0
3e4bda3508f163eb549f0f146b08ed7f,c99e17fd41da66a0cc20f4647f91d8fb,1,1,1.0
78901a5f769ea6acdeaac167cb8b8aae,c8ab29209bd01c10eabf70afda7b4479,1,1,1.0
3fb3e3b56833cd350b0a57f14c89418e,f1704e9368ddcf1c1236d78616b25d76,1,1,1.0
743afbc068980db1534b9b1d01d80043,7fbcf0382792e1e2d10669c049e8fa8a,1,1,1.0
9d20fcca6b5dbafeef9734b07832afd6,f90fca167e7e863643e506f4d2e1c71f,1,1,1.0
24bebb6ff5f6b160cf78f11ad5c7278e,501f58a3186cef799338c598fea3ce1d,1,1,1.0
31380ad989067d1aac622b1eeadeabf4,347595c982a1948a26289a1c7b257a3d,1,1,1.0
0d792631cb6270d60cb2757de8ef4a90,e1dc04d9c7409bdb78bf89102616f7de,1,1,1.0
03a5b2c623827a7d4e727ac0aa2284d4,3b54ec3e11e5befee527b120ef8b0f02,1,1,1.0
0457229263e71157bd7cf568a56d5ec3,2103246b11bc46ce35756f3a3f32290b,1,1,1.0
9f9a1cd9db5d99427cf4ac49f03bba4e,c75faed9d836e194e6794d9471b8d1a2,1,1,1.0
3bedaf584bf745369453ac59a1d74471,7ec163471da7520f672fef86422f42d5,1,1,1.0
148a35e3469010c9753897362d1eb8d0,d65a1df1eb76ad462883782cc27e8e2f,1,1,1.0
8bb74a9108cb059d9dd4fcfcf9035b97,def968e4b11de940e3b4eaef72bf290e,1,1,1.0
adab55f053f73aa95c41b67a9513cf8e,c44f87635ee8363a53bfdd58011f72c8,1,1,1.0
27e181e45fca27217ab5be6a014c6add,f1e4986c757134abfcf657b898bcec22,1,1,1.0
af02f43afe4b521bb25d72a0872afeca,b2eab24a3d081f9ca92ac6c64166c672,1,1,1.0
79a1efe6acacf850e4aaf7d8bf7917c9,92236d2168d9f0968798cad253cc5818,1,1,1.0
5e0bab9d40f07a7b5f8555b15eb5703b,e449489aac70922208e33e080712941c,1,1,1.0
0d46709487736ac09ae4a157b72a4d8f,154017ee7b8f95544a8b9885caac75c0,1,1,1.0
8d73d96e76b566f7085117aad7efc399,c49d13d6b244803683d21634ede21f03,1,1,1.0
c0b7acc5eca6fff3c2b366f5a62493e4,f898e7cd83510e72ef5b30a1008e55ea,1,1,1.0
00575b2023dedcc0f3e81a938834689b,71167ca196ecf2c5aa680ce139f3bc0b,1,1,1.0
1b81fbd932b177315dc75c08b7c03c65,f8fa0be8c0b01fc7435ba62ce47b7088,1,1,1.0
53abe746f1575f367bba91359eb029ba,a4b42d9f42134ec64d43b6acac13c1cd,1,1,1.0
1f9e0baeb7855a52bc3106527c4f9276,2ffeb0dc8ab7589451360bf06fa39cca,1,1,1.0
35781d1a87e746dc2ac58de2c68ebc07,c56ea15f499ab9cba7f49ff1a1fe5476,1,1,1.0
1c4208887f7d32e3f8a2fbae69d955db,b3e53d18a997f27a3ffd16da497eaf58,1,1,1.0
1fee762ebae5544106caeb123d30b9b7,8430dde1b71b7ed69c6fb3936e77157b,1,1,1.0
2948c3e888f4d365e119132da9f95c27,aa7fd117350d1c36b9614a12fec95d42,1,1,1.0
c5c01882ea07c96a3647823205ae7187,fcb69b41524cb045cc6962a343bce5dd,1,1,1.0
0450c1aa91d99d308ed769ce3abe53d2,14eb8f180e208b9805e196fccbbcfd13,1,1,1.0
afad0f2ff6db48eaf48e85d9eff34373,f5b49c7fb49aa5d02b4841b63fe7d529,1,1,1.0
2da07654dd9e5dff1cb0fbb5ceeb7396,54498eff75bbcbdfcf2bcd61096f8c04,1,1,1.0
8664925ac4c650787892ff5eee0e92d1,c13a71d8829d7a1331c60adde3f4f39a,1,1,1.0
739bde40a568fc583498a0a61830cfb1,f6dfa1cb8b2e7caead4ec309a50883f5,1,1,1.0
12d8a9a629f690057612d933db48b895,f499e2267aa2b626fde8602746d1a299,1,1,1.0
e9b82fe0de63859e8606d95a923f0263,f293f3281ed5deb4042a891a5dabc3d7,1,1,1.0
52914e4c99a1d18136c96db53dec1852,eb2f077015f1bd2425e18d03f5518252,1,1,1.0
4b1141303289a23d05776bd25076c2fd,7ae0f5f71307ed69612f918e13670d66,1,1,1.0
278421cd02bbd7983fcc0248cd278e7d,dbceb1472a69b0b7b0a56d0b9c9893f7,1,1,1.0
bd0c5c398fd82eb26ee4d31548f9f0ce,dc2388a8c4c5e8f9dac1e20b07ae77a6,1,1,1.0
5acf34561af0200eb8fe2307fdb126e6,db13c9627403db90fdb0ae7c14909394,1,1,1.0
7e0817d37d7dce9656abe2490b5b47cf,c79a078562e39b70a04991294dbfbd96,1,1,1.0
2e46c6ed81f552fd73f50e758de5e577,f90d8d6b2f6ace18ee2d185eed485116,1,1,1.0
171329b53da535931e000f1350ea56f6,8afd9492240f9348cea2de4655c34011,1,1,1.0
188d67366ef38cb34c89cf94347a8574,28441d18136bcfeb0fca3cf21c286081,1,1,1.0
aaf915da4aea5e5bcd55fc6daf8abe92,ac632f3aef3b65fdd24382d53636a308,1,1,1.0
cbaa90544e1b4f32d030101f53195e36,dd3f44ee28286d1eb2de769959b5b0d8,1,1,1.0
16acec74e41fe3a38261cfc6c1ef0830,f74245d74d7011f608c159a1a420f747,1,1,1.0
2fc1cc7c7f0d663657274eb0d9228086,9e870328ebfbde7f303af30a6529b9c2,1,1,1.0
79ff58a73cc21554bbcd50900bd5f3dd,bf0833b9d4074d67dc6518a8b48f2dbe,1,1,1.0
14d405a7e7d12c7059931c3551de5ae8,db0e222b5e0283044c629107435f8bf1,1,1,1.0
31769e4868006bd8b9f427adb05a27bb,b02f8e74daf99820685dab542cbde741,1,1,1.0
a2b50b2b016ef5a491f853c97cada425,e301481a04be1d41e0bc19978bd9e941,1,1,1.0
0fc53a0b4ce1b947356ebd10ed16e145,83e992031ebfa03162d40df2722f217b,1,1,1.0
14436a8cae27ae2b55ad8714aeb33e49,3c1d098a6a25de6732b42edb29fd76b3,1,1,1.0
171329b53da535931e000f1350ea56f6,7ff16ad2e795bbfc09bd07c19f45712a,1,1,1.0
3f570fdeec0a1c6ca5c3a63b47c1f821,ae76d876d1067aa49fa661723d824ed5,1,1,1.0
651b9d14ef8acace2ba68cd88674ea73,c5c01882ea07c96a3647823205ae7187,1,1,1.0
3b76c91308d1f2acacc85fd88fcad038,ddf0c995e1c2b2be119f15512d8f28b7,1,1,1.0
1ed5f142661881ff90229873b5c0df18,a29f060216c979b806484cb87c3a5843,1,1,1.0
442128e0c7f34325b757846c8678cfa9,6dba6f8d6b28cb57dc4c873f578d5086,1,1,1.0
6424423121df7517efd1fa700283c47f,716e8ba7640f8e31ecff01158e45e859,1,1,1.0
1cfaa6259795d9fe6387667a60414392,5ef7a0ac4ce3285fa8264b9034b3fc0b,1,1,1.0
6a1afdc6c02bdfc2997c11c65a5771cb,d268084c48a453e8a5daa566ceb9c5ac,1,1,1.0
edb69d7e7f28b38c52228b3dcb4b454e,f5b897dc4f5070fd85e2bb3ac2050e57,1,1,1.0
1e24bcbf79c2fe9dfbfc065e1a6c4780,5008510088b7b108942cab935e55747d,1,1,1.0
8aa01aca756c6533618555d7195513fe,f644ca019b90461d729d1d07fecef6bb,1,1,1.0
a7d4bf537dfe277f70e1b63a2ad1534b,e94315e85e8cd829a025c96474438549,1,1,1.0
45eda2a649bd58b167d328bc06e8dcde,daa568f5999003d872a237be0434b499,1,1,1.0
86abe4b00863e028cd0b291f7d6b50e0,df29f47875551e7560d400281cc8bc85,1,1,1.0
1e5067d5cf5782146157fa0b7817ce43,68649a15090c8f4eece0a2be912ab5b1,1,1,1.0
153dca32dbf814bfc54d3d5598365111,9ea47ed3724ac2103d891a0433d95de9,1,1,1.0
71cf80748ed347ba6a5fd7e0a0828eea,a332b2f91037ef2205e2fe0c7d9a88e9,1,1,1.0
067c8117bd9b4f406301921f6bcfb04e,f1ffb22dc326bc441d4227e481e19518,1,1,1.0
1f65a349694b2cde16766eb2ba100770,cf76ef4381eb93e8cca57ff7108cabe2,1,1,1.0
da32b742431f04abc1a90b68893384bc,da44823c9902dcfdfc8e99d6369797b6,1,1,1.0
5e173e3a61caee66b96f214a6e5bf4cc,62fa7db3109aadfd95bb2a1c4d236442,1,1,1.0
9f821224cac94dfe6ee16f897bb9a953,c6045f53afca3e0afbdf8db95e7e1b96,1,1,1.0
1141580f2927c2954ecebbb621eafe02,a63a8ec617c37e99ab2c48af8b442ac6,1,1,1.0
2217c7e0ecc67ae53ab2a1b7c4c73fde,996d5fb8a5736b0fea622c72fc1026c7,1,1,1.0
40d6c19cfed5411db0e1300a73d8d25c,5957410ced0fd9bf30b1612ad0e4beaf,1,1,1.0
29c8fe182fa5d31ddaf0d32285d2a0a3,6cc97df6f83c4d09d9c75bc9cf2afd50,1,1,1.0
0f51488dad158188b716da8282edcb66,90c80136382423c4e5a5c128da797b65,1,1,1.0
55c30000d759e95fa8d94da28ecd3288,6499986b00d14fa984d68727de0c2a17,1,1,1.0
2565b2a15c99a63ee6146dfc532f068a,5fc7e4fb64cdafd77b732ffe2e9dbf32,1,1,1.0
7f84cd18af38cea35e6427fd044e0931,97b408a555f76002001e4f673f6fe8c0,1,1,1.0
24131c6b3a459f16b8c293562e54b4da,d9c71c881802a7ac4d34619f175e68ce,1,1,1.0
796d1c459382fbc03c2012eb91584ee3,efa1d06033457a7e39a5fa71201f2b77,1,1,1.0
920dc471f9e6bb870b2aeb5135ad1690,c89b42500fc74b028d6f5ccdfb3d5358,1,1,1.0
5f00de40d47d4d43bf38f0b34f7e694b,a59de7e204a062b46afd519f73e60260,1,1,1.0
42779538173a32e16270a30221b35c74,513a4ee43b161e9e565bf1831cc705f0,1,1,1.0
711f2abc1f74c977b64fb9320ff5bc64,a8621346428ee8c7650461c5c5beaad6,1,1,1.0
821a512044e7e24ecb0b67338205fa7d,b4eb54a0c0c41f8d125f43a26546a6ea,1,1,1.0
35b34e59aa2f70737f40f2bdf80077fc,4d2ecc0f7c087c8691cc36996964d417,1,1,1.0
be5265d8f173d7f8538dfb483e97e50c,f5d6d5ca5ebb427953236adb8e91aea5,1,1,1.0
2dd33269ef4cd004e2d2536fee365b56,7cf88b97623f81b77328e4c519db0bee,1,1,1.0
00f326313b0a02392c17028f78338df0,95a3dcd03d8086e8510d9fe16f875ec7,1,1,1.0
2086099057e5976dfba3aad20713eac0,f9739394ba1f9417dfdac702e30f4b44,1,1,1.0
0ae906aa815502181b814a40b95068bf,23eb4dead10ccf85749603687fe9e044,1,1,1.0
922f3c214edd3495d08c431c4def945f,ac9865151f92ad898ef72e1d30ab459d,1,1,1.0
69e27423d164d49d94d6be3f2d798320,8b6c9af5ae36593f4a83dfe44030b4a3,1,1,1.0
433e177c54376b623d0c9608b2d2d395,aba5e6574122629e4f00bff233170a3b,1,1,1.0
a00e0a3b162f9b407172ffd674477ce7,fd9ec1edc24c8e14a0ec6d43a4a784e2,1,1,1.0
38019b1f69a4650e3a47d014d3e7ef12,e42751c87c890bdc406e1b8cd738067e,1,1,1.0
1d191e1fe1fbad1c0ff0a65fcb6802bb,22d296a5c91c1d3c2404b47e64168707,1,1,1.0
7f3a72e8f988c6e735ba118d54f47458,c1064cacd1347c63effc6657998eac58,1,1,1.0
34adb50767b04238054ca1f76ceabe58,462b7e5c835a073e9167eba83228f185,1,1,1.0
48770182fa1f6631dc831cb4a99ca859,f63fcf3596aa843b978f6c2edff4be06,1,1,1.0
4114eae158719f038a40a33aa4be5678,ca7a09adafac0a319dc5a13f15db6801,1,1,1.0
407d48573b14b83f43721a9ddc910249,5b66137675c164a7df3b639bf1e86134,1,1,1.0
245893d21e95542564c17f06bf854972,daba2e7a00c149161c68cbb18db656a9,1,1,1.0
51d8ecac1ae895fe0f5d1126f1e9bf8b,7e16dc849b8d954febd4c2ab9a1b1c60,1,1,1.0
ec2121e4614c17cbad97cc243a299d17,eee67a226fbc44e23e1fd7e747b3994f,1,1,1.0
86d4ade546938f7f81621ac41a89cc5d,9655b8c752db36de445c5896def6225c,1,1,1.0
8b06cf67b3666ed9ddc62016c194dbd9,ccff55a63b6fa9b20b82336de002f30d,1,1,1.0
33a6089098e9cfc00d0c2d38f4fa3db9,798c51ba7cb7ae0428009a93ee51ebb8,1,1,1.0
82e16480f3404a46a30cd9976acdb161,b591f5bf6d3e9cdf40f968adf9ce2748,1,1,1.0
11fa3e53b2e418ed264079f0b739ae68,7c732327f84562cc7b60128396a74439,1,1,1.0
28ec5bbf2fc9dba70de0e7526ce2dca5,4cbdc0f2029c78a012c400623a82e55f,1,1,1.0
e46b2836127132b5b02441ebb2cfecbd,fcbe44facf671aa94ab5aa692af24c8d,1,1,1.0
47785f23f38b208f70c7bcc32c282953,6d286b9d631a22762e1ef5209ca76ef3,1,1,1.0
11e34afed2f0357f6c4d5220228cd167,651b9d14ef8acace2ba68cd88674ea73,1,1,1.0
c7fa86b24c5659adf36cb075a5e27459,d632eddd34f00aa9d19613ba9cef6294,1,1,1.0
50dee0f0f4c9d0d69da4cb4155da0463,c68dc865a7bc698c90e3e42bfa063615,1,1,1.0
007953b3182d5ccc9189a694f5c68163,abcf9966ccf5fb7a0afd4956bc8bf62c,1,1,1.0
11f37a4c76959a071e5a84e2d3c7e365,84962c23f676d019f5d37639270d0ea4,1,1,1.0
033ba6356def942d520c9bbe24bb1d28,fd0b0f2d8971b0fa0f0a69ae49aaffe2,1,1,1.0
5e173e3a61caee66b96f214a6e5bf4cc,a8d5a736f4170bac7347f216bf803053,1,1,1.0
85f3facff98f4dea43b15629933ca91d,a05a38ddd0ae67fbf4c382b68c9b1674,1,1,1.0
1184d75f9890549854acf4e919c6a317,f5dc702f5cb2bbcf543ecc755729a99c,1,1,1.0
a577a200a23467257794210152357aab,bff4b20991a5c616f5f6ff0fb6bcf0d7,1,1,1.0
0e38c77c4ec12e3a37ff3a1331cf54e8,588a5a88a0b494e1067d9015f899ea46,1,1,1.0
0e720d86277d573d1f63b61447f09d69,42f240a54bdc815fbf1478d97fe12f24,1,1,1.0
2761fee7f378f0a8d7682d8a3fa07ab1,8b2311048b3a63a10a5f5083a49634af,1,1,1.0
25398a3f6cea6ff9e64c4728fe0a8b24,d4810b4aac3f3fb339b0857b88021f12,1,1,1.0
3225d4447ac52d32cd299b1bd326d29e,994047b4506a7bd1e81fe983a6288325,1,1,1.0
1921de4110a0774120e8f52e572f7243,5bd5fc5ccd6596309a8206953ddce7bc,1,1,1.0
e38d9c5c8ccd7ea3200aa9a66378b5a0,f80580663d6a8552edcf62b8e417c88e,1,1,1.0
015cd0b039aa3b36cf78f41d8f54e3d0,2c3315bf85685cb0ef5c90510473cdae,1,1,1.0
e8b7beb6a236d1cc99740a4a3632f56e,f59f8f274e9eea9a4c3251c95a47e1ca,1,1,1.0
98c649b3e1f11a006815cefbba97acc6,c2850912977916129ab521d1cea9ad7f,1,1,1.0
8d2d7bdd63b8b61be03847a0c42820ed,e21de6a27b44cc95f6dc39e1ceb47cb9,1,1,1.0
eb5d49267a0c78a78871217c248d6dc4,f11a41009256bc429b6655cfd2ba1c63,1,1,1.0
47a71b49f98984efd3c62cb213f977e8,89bde7528daf1d2ca07cba7366a3eab8,1,1,1.0
16746cee4fed07f5ae8dafc90fc0025d,1db6e2379b6724e9428470cb30b60bcd,1,1,1.0
1090fe4c57ea2a018b442a61d09b3e95,6db338b8c4668e9e6045c00f4666cda0,1,1,1.0
360f86da5d33b620b9f38bfcf717c89e,f67b6419ca1040caadd1ffd6d105f4b0,1,1,1.0
d292ad7eff428f42ea0eec9af09a007c,f1134b1de50308ac531ffc9b4cec06d3,1,1,1.0
224f7dc1344ecd979b9c354e2be92b15,3ec35f267b1d2635a9e7a28752a568ce,1,1,1.0
494263a1b3647c57d8414039812ad9c0,5af9e3c7acac75b674e2a7510bf32f69,1,1,1.0
04b4f3b816ff05fcc63b8a88e1f65b63,f188bcfdf0d853ae624280116fd6009e,1,1,1.0
9b60266e49ee27078f2bb7b0354b274e,adee1f41a8a1659b461473d88cb6975e,1,1,1.0
ab93d7d728d1dfe693c9b5d38f7334d4,f19d7913a34e1a1992f3ac0c9cff49c6,1,1,1.0
624efe0d20a39773fb86912608e69d2d,a8936ae98383967879ba16c1f896bcf7,1,1,1.0
01cd5bbfc2ee49abdafb429522b93fce,0b45aca006bbe2643cf4bcf4ed02aabd,1,1,1.0
415b15ac3d454f2f09088c34d5982469,c39a6431ee05633792a9670d4317a5ac,1,1,1.0
475956ece26647d620af9bc9c2297bc8,a5bbd6eeb5346baf703a636f93182379,1,1,1.0
026e135c007282454338db204e44381f,25ae9abe0b78d72df39294a640db19ad,1,1,1.0
45927267a952c1861367cd861ac321f9,ef39b38c38d61372681d547ae537876e,1,1,1.0
0b408683be00fee2e8dbfbb37d371f9f,268f67dec46731d0b3aec4305742423d,1,1,1.0
41e0ca64dedeade38fc6180a11998e32,f96fba562401ffaedb60f667b56c60d2,1,1,1.0
72799f01f52029adc1aae6d1388cca39,a450fcbdcd8ee5b47be8d61ee234123d,1,1,1.0
39d6725d99d64de3b46d0e9ba56d3cde,a324fb6c7e7c06e00ddca5cd47cab53f,1,1,1.0
8e13edec0d9b5ad8f3fd6b32a5e7bbde,e59cd587c54b08a0e738826916aa3c90,1,1,1.0
27a09991ce74f723742165ebf54c609d,ee8a82aa67708572e19a41f800984ecc,1,1,1.0
229dbc2fc517bbcda07fe730d216de04,aa97bb5a85499769bb2d80cf404c6123,1,1,1.0
049ac10f22b18d0a463429e2dfbbb353,2958e5f113a1af2379be10e492071071,1,1,1.0
a423f390edfb81997c700416a88980f9,a6127fb5d4bacfab91be2d91e929a86d,1,1,1.0
0c16c2bf769ec50d429e92ccf4a411e8,79a1efe6acacf850e4aaf7d8bf7917c9,1,1,1.0
2f02635fe98bd8c88551f06ebc26aa73,859be3e24b1d2f673fc587981b6260dd,1,1,1.0
5f9d9a6beef4df4c5fbabafb14a41d6d,d4c901e082d2ad0f25ed2b633b1b2322,1,1,1.0
88d7bbe880e96a4a2ecbf1536d72ac5f,e8b6707b80fa473748e3cb30f7271ed1,1,1,1.0
3de00390e8b61e32f1e28db68941433a,ef94319730784638e47138ded9d23014,1,1,1.0
4efdb2c26e4674bd3d71e85471b4fb51,d9052d131200e3be8a046238e11a1d84,1,1,1.0
0a91529edd0e0e5aaf2d64f8ecd9dfa8,debaae1c6a6a9329d64ab69d7c34e0dc,1,1,1.0
9cc80b2847703838fb0ced286f2e03a4,f77c39e3290fba21f96ee1d92824a987,1,1,1.0
3220a93bfab5bfd51b0a0e33becf823f,a23f32bea5b7b72d42da47dd84064251,1,1,1.0
374f827822f9f82abd263fbce78680e8,6e7bfbc2f1b96b9be02a19a233d98e0f,1,1,1.0
0ee985410cac309bb1070cc729288d1b,8f2610041e5e2f9cad31fd04e9f23641,1,1,1.0
8d3acb53746f1c8dd196754af01a6f90,c0a0fc9a402b0e6f49a05ecdac06519f,1,1,1.0
276f9dd654c5849860236cfd4c3e35a7,6e5707f17296f7f8b167406b902e0643,1,1,1.0
53e0be8890c339b1ed51fd43fd381f98,c1134555e9b70e751a09bc5908f5d6fe,1,1,1.0
6be2c252a809d3549f9287ae6e2fcfbf,df023209e19ababe47c09e3c89506b3e,1,1,1.0
b8e747dc04b312915b987395c843dc82,dcb5209709e9f7a4af74b5129488a07c,1,1,1.0
24abf93a73a57ab3fe56df52deb2c6c5,94fe756b3e56a9bc28dcf7f832f0e11c,1,1,1.0
6a0a549e7d20a02c112dc6be0c395a51,ce70947f651d0183a3fb1a6c37a5affd,1,1,1.0
11261d6c406cfc26a6749bd5cbd45be7,8f2f3eff3ab35f117529cc568e323a68,1,1,1.0
59a4828be7800b5903e049b4207fdd5c,a5c38c4617276bde11eaa20396bc0859,1,1,1.0
703a092c0c6166785ec31de84c4f8e68,b0ba2e0d0afecff3b850f4c9675b6f1c,1,1,1.0
aaf2735264f8c3c8663e37137a9913a8,f9d364fc4325aa3a238fa52a8b92b0c4,1,1,1.0
80f50b80a006cb5521d2be7d8fb3bd7e,84e6344dba04579fafbfedb7e49957ec,1,1,1.0
175bacbe6e17a305817f24b9ec6d22f5,9694ef550b14073aa83d58e7b080a736,1,1,1.0
57364d9e6d7f13cd03c62cb7a6d28e7b,f272262b63e80c07cae02c8f07a777f0,1,1,1.0
6c5ef2ca47b7bf93a4eebaa705c3e2c0,b5888ddd6375b6eb28e07d26a8dd75e3,1,1,1.0
65f05304c0ace4435ca500d8e26cd23e,af92391646450f998e3682e0d6a837ca,1,1,1.0
40a8a222280826e2de19cb02a7675489,b1bc8a8dd78dc041e0561fc49ed2b591,1,1,1.0
20ae7f5cb408302fe02d95d78c8d4f01,d17cf621fd6150d478c7a017158db8c7,1,1,1.0
9811341012232acb695c989f1fb0c14e,e7e71f4e4180338d304ccaafc862e16d,1,1,1.0
a187c6cdc4e0f4c009ec12186668a7f6,b991b7e059c4f9e3743242db138403f7,1,1,1.0
8fdf286f70c128cee33b6efcbc5346ae,9bb0ec72e0fc4088b5eacfeec3dd3bc7,1,1,1.0
426d44d7c495e41dda1d9147a84128bb,f85ce0e8b4f3c58759f9fda69515aebe,1,1,1.0
e302f39a1fe4cbd92cbfa4ee2ab5d7c5,f3a6febe6e4236817f26caf440beea4e,1,1,1.0
3b6da25db459301fd8fa658cc847205a,eb1b2be611df633efd1e7b41a5b54ba7,1,1,1.0
59320290aeb1ca17c488a7090a1c0944,deec1195aa524d200f3c9da638571d86,1,1,1.0
6fbff4197c3d0ec405bc634c848778ab,f7ec1f1dd2af5c92002dd7f04a796928,1,1,1.0
b23300d8a38e47cd4f2d402c06879337,b93daa596df18a4a20edfb7d529ebba7,1,1,1.0
1321d4bbcb405b2fa4cfd37d3e1253b7,a1a8261042c9612dfa0408406164ce66,1,1,1.0
ca3e6848ed24732e7b69944ea7b95cf3,d5a9d15e470b34ead768e08a7f1ca239,1,1,1.0
3132d86f62f32c88fd171f0a25012699,c7c025b50e210cb7604b461781209f5b,1,1,1.0
c77a1acd947a35fa2738c22f371645c2,f43710182f400d86a9aa16fecbbfd6d0,1,1,1.0
358e9205c1df6c01c033d87d2b953d49,d73a0a99c82cf71eebd0766a8ea51ee0,1,1,1.0
6d5d58a5892a5ce6f002010853e552fe,a6613158ea14aa56bfa17e0d5181a735,1,1,1.0
81ac943cad1306e6d011fe9549c6da41,b0ee012d73e45b623c092e8d3e2c3da8,1,1,1.0
77426f7a06e493a618f5eec875ee7450,afe83b0e19c8dabe4155e086e0055107,1,1,1.0
9e40abd430fd934e5b84d89c23feca2e,d83270ed090b33b1c04a74c698bc87ec,1,1,1.0
4b5fe1a918e5ed2a0f61380b3d280090,c02f2b5263375ea7e905d4c20a2860d2,1,1,1.0
424aca6872c5bab80780a8dec03b7516,fcaba43cfd594b9a6e1389bcbd33d5bd,1,1,1.0
18456c8e7ea3999df004a87121851ef4,6d5d58a5892a5ce6f002010853e552fe,1,1,1.0
23febc782c96a86789d1019d7035afb6,6b88742087572d31173533e18389ddc7,1,1,1.0
d48638d3446e1d1556b850fdc3eeda8f,eb8fa2237c8dc803b8b4dd1eb2d44d20,1,1,1.0
416f8cebc9e3455b81aed90642f926ad,82cffd5880c953933b9ebe4e4789edd0,1,1,1.0
1b4a29b662a69713ac6501b2877602ca,239a3911f6fb01d5ca67cbc9ad80f969,1,1,1.0
783ac10aa7a5cf153d10402b93a1ee06,bacb93ae220562bbec5b93899bf028d3,1,1,1.0
2b22fac410c77b08b937809c68e7481e,bff4ef831a377c4d6e06be5dd035a8d3,1,1,1.0
14c310d62bcd7be319b54b747eeaee62,53abe746f1575f367bba91359eb029ba,1,1,1.0
5b74d241fd9d33618a011bafe4bda914,628c234d67acf8b53909eb2071bac63d,1,1,1.0
28ec5bbf2fc9dba70de0e7526ce2dca5,4c1d41dc41656b0b056595efbab91098,1,1,1.0
1880cba44eb374d1e5b26a2428300754,3982801e677454880784b1344f467fd1,1,1,1.0
0808eb9b0f2117c262a635a4f8bde1d2,1a74d9e5d5382168097ec7008b5ce470,1,1,1.0
30aaec8cabe3ac4410e840a5eda6a822,7c8cdb09963770391622f23f120085f7,1,1,1.0
405f3ae3f5a9f64c6fb1ed20707e5c18,b9e9a0ea97182194d0b96fc7b5cf4b8c,1,1,1.0
1fab09edf6749cee5d6829be35daa13b,8d692a436fa634e911ebb1e69bb0f481,1,1,1.0
5a1660d7af1ab417e55c72b396010989,dae054c51b471a09e91a443b87d16c04,1,1,1.0
e94e6e62ffdd16f148f9496d32d31779,ed7aae0bd6dae2a07a54cd4f9c0b9b0a,1,1,1.0
aa7fd117350d1c36b9614a12fec95d42,e96e7e19763d53f6297e68b6c1ff548a,1,1,1.0
1e8335fd9d2436f676aeb0b81b167968,970942ba437aa919201fe7c050e9bf71,1,1,1.0
82ce4edd273acdd79680c741648b5811,f0bca8c4eac3e23397b131fcf6c70f0b,1,1,1.0
54498eff75bbcbdfcf2bcd61096f8c04,979c7ce4919dd462f9cd4ba4608b829e,1,1,1.0
0d5ab1fc17d8e60b3ee1e8bad41aeaf6,510dda23465adfaed4ba7f32e0e09a51,1,1,1.0
8b06cf67b3666ed9ddc62016c194dbd9,dc7834a96c0a7d00791c270c6429286a,1,1,1.0
2761fee7f378f0a8d7682d8a3fa07ab1,ef762e9ac267eceb5bddd89b44a74075,1,1,1.0
441a7498e6df67512bf1821ca6504f26,675b17ac4da7e93fb1728c7b2bd5e1d7,1,1,1.0
a8cefc19c0a23d9ded718fe280e86498,bfca6e3019cdb33c3159d8c337cd0e4a,1,1,1.0
5952549a517793e4cc07f74628343146,5ad58a4e6a1a656b6bed070cadbaa003,1,1,1.0
31769e4868006bd8b9f427adb05a27bb,b4a5f78a2ced5a6fe02ffec98e1c92dd,1,1,1.0
95e3c8fd4233b735843cfa9f150ce487,e34759a74542ebac6726b4d02394fe02,1,1,1.0
3bedaf584bf745369453ac59a1d74471,f293f3281ed5deb4042a891a5dabc3d7,1,1,1.0
43d8583b06491695df9872fa1ef418af,6692c140ae0376634d0ccdeab167d82c,1,1,1.0
6e6c1d33697978556243175000662c81,ae96f701e06ef9eccded6b629b00500c,1,1,1.0
e973edd68791bae7747c986eb898cd00,fe4e64505d2a68284e44481fece7b807,1,1,1.0
38387af23b2136a4cd4dc2f7ce9a6c77,e106b0bf1efc2352bda60eaeced76675,1,1,1.0
3ebea3b6f43441f680403f99a2d0bc59,641bc928aacfb29e6eea8b415090965b,1,1,1.0
44138344ade9bf748ead9d7d5a58211e,67389771199962d3a79dedf3277530a1,1,1,1.0
5db83eff178f06b6c59d3c6edb676dfe,84221ef6a84e65bd86d451937df0a476,1,1,1.0
d3447240c4cab426cda9a36a1962f892,f16ed8e2ddd5b798116612f2dcf3d523,1,1,1.0
0362cd11581b91270ed0b9a1028b34e5,39aa89a6522cd9e2fdc69f5165bde5f5,1,1,1.0
a961e198a1d400e99c02e8f4520f763c,c49d13d6b244803683d21634ede21f03,1,1,1.0
3e9b91e124e3ce99d298b10573f8d17b,8ce1466844e91c831b7ceaefff65b18a,1,1,1.0
05915465847795db99787e08bb715603,121489c28952a38c98e5c6793e94194a,1,1,1.0
77fd7534d3709c38cf8618fd1015d0d9,8e58b718adf51f5928dd98dbae28d89d,1,1,1.0
50658d1d512126b98a482b1bee95c888,8524ee11b088629f32d03cddc64added,1,1,1.0
2420662d39289d527ba8b94aaab3a281,d8d0db2e59c48dec4d157a06ebba01ef,1,1,1.0
3da69f2651439353d2eac18bfb33b15e,a620e399d71800c3a5a528bfd42829ee,1,1,1.0
17cd440592c98a8dbbf7a99963274ffe,815161dd095d48c21f6376a792b5015f,1,1,1.0
1ef654897cb6d035dabcf0d8063dffc9,9c996103b1a18d34dcbd1421df8f86fd,1,1,1.0
1fe50cd94406c78f63767a9218ae2a6c,7fe804f9fbcd689a32012c4e4e58d710,1,1,1.0
62bc52576b7c3dd70b058fe576093165,64653108333e6e438cc0ab52fb9ae8f4,1,1,1.0
3072b7704d35fd0b53b94f5129ee8dea,6ac7fe1248debb910d994bf2e7009856,1,1,1.0
31dfbc935e91c88c9670960adc969234,d107d82df1de6a2c0efd52d8ada0c699,1,1,1.0
3c5ff761d061ce0996eacf738795e760,97a0c4f33bf1982206bc39b40e040e50,1,1,1.0
c2f69e86c8ecd0e7d65df05c88eafcb6,f0b0e449bba201325e533f3f18596296,1,1,1.0
02c50bd7d8493f3db0d49f4201ba0384,94b8135936dd26f8724e759893e10cf8,1,1,1.0
43069068a21981fedb72d1985fc81616,fd5fa9d98454b4d02a677629e18f3717,1,1,1.0
6dd3770f5bd351514846068428e2b292,74072b8c3b18efb7d7ad672f4691a24b,1,1,1.0
148861c366c5a8c1c60cdc7690aa7ff7,180e4e8f85ccc2696dd6de4e0f153d04,1,1,1.0
2d994dc5dfd83c29f82519aa9a0b0ba9,fd7db41342c8a939b94a2e924993f84b,1,1,1.0
5770acf37ea686c09c435086aed2cfcb,7cd0ec44d3c020fa2f62379fd2b9e1ee,1,1,1.0
80f50b80a006cb5521d2be7d8fb3bd7e,95cd3307a9284d501115da7611ee8133,1,1,1.0
0ff06fea306b3e9a4f7276283bd93ec3,12f4375ef1a68ae1544e779b1db0efa1,1,1,1.0
73d2187253ae230737dde9d6779ed9a0,e3297f28e4e7500951b5ef1c4b35c5ce,1,1,1.0
2b1c17f524720a484f86dcb7d454edef,9e77b88193d0da6a24156c12b698ade3,1,1,1.0
7cfba6e55439cae3fd2479d62fafe67f,be6eed3e20141b5e92422b03e83ed08b,1,1,1.0
911d8d8b9caf08632be0ed8889151d8d,e8a89cb5ce83d81147477839ecdf00a3,1,1,1.0
5e5c5a37fc72bdcebd10057728425fee,7fa934882c38440ba7f13ea950b869e3,1,1,1.0
1c0e38631e8cc579745c0da8d21b25b9,683aa0a880c1e5b4fe2aa8ca8b6eafd2,1,1,1.0
417231f77913628ff188d489d6b5f9ad,e017db36909fc33b589b0570c068a574,1,1,1.0
1a2d5c1632c5aa94b031754125655c1d,4bdc9a280b4488f012fc46108b82b700,1,1,1.0
3b77909bfca56bb59872359d7586f8ef,7e063d87578c3438c8c086b4d5c93df2,1,1,1.0
321a3e8cd267a0eda1010b26e921731b,91a74261e8ac51fc4fe3c1614a02e998,1,1,1.0
8b2b8cea5423ece6984632540c423aaf,94939fd11ba6e9d9891ad1eef88c4b7c,1,1,1.0
303f017ae2c2060a02ec82af95eaf1ce,8a9e587e6ea266da537886552c815d9d,1,1,1.0
5f96ec83805d059fcff96db83a407338,600018d72cf104318692789408f3d46a,1,1,1.0
aea912932dcfd24b192a0445ccaa7f00,be27517f3c2c8e420f020bab4586510c,1,1,1.0
2d53a70b3240e2e08e214b2e0841d294,2eb9ff5cb02c68fb6766ce8eb07843dc,1,1,1.0
581ba67988bbabef45ed536734b55f39,61d6e3e6f112347f587c586ae6819af0,1,1,1.0
351720d06536d374631362d8ed8835d8,cef52ebf681cedda55ba6ee34e288255,1,1,1.0
4281cad3192208b2d0100eb08c8f6fce,7ba7e144c6b6132beb8826e32bfb8565,1,1,1.0
613259d64ba972e49dc25b019b7918c3,749943913a9851a39c9baf51877fbab6,1,1,1.0
56bf49c0093878eaf302e04c8104e884,b5599205c271f90250763ecfa88b4b21,1,1,1.0
45eda2a649bd58b167d328bc06e8dcde,5013f16eda3d3e1d2388f4464edea370,1,1,1.0
97b408a555f76002001e4f673f6fe8c0,a7580eaf5fc0f7b43e95eb59e405d323,1,1,1.0
3e3eb75c7d1339dba4a8bc472244032f,c81165a659fedbfa8ed0d5c7e0342f40,1,1,1.0
5b53a63514dcd1cfed131a137fb67fdd,a2058e072a55d42210fcdb91d837c65c,1,1,1.0
0527ba077d9197f91cf9b1e0f14ce984,374c118557e479071f9f34705b3a96c1,1,1,1.0
66f7b9ded1baa17063515d99e91f9563,e68f08af2fbfe672699b764adce7da1a,1,1,1.0
5b8b8afbf37c38e18e196e47078854ed,b4b26faae91bc1b8f9458d29bc3c200c,1,1,1.0
1e86f85c847ba1d29cf9c30fac52a78b,3a4da0e9212bad03a4258e25895cb237,1,1,1.0
31ac267d8742b8784acf15ff27cc9810,40ab3e4a058e03da00c83586c4001193,1,1,1.0
509f42f39529fe1be81dcfbb87efb93c,a4552af6be904c6a8ff15bb23f111203,1,1,1.0
75a2e0bd740611a5a4cf01fdef2e710e,813fdbc692f1b60aaa49e6f2d27e4aa9,1,1,1.0
2ba2a64ec7aa8e278ddc59615dcd4dcc,e59cb5b49e09e9a5be40b2dcbf9e1f77,1,1,1.0
259a0ecdf2ae510fb368704926f1dd2b,adab55f053f73aa95c41b67a9513cf8e,1,1,1.0
4f99c339d669d50ab3d87009990197d8,ce8865c80c91549c0bdd2fd8da37d394,1,1,1.0
a60f1a0f0cd8fb2f1f68348c98841558,f5810f067e52b2c6e4f472138f3ca3d8,1,1,1.0
2d178f990a941521701a798ea92d9a11,55e12131e118275363fb4329662db57a,1,1,1.0
d13b88a28ea8065fe26fc7548f9f34d2,f73805d1c1518628522dcd04bea2d3b8,1,1,1.0
60eacfc2e0f80149eb337cabf09574ad,cda22de6c3a0a75fec9d8edc168dad35,1,1,1.0
388d85114f07785bebee4120646662c5,8f030ee45c3eb5719fa76a2dad346ca4,1,1,1.0
92f632476263c367b4298378f96fcd2f,d9d82507c6a42f5c5abdd0c64e82b6f6,1,1,1.0
a053b33caad9b237f40a312e1dbe7af5,dd83c210f2179d6c893b5c0bf9da0268,1,1,1.0
3fc557057f34435f5aec6298ce5f5bc8,bd8018ad6e122daa06e9a5abf75b8af2,1,1,1.0
4d498c96e9ef668a8bc1b835cc2724e7,ef22c3bb2d1a88107c67d3af5400b6bf,1,1,1.0
597ef8cb19501376ed11206094c0f3dc,9c2e4dbb6fe2b2788be96a4cfe8e16a8,1,1,1.0
01029c2615eacab8d39f0450e6b0bef3,1f6e3a4d6b7d81972bd5086cbd4e1d7d,1,1,1.0
047b974b874ad791f0e3e56a13419e93,145ec316f5428699441bb4e42ee44280,1,1,1.0
996b6f9fe3bd438180bd37ff78758d29,deb591f2f26d21f900e7bc5b800c1ca4,1,1,1.0
4d72e3ea2d331c774abb707030dd9ce5,db4c9085c1ccf23770e0808447945140,1,1,1.0
5a6b5514e636a2cf9fb3b08f277ad865,ec5625006d029120e338890c30ca7669,1,1,1.0
e9208400ec82e1a949bfee43628a6e76,ef13abbd47a1708370f8df7899582a16,1,1,1.0
3174a996d8e1ad133337531609f98dff,4e3971c7d20e9267d9374a097c6f49c1,1,1,1.0
12611e5049d58be3e7edc5fa448d9ad4,c1ed39f68b83b774bdbad90b46178ea5,1,1,1.0
0006fdc98a402fceb4eb0ee528f6a8d4,af3d2f0a9f1444d70aa2f9934019504d,1,1,1.0
2e5ef59ba3d0e5db3fdf33cbf80aea3c,c03079f776dd7601196f3cfefc4f2da3,1,1,1.0
4a92ba1c862cac631ed27c29f6cd7fb5,b566f46e68c9857e7103d294f767870e,1,1,1.0
483bc92f963bbc90c3006e11f9ac552a,7902cd1145bb7d876512310c3baa3f01,1,1,1.0
299622c6ade91056dc308a093cb07aa2,2e6d161f11b24170c9c174835720d0b9,1,1,1.0
741fbfbd28935099fea8a0088f2470e1,be5265d8f173d7f8538dfb483e97e50c,1,1,1.0
3032a9546067c1c3e06f886c700a5187,94ce448a2910cd6918dd4389fa88ddf9,1,1,1.0
1c221bca64de574edba9d68367390227,fd34bfdf47384dede1f18d1b53d2cfcb,1,1,1.0
8cd56cf80cb6222244a73524e941472e,f5e61af59a1d083116d1470d5392c865,1,1,1.0
51a3c390fa17c66123f1b700816b111e,65223018eb7238dbae3ee0a681f5901c,1,1,1.0
7fbbcdacab871435c9318d8b913b4548,93d60512ee5495166c0cdb8a2764d5fd,1,1,1.0
2a98d7018ba221c3748b4c9f23a1d31c,81d28d6f543e444ae5d57bab7fe69d32,1,1,1.0
83471769a2055c338c03fb17e8ca300f,9ea40717f597f2886a1e7aeb0e8207fb,1,1,1.0
45bc5a4fbc33e78db4fdb53139eb7297,6647ebf979c73cefae2d0cd5ff3356ab,1,1,1.0
61a5911707404146d998a28b3f5e30b0,dfbe62aac5acefab1e7041ccef080c7c,1,1,1.0
6fbff4197c3d0ec405bc634c848778ab,c82151fb9ec85aed79c8484786e36df1,1,1,1.0
81d59547135bb962c771484f86d08c11,f52f8d5f3999646f9c4dc2873274252f,1,1,1.0
1a3e064d6461fb5fba261ab141ca2ad9,b0ab6a589a96c680cefc4a0d41c3d3dc,1,1,1.0
25398a3f6cea6ff9e64c4728fe0a8b24,ba7a1b9e31b148e55b016a0c1ffc60b8,1,1,1.0
284c24639d06fd022ad9105c46f7f923,dda90bb4c938964d9a9a6f30258e0782,1,1,1.0
829b8c422d2a6639c33139cd6ad1c4c2,a3fe56696ad23369826ccb398826550d,1,1,1.0
49a7d7f106f6adbd40721e2685278da1,92d64c6ff7a4ba537a0362f8c8af448a,1,1,1.0
31fbbbc073c459e8e38cca0610bb250b,5914429b9cb0e9fa4066c7080f4537c1,1,1,1.0
59702eced274e292fe98816f81f902ad,f2e715b2da62fd0d1cd7e41f80ae48f7,1,1,1.0
959f4001c949d2e995b59f384aa181ae,c9062f49bede4ea3a6034463524e3be1,1,1,1.0
39d6725d99d64de3b46d0e9ba56d3cde,ea5ba533074aeff0844eab0c690b2c7a,1,1,1.0
695ceaf24e4da77e10385dfc7829a701,97a2eec602dfa014b956a2544749b594,1,1,1.0
5441ea58ad29bdc53d456f310654639d,82cffd5880c953933b9ebe4e4789edd0,1,1,1.0
a1a8261042c9612dfa0408406164ce66,f251fa47f92c30e90adad31062a96a86,1,1,1.0
78c52c4bf8ccd7447802530656e3d7a3,df55bca3cfc1bf7857569017e59d364c,1,1,1.0
5097a5312c8b157bb7be58ae360ef43c,b278f2e3eef26f3667e7aa7daa235ade,1,1,1.0
93e3c3a36bec70f3e91f41fa0efdb8c7,e77b6fbb0e90fcbc1eb3b91829ad99f7,1,1,1.0
f7d1e87c59755fadcf28069f3da6169f,fcab9346a63e15349572e6f396f8b213,1,1,1.0
513f80bafbfe8644ae3f1b65f1fed18c,875dad3047b8db550029d943f725ed1a,1,1,1.0
2307980125b4ba9d03e476bedc0caff7,286981bcb37cb55d725d9f2c3bf72c2a,1,1,1.0
0ada46296e2454b568f32413b14defe1,19155174f7c66d50d2021547e0ce3f55,1,1,1.0
97a8c192968ddbded45b8fc64563ac3e,b9d026a7323a6a6e96961d4cb2ffc902,1,1,1.0
4bc530761c1b59d33d7c6cb640d3ee78,f82b0e85e87a23afb1dbbcefcc62f3b4,1,1,1.0
5bb37d32974345ca14be2984fe1d5b7b,ffb2ae2aa0951d0885d7cd9a218b0c46,1,1,1.0
0ff06fea306b3e9a4f7276283bd93ec3,40f8c65b3ef65fefe1ab5ea61b6e0ab0,1,1,1.0
4badbcac33ce2de21e8cd1eb1f5d0770,706530a9bda6576aa0902ae0be79c689,1,1,1.0
156d8e7112259cb21194a24fc41b54d4,b26517697abc966b9d0547f53ccccbe6,1,1,1.0
12bf514b8d413d8cbe66a2665f4b724c,dc931e62c2735d4e387d880654b1cd3c,1,1,1.0
8066d1ad4d1146079bd23c7350674734,a3ce08dff231246c8bc55400c68ffaa3,1,1,1.0
22d75e219121547b55f0496759d32929,29dc4aeff866d6a940c471a3ea4faef0,1,1,1.0
65771ea16b4909fde14e874d56fcd439,ad1a4069ee33b2920a5905b2ee117b1e,1,1,1.0
970942ba437aa919201fe7c050e9bf71,981aa6afd62a1ddc2685f8ddf0b358b3,1,1,1.0
7a43409c4c6353f9e034bb5f4881e1c2,b3a893e4b097bbf72dbb1ead256ec665,1,1,1.0
14bb46fd695776fae3ba087fc3fdf747,d2fd01ccf79a472224ca397cae3dea23,1,1,1.0
1c2749d18aafa501f6e263862d7a5785,8a112691dbf8f0511f4a5a358656b511,1,1,1.0
71869d940bc95136738f7ab1b004716d,b9f8839c38cfc321ce5b3d3553787ff7,1,1,1.0
7d1633430ee94aec4c3e3aac378836c8,bb51d7ac6b6df5cf0c65c9f89371c654,1,1,1.0
b5e6527dc5f242231eb0248668eb2646,c2d1e7d0b5c738044ddb4ddb0ed1a16f,1,1,1.0
2774150e9936d809c868608c41cf5ba7,c33083d8e5fc4d5367286d199538c49e,1,1,1.0
1f3fbd7ee39502db33ba855076af20b8,22e1c4c08868ded996e4a74392f2cea9,1,1,1.0
85e5f22813f824080e7576c41336246d,eafdbb94b69d97623fc6979358679f37,1,1,1.0
38bbdee49c638fb29fdcac9665c27ee6,f05fa2c1130ab3c89ea4323d3bf98495,1,1,1.0
1014864fdce7428f39493d675751d52b,832d9b1424ba5a4e691bdb0bea10ccf8,1,1,1.0
5536c239ecfb58b8960053c6f855b4cc,d2d549c84bb91ddac8484347e9ba87e4,1,1,1.0
a20cdc29893c82874d8609df52228828,d18125b8c0fcffd0da676d56fb581bee,1,1,1.0
16db8fa758d97f144fd44ac06f49f072,351720d06536d374631362d8ed8835d8,1,1,1.0
cda79a984cb522389ddedda934fd03aa,d268084c48a453e8a5daa566ceb9c5ac,1,1,1.0
373f58d5685e5d041b9fb63c7c580593,61fa499ec971af4fd0c767a7d18ee01d,1,1,1.0
4a49b885a757d5fe4c27bc2ab4dceed9,c3250286ba5655a8d4a12ded47a5348a,1,1,1.0
e6b2f88aff1cd27ac49cc0b10b60d782,fc4f552426fd20dd5e94b2cc88d2214d,1,1,1.0
8f6c69eafe6e7cb3f50fe7517366902f,c2437c121c5840db3d5796efb6242aae,1,1,1.0
265fd6fdfb53451dead7aea471f99fbe,44772564e98a8ed0f1afa3bd32bed4f7,1,1,1.0
33730ab0c9a5aaa572c85eb7f07dd357,c1afacf6e1bba51ace663abbea89feac,1,1,1.0
7ff94a3b88a95eb8d8c2202a50797781,86003410d78a121c8bec4b3a57991f7c,1,1,1.0
85e2d284523511fe8f6cd5488ac07751,911be3f21248d465d1e6d9993bca60a8,1,1,1.0
d7536e2dd23e729efa38bb5c57355483,ebee9bb9ffc44a917e2dc7135bc38094,1,1,1.0
041cb18ac55ec7176dbaaed48ca669fb,400028a363e9857f1e56833f2be713a5,1,1,1.0
474dc55152d9636a4f660ca32374afcc,aed6109ee840da0ba3589f0c1103a292,1,1,1.0
2ba89e7eff6bfee5d2e755671c26ce3d,f913da7929a5d5dd230647c22c46fd5e,1,1,1.0
b44c8d45a4be6501f69e0e2d154ad06b,ff11315a5bdac16d660f8ad23ba5ed33,1,1,1.0
33c10edbbbee94340648625b58ad8b6c,f175a16d4e5581676e72c0d321d9ff7e,1,1,1.0
352794015ee3fe37f5e2753148874bae,f9e44288d7a756814dcaeb9150b44ec3,1,1,1.0
aff51d3159250387ea5417cf54e261a1,feebd1bf80276ec2594b7c048fcd97e0,1,1,1.0
41487caaa39c2f189e745d0291c0f873,f644ca019b90461d729d1d07fecef6bb,1,1,1.0
45aa78ff80a8483599e0c80fca170995,c6f724cd14019d8ba1622fb908cfd4be,1,1,1.0
9da935f0be40e2ceb003fe01731fac57,c5ae8dc077209a38cc64ba830ac26bbd,1,1,1.0
7a6e597c66635dd688f6be9d0e82f525,c8f08a0e0d8bd51f9cd27119ee77e58f,1,1,1.0
09ef00803a68d4321a1b25d4174552a0,608f53c046944cf7b3a60c13415938d9,1,1,1.0
9483d23d9928f328856978201668da4d,a7d9ac6a56705e3c7e6fd345d233f472,1,1,1.0
35e8c3d0cda1c5bb832be1e5ab014bd0,52ed7fe8a85b32a5c1f64caf1f7cefd9,1,1,1.0
a05b42abd28b0e788776cc00acca82db,cdc6cd6f0a8b8f844db9a61e779055b3,1,1,1.0
3932c5f51186189f8f28f15837d6129e,ee5f6dec066e2bd63add3a080dad9380,1,1,1.0
06171ada9d20ee81d698c39fddf04264,92dbdc7fbc3c4ec5fc1f7e7cb004060c,1,1,1.0
009890d2f2b15df1267ed7f90f45fc4e,042d75d0b730ce22c08efe5ba71b1664,1,1,1.0
d8ce803fd67cc8de9b52ab75d6d37701,f063eaa15d17c4e9322323850377ca21,1,1,1.0
504df238632748f07ecb182598840290,ccf9bb2d5ab02b4928415360e23e6e8e,1,1,1.0
452f1884976969dbb2b14d0cdd99044c,892e4d7a2638cb28bb4bcc65b6a388d3,1,1,1.0
b1bc8a8dd78dc041e0561fc49ed2b591,c1bde6763b9bddba67ab058777cbeff5,1,1,1.0
224f7dc1344ecd979b9c354e2be92b15,c697370b3cc6a831515978d389f2049e,1,1,1.0
2b542e9d53c87acac31bfb965c7c3ae0,47c05993d6a2369558d2f63dddabcf0e,1,1,1.0
2ce9d990ba191eb6c1ee524bd3a4a1cd,c6f8a0976d97dc94811f4e2beafe7046,1,1,1.0
c4d7513f13d600e335a6a34f071fbd37,ebe2185b1b6c336f75df6616565e53f7,1,1,1.0
31e412b9fb766b6794724ed17a41dfa6,c11f3aaf8e1577c0e2214499ef0f27ba,1,1,1.0
4ebfdce4ffda44b6af1876a53ed6d66f,7571e21572ea726ef7e6fee3602450c8,1,1,1.0
b5db6bae09e9f171ca16a43c5722b8ed,f5addf8db9d09d23e4c96acff06b77c1,1,1,1.0
4b0cbf5ea22869c5ea269442f9b849e7,4e22aa08fdd6afe3b1c9d0adc23694c8,1,1,1.0
672afa8a0a510643b1be75d99ec3dab5,a127d16055b7a1530476349068e3a64b,1,1,1.0
60d34509419ce4f132570db40e6ea985,ad93fad8236116a49b08059fb2bd8145,1,1,1.0
83b325d5df01a4e34241e960db8582b7,e3263aa098088e59a7c8bfd893ef09a5,1,1,1.0
6dd3c0e6d8d335ea381f39fd740c9138,d1dae3a5d39b1261850728549a01667a,1,1,1.0
3a537ad954f862d23c4f6a90066ae37e,eb34f70d5218c736c8eb38156014cb81,1,1,1.0
6f669b70cf8f200feb01c8c759fdb2f1,850c2630c733f79420a04b5c946c6b52,1,1,1.0
a47aa72870be46323b8062350f97568e,dd7012669fde4db57e67f8d243fe3545,1,1,1.0
0dbd8b3deefed9b0862939c75149df9c,b3e330237fc39387b4845e7aee0ff377,1,1,1.0
43ccb0790ee9a0c81036189eba431455,4dbcc784af3e9cff899f8e7b72ac5ce3,1,1,1.0
9ee554a619106eea8aad534209f8b566,e0bd0e2b4849ac8c2588c8a72f2eeb84,1,1,1.0
3c5b1ee70d755d1532a021f00a46b66b,60d34509419ce4f132570db40e6ea985,1,1,1.0
5884f473dc49754fcd3ae19b17466d59,a0872c0aa5ed3ec37de9002123a9ec7a,1,1,1.0
a8b63082839705d865544076498d86d3,bbb9032e147e7f048e926bdd0197b7ce,1,1,1.0
305c985de11e20cac5c0780ef4d6d1f6,7775761e92837b8c5fd964d725264313,1,1,1.0
62445cebd6cd715ee6f5efd645b10229,a9669782a17a0b5e26ebbd3e67d82908,1,1,1.0
0db7363a1c1cb618bac7b05d8276f7bb,b5888ddd6375b6eb28e07d26a8dd75e3,1,1,1.0
0b70d1e8e5462729e993c3e82ba3d5f1,b032eb4f89573f4421aeee6d871f5150,1,1,1.0
529bc24944de147ccce42b57d0cc7ea8,ba1792aceee33193d8fe49722f7c9416,1,1,1.0
2c52be45856bc61f6c0fb93eda79d5fd,9646f9a3dfd2aa3e1cd8f0d1162e0164,1,1,1.0
a542adc7c16e1f4f85bf94f4bc164a14,aff51d3159250387ea5417cf54e261a1,1,1,1.0
1163721cb0f5178d87f7f7acce41d9a6,77ab661ff97ce38f2b08df0e72c0254b,1,1,1.0
1d5cf72cdcb8fa90973781168d09f352,d0483da4154d89d9654d16a60060ff0b,1,1,1.0
1c221bca64de574edba9d68367390227,cda5477430c1c4b19bc0fd8f55b866c0,1,1,1.0
21727926acebd06a4d2aa3430eb831b2,80186bfabb22164ca06e4085b2a04813,1,1,1.0
89bf48036b70590930a0aa95057e75b0,9ea4cd3819443c9b23090f8eb0fb3a47,1,1,1.0
d78113394d16563b6cc3cb54ecc2db79,efde0711381f58230ea70436955d5268,1,1,1.0
217fa64513d05737388f6297cbe9fec0,fa6599824ade26253a6a81f85e1aa826,1,1,1.0
a3b587538d052757272cee6a79b1f4cb,f30ba18c5ecb2b814dcbf77fedcbe195,1,1,1.0
34cb980af7e2752e9b706c8acd053886,993ee523f5ef786892a3d1166ba05238,1,1,1.0
60b5c68fe249f766dc01e11e7c7fd677,f00a9391c1d606dbbcc0dabe9adfdb9f,1,1,1.0
25f24493ded5ebebc26a69b5db344e35,ae8c571034ecab31dd024d5ad236e049,1,1,1.0
68238c59076a730633bd2e71a08bdf95,9a99455e6bb6d535872c01ebd9d4fa0b,1,1,1.0
4795256d9c0959d639c3e8cb2cf730d2,51e5603fc75c806835b85d5dfee5ed78,1,1,1.0
c18ef467e477c2390f058f4d28ea3769,ded6fe3fd86ba79274deaf93fe3c4b20,1,1,1.0
5eefe00129189b523a1c1a0324f470c1,7479268b945e18687ab9f2d593f841cf,1,1,1.0
5b6f22dc65fcf1aee722893a006cfaa8,8f6a88cc0fdea8ade670238879cd15ab,1,1,1.0
40e86cb7a8a261846c16f9c97222ee06,bd81d395c0bc272346eb2e1e6d4fa2ba,1,1,1.0
a0726120dbe79e9410d667ddd8fea4e2,ee25589651507f90f480e17eb5c30081,1,1,1.0
2d4f96ad229b711b7d47aa64e3733fda,70afcf62dbcb85ba639147332897231a,1,1,1.0
08ac5a9c44cd0c632183f1c6cafc3a06,7fc3adfc3eebed5f1a9aa571c391f3b8,1,1,1.0
aa35908ea856a548bd14a41b0365ed8e,ca249a364b6e7b2849d75cb076cf51b4,1,1,1.0
32c4fcfaac74834ad27dbd738d0038c9,bd8018ad6e122daa06e9a5abf75b8af2,1,1,1.0
8c438ceb9afe35e513cf671de8a65f7e,c5f4a17332cac9eea14c1147093298dc,1,1,1.0
3c5b1ee70d755d1532a021f00a46b66b,ee95e177ab3f145dbe033160ced52d68,1,1,1.0
634673493639273c0801012b11364bc4,c99d68336d7dbab8ab3ca6627b9b5b63,1,1,1.0
a672a210c738771b15fe1c39f9612f7a,eb2c9233e39cbd2e7db5b0624afdb4ce,1,1,1.0
9f777bbc0c01b969aad3ddc2894fd54a,b1e3a89f390098128c40f6ef2c98b344,1,1,1.0
89ffce908a81bf2c434f75a6606ac38e,fbb163a516fceac80fabc33c0e0453ad,1,1,1.0
33a6089098e9cfc00d0c2d38f4fa3db9,8df90f3c2baf58eb80e804c7567e467f,1,1,1.0
0c13df50aa9b162db03baebbcbd8cf1a,bf6e263ffc1f89999827615522b0aa45,1,1,1.0
1a7b4d6d4c829e0559e700a57c37339f,3855519123c941dc735353d25756be6d,1,1,1.0
37cc82160685ecacbee8ea034056ae44,6776ae9432a76cace1d54a6fd1abcc57,1,1,1.0
6c169d70cc323a627b9e88ab64cf3d7e,a0c3aff9fee133d4074d813ccb197391,1,1,1.0
04d0240a83425b5f55229f931deb2f71,16e12178159d3c0c1f4bcc7dec6a9d09,1,1,1.0
541c0b7ffb3a98de3ad16dfb4388aa61,a410644642278171ab477d7eaff0d877,1,1,1.0
256a24db42eee1f408d7c0591e6447e3,3aea245d9232e5ed478003b4c7c0befd,1,1,1.0
80d229e87da02e1ccb5b8f7697c823ea,eaaff84ebc1c020ab83950d9303a8e97,1,1,1.0
2f114fcd7b0cae0300394b2f1f912156,daf2b5ffdd2ec8c069a516cfb9543d22,1,1,1.0
8664925ac4c650787892ff5eee0e92d1,f1e4986c757134abfcf657b898bcec22,1,1,1.0
3c77115cc030fb3c708301c938ebd1e2,46ec3d706a28d01027224832941ae069,1,1,1.0
97599f226d383eed46713abef6325439,f9aea0c7384b3015a0c51f6f9d08e9eb,1,1,1.0
2e2ac9b487e03daa3fab4888dd4c5c23,783ac10aa7a5cf153d10402b93a1ee06,1,1,1.0
83e811b31fe3effd03a4ef8fe588469d,e79f6cfdcc27ec08665098c48ab029e0,1,1,1.0
3fc30bf5709327985d411df069da8287,ebb8eccdc37e9f5778467582ad9a78c9,1,1,1.0
7a670b6b2b72139db36206362bbf5140,ec5625006d029120e338890c30ca7669,1,1,1.0
47bcc63fd850775bb994db24702e478b,5f18af0b923b19582d6d6f2723f05b3d,1,1,1.0
253316ac4ab3ccb4de332d3dc6d2223e,80d9444e7cfcfd1288df2888c741cca3,1,1,1.0
3f320e45f305ef3bb93b6c424a7a3cc7,80c5b9b83b2dfd1f26acbc23f0af5eb5,1,1,1.0
8a52ff94ec8396e572b3e416f9f98c6a,f629618f65b64cecde538115a1f25a79,1,1,1.0
c48519113e6436fc193d3b4ff2d7e4c1,f2bcc6ad1bb400ff8d1ed1b570f01348,1,1,1.0
16598a26ab52b99a6790cee0542f7d3b,18456c8e7ea3999df004a87121851ef4,1,1,1.0
a05b42abd28b0e788776cc00acca82db,d372a040e57bcdc6b9ecb52f3feda0d9,1,1,1.0
484c28ba347d79190e5ec01822ba1392,f5d11e0d479bf2338256109dd7d930b7,1,1,1.0
bae2d36f7119de90a1f3f9aa995e5c5f,c42bff8503a519b8e0b7f3ab675e7a71,1,1,1.0
827b19392982299876c0aca1f92208c2,c5fadbf2139a45a404f1ecbf1e61dca6,1,1,1.0
73dc0d39c85572022b6c3803ffcb2f2f,ade79c7610461d8dcfe7fe506c327cea,1,1,1.0
2010e127a34623e7e0b0728f43264e89,a2fc44e0bf084ec8a39a5f3391a80d7d,1,1,1.0
1d89dac71bba7665752a6e92475eacf7,5477633464629dfe2250f058ced9efa8,1,1,1.0
c5ae8dc077209a38cc64ba830ac26bbd,f4ec1b47a4e08fd853abe5c45f53bb37,1,1,1.0
5a2dd188fb9a8d352f8a3f3fecfbcb8b,7dc34cb3fd6dbae23add67e72c735025,1,1,1.0
573835df26ec74b80cb57ac9a9d69022,a0e39e460fe1aa52eb9affe3b7b4ff9f,1,1,1.0
b487cbba285da81fdf182c562bf8c1b4,fbfa833214bf1b4ae5844aad3c4f3455,1,1,1.0
64d819ec87080e83c38f2281a7450311,6c039e3652b253b36c019353b242fd0e,1,1,1.0
889a0bafe9567956da935b03fff1ce45,9ff7c7ec579329774397b8a7df7c688b,1,1,1.0
0f51488dad158188b716da8282edcb66,7ec163471da7520f672fef86422f42d5,1,1,1.0
2b2020df99e90ebd37aabac53ef29e56,a3817cda4092a23de8f8b1cabcfb43f3,1,1,1.0
6ae0d88f4031ea3619b08202456268c9,708072ae4a6e2b7479fa5aff6cd63385,1,1,1.0
7b56ff9cf750b3aa992c18aa01dcf58c,95a34ff56c1b281831e7d4036b90c366,1,1,1.0
77943e0a39c2d2486c00d62871e36353,a98d7b02cd57b82853e06125a7c8043d,1,1,1.0
ed46625f931d5a320538b7d1fac83fc6,fb0189729bb98a5723c53f0aa3381776,1,1,1.0
520db1718625ccf431f0979af42bae89,f8c078728b779487cd347dc770cc00ae,1,1,1.0
65e16ec8e4af797c1cba349b779042d7,a65be0ff4c5f32647afe062dc5ab30d4,1,1,1.0
654d7964c6cca4615f13d32504ef54be,7a9563b9a426d49a86f8430a8bbb2f0a,1,1,1.0
c165394e5a00db758059fc4f6c6895bc,f4604001b6522fac7d3637dadceb4c4e,1,1,1.0
7cefed48f155073afe33b11d943adeef,fd15d3e876d92b03747f4c3cd48d41d8,1,1,1.0
2d837b788425035e699238cfebff0166,81dda950ceecf790dd1d1109177c60ab,1,1,1.0
6b72249ecff4348bd469e64725403973,ae912dcdd2ca9b98cb0fef04feb2f6d3,1,1,1.0
84785c66e99975e647df36cee83cb4c4,d78113394d16563b6cc3cb54ecc2db79,1,1,1.0
64d819ec87080e83c38f2281a7450311,ac632f3aef3b65fdd24382d53636a308,1,1,1.0
01fdfc6e1f85ad504461c6699adb246c,2be29c188d2c5552046469c6c7e03061,1,1,1.0
68954feaafe4dd638f3bd3e2afa174ec,6d422eab6badca085244171235624bcc,1,1,1.0
2e38bca431661c403a3756836fd73071,e5d0fb67add1702e8fdc93634910b5e8,1,1,1.0
5b8b8afbf37c38e18e196e47078854ed,f30e5372c141d9c050759c8638a81b7a,1,1,1.0
591caa52421a11f48900563773d0a188,c79792aa3f468806ac9ae00165025f41,1,1,1.0
1579c33908bf3784b501d8f4014079f3,4bd18f5e75411f3c7bb691f763b2be0d,1,1,1.0
a59de7e204a062b46afd519f73e60260,ec80353a38ff10fe2b7bdf17101093d1,1,1,1.0
00da34ebf22b87f6c2f53dc069f237df,9d92c9e7325cbadab39042d4a60c7d9d,1,1,1.0
31dc9653bb29d062873243d5f988cd74,a23af1ae4371a8dfedd04368b1e16f38,1,1,1.0
b83f0f5c1db1758573c5ef9dfddf7045,cb65aa42084cf10378211967049d731f,1,1,1.0
85540b3715724c97bcde884a95f8d5b7,943a3db4fbfb82305bbb55cd2dc193f6,1,1,1.0
368f9030cf69831fbaea30a3f42118e6,7a8e1b0645e380061ad930228297b7cd,1,1,1.0
caeb1308506f1e45d3cb60c8836223b6,f341beed3a47d57eb319f376337ec5b3,1,1,1.0
1ba48b4d4efc54779417f549fc4f8a89,57b9cb9f0c8a4092d734565f9b5f7b51,1,1,1.0
33bbccc6d846d288dd80d9486c4a8bd4,db342a4737f95bcf63ea219f3809a9c2,1,1,1.0
4e8cd1c9fa889e1cd9622b87615d5251,a96c07930248536ba6d1d66f68916d2f,1,1,1.0
86d275d37ab130693fc6a970fa1accbf,e9fb41581bf83dcae24eb51402d694e2,1,1,1.0
1e79495ec1bed473073aae92ff090b2b,3991c41c2de37fb418cbfd8938aead3d,1,1,1.0
31c9035341cb7e0645f2f6531616efd2,7cafce5e7504c37c1e9fff36d4eae6a8,1,1,1.0
83aa67c9d4e7385d205591c078438491,f42015042a0a93d1e860d63a5cc2fbcb,1,1,1.0
1e23a493bbbc54ef9e592db53e29d223,ae9ae5072fe8d5b2a1f7072a833f0afc,1,1,1.0
1e7f48be9fc106bd283fe57cf3952cc1,2b12aa72b942b60ca53b0eb533df5cf9,1,1,1.0
e44728753775d439f900bc11d70dda23,e7f05599a82aa0ff9745e92f4b9a9188,1,1,1.0
23febc782c96a86789d1019d7035afb6,3e2e0129ccee0dbc042204185452ab8d,1,1,1.0
5e15e6aa831179d018ee6caafe4ac330,fa7f4e44ed8a62b479f910f3d3b02a6f,1,1,1.0
9f77a153eb2afae731c6e94762dd9c74,f382d408a9efc042948ecb54576ba438,1,1,1.0
7a19b0145549f450df2d15588c93efe6,81d28d6f543e444ae5d57bab7fe69d32,1,1,1.0
bf9d60c2fb1a8b2734313b9b6e211668,d90b888daa31aec38b3fca6b428de3e7,1,1,1.0
1c033aec1cee02a6cacc7b228f69667d,97a0c4f33bf1982206bc39b40e040e50,1,1,1.0
43c987287f3384c6f9e9838edb2a6f82,a5d58b7977312e4cbb339d50af597a3e,1,1,1.0
9b9f9eb886f72924c825f89b68266efc,b73e6c904a3bb974a0ca8ec828751fc2,1,1,1.0
b815fa1fc6646b2ecde92dad0a7e762f,f99c902d613a312b4d3764a691caacd6,1,1,1.0
28e00be3c472f5b268813f82b1cf423e,aa308495540b43812ec6b685b18bd46c,1,1,1.0
71869d940bc95136738f7ab1b004716d,84785c66e99975e647df36cee83cb4c4,1,1,1.0
8c775c05651b7995405ee1d1dbe21bcf,c874d8d3d5b70eb2f96895291b7d9fde,1,1,1.0
9e5d94d522c5540c4fdffb0385e30024,a75d0dc05a62ced01b3afd2412b4e0d3,1,1,1.0
20c28e4c9165270a2aef41f6de868ffb,ad06c817d988f222e84bd8972e41f393,1,1,1.0
08fa6e593b2779c2d3a8de886efc5d9b,f1bb87ce3b511f772f77765bd3fcef6a,1,1,1.0
289c9eae9868f35dec79494355e74418,5d87457434b943e3a73799ebe33b4120,1,1,1.0
4e17943c8edf2f66d70f0e97b81aaf17,8a9a81879cbda02fa71d4addfb1a446c,1,1,1.0
140f015ecccb4820c7bddd18772bdfd1,bc90680c3e9d19b1b5db65aa15df42e9,1,1,1.0
15587751b2c24cdac1dd1c8b4647d55f,b49f37241decbe584b6d7b0526d23eed,1,1,1.0
58d0e2c853c7d6c8e8ac7cbf705a4616,679ac107bcec8cb9532797304f0b54ed,1,1,1.0
e8b6707b80fa473748e3cb30f7271ed1,ea9b2d2e8dbcab9110a33ce3db88ec0e,1,1,1.0
0a62ae425772a001e2b3d3eb810f810e,ef13abbd47a1708370f8df7899582a16,1,1,1.0
4a9e86881b867accff88f8413a5ee4fe,e9dd11928dbd59b8b4124e4bf1bb65d7,1,1,1.0
2e668c7866b1637ff7669046a2107269,4e0fb9a4a1c451212529cdaa809227ff,1,1,1.0
6b5a2448326d6aef48943166976d4a19,fe4e64505d2a68284e44481fece7b807,1,1,1.0
96e7c164f57fe5210f73c9ab17da3080,9c0d3116a3594b1d4d2b28b871ac22fd,1,1,1.0
549b73a4d09e5035dce01ce9a3e8f6f8,5a014dabe8de0cc29621e8c8d5ebfd8e,1,1,1.0
1b2876baeca3fd46ddea519bd846ac1e,8bd1563913a66a9fadd42b93f3d4b224,1,1,1.0
a15630ebd61b2a42d78cb93fbebeda88,fde93c2ff20a5d3e3491b6d0de6c45d3,1,1,1.0
240a0da8c894f0379001f1510d8301e4,cc3366cb80683e4ed0aaa5e09191af5c,1,1,1.0
031f055c013d9b147263937cc2d5b6a2,8106dda85e61ac65b597178f5eb9ee99,1,1,1.0
51d027d6e0c06e327566e7be917890f8,e02c0cf2ecb93cdb6c47ca2602011bc4,1,1,1.0
ca55ba94b18238fab20c54e2f0f3ac5e,d20f34444ce44ca683d46e9da98456e1,1,1,1.0
c0b7396785476307956e73355fc066d3,ca78fff00da17f797d47a08069bf9f64,1,1,1.0
f236672cde392cc6ae3c0700fef8ada5,fcaba43cfd594b9a6e1389bcbd33d5bd,1,1,1.0
702a9e0609d9b31710506b3f2130ce53,bc252a491c1690f578415071c370040d,1,1,1.0
5a6f38a618c025dd4d5523a5146ffe3f,7bd0324eae034490c186f6bb9093b733,1,1,1.0
5ac168e8bb77e7e8ece45cb166d5a42c,f923b1574da0d99a5e27e7ad1de64cf9,1,1,1.0
0af17a81442299d992348c65d70ff4db,969eb8bf4c0fce047dfd0ee78ce9a205,1,1,1.0
684fda5905aa430123c7b293106a337b,fdcf823822a86833a95cbe82fb08dc13,1,1,1.0
25398a3f6cea6ff9e64c4728fe0a8b24,3a8972f0a43553cd60ec7fb208f2a795,1,1,1.0
80b5c70d20058c553d662a56cbff22e5,e017e385eca212c9245b334a1b500fc2,1,1,1.0
86003410d78a121c8bec4b3a57991f7c,9b4df2b5ac16a3e91f6aaded89eaf356,1,1,1.0
7d2a53716c3b4ab11b666372a985773a,7ed352d323845dec6500b903ad773570,1,1,1.0
a157cc6139f181eeedb78e3973b9665c,b06968521aa836f6abe18102493466cf,1,1,1.0
42cbfde6a595790d057c4df09b3d660b,bfa705815b5e0cbf17b29d4bde5a3b72,1,1,1.0
5b0e2bccd0f417ce8f42abfe9685be2a,cbaed4b35cd01ca40c5aded2079726aa,1,1,1.0
0bc6002351839a82bf3c501e1ea807df,c94ded70eed5328ca1a51603f9b67c51,1,1,1.0
0fbec58647e30924746f4688416c505b,c6130f9bab8b8d3c11a193ed361b88c4,1,1,1.0
85c400e7c41d5be742c6ae9855d8034e,bf50b25d445109a6f90c260697ea8216,1,1,1.0
45ba2050884ea74c25063f2a6c887f45,c598c98e51f5464f6d4cba266520593e,1,1,1.0
082f8d0d83744f4fa435269cf705a07c,a1ff94cf446464cb8e9f3b5b60309eeb,1,1,1.0
211a6f8e9bfa8b39b232bbda08e176dd,fe42d67ea974835ff8dfca57eb3a2a5e,1,1,1.0
9539080163fbcb3ef263b17f4eb6b861,de12f7e59f4513ab89285567520282fe,1,1,1.0
1fb4e98c0aae3e305ae81c7606682c81,505a52dc3538dbb611c1ed24e122fe39,1,1,1.0
3db4e2c1b4e880c0abd63248621873e4,eb7ca6e58feb6dcdc25fa6250e34bb56,1,1,1.0
81226c10d601820ff0680a8e3a17cfa2,8f1b2a0ed53fb9a524d1d4602f8d533e,1,1,1.0
1deeabcccc1a694b5e4e2eaf7d7d28a8,a4d0930cca1e47704dc6a35dc942efcb,1,1,1.0
7c175a8c0377686363be8949c4c7993e,fb4eaa9db88c1a09318ffa87435b37db,1,1,1.0
2dbefc6ee66227226cc9ca95e7e648e3,52a01b3da2d3a255b45ee02ce465cf3d,1,1,1.0
0fb360a422d2297dcf21d4d7b91028db,d7538b573179d0bc4ca666c03cc12d55,1,1,1.0
4fdd5b3b54ffe8810effba9c253f275a,f9739394ba1f9417dfdac702e30f4b44,1,1,1.0
483bc92f963bbc90c3006e11f9ac552a,9f7fbc34b444b91c1ef03f2a7af6a33c,1,1,1.0
4969dd7ba634962d85a8a10242aa4c0f,6c3d1b81e595aba0254605a410702826,1,1,1.0
26d6eb14a031f3b7909504fcaab678b8,81842ed372f4a8873582eac1ed85f51b,1,1,1.0
1744db0771ee6dd8387bd75d6a21420c,cfdb7df7f1d257ca5779f967d259cec9,1,1,1.0
3338eb58604120638a747086344e72b7,4ce3d417ad5d2484e8908d1c425895bd,1,1,1.0
b10cdda7855556f7ca3e9a9540e45edb,d268084c48a453e8a5daa566ceb9c5ac,1,1,1.0
9208ce69207484b05fdf552ee6c7d297,b09fd428208d9ec8da7a41bd1debcc0e,1,1,1.0
0cba4bb63764d34cf5ada48adfbe67bb,bff81abd61e34bf741b0f590f2cd72a2,1,1,1.0
4b43346ed7ff395b2b0aa81c79ee72f3,6b5a2448326d6aef48943166976d4a19,1,1,1.0
1cbf1b365b2c90285448d9e7982fbf1a,303f017ae2c2060a02ec82af95eaf1ce,1,1,1.0
42d00e20578ce3c693acefa74c150cc8,45157544dfa017094a3babd71fe22c2c,1,1,1.0
18d83eb50985880c0381b5bf09eff24d,d8a968bb7064b44f3d61d6eff4832764,1,1,1.0
3ad691994b16f9929a65f1a0b083a12d,9d76aaca6dc4b936615ca296c7287a68,1,1,1.0
84fb192d3e2a577896b041f08d125457,c697370b3cc6a831515978d389f2049e,1,1,1.0
cdace5c063cdf439d9a0aff912594cb8,f2041c35a4a40792bc5bea109b816922,1,1,1.0
7d3c23d715240f2f77f201483d3cb276,b4c57c796e2807577956b7525d60c776,1,1,1.0
89e4880cac6a717819442b1d06405009,d8152f4062b7942bed758c757f8c2102,1,1,1.0
2e753a8ca566fe42ad644446fd5c7be4,75314dd3e9d6fa51365b9e7a405f35b5,1,1,1.0
7a95ffe480d2a7b927f354684aa39c06,fc0444e91c145f2cbc5c76c0e8f8be4d,1,1,1.0
0722dc95b7fc36f3e1827455e5071eb9,9c22e9a78e3b3f67c985fcfff6db6a56,1,1,1.0
33cbc3280a7e0b74aee288e7f087773a,73b9bca266a6abf76547ac5992d2bdf5,1,1,1.0
cf78d4901c0523539f34aba755d0b7e9,de821059d96fe9cd40fa185083d065fc,1,1,1.0
0e1e99d27fe5ed6a7feaa7072343506c,aa7d65c5fe2077f8939817d6e0b4f3da,1,1,1.0
067c5427b2378f42248a92312c2e9235,f50e0207673076aa6cd350a771426079,1,1,1.0
eb7ca6e58feb6dcdc25fa6250e34bb56,ff73dbd0440a0f1fac45e49efd6398b4,1,1,1.0
68acf3bb5e9e6929e6de64a0d88b7c25,744765d6769a9910f401086aa32a1701,1,1,1.0
4d76ce9a79540306c7c6a2f94bbd611b,a24f17b8ba95624b0301d85ab9c897a9,1,1,1.0
2f7870be17b6ccd5bd9691b9f944e075,9973bc38efd3abba678e2a883c3984cb,1,1,1.0
ebf61f998fad68173ace8a52a6f8a293,f49078ecf4fecfb88188135da275b4b5,1,1,1.0
284d2eeffc71e4a5eb32b22deec74c71,943a3db4fbfb82305bbb55cd2dc193f6,1,1,1.0
82d2f1f1ab137487fa52f3b9df784c5f,eee7de395b0d7af40c1f63fbd8c858a2,1,1,1.0
85c57268150ebfe427de7685cb34a418,ede8003b97c343793f5b19e2bf00bf5a,1,1,1.0
4b293b0eba86e10fcecd40a7aac6608b,c5cc879614b6acdf5b62db3edd062e81,1,1,1.0
a79179c871090df76f94231a9d40e55c,d63ed544a506d0b45f36cb55cd01307e,1,1,1.0
5cb5e010562f6856f97ef2f67b223f70,7e7fc3003584df59be31abba5784d8e5,1,1,1.0
c697370b3cc6a831515978d389f2049e,dcc7a1fe000947cd6814514532c2961a,1,1,1.0
273101692e349c908ab73146dd61798a,6ee73274a3d69299ae6d85e46a6e96e7,1,1,1.0
1353d27af23e55a4e17d000a367d682d,ba70a43a337eea22974f873f0f4b3768,1,1,1.0
e285b9016082ff27bf6cf81ec6eff03b,e74efa7a06c5b068cc808f5baba88e83,1,1,1.0
1fec1fa184792edf944cf27e17c97b45,90a3d60ec349769c68b97a85d5392152,1,1,1.0
0e3d23c5a3d85e6c0bfea5187cc9c671,66281411321f598e4de5c7057fdfa0a1,1,1,1.0
59f3535d39595a173769b7dc1b0e9b30,b16b6376a4a5b439415ad39b3dc10500,1,1,1.0
35b67549622f54ea9bef5df8350dc225,e4b407fe17ac89534043ff4cb36598dc,1,1,1.0
c46ab3da89e5a14bd17c65fa2cad9b76,f0bde7d292f0931e16e51d29340433ea,1,1,1.0
06f6ca742a26f906cac6f9f1ee7656d4,f35d345c137deaccf9c26ab701108f20,1,1,1.0
9eed794c3e994632e1d60d9983f2cbe6,fd9232f803111f08b1c940ea62d321fa,1,1,1.0
ad506f1fe6f802754350355982adb067,c84c9cdfce20211630af230c743c96f5,1,1,1.0
7076e1d260017df80ba8cea3e7b53ced,f035a89568db3ca2e3900f59a5efe62f,1,1,1.0
4e29c01c1828b6e49cfb938acee69ea9,5f00de40d47d4d43bf38f0b34f7e694b,1,1,1.0
95376669d92be6a7dcf0494e0b1d9917,cd020f72b3994d3dda2f464efe9aa99b,1,1,1.0
73fb1dc5a70f88c9114dc85bcda21f6c,e52ae9727cc55d618b980d016a274cc7,1,1,1.0
1bf1da15c610cb58d650beb06a80b6a9,bff85330b75023c189b8b2ed2685daa2,1,1,1.0
4e8cd1c9fa889e1cd9622b87615d5251,8efb58212e41c40b208733edaf5b05c5,1,1,1.0
b55928692d81fc9ba199430273d35c10,d714959800e10629872c11353cbb1913,1,1,1.0
4e05499e4b649df723f401bbd48c5007,564988508a81dca36512b04a1ce906f9,1,1,1.0
7d5af2265ac87a5f4046ed4d9004e3ba,bc112b2d320a73189173fd2d4e6be36c,1,1,1.0
db424097d7f1a7bd8ea20afa765f0e05,f51e087ece2a796f81a5fc37b20b5593,1,1,1.0
2f316a86a5fe0e6fbc61bb9dc0214972,6a05bcfd431dfae78ac8e99ea5e9c666,1,1,1.0
55a34f9f352e3c1ef564fc7855a1b7e9,cd99a9eef357a06bf370cb0584c412c0,1,1,1.0
3c7a1b8817ce0f7814a53f3fc779bc19,a83d56cc6f2defc82388a7dd029d9f92,1,1,1.0
0137839e600d4edd0949a8ce7c171164,eba1f8e3c369e4f7cabada086415cc0e,1,1,1.0
2ce81600d264e61fe46c8cadffd18db5,8739df4f6b3e238f4f4df763ca7fb8ac,1,1,1.0
06affbe7eda072f42eb81be69475384e,581ff652dc6e002c21a4dfe6a4eca91b,1,1,1.0
1e4aa75c8f0f36fe9acf13bc9d9a7620,7371724cc4cc1386274d9efe1b1f7c07,1,1,1.0
4beb171d402535985ed8f5843bcc8dd0,9423e765e1167f4c09a153f01ff569b0,1,1,1.0
38212384f91f2a880a3f2f8686d73ae3,c5996b566f3eef42e8de705479c6f8cf,1,1,1.0
624dbb9134e0e49819db57565ba7ce68,6fbff4197c3d0ec405bc634c848778ab,1,1,1.0
0adb179862977c93a9db8246e5e35970,f00a9391c1d606dbbcc0dabe9adfdb9f,1,1,1.0
db71c8f1c8eb1a83a349cbb2b4aaf676,ff670905acf82a00cb1d2a4a3019543f,1,1,1.0
6b75c62f41f50b0c278ab548066a100e,817c452e40b5ee98d28b212e51999b24,1,1,1.0
1316bdf43eb431b24b927fbcb0e3bd55,8a3c66f735f2c413d3b7c10f288d5465,1,1,1.0
384d030cbc406cbce07e8427aa07b88a,994aad8dfed8763cbc0123b0aed99285,1,1,1.0
059651e2ae17025bfe1e9aee451c94d3,389a0588bc54a48e50f6f5825c5da8b0,1,1,1.0
8ef46b26a334f7e1346497fd532d33bc,9fb1d9a8bc1e3c025d1761dbfe63da36,1,1,1.0
0c6222b2461f93cae8121213eb330bae,a8f43239cb0010e01e3d2d9e8be70419,1,1,1.0
0a4273c2defd59a5f1e0bd142da7f5ea,611110d26326c28456ebe437516be00e,1,1,1.0
f3914fdcecde6f1e5a93a60f476629cf,fed9ae71404fb97d15c821adbe64feab,1,1,1.0
83d3368393e1ba417a2360e90b25906c,c5dac83289ef6117ec799cf0eaa51c60,1,1,1.0
0db6b854133b3ee6a248e68e6ffa5476,d40cda7052fc4c07791b27fbf717103e,1,1,1.0
be543eddd218005f10c5aa685e1d96fa,d2451d65b521da4ef51178a1563bc5fe,1,1,1.0
0c6983418e55ee0102b041fc8ebfb475,3bc7c852051d4ffea1e11a834927dbe3,1,1,1.0
eb5855039d0a93ca29cea9955590a5e0,f87119243e35259242f575fa8e447fed,1,1,1.0
02e42ba4354c5aea7a08fc75d9f41b5f,dfda0d142029df58673c0f41a06964fe,1,1,1.0
34a6d7fd00a8cf0d423e81870e1f0880,d411743e96155ccf5ca3eb7efeec9ecc,1,1,1.0
480529f64761f0f46b65206566a6ed55,edeacde884816ac5fb6b44e34d3d6bb4,1,1,1.0
3f33aca1d4958e32fdf3408ff6f98c13,d097eb4a07e877f7dbd370d71e8a6e28,1,1,1.0
597684fc02296fb0a8980e31965ee6c9,71036db6faabd00815cec3685d26d8a2,1,1,1.0
1294a3c547d645e489a296d29eb39df8,99a70034f8511a21a5ff098a508562db,1,1,1.0
6b946b8deb9ec3201537f123cade0827,cb5deeee2739d692a0f11165655c3f07,1,1,1.0
32590caa4b6388ce5691bfeb1064db93,d99fc08319dbc8845e2a114877462ff7,1,1,1.0
4244a4a97cc233be4b48c2569f08f659,582d5652f94a284e67644cbe0bb48ebf,1,1,1.0
75ce5b46b7e55b267e26f126683b8d28,f999abea6accb27e6a6f896f277894c9,1,1,1.0
925e2f9a26476ae32a9043e4d062106c,ef39b38c38d61372681d547ae537876e,1,1,1.0
46417d48bc2287961151018320f0addb,94c78fbcb30456aa60064d87f14165f6,1,1,1.0
d53ceb1f637d47aabdfc81e4e0105210,f95bae6b7edcc5166fbc41108fca1e79,1,1,1.0
63353ffeabffe6c1443f82ffa37036fe,710e6d9af622bf1b64b2ae24d6880955,1,1,1.0
273d136f7121c493a5c994c4838fa350,b531620286c6c6fbd1d3e7b58390fec0,1,1,1.0
7f7495ab31271fa1bc8423b7db5ea274,f15a9046c797a0d3fe984e85941b7db1,1,1,1.0
2b8e0c4dba500a8e998f5dbcb8dc6210,c85df1c6ef6f7bb605e1c49d34f172ee,1,1,1.0
9a9c99d9935776de5535985e829bace5,c6202449890808d8ec8f68e516ecae6e,1,1,1.0
4fc1e9612fcdb4be77de970298e7b81c,882e7c72d7d3477dab6e3b561a50b426,1,1,1.0
20e05dc7a752ad395ebf5266c1a924a1,aaba095fa2a2258b9deca8d73264320e,1,1,1.0
50b6d04631e4ad910c95843dd069492b,cc4a523745078991df9b347bc94f00ba,1,1,1.0
38a4edb49c1c376a9bf78db1e6f031fe,3f25cdabd380ba0e74a7f40424ea6304,1,1,1.0
e664e17fa897fc345bb97661a57a910b,f004f2e480aa3607ef7dc7cfd44b5998,1,1,1.0
047448ccb9c66b5d0ab04072e735df8d,d36f96e1eda5c86966988768b21d34d0,1,1,1.0
33717acabba10f2660e2e9ef8989bf4a,c9789f8b134367e211cec3d8c6478b10,1,1,1.0
2476d7ece2a612057413907e779f4837,7294e46df3e335f4c5ab90bba50b8e15,1,1,1.0
07da55ca1be33c14e4f02f24a3f6de6e,1a24ffb661504bef8ecfbceeee2df17e,1,1,1.0
375257c83225a71cf8b857f2104741b2,7761a5f33917cb2d80362b42771fdbb5,1,1,1.0
64d819ec87080e83c38f2281a7450311,71d482c2b03b9f2bf48f8ffbc5be7f7c,1,1,1.0
1f53ce3e279f1272b2fb964bb2ba25ed,98d09a4203b52454142ad4dee48c4281,1,1,1.0
98aade720fde092ebf69cb336b0fc8ac,f4002efe3f2ff5f9f323e888b8a6d6eb,1,1,1.0
36dc57c5294c8ebc374511906e1d9cc4,66f61ee7e79db4444c7d00a9c5783a04,1,1,1.0
0ada46296e2454b568f32413b14defe1,59505fb0da3eb998196a0f5e46907557,1,1,1.0
4134ed154a5441f87fdcbf923dca4279,ab487f6d62e9a0cfcdbe428b4d4d571a,1,1,1.0
242cec3046a78f37ed419b24e80c7f70,91db2e9633e507c47274a5767ef6fb2f,1,1,1.0
522c322cfbe25706828659f8eaf23e12,5429ef34d206e470c7e4d1e6c834ea48,1,1,1.0
302f6c3eea8eb8ee3a365720c5593d3a,e9b82fe0de63859e8606d95a923f0263,1,1,1.0
a593f38eeb94e24a57e74f756b88a426,b83f0f5c1db1758573c5ef9dfddf7045,1,1,1.0
aef36fbff4da2bb3001ef080be790872,dd4e0ed450b3778da02e225058eed1c2,1,1,1.0
91e896ede1ad968d626db06bf3363652,ef87760179d8327e84704bcc31e39611,1,1,1.0
592891bfd137d0161b5209a387a4e9cb,ae03d9bc60ea9a4254380f51832185de,1,1,1.0
5b50950ea637cfde0909d0c466424610,9012cc9c09d023dc6a78688fa6182bf6,1,1,1.0
94177712076286a707bab74e10ebb235,9d3a7b70724a406696fde4abc2a9bf67,1,1,1.0
9f7b222bb2e334879b9de14e21546ea5,a0ba4be3b3162d5c6033725ddd480f42,1,1,1.0
4c1002d06be114f6ed2c5c4e5550dae6,a45dcd8d92e79f60db28c64576a5b1ca,1,1,1.0
04135ea9b5a7f3db234797e55e2d4deb,791668b6da37578a5a74b7f60d906526,1,1,1.0
098433b9f9255997177c7dfb1dc8fb87,35a23d4b2b877b2565e30339e0c0c45b,1,1,1.0
1bd10a644c0d5c8ab09b87fc0e558038,439ced9aafa171a1ac88efa951c7db0a,1,1,1.0
6105aad70631ecf571d43330bd147012,9f3bfb29bb8a27f598b15bbc29375669,1,1,1.0
4dd80367dd14fa6269aff9b5d319fd15,fc2657bd6ede99752c7373f00bb9017d,1,1,1.0
37e0dcb4beceea1be05ba7765623f6e8,c5476f1b15d8f1fd5216a1ac27facf3b,1,1,1.0
33ac20d8ed48765315f7147ea5c1f0e3,641bc928aacfb29e6eea8b415090965b,1,1,1.0
aabb72e2f3c205e6e6b286966775e81b,e9063e00898d88b25add862974ee6e20,1,1,1.0
9ba8e489ac0a013927b63181523c519e,e01e9ed7edf5caa1d2d70f77358acd72,1,1,1.0
202a17812bf14c4879aa314899918c86,c7cbfcb8dee7ddc7cae233ac314ca3c3,1,1,1.0
005d8faa4cf789cf52fb880a8569880a,8b4fb50121e80492650750b1f1356b83,1,1,1.0
6077db684bfa5fae744d9a732bce623e,67acaaf66f8c15f4e49d8bf661665ce2,1,1,1.0
947f4be753eafffc31e2dbbafc03f34c,e782fbe76400acda68fd7dc6757586e5,1,1,1.0
890740d506e0acef77a81232edd17c16,b917a5cee4345a2e1e3c03bd55cb2f8a,1,1,1.0
10c6c8cb0586f9809642b6c8435f1cdc,eaef61f8fbe8a1f9aaf75e0404ed8108,1,1,1.0
270a2cd191cd19898f8abd07c5c248fc,288ee8f382b32bc001646e4fb85c8d6b,1,1,1.0
dd6b9136eebc129b87f972d905c70ba4,ece10be38947ac6c501e9352ae27d61f,1,1,1.0
1c4208887f7d32e3f8a2fbae69d955db,4df53a5ebdb219d91b23e8b34e976d94,1,1,1.0
26c2f94aeb82cca504dec476f8e8ff70,e060eb8f37de232154b24bbb2413b68e,1,1,1.0
081f0a5220381001ad0c7575f54b62f1,5d30b325c2c4d7c8f9c5e4098605e6fb,1,1,1.0
3e7ac88fcebf632fb01dd58bd3522ea6,bc13219ef5b1a254d34e3e6112303dfd,1,1,1.0
0258cd3b5e7c4b397cc09ea472677e73,f97efb54c489304d41f4f20206027c72,1,1,1.0
305d147049c26b6110239222c995fd26,81f94b1e1e86a6ab7040ec51e7503189,1,1,1.0
56f98f3a059befb5c3c16a07975c8ba5,e5d0fb67add1702e8fdc93634910b5e8,1,1,1.0
0e160b9e089dade9621eacc6bca590d6,6fc7923e1c04499c9123125b766123de,1,1,1.0
1c20132eaec168f0933f30e3f9fa444e,7f1beaaa776989e886bfad28d22393b7,1,1,1.0
66068e0f740bedc625557cdf3fc30bff,be31a1e27da956701733eb601f0738ae,1,1,1.0
0a91529edd0e0e5aaf2d64f8ecd9dfa8,5c235aab3109ea0f85883bee23fb378c,1,1,1.0
591f835a0f1e740b3d75ad7b0ffdffaa,c80da60feddb7cf8325bd104032e314a,1,1,1.0
2358b61a26d9f298575dd5f8d98ddd90,a5bdd83dc32225fadcedd741693cede2,1,1,1.0
0d6012973726620ae97e22ec79178655,4460b8b581cad7e55f1d7d245ee3a2f2,1,1,1.0
23ab17649e2b74a8a07ba814ca5ca016,6502d0e082d6440dbe54d92418a450ed,1,1,1.0
1076879cc2d46bfe7dd195cb9efa854f,97695e8bd81166befd305a84ba9d878a,1,1,1.0
27d92917549edc36b71d40831c079069,ac153167ab6f04e46a986df3afcdbd13,1,1,1.0
1db95e2b0f110b5bf9eec898beee791d,ad450c51ea517736f1ccd3dae3f1506a,1,1,1.0
101732d08cdaa0fe2b7712b4b03311b3,4f8602e886ab87a176e8f0a2c2e06069,1,1,1.0
daae91576525131f5dc1a414aa663538,dbcefdf152f6054ebca8ca78edabd755,1,1,1.0
8f217daac8422832fdc22faaabaeb423,fdd7f0e4967fb03fd9b8821428908ed7,1,1,1.0
a7bd1ab5606902f0d2e233a93d8d082d,accb880b583394bc2442bd69b532118b,1,1,1.0
56a074e0fc79b287c1170d998519f1e8,fc16565ad8c9887ecc561e0708cd14ba,1,1,1.0
7fd285935cfdb9f4cc8a97c8ff598c49,9c5434b646107b8323610cf9baab9e3d,1,1,1.0
6f167e9c293939512e4011c636fc5bf6,c5e1c6a32df27a1bf0beef66d325bc74,1,1,1.0
8da72fa954b8ae47b04ae9d786f58133,f418aaecfb78ed876345df7daf813ad4,1,1,1.0
3588484a539617d91500764822230fb6,3bf2f02eec406ca9da615d985e44db14,1,1,1.0
5c563954ceb625e4d1fc40a7061bb05d,a3afc06892f8e42c972e6460125115e0,1,1,1.0
54498eff75bbcbdfcf2bcd61096f8c04,7ed0ea20347f67fe61d1c99fdf8556ae,1,1,1.0
1090fe4c57ea2a018b442a61d09b3e95,46f5d269affee0ce83e818ee3cb02e57,1,1,1.0
900b3773912895699f6bc54cf62bdfc9,90168a02b6a5df02639a8f31ceb5bef5,1,1,1.0
aacf9b5d5ca0ebc89f7d48017a09eab2,ef5b139f9a52a8caf6c3bac2bb5db2c5,1,1,1.0
178e565cc7c6289b341891c7dcaa17c2,e84d4d1776db2ce7ffaa54931a235982,1,1,1.0
8cbe7a34a4ffbd77bf1e3ef1b52f2dcc,d681396d784770d6368f2431f65faafe,1,1,1.0
29afeaf27252360a55f4b9b2145f0e91,eb778ee3e0a3192f49c887918fd5ead1,1,1,1.0
6621bf160c50fd65d6a4af72ac6a9e86,796af4fac93296428070925a8a78aaa1,1,1,1.0
2dbc34be7b62776a4c86555d76c48fb8,6f1fe0c9292ddd25c36d7af025fc28b3,1,1,1.0
48cdf71f50344481f89ec66e65b78cf7,7dd163b8e3d4e09daa9e16091dd6dd26,1,1,1.0
21af08ef10f59c706596e765903a2cf2,9376735196d597e46dbd48e03dae1a78,1,1,1.0
3574ddc59020916b72650753adab59d8,c085cb83e3a5dcbd259c2212337faf28,1,1,1.0
641bc928aacfb29e6eea8b415090965b,c23d08ad321b067575a59d384c9c1a24,1,1,1.0
006a8c1784d622ebe06bab57e72ee045,5451dcc40a5b3ed99be461fcee2d45da,1,1,1.0
9113bbc10bbcdc498c65fcc1b81350a1,e9fb41581bf83dcae24eb51402d694e2,1,1,1.0
8c89391790076834500661cc1e5d6860,f3705cea51b431dfb87a53e0220b78fa,1,1,1.0
7a19b0145549f450df2d15588c93efe6,c3be4ee233f5ac45d6b6b5288127b67a,1,1,1.0
2e0b805455260cd1f7de32b1b5235337,a45823513135bc9eb30c0d984ae40826,1,1,1.0
1ed352843641a9bc726c922805742889,a1fc7f67db48678702d1eb13832aa193,1,1,1.0
c434d58759026b0620ae7f5b73ee7125,e281d2bf0c6f13fc3122d397d9f4a3d4,1,1,1.0
2ae6a803cd4bcfe303b032afb1c9b89a,bae5c8e9b93a8500aaf38c74efccc6d5,1,1,1.0
13c5865b7b534dbe5983384eb555ed1c,e7f05599a82aa0ff9745e92f4b9a9188,1,1,1.0
ddbb867795a037d54547a5cc56b5be6e,e5371f37cd73bca8d365b766109e8d62,1,1,1.0
209dd3c03758ed63f5f270d19c1ac1f5,95d525b753ce8d636a7ea64d3defadb5,1,1,1.0
0db51d5f328701ad563f7cca6b3b73d1,69499c6c06650faebdc40c6c52baf5d9,1,1,1.0
203e001040e6911c76252771b131fc63,7dd39512d400854ff4e21b1d8b9ddff9,1,1,1.0
635dc2021a0b885018529be5111195d0,c6bb2e116c8ccaf3738a685ba174b675,1,1,1.0
0dba14cd2bbfa360822cb88608ad3be1,f4c6d45e65010a466b54a470dbeddfcd,1,1,1.0
8360a5c47afc3de8a5f3c52e8d693845,8bda983d52480e279ee8d6ef0b0c806b,1,1,1.0
39a67a9d203abf027ebac4a1ffeeb663,48a43a82b83f1e3b08e691ffb1d04c58,1,1,1.0
49436a1a48001ee5d90199ab1a4e6908,eb803377c9315b564bdedad672039306,1,1,1.0
43ea9838620c66772a6e0f498307a63f,fde02dd7be2a3183e1e6690ec9e952f8,1,1,1.0
575f7e9ba7dcf20d50898a983a3d9345,958ac7760e5484df1496ba5833ab6117,1,1,1.0
07c3f5ee530bcf86a76cd408cb777d84,3fd4500414d3a4a5abb9a2083bfcd832,1,1,1.0
0976eca0a2b72de509446cf0f0396de9,0fbec58647e30924746f4688416c505b,1,1,1.0
6446e0c095a88adf3bea72247db69080,c5e1c6a32df27a1bf0beef66d325bc74,1,1,1.0
768e9ed92dd4fe880672c8e90dc4f74c,91c52f2a0dc4b8665cdf1a5a7cc3570f,1,1,1.0
18f5297f0b1726510b921f957cc9d831,437ca9feaa724197fb6f66a2b9060bed,1,1,1.0
c7f9a97e7466fe1c046dacb1874f94f8,f7b223e244004385231a6e4db45a06a9,1,1,1.0
768f83403defcfa9c9fcc04416396ce1,c94ded70eed5328ca1a51603f9b67c51,1,1,1.0
460cd758614a0be9739d2f8d9bc1494d,f0f8ceeadedd747aef7967d0f9e5969e,1,1,1.0
a6a445134ee58809e8424ee2a6cc16bc,be9b53a0fdc764c7362bb9f8414090f0,1,1,1.0
103dd5f651eb6f041d6ae421639cc5b2,cb9d837c85038a44d69bcd8a863d7d48,1,1,1.0
6837506190b8405bee4bda447ec4b545,ce5e89ef785b6b3fa8b7816d835220f0,1,1,1.0
5ba3752845638cceebbf30d2acbf08b5,637bb7ce6df7f969dae293eae1be3e0a,1,1,1.0
4d42230cfc4f53bf3340d0ae9bbe620a,b05241b0ef717b0b9f6f1f7ad3cd1566,1,1,1.0
3a5a79efb563dc2615fa9f92706c8133,9234a74ab15e0578c3122dd752af538b,1,1,1.0
1d31e86216da4f6962b624a439165589,379356bb03f1b017775347c6f6392dba,1,1,1.0
0d46709487736ac09ae4a157b72a4d8f,b7af8d5477367ef021ff680a10c4f142,1,1,1.0
9e4159995424971423b98c4a8bc11529,f4aa6200cc73de4d2eec1ff37a131a18,1,1,1.0
89105c78374101d8a05d4d9a5f4bc718,9daea9b7c0b2762d124f937f36c2de54,1,1,1.0
d416239f44a87975fe33c5630c39a362,daadb0073a2182647d0c98ced587b7df,1,1,1.0
561a0a309b05a99917702086e451acce,ad69aad3ccb252fdf5fd37f6782bb816,1,1,1.0
3fe9c4f303300029e31d5f92d8228075,afce9246deef4791c7c088c7e4c8fbfe,1,1,1.0
63dba92b86bb0f9ae0c8c881d3094b0f,75e4c2f907bb7809e77f060234c93e53,1,1,1.0
11ad503b8e74d5271a35202d2fc2a1ab,c0c64d2ec7836c9a9f5be4dcff4ccd2e,1,1,1.0
7ca14b97caf5a8220b8f7d7a81c73e58,ee81133709716b9c4a5141bd6c2af68f,1,1,1.0
27ecd750f4aa9cab7c1c7315d16dc641,da572a48fcd5b6554b601efe1b306aa8,1,1,1.0
11a6b6369051df6524fde059cc753acb,99931a2b84e283bf84983b800bac2509,1,1,1.0
0b3720d8678f7962d3a6813ad5c45acf,9dd4042c3044677111fd7421578a8e95,1,1,1.0
65e7ba9c080c81512376e3bde1f97a87,cf81f79e7d4c75a3f4ee67cb7995ea11,1,1,1.0
5c510ac2275d895a41308692a428ab75,7d1896f17c7534a97baf63bc24855d71,1,1,1.0
efa0b25ba98cfc6b46320c53aa7f5789,f97aed4553c3d4cbe1c7d195a9af2503,1,1,1.0
2532a25b336ef0fd1f37790a7f0ab16c,43b897a9289b65e51566da395d658c37,1,1,1.0
7a1cc61a37298c3f36d52a699b1e38cf,d01a79fa5a2fbab32c60144c605dcdc5,1,1,1.0
154017ee7b8f95544a8b9885caac75c0,d3d5357d956674303e2ab88b888285fe,1,1,1.0
41db2509d2fd3e2fe68e88deedaa0c1b,9f5fc81cad6a74218a3b5ceeae59fcda,1,1,1.0
4b3509f1f2830343367b55d02e003b8e,7b09482951912a5fb582aa19d353cfe3,1,1,1.0
6372300fcca5e18565b179c764501081,9698b239844893ef4075f842c8bcee0b,1,1,1.0
6b6489fcfbf65f1bd527ac3ef9bad4c3,c7857120b6ce21cfc0a1654d4397eb9e,1,1,1.0
a836949b8cf583b1868d8d7ea4ca1614,ecb12ceb8cada321f17ac7b0a87a3d6d,1,1,1.0
de0e2e925708dfa3473cd5851e8e3f77,f7b223e244004385231a6e4db45a06a9,1,1,1.0
4077fcb87fb654d7fcb5c96b649415c4,c5769306aa1a28d590dc144eca2a9206,1,1,1.0
001ae5a1788703d64536c30362503e49,859ebc00ccc39f92c05c0e0b3e35dcd6,1,1,1.0
2c613e1daa937ba2dda45140c410f48f,2ecb072c40df1c0e01f07c88f55d6c2e,1,1,1.0
599fa5854f3bff7c41dab552068d04bc,9646f9a3dfd2aa3e1cd8f0d1162e0164,1,1,1.0
b6a579c62be83db3dc6d5007803ae5a5,c0c96998a33dac2ddfbcb79673ec8b85,1,1,1.0
1ebc9696f3563b0bd0b7a36d02e952c2,77253a00a454d2b90068500e101f6e7f,1,1,1.0
3fe0f4c04c1d1e668e5b733b7e344520,b8e747e12cdc8733515943c0eea61e0c,1,1,1.0
00c605c0bfa39610b994c18f822a6d5a,b5888ddd6375b6eb28e07d26a8dd75e3,1,1,1.0
290b9cb882e7c0f2f5fa1cc30941e4bb,dc7cd5b293404b33e038b7b9a246da8f,1,1,1.0
7884a4772e359f6085bd17bcdadf19f9,ba2e22743d219977fdd4d267da7e3be1,1,1,1.0
01290b6163d2a02514a54df49221a668,a7580eaf5fc0f7b43e95eb59e405d323,1,1,1.0
252825a12ed84ce782d906a79c7c4b94,97c1288b2191298ebb5cb2b254b6ee7d,1,1,1.0
a23ccc160563db0a3b2d8e00841ff3f2,bc7db4e1efe5ea534503f41ee8287916,1,1,1.0
6ea1865dd89f605703ece20e28ef1021,b7af8d5477367ef021ff680a10c4f142,1,1,1.0
4e8cd1c9fa889e1cd9622b87615d5251,9a3526eee723accd014ec683afe5bf20,1,1,1.0
a45dcd8d92e79f60db28c64576a5b1ca,c94da06bbaed1487abbfff1eeff80638,1,1,1.0
169207d4ed01471bc7f735a9749772fb,5babe7dff334b057190325fe6d7c01c8,1,1,1.0
85348a924e845ce744bee27e179162e0,becfc8d2e47d8078b5c735affa08bffb,1,1,1.0
873e5a11673ea73e58db17af95546fc5,d3e7aa3fb611447ce385bb9ccb06b5df,1,1,1.0
bb8b45af552ac1d5252391f7c1fc8d33,bed61eb682075f1126ad0dff626926a0,1,1,1.0
5fc1e59a07212b7005468f6e080d667c,f6ea4931aba94f642f68369458a99527,1,1,1.0
8939b8bad88dec6aa847ff01fc12a008,c11b245955c65400b8302d44954906ed,1,1,1.0
502fd308516b144f6a7c12467cca9731,f5f102cb85dc09567c0df443494dd525,1,1,1.0
067c5427b2378f42248a92312c2e9235,cda79a984cb522389ddedda934fd03aa,1,1,1.0
85c57268150ebfe427de7685cb34a418,acdf151c13d2b00f6623ab42d918a8e2,1,1,1.0
963d0a82132a191b74838b150186315e,ecc8e39e03d252a504520ec827882930,1,1,1.0
70c8e7826c40ea4a5824b23c80e71aa0,fa1917ffca8ca670a079330d1e10a81b,1,1,1.0
8a03c2f7629a4a8a6ab40525b7179ff2,d0d416547ab8413475de3b35cfe92bee,1,1,1.0
3e92141d9fe7b1e89a4ee67b91f30bba,54b54ddc7b72f714b125e6be04b3483f,1,1,1.0
8ec49be0447d11c4deb5fcdcf43407cc,e91ad8946ba9bf0e0b1bc472b62a9e8a,1,1,1.0
d31c97aa3ad392c8e38ec211d41f5510,d82c19d618e01e02183fab874b43d73c,1,1,1.0
49bd54e33718a5adc18b62bed82ae35c,910c48f83f660a32562ecf2f1e5f4ae1,1,1,1.0
34521734f05858b9ff1cedcce1bcb50b,e3f149701030147c78adcac111d660ab,1,1,1.0
2cb52bbf1547836a703f6c6152a1a072,d2bbc82920b7993ce1ed23b1d6313afc,1,1,1.0
26e240cff6db69179349bde0266c93a2,5ead1596b959b2fc6ee4b75b863e7591,1,1,1.0
9b7446f804b353875dcef7422aa3cd50,e1564be61c08bb1dfaff4254af4e32d2,1,1,1.0
42f197da141b85da54eea101ad959f3d,b0f001a7e31e78281be05554606c5261,1,1,1.0
782d02110160b9efdd83f0b5d27376ad,b931fdce2c9ab0c8475ac1bc83af0f04,1,1,1.0
8603ccc4afbcfab372c4b04d061502f7,a9585b76d1dc3d478b6277d7f1bf5013,1,1,1.0
a28f925403b733be252893d297ffcd69,ae31038af445c27b99a524dccf7ef4a0,1,1,1.0
3ea9b55e60d8d47ba74d9f232aa1df1c,4e1e21d422058c75922a29548f43479d,1,1,1.0
7db0eba759379d3a68e2922bb970c48c,d5e474bbd54ff9219813f4e65858f099,1,1,1.0
427ea595a12251437d2a6492bc75b668,ccfce090118b454c19eac85be82a92d0,1,1,1.0
2fb75fe29dedacf443f6246ddf8172c3,e21bea57967ffc7bdc8b07558e09685e,1,1,1.0
691d75928efd2c5dd34b678f19783c28,f6a2736ab3c649db83008996997912b3,1,1,1.0
bc03e1579419c39e07816c7a5d681590,f59f8f274e9eea9a4c3251c95a47e1ca,1,1,1.0
28f28f97c803a1c8518b66a272660ffc,f5d11e0d479bf2338256109dd7d930b7,1,1,1.0
325655f3c2eeea7fb5537de89dffd0f3,9f9ef533996a8df927abc43baa27bb9b,1,1,1.0
453325c9a92c4e25bc01d877f49420f7,4b79f3bf6e84367f7344ece01cd3c458,1,1,1.0
80bba7ff944c475b0d217e1e5f1c0488,955fec072fe48033fbfb41c950072b7c,1,1,1.0
d2ae52b90d793a5db1282d7cac211d5e,fd0b0f2d8971b0fa0f0a69ae49aaffe2,1,1,1.0
6bfe4618e750145c9acc9987f9ba161c,716284e5df87b6e79a04a8d195f4f656,1,1,1.0
bc869c8488100535ff7f1b4d92de29ee,d31877e6feecf887ec4e9b95c30e6422,1,1,1.0
40c4ea3b2434b6f02cbf214aeae740ea,fbfb964c4d34ce4c6b203e0443a16ac6,1,1,1.0
92d64c6ff7a4ba537a0362f8c8af448a,f2eeb419fb7bf5b1a9bd49a37a8c651c,1,1,1.0
0d8dad477b2c689921515eaae0c2c8b9,99a2bd1a5f1f0928336ca18d1d63f942,1,1,1.0
0997d36df2226f690af0ad9b83be5557,41672c3f7788a3c1dbf0424fc62378b9,1,1,1.0
1e12dc75b27b5035188bcc5f7d15ca2e,9afad9679968337cae00755ebd554fe0,1,1,1.0
3388d71fa80d27047efcea65408cacfe,c740e4e1f1ea155587555c6ae3d89c76,1,1,1.0
248669a947931e373ece1b933e8f519e,6a65df7b3e532c05f3b312bb7e77ff33,1,1,1.0
2141abef0c20ac53c1bbe8e9aa668cb2,53aefda7ff8c61644d09043810bbf79f,1,1,1.0
4ea84245bb51d89f7ea345cf74de259f,58973349ab1ddeb09dd97ed337f84307,1,1,1.0
1389cf690748d665807dddc8a0c4936d,922cb381b9cf6840967314628799b1a1,1,1,1.0
05ee5418a4ab511e323a7d1922d4e1ce,37604742d757533a699692a6e1d1e45e,1,1,1.0
30cd812ff21054f5e7a1383dc70de5d8,6dd3c0e6d8d335ea381f39fd740c9138,1,1,1.0
c21443baab50d67603067254b941bfcc,c5a65d154638d2699e01bb8dce88e917,1,1,1.0
07f82ecdb207d09e2ef08acd22b1c80a,a8db13fe94d879cce68b7b852789fc03,1,1,1.0
eb34f70d5218c736c8eb38156014cb81,f2041c35a4a40792bc5bea109b816922,1,1,1.0
0ed7a1764f310e4becc0cba01027872e,0f0bf5903614594ea042384fa3c86770,1,1,1.0
5674ba4c78cc9a00b85be9af1f954e3b,d18801986f1018abdb3cba0470a6b9a6,1,1,1.0
1029c9af0ba3fa1769ae5c879c6fcb35,8a56bc1f46776cf85828e336fa75dcd5,1,1,1.0
0895fe4cf72747ab76d855ad89c93dff,ba3f2192a8512ec598dad62ec045152c,1,1,1.0
1ddb605c19314d9c694f40f8beab7990,663eebcc5935ba4d4eac4d9495af15bc,1,1,1.0
a9065f9f5e4e8ba2ec28fd0772e91c5d,ff8d5a4820b9e8b59cdbc2f6102e64e4,1,1,1.0
2e7b355c1bd347b40e4e52f51ad4ad14,3b4887c2c4c9336c5f97047b478451e1,1,1,1.0
6f20fdcd011ba2d7b1d0eb7315e6a7dc,6fd93c11a00e88c0ad43712cbfaa5296,1,1,1.0
d60a2f23557ba7c63bd1be0c3a9df384,fc58e93ad5f2daf2014c8d138813d1d6,1,1,1.0
981a779de0e55943a7d1b717ab67d554,afe9cdc000a97004ac5e560d40c4ce6a,1,1,1.0
896dc5bf20bbb5495b91021c021ccaf2,ab5dab8dbb42be51348423af4152c2d7,1,1,1.0
31f1ec7e184772c79610225282048a46,c2cc868f137c5529e6ba26cabd7ee599,1,1,1.0
7b3d5e9819f245927a29ccfae22ed449,f58d91eb07ca65178e04b1887adc8c17,1,1,1.0
0314c56ec0f115025e4d5cf570370fcf,b2fd519abdc982e824b1db5251493231,1,1,1.0
6ea1865dd89f605703ece20e28ef1021,9bd8e34366dfff8f1a825535737eb7a4,1,1,1.0
13c0a8a74ed21dcbb61787b6e52e192e,3e62c7e76057237999b774e5683d79bb,1,1,1.0
800c2cb1a4ca254bb22735e8898aa496,ec14a996a9746204bb1b66906e12cf1c,1,1,1.0
b6348e65ab1955f14b8b468bada4ce68,ee053c87e7fb771f1326ad7f8592c28e,1,1,1.0
6e0c910d67dc3a55add6f66632b33fb6,d95eb25776c0166da43320d9ef6b2bb1,1,1,1.0
774472d1d95c93977d299b48b24b0a2e,8bf7a2df6dcb6e957a853072328099a1,1,1,1.0
04d5d81451e0a6378b103c143688ae23,c938ef28fbb9211f931fae0931d0f053,1,1,1.0
95ca2c58fa0c3425b47e477d1c7bb829,db1b1fac87eb5c686792555f51ae2569,1,1,1.0
4483e2d9adf752a7b9f781eea1251bca,6ba79e73a5f6b1b6be4daaa21117d5d4,1,1,1.0
96fe5a7d17620b1c33b9bdc9acb863fe,9c919ff3a7af6da6d8188fc85c9a0e66,1,1,1.0
6ef89dc65a3b7430d5a4eda86191efb3,7c6df47290e2b7f87b1b9f8606a2c68f,1,1,1.0
8ca65fef69bdf0299409e1b52b6229f5,d24694c6a624cc659c7091930df961bd,1,1,1.0
3b0158de3bff5e6cc984d6ff05f1615b,bcd59f96a133c26d1b4d778be7ccc033,1,1,1.0
3c207195d2a3e4f5032c65447ffac19f,545bd0b3119518f1821332f395226501,1,1,1.0
0688198ee392c92540c81f5a3f2b3655,d73a0a99c82cf71eebd0766a8ea51ee0,1,1,1.0
1b7656b5b3c92c5e7d878ed08f5b130a,84dfd767031aa71218737ef85c85bc12,1,1,1.0
09ce636381b66340d1ff57c1d88b62d9,fd33f75cc59712d6fde968ddfb105e6b,1,1,1.0
157cba90d59357f1e82a211874b89e59,e15301f428e7f3779db3030d2b9dcd19,1,1,1.0
958843e128a10a8ae35155b6fc57fec3,97b9d176749a7d6c492127e87c5fab0d,1,1,1.0
46d5bdcc50df53ec8d503a81c0d2fa31,b6da6ab100de9d85d855bb67aaa2157d,1,1,1.0
e3ad4e23b9a9ea0760eca68158b6ebc2,fc6c2db1e5fc8d4e826df52031c08dc6,1,1,1.0
519f1f2c72b6d52b161e53716b1ece1d,be0e1634d7db645d662b270c0190543e,1,1,1.0
ab9fe867ee752de5eab4b3293460a31f,ea0888c0223d89a787c06ecc74633156,1,1,1.0
3b0c18c354c635be668723f7157008f7,506269f55456aa4942ff046f924b17fb,1,1,1.0
43c91b8a1bc8ee8ad0005a2690d4c39c,c51b05929079be99aeab2ca8e64ff73a,1,1,1.0
1290fba514887e566603d7bbab49208f,35265d972a3f3e1c348e8c280ae3afd4,1,1,1.0
394d653a91731237f192990cc1ead2d3,41fd1f283dffb62488773a564ce5cbdf,1,1,1.0
0d114ed6a9bb744dd2427e9949f0dd41,5078b16249b55c1b790a5756a02ddfe5,1,1,1.0
d8b406d490ede7bca2403b6f083bfabf,e8a53ce0baadcfc115cd0ab29a5e9122,1,1,1.0
0862d2d2c784b1b880b1848e10495b67,756574c3d9ed581f72a283c38776c116,1,1,1.0
059907a512be8ac75b50cbcf6f837d18,91a116717ec31215ffc38c8cab031a6e,1,1,1.0
2bcbce880708ca3bb8106040d0b18f9c,bce5f3c4404d78c5be6669f5547f2b7d,1,1,1.0
504008f73e607b2e88d3f176da96cb06,55c84c3a6ed3e40b21b2c40a7448d774,1,1,1.0
0eab825f57b3aa46d8c63ad696bece66,2eed4cdaa84db90a0c5e7ba71573ae00,1,1,1.0
9993796d78160390efc1cdbcda4aff11,a4d91b80bdb82de936dd0aee6fda52fb,1,1,1.0
16427c57a14336e472690a09ce8748fb,bafee9075bdc48c8b2ebd5c980ce938f,1,1,1.0
084be429c23e342acf5084ac6156d22e,b856a09d550eae86152c1c6918cb01ea,1,1,1.0
7ab1ea5af066f5c469ccc473e67d06d8,eda2ca88eda95ea85369d0a4a197f7c8,1,1,1.0
52f363e552b7f70d376e9d365b87fb88,5abc5823082905876eb8fa315c0e14b1,1,1,1.0
60dba56b05e9e2429ca32099c3c50ba2,e976616d580b3c98a1c3d86cb5609031,1,1,1.0
0b2d0021b09dd4791c0010d4be6e1760,f978e2ab493a24c277e20268587b5667,1,1,1.0
a27e379209319f4f2a9dc566f516c91c,fb819201cf760172ecaca73892bc8603,1,1,1.0
21e0532ee2e78478432ee1fb06ae3d15,a4813c3f53f0652da225d8410cc615a0,1,1,1.0
f362be295de5e69caf19361b902825e9,f5b73a2dfb6011b07b2f4aad915ce171,1,1,1.0
3f575e5c851e1ffe04a36b263cdda4c5,6e6a6567e76bd5bbc112d7d7f9a9c0e5,1,1,1.0
2a914bdfae6c0cc612a51e479acc0128,3f92f9a537646f57f47b0f1415c7654c,1,1,1.0
612db24bd7ec741c98823a46c73aba21,fd9ec1edc24c8e14a0ec6d43a4a784e2,1,1,1.0
886231f9e0d45b30b9e47c89a79c96a9,890eb4e200d53d36b2c49f3ba172887a,1,1,1.0
287ae0a02c99fcc6944ae8922beb860a,483db1ab9779fddbb649ea06069e00e5,1,1,1.0
40dcf0ca504c92ee3e0e59ee94fb9423,a2255f4f5dccc6e70357cc06f7b316e5,1,1,1.0
609b49af42511dbb7d8c3e8e37932c07,b591f5bf6d3e9cdf40f968adf9ce2748,1,1,1.0
080a0367a5a773e61f1639a89f07b712,3e7ae105da658a01e2fa1a430464a5ae,1,1,1.0
223b254527e81c34ebbdca8f87956745,2b1c17f524720a484f86dcb7d454edef,1,1,1.0
5160a1a353bf1401b2876b986b61528f,7c2d3e213a3319425db45a9a5d097cad,1,1,1.0
1df15fd7f97823fb37e2f04913d91343,601026e7114f7ef8ce1ebb523b3dc3ac,1,1,1.0
507c526dc04e88f65b3348123ad2b6eb,5ece49e012285b9003d084a4ea8a9c94,1,1,1.0
3aea245d9232e5ed478003b4c7c0befd,fcd2399004734c0e2c996479b1cdaf9d,1,1,1.0
5a7491f11851f54e535df1d0ba43ba03,a05e40352c8b77d9b06426ee54764a5b,1,1,1.0
a5e783156c30ef47a0209fe04f0c8f73,d07448b2437bfe83d9b7e226a9809ff7,1,1,1.0
8a9a81879cbda02fa71d4addfb1a446c,f22a63258658c4def04d2fce3bbd68ff,1,1,1.0
775c64377c5e51988914dd66f4f46b53,8163ea4d870aa941a0b5163d8d3a953a,1,1,1.0
38d1bf07789225ec3832e3d9271a98b1,cdb1d0f4e90e381f943374c053a64a63,1,1,1.0
0a0ddd2126c26c78e3e691cf382525fe,edbd8bd0f76c21b42d85322f8b703547,1,1,1.0
58bfa8233987cdb7b475f1ac752a7457,a08b0a126ac4d8df5e4ee925e7d5f55e,1,1,1.0
5c4fedaba86e0558729f4f82b2d3e144,ce229e58a52e45965d61d03ec8ce37dc,1,1,1.0
6e2fc8eac882372ca97c4f38ac8a47f7,9cc1821c467e83ddaa26f7ada89e39e0,1,1,1.0
2def344a13128b287c12ffd531dacce9,cb4524748ffab8550887a6616f2d3987,1,1,1.0
9396c86fa18b6d70c0b3da2bc40bf8e1,b6720c884c4f70869b4536cad535a264,1,1,1.0
3ca7d69a2018e87e4c6a172356af2a72,e6f6acc2074b58f269526302f3926428,1,1,1.0
81fcb1b3fcc6236b3ea0f8a4683cd1d1,b9b631c792478688bb967a88b9f2053d,1,1,1.0
4b31185c558421e53cd21a8ac10cefb5,a3bf83b50f90eb382d63942a93addf69,1,1,1.0
73a229f5f1038f3106643f4a4288402c,79b625882871d52531ad1eadd4783a88,1,1,1.0
7524d10f03a898acbcf917fb4e71c9da,af26054dcb45c7d1850b06f4dcef17fb,1,1,1.0
4c64f14f4ec0fd39ad45d4390eb08d5a,f9751d07d96dfb9372734b69cb21213e,1,1,1.0
66f545356c968f0aea66107cd8c2da7f,8e27a1bfaaf4b930a22952c08ec8bbb6,1,1,1.0
3c721f9508cd151923d3c7b2c5869743,71e324d4444cbd2ce5e61fa48dd434cf,1,1,1.0
9d1f8629dc5f3107dded59e772dbf9ad,b7ed52180f08c7227df351919f7dba09,1,1,1.0
2c7805e71918f3ee4591674ad25cb19b,7cc03c08d005325866a066545987dbfe,1,1,1.0
599fa5854f3bff7c41dab552068d04bc,b3594bb146f9ab181aeb6c72deaabe54,1,1,1.0
c13a71d8829d7a1331c60adde3f4f39a,f999abea6accb27e6a6f896f277894c9,1,1,1.0
05f8e6e32b003644892b67fd13a474d8,b770cc23ba32f2d02183d5fc502e39b8,1,1,1.0
bcd84da70f7bcdd07ecaaad6ca6b8e43,d6de9a445b518113b768614e64a73163,1,1,1.0
43e979a3439766ff0204f6f0ec74b9bf,a96c07930248536ba6d1d66f68916d2f,1,1,1.0
8bda983d52480e279ee8d6ef0b0c806b,fb70db26464e394fbb1183c5d5c36218,1,1,1.0
8a9cd20ef841095e7c0ebc28889670df,8e0276972086a72d845ee0fe5123b9b3,1,1,1.0
0b4f18a0cf7872514b14ebf56c56e68f,a7fe416c9168fbfa1d630895633b6b3f,1,1,1.0
1a0f0d0244e2da32031d3c8c322d1bee,962ac7d07a0662bc22cc78bf82176ffa,1,1,1.0
7bb289562c6224e0d4d34f513d0aae89,f7db397606c45cbe21a8c9b2e1633526,1,1,1.0
27aacd37c12bc685a275af86f14d2c23,31e412b9fb766b6794724ed17a41dfa6,1,1,1.0
699d8941135d919199bf170cc5446a0f,cf5e22c7bc24e94ed405938a1f4517a9,1,1,1.0
48932180a853ca54fd808eacb1c15d1b,eaf28e2a9e480045288eb9019c5ba909,1,1,1.0
799e0af247812955c38131a7647598b5,ad9ea4d00c39f9f3213f2cb69b1bf3a8,1,1,1.0
0b4d732ce0d9fae6a22b9971f74a2149,184f9811137ce4bd9fb8308cf535a857,1,1,1.0
35535aaf49613143aca8799e8b45f0eb,ad309b00c99c151fa5abe1778059b5af,1,1,1.0
0e90433a28e2ce9a8121569dbccd49b4,dbdab35c90de88d44f96fd05b8688cea,1,1,1.0
5dffd7b4ea1a20571430c4cb5463cc82,65fbf07cda31249fd51219053e9ae2e7,1,1,1.0
132af74d1bd8b2b57807743c3f257081,158987cc282bbecf5e0b1b4aaf9a8854,1,1,1.0
3538cf3e6c8ad661ea4ac1d27f099397,ccff55a63b6fa9b20b82336de002f30d,1,1,1.0
834d38a7d116877744264152f8cbb4f9,fa60093243e88c0cd6296dba1b0054e6,1,1,1.0
c19b3f0be6cbec152296b8383a971ffb,cbf411a8cdf5eca112fcc459f3588d6b,1,1,1.0
5536c239ecfb58b8960053c6f855b4cc,9cd8cab8da2c15b7ef379643caad4a01,1,1,1.0
00bbfe2f540d0cfccbb098d92c503eca,e83c62678a1ff461d5e490c3e8e6e28a,1,1,1.0
b329ed361b94aa14781944b23063b5b0,b44c8d45a4be6501f69e0e2d154ad06b,1,1,1.0
0f924ea7db4dde64b696de7b0fa98bb9,d176981ee04d8ece7ba50df7d9c0aa8a,1,1,1.0
002bdeb33da5b1b3ce8b9c822f749c82,4c116f8ddec984371284ab7bc860001a,1,1,1.0
1ee5b0e26a2fbd9a4c52d1137e55ff9d,e0d5e4dcc51b803017994bfd88070910,1,1,1.0
7bd536f7c10736ba8894a00a780e8ef5,e81d67dee583b417c53676f8926bd9cf,1,1,1.0
5eb8a18c3f0aadfd60d9194deb33364a,8e5102c8123b48eb09d2362c18337d4e,1,1,1.0
223b254527e81c34ebbdca8f87956745,fdfc8e52821e53dc5fd8f8d03c043c8c,1,1,1.0
041896d54e67bbb4bd79d31bdce23a76,ade79c7610461d8dcfe7fe506c327cea,1,1,1.0
8dd1c4dfee300b9c130464418b0b7dcb,d34a4558b69784031d3b3bcc44f840af,1,1,1.0
a1b7b730e09f2d92657084360f2d5c91,a26120ec5834b1430157835a1814c372,1,1,1.0
5dafb1238b82de265e37a03086461d38,d20f34444ce44ca683d46e9da98456e1,1,1,1.0
2cf5b573431ad87a5a02b287e6611b81,2f800f604ce609f0293a9d84e7fc12ed,1,1,1.0
20802dd4d187913c6d5b2b8f605bb817,23ff316c99eb2251fd52764329c2159d,1,1,1.0
db32149fe10651921d65ba69612ea872,e2ec63bf1526efb39fd5646c69fa8d36,1,1,1.0
455025dba231735f3760572a92a7dd6b,bc0b94083a8c34bf7d8e3451197564a4,1,1,1.0
d89bbed2bfc8b18edbd8fa87c7e214e1,fdbc9e3e8ff4d5fa66c92c652912aef4,1,1,1.0
7806ddf4e843d92ea2cba1fc2d285eee,c692237770f0c342dca69511fa3f08b8,1,1,1.0
556cf877ff4c70e71e97a35057f6ed23,68007a0f95654b7c1a9ea4bc129926d2,1,1,1.0
68e2089947c998d87d7fdfd5a05139c8,7139d062a8bf1437539fa7bb236efc97,1,1,1.0
43fbe66c966427b0afaf3fa7ceb367b2,44520c5174b581299269d07e0735b090,1,1,1.0
213ec8ba298317826010a85c0433f62e,c7e67e5d2515649133541a0db055ad1a,1,1,1.0
d1a1e9d7a3920a14c72ad9e870ef6ae4,ecfe915a07182f93120e1f4f1e4be664,1,1,1.0
0f7bfc0d0d65e0925fed86b2049b65ae,94df2c0c566b7339fcfeaf9c901b9f00,1,1,1.0
a20e19f70cf92ad5bf8e1339d5ae9316,f9279d6e21053d0ca015c69de903b453,1,1,1.0
c7a8f9551bb258f6e5b0a9c5a28c22fd,c9e802f30df97e927f31d26432ece0cc,1,1,1.0
46c3eb3d84e04b1f16f382ed7948daf5,ddd6924bb0a8101c1f910509ff573205,1,1,1.0
5448fb61e525231e03356fb5769b9820,5adec75a56034d77ccf5b432bb9e99a7,1,1,1.0
116bf4289adfb3e9ba0852ad26704b04,82772f20e2c065c6443ed5e09a8e7ace,1,1,1.0
5219c1e71778c7c921304a6d6b0fea7c,805816ad3561d6a86cf4b4700f4c89cf,1,1,1.0
5c32614e4ac9a3f1c2a7eb6d3996c61c,6e297c75ef9ee80cbad745dd33977c7d,1,1,1.0
622a1ec2bc1f69eb88c6125eb82749af,d60a512747263c5307fef65a58ff7532,1,1,1.0
be6bd6ef5a586205cf814fae3db71689,e2d7f534cc0ecd215219ee87abf8c401,1,1,1.0
0f6351b4a9d67d3b245dd2ba426f345f,12c40b8d0e346698baa035fe8d542dfc,1,1,1.0
338b4e6aeffb2e61a252a00b59b23c33,d43d8070c7681ecb6d6915c00bd16e77,1,1,1.0
aa28df52f6f4d313847d126b4db11717,abd040213a6fa647e62a971f7a59de6c,1,1,1.0
6b8f49efa9b867eb0643ce5cf91aea61,c4fe6661ef9df9a77a16c780f696ed19,1,1,1.0
7fa29a33be80d8411d8e0ee07cb70e46,e8a2dad9972d90985fec118534589519,1,1,1.0
22430cab2d3b80065613c8784a1eed9d,57a5850c155bdde4d8339f790002336f,1,1,1.0
0895fe4cf72747ab76d855ad89c93dff,397567bb88c56e494c4b4173b676266e,1,1,1.0
13d6316b7049718767c48e4224ffa6e1,274d4e175e327cce95f86619d7ebe6dd,1,1,1.0
63a5753519e3e9bceddc74685ee16961,f0871fbd96f357457ef005037dc0de96,1,1,1.0
6eca2d2de1ab398dcd92e20d047fcb0c,b9ced29e77e47083d0cf1240c2812b65,1,1,1.0
4ca4645eb9a7ffd4698e3d8a22de1af7,f8ec2178c6a49d0c21ebd64fac7222d9,1,1,1.0
35d2594bdba35e830767b63af353d01a,c5f01991eadc43c924dfd891e9026217,1,1,1.0
7b41b7725aa92a0a785588bce9fdff15,c852f53ad90fddb4980c602b6474a487,1,1,1.0
293e235518731d47009eb72fd9cbb2cd,4dd80367dd14fa6269aff9b5d319fd15,1,1,1.0
6bffa9e961fdb229eca8dffbd00d5ccd,b3294719433aa4945f6399c5eab2bb1f,1,1,1.0
adee1f41a8a1659b461473d88cb6975e,ba567bd58efc37796eeff014b77e82cb,1,1,1.0
71929a0b6f50f889c540808d261de832,a0b4263d0f1978cc8d447c98e50f6118,1,1,1.0
0aa18d91a45ffe9217122c0e4eaecbbc,5984a5f688491bf6f0796467b568134a,1,1,1.0
03c6dad4cdb636699af6b02c6484dec3,e1e91ee1af1d2704b48f9b314c6fd4fb,1,1,1.0
145f044128f4bfb17ebd95ea329756cb,322c0c1c40458b93e125fa7d82ebabad,1,1,1.0
2e03728d04d38cc8dc6880838bd65670,ef1b21005a4676e88c3a41f8f1562d73,1,1,1.0
a464ae869686cb502a45df7efd21fa2b,c1bde6763b9bddba67ab058777cbeff5,1,1,1.0
78fb7fc3d9acb7a63ee7e8e6430d8eb1,aa5824451a9437648ed4dcdac530566d,1,1,1.0
a8f43239cb0010e01e3d2d9e8be70419,fce15f707f36136d799b7eb0b8df9617,1,1,1.0
0264a651d41a6d387cf2f061b5f914d3,1f77259d3e33898497c3836439e3c694,1,1,1.0
a449a968d16d215b87378ca18220f3ba,f8426a7e573a60f20f4331e8b8832f72,1,1,1.0
826c82db79dc086400a19839e47099da,9e9e2a8949bc17bbcdeb154d907f411e,1,1,1.0
14bca561bdb2901e80bb20800ba4bdc0,cc91e994f48d1b16c6264a3eb44a289c,1,1,1.0
46fa2563b12609b1e135d08c43b1848c,fcecfb187df6e865659cfdc0620b06af,1,1,1.0
9fafb9bc4f2296fe5d2d0bc2f8e19a0b,ffdcd85e0e81fc93f49bef4d54a4e61f,1,1,1.0
4e4033522a311e3660bb42addf44398b,9f52aa42e2fd7bc958a8268f0c5945d0,1,1,1.0
2a8e9a7b6d67b448707d0d7ac6110b9f,be6bd6ef5a586205cf814fae3db71689,1,1,1.0
717369626ec16ea93f95caaa053e0bb6,86f23d17b5a5127c1aba5087edd533d8,1,1,1.0
968c15b4191d4ff00ee5e8dfe910ae67,f671cb35b7e04c48331ba6b143ff6f5b,1,1,1.0
0d0481ffb0bb25cfc9ba06c02bba0ecf,1d39fffe45f1e98365e6bf6a2bf16dcc,1,1,1.0
108b1a74b02d1e998850c39d7a7e9150,7b0c9bfcddf1a89dec6c95a5c0c4219b,1,1,1.0
1cd60d3658331ad4d42bb8c35ea76c98,c0b7acc5eca6fff3c2b366f5a62493e4,1,1,1.0
13f0b6439aef26aa60f051b2d9a25d32,da2168560d23ebcf1414078f7a5a5997,1,1,1.0
439853dd0f0e61149cf809fb83d3c137,78902223d7e2346c32ec70c7d2a9a164,1,1,1.0
baf7700d7cad4525107962e93ad4d9be,bff0087571cd56beb088fbc9f7ae22e4,1,1,1.0
5ccd4f1e3a2de9f3f8eb2dfbc3372ee5,a2694c5df9183031534e4dbdd7411377,1,1,1.0
50dee0f0f4c9d0d69da4cb4155da0463,c38273f8ef72a4ba00a78e07b2159c3c,1,1,1.0
703a328ef6bc82022db191222a960b19,8f6b853d7bd8510f486b322143086678,1,1,1.0
7b3d5e9819f245927a29ccfae22ed449,bb00460af4cda6bd1252e99ef3168b56,1,1,1.0
7cedb859c8e4969dd05c93f857257df2,9e80855aee7a17e3e214da66f7d1c08f,1,1,1.0
3c183c9a923df352fc37986b4c6e1792,54eaf1acb5223654459bcc99ad1702f7,1,1,1.0
3a10313a6428bd4c25cb17bf269c52b4,fb1325a63c041f5d451cee4bdb0e6aae,1,1,1.0
dac134231a54f7f083dbb5db08f915ba,e26281cbbbba524e191f8fdb2e17d467,1,1,1.0
8ca35d717618d907babff962da6c5484,f1c0232ce687019727128896ebb21f09,1,1,1.0
8a8fc46830cff51b8f5374e74dd21e7b,eaaff84ebc1c020ab83950d9303a8e97,1,1,1.0
d032916d94b1b93cd871fe9e460bf5dd,d3a498659d2a03311f7a7d31941f686f,1,1,1.0
9a8f5956baf4c67886d91bee7bd5a50e,dc1ebb3411fb6921b469b113b93ff80c,1,1,1.0
01a8a2fa13dad647949ff57927e63b0d,ca0005ae6aa017ad083bc46cd0ab452b,1,1,1.0
b9ca109aba9631a3dcf9c422ee6a16f0,fd24856754e51f50470e7ced0c26f7e5,1,1,1.0
8702c9726f560244d1f952836eb7cf82,9b29bfcfd2f23ebfce73ad908e474d2b,1,1,1.0
6dd3c0e6d8d335ea381f39fd740c9138,b2f91567cea910545e72f203ff7f326c,1,1,1.0
01c19b1261325781dcf2f82c9892f80e,bdeed1aa4eca0066f5bb4a20d07bda29,1,1,1.0
be83d747a325c0b259b6717700622e36,bf06784da4b8cdc0848101cf143f2e78,1,1,1.0
160d2ef1a6e33ce2b48efc9686cc5443,1fe07e5b013e950aa1fb7a3b5bd8db95,1,1,1.0
3615a0782b52edcb08716ac2e1c17b05,ed5a19597135c123f7c58790f3293231,1,1,1.0
372e0fc66eacb8698e4f9997d366d961,86d275d37ab130693fc6a970fa1accbf,1,1,1.0
08a5e43a460ed2d16c7ca07bf3ebd815,f283d62df3aed3073aa2796eecd01ccf,1,1,1.0
a69a4609fa836e9b699d1be232d5e327,bc03e1579419c39e07816c7a5d681590,1,1,1.0
05b072d40a72efe9dc9752cb3ac00dd6,ee2e6bc257be86dc7ddd9e85736cc5ec,1,1,1.0
64ef8378b255bc728db76e1b9e61c727,ac3c7067a82f6ecca81065c90fdb932d,1,1,1.0
027497dedcbd1792aba7aadf6677d2a4,940a6d4dabbb99c70905981432242887,1,1,1.0
208913894f903ccd55056a8343488333,a6834e35652683d67adaaa455b1214ef,1,1,1.0
9e8876439507a7c603809927dd6ef09d,dfeeae009f230d66e18e029ca44e7181,1,1,1.0
7e7fc3003584df59be31abba5784d8e5,8c34ccb096a609feeb7e362837549dcf,1,1,1.0
0eabdff68ef6cc25119e4aa18f2ba7bc,d4c901e082d2ad0f25ed2b633b1b2322,1,1,1.0
a5ce731d4481dd58d0bb8335e72142e4,fa3d003e658cd1bc7b391ec1e602c76c,1,1,1.0
71869d940bc95136738f7ab1b004716d,75734e576b6be4897449c86ef0681eba,1,1,1.0
9c81b73cddf3395252e9ee748dd84836,a00921a9052e43763c4a7f1a7dbd7f18,1,1,1.0
544d24409f1ea525dfd74b6d0bc7d633,c300bae67265f51a879598ebf9c49c92,1,1,1.0
19c476e5937deb6adc3240137af8f786,5876dd2eba90a1f7ce5d0548c46e281a,1,1,1.0
bd0c5c398fd82eb26ee4d31548f9f0ce,c96224828aa198f23cc499642489b74a,1,1,1.0
43e979a3439766ff0204f6f0ec74b9bf,8efb58212e41c40b208733edaf5b05c5,1,1,1.0
505c54a1b8e4748ef444d68e9eec57cc,c1ed3accba08c7e77f2af9804859b076,1,1,1.0
19ea244e9173ca0c8ae93d2831008fe7,9d92c9e7325cbadab39042d4a60c7d9d,1,1,1.0
6ba3b61a7ce14a15e749e13216b3a343,b9f3daaf766fa1f2d111eb6b8bf8eeba,1,1,1.0
60465f85e451c9712f1d256a6127702a,785e8f5ddf4d9d8f32a00a0f3c15ca04,1,1,1.0
6b4b795583bd096b98754505f1a77f1d,d68ed97669e9cee5b36211dbc592f4b4,1,1,1.0
c99e17fd41da66a0cc20f4647f91d8fb,f251fa47f92c30e90adad31062a96a86,1,1,1.0
0462c410423508010e83ec6a0a347923,06b0421991a8b33ebcd370945f3494c0,1,1,1.0
a56aee3c30b2685f226059c5fcc3c1fe,ff0ea66f052f8bbac671885af123b94c,1,1,1.0
ae464baddae45d845430d35a6793582f,dbc0a39ff0c850cd0358a1fe289095b9,1,1,1.0
0c38fe229fa8230ce5a686e75d2f01d1,a277c3e4537edd93435ab61288810da8,1,1,1.0
3538cf3e6c8ad661ea4ac1d27f099397,dc7834a96c0a7d00791c270c6429286a,1,1,1.0
a7932218ab192b7c1dac7e7a847ab21d,f81d21d920dcc2483b1043a064f3a9bd,1,1,1.0
9fb83eeeaad30ceb7a134cde0376648d,ee33b26ea0375dc14f17a2371e6f6537,1,1,1.0
5c4fedaba86e0558729f4f82b2d3e144,ea9b2d2e8dbcab9110a33ce3db88ec0e,1,1,1.0
08ac5a9c44cd0c632183f1c6cafc3a06,5733364acefd6b132d4617348374034c,1,1,1.0
0c13df50aa9b162db03baebbcbd8cf1a,4d2ecc0f7c087c8691cc36996964d417,1,1,1.0
83e19af9cb7591106ea19f1330771a33,c15a9c69f715ed7787cd601d2075f525,1,1,1.0
0bf6ae440bbfc6548343fb022d743500,c0488ece146b98c1fc2a0a11d49ec7ad,1,1,1.0
51372d3b504e405b6fd5f94b0bb362c7,e3a625b82df7871626e7d24f2d674240,1,1,1.0
002ef00822613c94613e60e03b169fef,ab8a9a2a6edc9fd52fe401722df80bee,1,1,1.0
2da07654dd9e5dff1cb0fbb5ceeb7396,af4ccb75d8c6ad4cc37353e13706a43b,1,1,1.0
9751244bd65fd1f1166ab7f3e10a31ab,bff4ef831a377c4d6e06be5dd035a8d3,1,1,1.0
37599ecc41d3ff5f4605abeb5145ea59,c6ff4cdc311f5ff1bfe1457530f6eb2a,1,1,1.0
4330a0ccfb4285690a46b1e9fe2a0994,66858579ff59b434fdd5fc78302514a8,1,1,1.0
1725493c8d242215acd8c8f56fa3ea80,c1064cacd1347c63effc6657998eac58,1,1,1.0
2dc1f0328505e1db9aa4878e443692e9,fda9a2c9ae3dcfc243d5709f5190471c,1,1,1.0
710e6d9af622bf1b64b2ae24d6880955,fd398d491fbe219c1252de61d7782bc1,1,1,1.0
673a485e43a91ada79a8c29e91eef548,b72198a2beb46a34b18efa39a79c5334,1,1,1.0
3ce1fa9f478cac95922954b388345677,b849f49416bd94ee6b0a4d36fce5b3a6,1,1,1.0
5a6f38a618c025dd4d5523a5146ffe3f,6e00d78e8b8a72aaddaa0282d94e12f1,1,1,1.0
304dd6c8d344302772e0b825c0dbc462,73f90b219c69253bddd6d6111783f47b,1,1,1.0
14650aba2993d5db931ecd1ff160714a,9993796d78160390efc1cdbcda4aff11,1,1,1.0
5e4d57b5217587ccb9234555c17e303f,d7454b8fa3a458180e8089a093cf1718,1,1,1.0
89eb91f4e3b29c368dc72be27447b9e4,f499e2267aa2b626fde8602746d1a299,1,1,1.0
453325c9a92c4e25bc01d877f49420f7,f4b66443571595d4b3f236d0952d95c6,1,1,1.0
e35c63c8d0151482f0b9d4743c678aa9,eedf0e2e41ac423fb7c71256f96f60ef,1,1,1.0
f4dab2a5ba9642222ee504e6d6a409a7,ff96fbbcff0db5c4442796b8ab8b474d,1,1,1.0
b067aedc3cb45dd6fbc704365059764a,b6026a3e4e0e614fdfca5b00ef35ac4c,1,1,1.0
261d11f936ebdeae709e01a0ee364cfd,f2c1e1262d4312621609513805a0dd1f,1,1,1.0
01561f92006fd3ba8a8a4246b7f38101,5121548ab605cd18cc133074f17c0aaa,1,1,1.0
26d011d527e0a9fc7e93674895f73193,741e2994868338c4687bd80612960331,1,1,1.0
ac6c38dcc2677a2e9510f1d508723883,b6f9b37d079d046b778bef7754e5ee66,1,1,1.0
336c1ce247e1f87858c70c13d27d74bb,dca189b14967f95ca5bce343f5cb1323,1,1,1.0
0b49bcd246aa9725adb7ea86e4fa0ff5,452d17fa01efca52d53c2b88c6cfc041,1,1,1.0
454660f8ac7dfb584f85ee10e3a2000d,c5ae8dc077209a38cc64ba830ac26bbd,1,1,1.0
48fe27212ebfde5779c1bc2b956d1330,ff7cedf1c43f85a024344bd55944cf57,1,1,1.0
ae2a71382b06287246b07ca68b92f0a7,cc9b9e9c64d8dfc0456c0dc3484c1ee6,1,1,1.0
c4b52225aca63b4ee95d15fce7bd76fc,c9a4840a344c95379a7250c3ae869612,1,1,1.0
86826d7419b9a817e604788869d23020,8b76873e1760a5f47963cfb77d20e444,1,1,1.0
02105a58e384edb89a9827dfd3b8173b,0b9485d1b170c7f8da17f8d2b0228d2f,1,1,1.0
971bb54683b95cf74f129c91d04976bc,fe698f543a90dd31d997b24dec8c20db,1,1,1.0
c01143ba19a137c35b9680de560dadad,f1f0f260afc590119fac7cf5329b259c,1,1,1.0
0fb360a422d2297dcf21d4d7b91028db,a69a4609fa836e9b699d1be232d5e327,1,1,1.0
9646f9a3dfd2aa3e1cd8f0d1162e0164,cdace5c063cdf439d9a0aff912594cb8,1,1,1.0
0406c6ac876da480cb76e163eb5d9359,99fefcc024154d6088c096ff42edb1cd,1,1,1.0
a3ce08dff231246c8bc55400c68ffaa3,bc112b2d320a73189173fd2d4e6be36c,1,1,1.0
6f930a9989791bfe75ceaf7468ee3f79,7744dd5bd5f8e398878b4cf2aacd5f75,1,1,1.0
26b0aa1978f09039fab41c4e4ed32299,9e4b9c100c3b0bd37d6604be7c0e9758,1,1,1.0
243bf34f2f9c8c7b941e3ad4783a4b10,7e7fc3003584df59be31abba5784d8e5,1,1,1.0
0f46196da4c06ec7ced5195e5cd19294,fd317ae6d8988b7041034edac3f253bf,1,1,1.0
1a51e2f94d8a735e9d52c5a50011c4e5,1d717c79d863f953eb2a4b307b970460,1,1,1.0
9046541463206bb0f8dcba0018853adc,f4ec1b47a4e08fd853abe5c45f53bb37,1,1,1.0
9e9fab3b858740656ed2e9bb96f6a922,d6c62fbd66633f3b88b5594cd96f8ab6,1,1,1.0
9cb961bafd45562e274fc0962c539b60,bf36366705bb86405746e71f105b747b,1,1,1.0
e54b1417cf0c79b3b222a16931b0343c,fca336c860a75c90b977fd61ce8cc2d6,1,1,1.0
261d11f936ebdeae709e01a0ee364cfd,38bfe8e3b53678fc301fcb2282176ab1,1,1,1.0
3c7d174ebe16d6f127f8eaa18518e757,e0387447b545f71dd9fa69a7faf58e0c,1,1,1.0
d7706368f76ec8ce840dd29ec1e2060a,ee08771981480b6860b836946b42630e,1,1,1.0
6452168ad6a6cddd2fe5a2b1624f2d47,9aec5a6f94083aca8064ec076c1f9177,1,1,1.0
25066a40f307a5ba3b0d053c7f3c8ac1,770834d5e75dfa9c6f81de0791da6715,1,1,1.0
475956ece26647d620af9bc9c2297bc8,bd9cb7a13da43814b1119382185a9858,1,1,1.0
1c07f226754a85c70aeec638f2f7b270,cffa3735e3c4d6cdd98e7a43b39cc31d,1,1,1.0
6d73e7efd1131276b3692f0adeed6ac9,b20f3ab024ac7114796526eb0c59bd6a,1,1,1.0
07ba909584e0943e17023c983d4753d0,3a8bf1c7983935f6ad77915e139d91be,1,1,1.0
1ce6662e2bd2879094fb4118f6b2d578,9e3cc1906aa2db29c30aecb2d642a41d,1,1,1.0
5484a1006f5484e669c209696bebd72e,f362df122b464975105a55a9ec62c241,1,1,1.0
536b491679e5f7dcc7added6569dc0e1,7f5bd6794737ef7e317f7c297c687ebd,1,1,1.0
1a3e064d6461fb5fba261ab141ca2ad9,3ec35f267b1d2635a9e7a28752a568ce,1,1,1.0
08c04a8a50999450b2f003c9dd6fc6b6,2a20697e5508f62175c47760b460bd01,1,1,1.0
1ef93b70f88c26e3c6c49238d9edeb06,f74322325aefc98ba07eeaa276fcadfe,1,1,1.0
d198625af1483191f3c684f96c168f98,e46c733f67479a6d5447886afb6d5f39,1,1,1.0
6b52c361ccb2a01ae01762d5becc66cc,cccd50988ef52de84f8ed4002fb28ab5,1,1,1.0
2883b515e6b720bb0ecc64965ee0aa00,8ce6a383fec2ae316e9b088d79d694e8,1,1,1.0
86826d7419b9a817e604788869d23020,f90274a116895d1ab5e3c4a284ef5ed8,1,1,1.0
c18287f3d96045bad031c170dd939c74,c6bb2e116c8ccaf3738a685ba174b675,1,1,1.0
4184295f1be152870c1b7bbf5f232d03,5f18af0b923b19582d6d6f2723f05b3d,1,1,1.0
40386918bff25787189628d04176f7bb,f1ea905daf5865c01b0ed5eb10cb6266,1,1,1.0
2d38423803c18db71ffaabc1915d98cf,4b0cbf5ea22869c5ea269442f9b849e7,1,1,1.0
f0313b8b584e00edefff64002051ef59,f5d11e0d479bf2338256109dd7d930b7,1,1,1.0
4077fcb87fb654d7fcb5c96b649415c4,9f6aec2e1d2373c0533bb0302cb79c0e,1,1,1.0
7cecee7f130941c470e112c8c9234e4e,c87782178caffd5f144489db539f644e,1,1,1.0
1c8c2e37ecc2ddc12198fa9fe1e9edf5,dbaf90a340588b6b0d35609707c9e28e,1,1,1.0
7b5679cb67856a1fb48b106614317771,8d5b0f019c3795f5639224a05ef3a4c5,1,1,1.0
5a239cff21db60eed70fde2621e386ab,d0cf12aeba44703a0662d2c9438a48d9,1,1,1.0
353bc130a76c1b5b7f2746aa4fae796f,e5f4de40d38d9a3b86bb70d217f2061b,1,1,1.0
9ee33087e418c452ee891e842f44bee6,ae03d9bc60ea9a4254380f51832185de,1,1,1.0
3509f35790035e4d9c9ce55ad28fbba7,656391c4bdc3662adb8dcd6e23cad0fa,1,1,1.0
5f324ac4527aabba6b96e88bfac0014f,8b4fb50121e80492650750b1f1356b83,1,1,1.0
3db8d7bf0403ab19834e3690691af4ad,d3b95980d0b9abf2a7d9fe0dd1ccb91c,1,1,1.0
bcf958b042ece5fd995de0dabb3abf56,cb960711606451d128d72f25253e5d93,1,1,1.0
2b1c17f524720a484f86dcb7d454edef,cbddc85ed8c77a56bc0ba0cfbf057242,1,1,1.0
16fad3f895505b4d04cd5859f01aa23b,a67fecd4801b668a6f99946a13333c61,1,1,1.0
cd7fabbed6374d8d014eed4b87bfa9f5,e45f2a5243076524f9fa34824a58ad15,1,1,1.0
400e73e6c1b24742691e9d13bb84aa03,d2b3a6f99b85f8c3ceb2179a1b0353d3,1,1,1.0
21255a171af88cd4cbb8c02d0308232a,8eea446bbfa384e425aa5165d578755f,1,1,1.0
53aefda7ff8c61644d09043810bbf79f,761188065f84481a27d8a8d3da08fc60,1,1,1.0
a01276261f0936652b1b315f94104b38,c229a48608c20646daf2f81656093fb5,1,1,1.0
9785e169d9bae3ff57ed05d36a5ad11d,a55224aa1cafc8d10ab7af526a4cf0dc,1,1,1.0
58a36e5c8a6ee775b3560452f7daa02e,5f9d9a6beef4df4c5fbabafb14a41d6d,1,1,1.0
b78a72234fa5b7c1f5b16c5256616a8e,f6d3854ded3e19c18350a434b048fcbb,1,1,1.0
3065271ed4f6763475a4466750414c23,7e2cae9835e2f62496f365cad21a0128,1,1,1.0
1ee6bd0affc5924f72baf23340ba83ae,389a0588bc54a48e50f6f5825c5da8b0,1,1,1.0
5a33eddc1581991e3cc816357daf8fb6,ca7932d6025d456802b2cc0f04ed7c3e,1,1,1.0
17bf374d6f406164b8674643564f3a10,83069ab0275c19bc4419fb14224e9df8,1,1,1.0
5015dcdde331f28a60af11688dd75f56,7d8a99bb8d90dda2a158704bdb5c988d,1,1,1.0
f898e7cd83510e72ef5b30a1008e55ea,fdd6f14e4ef0c5c24e9b5cd361abb157,1,1,1.0
7dc34cb3fd6dbae23add67e72c735025,b6270bb21e2f15441022012115c81952,1,1,1.0
7d486a0be548e112afa0540d337019ee,d2f4e221b5f56c9f3744a9b8c0bee542,1,1,1.0
607c353644b6dbd5a5324975ae4dea76,8cd852749066c2d145e6f14f4e85e98b,1,1,1.0
36ce0bb312886e4755466775a3041fbb,416f8cebc9e3455b81aed90642f926ad,1,1,1.0
9f4191dea4d3277900c84aeba9c9d373,a35457fdcf9f505e895c3ecaccadae53,1,1,1.0
6c2a27c6a9e47ecc62abe7181a923c77,b08a67dfc3133fb089b5a40c28baefe5,1,1,1.0
ac0a213aef20d66edc12ccfba262c163,e73b3490f2efb49a82af5341c7261e68,1,1,1.0
a0361c0779cda9416bf7aba3a0f7884b,bcd59f96a133c26d1b4d778be7ccc033,1,1,1.0
99b13c4df0d99ac3b63affa29d498de4,c0ea3dca938e9ae207fa38719297efcc,1,1,1.0
a74604c8d59be4d5eebd1fdde0e5e57c,b9a78972745da1af7db1bc2b4cebbba2,1,1,1.0
1e4fbcb877326ab9d4ca496a8687e6d1,afbe9434938af234d7169a2afd77dfdb,1,1,1.0
65cffbc089e4ef996702bdef7aa3bb13,7912478cc830e7e59f8dda8b2712b555,1,1,1.0
11a87ba9e2accdff4efdca9cf3e839e0,47c46a8bf15ec7bd0d166ada892bb358,1,1,1.0
e0d9036aa26d37bd52c8dd37e87bcc99,ff580ab4901e3619925a27db44eec095,1,1,1.0
2b19e222fcbfd5584211b6b663d09260,a8ad190dbcf7b411dcba3d4518334a58,1,1,1.0
5800f1507380af3b594684ddde401a93,ccc1b0d223798bd711b0799cbac29d36,1,1,1.0
80c28fbae01e78ee812bd4748cdf3fd7,f77c39e3290fba21f96ee1d92824a987,1,1,1.0
7b96980be59102c59bba35b045f52067,e15301f428e7f3779db3030d2b9dcd19,1,1,1.0
269773a22afb7d31555459a234c70c41,3918f123ee0b53cac997dc589a641ade,1,1,1.0
b2baae9ee4c89484d37fb227225bdea0,cdf2b2b8c6e87bf77c870a059435a835,1,1,1.0
9425e2bb8f05990ccd57f6a4bf0a33f7,d6d29496afab4c1cba3fd1a7438c24c1,1,1,1.0
204d69d0bd4871eef08a4bfe6831a518,ffdcd85e0e81fc93f49bef4d54a4e61f,1,1,1.0
a9c43edf4228fb6aeaf6bbfd569b40fc,d47c6b7aa871661404bb8079461ba08c,1,1,1.0
3652c2230456dc3efa1750852667eb2d,fbe1e766ced2315c4ce44b68d37ddbe5,1,1,1.0
194a415691054480966d811026b7b845,e81fded4dcd87376e7d8ff1bc8e01cf8,1,1,1.0
9e6fc65f490950a3f8855487b200069d,c89baff4e3b659c48ebff23a7767799b,1,1,1.0
806dc5677f50c4f394407b0f6d820d6b,f9bfcc4646d0fbd4d8856870d097bab8,1,1,1.0
a40a35483edb3ef0e55dacdee7c9fae3,db1029b1f63308c837eabdbf054e9dd4,1,1,1.0
1daa562c534b75b0f9d1ca6d9faaab64,c389fa8784be2fac4d502884b4aaa9ba,1,1,1.0
4158bd0ed570a46ab9af7ed78905f0d2,dd7be927ce65354ff18a65c37e39c55d,1,1,1.0
ae5b8a2e542058597f030d4a128cf81a,fb68daff9a009ca8d050e427e84c231e,1,1,1.0
0d58b25bcd78a6ea274fbbb56801df0f,a4aa60f9714f059fe70e99d63f65ba35,1,1,1.0
6404284d8144a1f897b76c42b6dc2c67,ec750259d6f61faad9361c3f0bcc074f,1,1,1.0
94fe756b3e56a9bc28dcf7f832f0e11c,cc30806e46501a4ee6f39db712313142,1,1,1.0
149d5d9046eda328cfe55e73c74af638,cb76ec657ba8aa94671271fba5c02c27,1,1,1.0
3cb378e234a3ccc64f737a6bc4cad150,96d3ddbed83f05a259892c6d31c82b04,1,1,1.0
a78b060358eb2d9bbd19158b0d542f25,d0e085bfbf1bb72342fc83552f023080,1,1,1.0
50b82eb0295bb83fb354bb684d530caf,709186ca4808194e038524f227148830,1,1,1.0
154017ee7b8f95544a8b9885caac75c0,e00c4751baab2d9aa03bb8ed66f3413e,1,1,1.0
5063d70a88d82aab39d8a197036aaf2a,c23350a5f9bad5e2cbc3a3e04f6791f0,1,1,1.0
9a2f8f0dc52f88ea53161973498b6987,c857179786141745a4cd0af032ff4ef1,1,1,1.0
1c721d062a04d51d8d3887dca3571cf4,bca5edfdca79667ba7e2db50063c764e,1,1,1.0
7adf4aad96e000c4727970f7919c790a,fc09bd9c52826077629d200d15cf05fd,1,1,1.0
9e4b9c100c3b0bd37d6604be7c0e9758,a1fac7857c6b883929b8de54fb33ae7a,1,1,1.0
1a000d0b3222279d547e6cb1ba34de1b,96fd3f60615258b287495108f1695147,1,1,1.0
47a71b49f98984efd3c62cb213f977e8,937b8d4ebb303e18913ad7c7587a92e7,1,1,1.0
a5c47a4a67823e231c8c65f4cc327dbd,fa3d003e658cd1bc7b391ec1e602c76c,1,1,1.0
7d0e399eab77b5142609cf7821711c4e,87108df7a6b7bb5e449484a26af24eef,1,1,1.0
a77624d942e45fee80179e4359203d0b,e58794f824727826e01ac2e0290a7a2c,1,1,1.0
821af681d12f9cd66b20cd1d1e7c02ce,f90940bd21d1ea482d06b952e7c30916,1,1,1.0
4c00eebb1e1bbcfaafdb99184505c3e8,d32d8a0621603cf5cd9764b715c94d4a,1,1,1.0
a036c542e541043fe795b76dd857c1ff,ea878b525d175476e7cf516a08e355c2,1,1,1.0
b91f1111cb2923aa4d2145afcff9ba29,c82a940bf171daec9b52b594db8d9a62,1,1,1.0
372e0fc66eacb8698e4f9997d366d961,dd4e0ed450b3778da02e225058eed1c2,1,1,1.0
38a4edb49c1c376a9bf78db1e6f031fe,8497ad78252fa25bcc31ac04c981af42,1,1,1.0
27e96f577e0346b2952d39c3b254aa74,624dbb9134e0e49819db57565ba7ce68,1,1,1.0
a5e783156c30ef47a0209fe04f0c8f73,e5535f0b3bd13a577b26dab17ed44a0f,1,1,1.0
13c5865b7b534dbe5983384eb555ed1c,d88ab33b7eb886fea1b8ff195c9a9781,1,1,1.0
a66c441eed909a1be5447b3490acecfe,c78db4a3f138ebc9ce5772aa324ef95b,1,1,1.0
2d613625056a1ec17e4c63abec160284,4735ba9cc9ee7e5f88d7dee7ff3990ee,1,1,1.0
4d198d460045d77dd92e143cd3c00277,9f0d0fb71d7bc7118f796cd153025e35,1,1,1.0
624e5a79f725335e414f35d3ebb3906a,8562cb7be6bb8698157e2d6522247f47,1,1,1.0
dea99e99d6d263f5d87cf500007e642b,eee7de395b0d7af40c1f63fbd8c858a2,1,1,1.0
1751529136683b2e8022bfd277fddc84,59d83a6ad4e3ddf1d983319146230b01,1,1,1.0
38d1bf07789225ec3832e3d9271a98b1,7b1b5f6bcebbf100465241c3bc58cfe6,1,1,1.0
4aaa810c22fdcb7f819405a014235380,6df46480643a76d16f0111c1895c03ad,1,1,1.0
62b35fe1a5889cd6b3e90874d1b4a74c,ce94ae624d25743b5a418886a26f144d,1,1,1.0
c5a2e92bbe86665e7d28cff81737e94f,ec462378011c63f79ec53a2365d8e71b,1,1,1.0
3c07cb4b10ed4141fb0203357b319124,93049ae397cd06e7dbddbf132cd2d40b,1,1,1.0
5484a1006f5484e669c209696bebd72e,d9ffaef986305a5a589b198d8568f211,1,1,1.0
1fc82729e465372e65390083c1ff22fe,3c7399e057696d1a324871cb80f46745,1,1,1.0
c4a7383de0a165092b86ba87260441df,db0e222b5e0283044c629107435f8bf1,1,1,1.0
63a233c27dd5880d251f812f3c74c417,ee2bbda93ed3cbef0bfde31a62f807e7,1,1,1.0
2fd6a08f6ec728ad2791640b2a45cdc7,321a3e8cd267a0eda1010b26e921731b,1,1,1.0
240f601d04eca6821d5b4d9f9a7dc477,e079539df7ff5d68daa7906cf04e9917,1,1,1.0
c7817d401d76ec1a83fa3ebe49a53864,cc6d8f60f3fbaee9cebe6a6120aba36d,1,1,1.0
7289eb6c836623d8538893307fea6475,b5888ddd6375b6eb28e07d26a8dd75e3,1,1,1.0
43e979a3439766ff0204f6f0ec74b9bf,9a3526eee723accd014ec683afe5bf20,1,1,1.0
649abf93e5d7e2c1695579caf7fc372f,df4f652af98da8b4f44231dcc4c65565,1,1,1.0
20bb1d9431264f331e47b2da94991eaf,5c47a11698cdcede9a8b2335e5a71d9f,1,1,1.0
4d4a47dd2222949b57335fbe74d9448e,c42eabb2c98facea2b97066ebea48409,1,1,1.0
353d04569392e5a31132f272aa633fb2,7dff45aa5970ec6fb93ef8bce6e4ac1f,1,1,1.0
0c93af7b12937811013ec6514d609ddb,557296cad88dbf10aa5ec01d18c38aee,1,1,1.0
78b36e7ac8153ad0dd6ce8318aa4409c,d92038d76dfe78418e9256a0a078c779,1,1,1.0
a4f7cf143e0ae50d1bd7ca02dd4e0f07,e147125e46922b887b87bd7131b95322,1,1,1.0
6636a7466f6ffd32760ad04721d2da48,9192d519891ca4dbbff8992ff941438f,1,1,1.0
2379b0132f09e566ccb40df2ba73f507,7155c2dc2de010b1ed888d39d193f1b7,1,1,1.0
a5bedf541fb3d83d3aa1b63e50c929d3,d8ca742b28ce7633de01295aab9f4c90,1,1,1.0
40c3307a5a55990fbfc912760472b381,718b743a62d91dae09df994de322fcb3,1,1,1.0
5e93dc06f6ee570c4bd75357a601f18a,b77a6b147f673212176152679e23a652,1,1,1.0
6b75c62f41f50b0c278ab548066a100e,a1a41f7e848c5f9ca904fd9ee8f6fb58,1,1,1.0
27116c085ee5d78e6074c3f1103ae609,4033743727f6f81808e2f7e4409deefb,1,1,1.0
c68dc865a7bc698c90e3e42bfa063615,e1bfb6e5c81f96f896f98eb8dac96253,1,1,1.0
98c649b3e1f11a006815cefbba97acc6,c6045f53afca3e0afbdf8db95e7e1b96,1,1,1.0
3d07310ffa7a51e9f8249ad383e3e425,c773b319f727f883b724ee22e64ac808,1,1,1.0
51703e2a478cb9ae227d55d2b4f823e4,fa2418e0a0f08920ee7db4e62ceb5043,1,1,1.0
4eb4216fcb7b1da0b9ccc2ac433892f2,aecbc868489903eb0eec69ec7a088344,1,1,1.0
82c7d57c41fbb3f397ba0848b24617a3,ea67c342f6eff15d7d630a2a43986a0c,1,1,1.0
30266c20fb8cbf8c5c1b90c76e9c97ba,6b75c62f41f50b0c278ab548066a100e,1,1,1.0
5c235aab3109ea0f85883bee23fb378c,d78113394d16563b6cc3cb54ecc2db79,1,1,1.0
7139d062a8bf1437539fa7bb236efc97,cfbe854c0eacc830d42e2a70595fee02,1,1,1.0
1d624d56291563f26e3c3e11a48ec8d3,238902c83abb90bcb156934816fff1ef,1,1,1.0
36a99d467d12cc521cb622bc4927bfca,f04262ae7b441d112b817c6ff5dd6b60,1,1,1.0
d44a92f37badb77d674e63c26b3ae2c0,e319f50dc3f6d26cf642a8e5ccd964a9,1,1,1.0
34415df9a4e2f05f76e2e35d7752ae90,5a1a6144e1b36d1233f3d83504ec130c,1,1,1.0
0d6d5782844518d5ee8c0156ac69dee2,8d0eac4be45354dab72a1a423e9f966a,1,1,1.0
6937b01fee2c290a613cf1725835c02c,fe46815a6346e7e5fd2ae303d6112677,1,1,1.0
3bbc2cf672d1657ccd9d89c10b5a9feb,f1097c9562bd8f87de1e69c30b3b08eb,1,1,1.0
01835b7ef446c78d0c37077894aa068d,82c9310b1cb0030321e3bdebe7e1f0b3,1,1,1.0
3797f12de2bde994a8051ee48eda4818,b0f001a7e31e78281be05554606c5261,1,1,1.0
94ece845c882081a618937eadb7fc0a4,a40b3048d33faa08aa246caaa89195bd,1,1,1.0
628ebf2c7d5539361dda045b7eb49fa7,eb66ff5626f54eea86629cc7817e7a3a,1,1,1.0
6f7a4b1f8ef9ff08285a31c0fe744aab,f3a6febe6e4236817f26caf440beea4e,1,1,1.0
99931a2b84e283bf84983b800bac2509,b72d001bb5fae7e4c285c94dc2d4ce0a,1,1,1.0
4cbe82d3b7ee557d79d67c40dda21c7a,baf208634cba2dd58d646763fe563ef4,1,1,1.0
6ea1865dd89f605703ece20e28ef1021,830f8a8e81416d6fa0a1d297bd8bb1b5,1,1,1.0
1232eef6ba76894ccd8e537f4a1232ea,bfd9dff277827aec089fc62b402f1de9,1,1,1.0
6501e784d557fb5ca06ccb1546e71043,cc91e994f48d1b16c6264a3eb44a289c,1,1,1.0
11dbfe44e786e8b50df65bb358f352aa,dba5683c4fe467ed8da0dc897b8d29f5,1,1,1.0
102da970e022898310b5658dfe6932cb,8a33488e0530186a75324d5f86c4bd98,1,1,1.0
2b5f3f418c9fbfbeb2eefd43943f95c4,85fb37cacc45dfc2696bfb510fe411f4,1,1,1.0
c9d3d62eee5be8ce2cd9a94d188c965a,f8e04b8dd5f546354db21a27ee448abd,1,1,1.0
030059570d2bf6147d5d70cd727c3697,39283d5cd669249b93b007f11d2a6e53,1,1,1.0
1fc82729e465372e65390083c1ff22fe,ef6d43b3ceee29f784c07fca3ff27d71,1,1,1.0
fca644903b221487643912191848d289,ffb2ae2aa0951d0885d7cd9a218b0c46,1,1,1.0
208a127c790f3aa6b6ae229acfae97da,31211ce721363d74816326589e637b60,1,1,1.0
0d8b40b520a9158a913bf7fc15c82ea0,53bdc79ef8d5c3f599884b10e8f1e2af,1,1,1.0
0b9c71b4440c2867df32a17241302afe,94dd49b40685c47677d891ba82313620,1,1,1.0
b6505459b444282c05faae099f7a8ccd,fd20fc2b1ff034f4cec1599237797ffb,1,1,1.0
2a11aff1149cd4eb6f3999a463681338,7e3baefc30c4c3a12ee54e079f48eacb,1,1,1.0
887dd8e4d0dbf831071853d2b8ff5085,db71c8f1c8eb1a83a349cbb2b4aaf676,1,1,1.0
d06913007c5165b2ebdba85faf599b4c,f5d013ce02f116af981bd43774985c3c,1,1,1.0
018ca9b2c9f793a0e43e75d6a3eca86a,2b3ae868911dd0534cd71f4f30a02264,1,1,1.0
83ec837051b48b7b5bd1c090ade0b5ef,994f35cccd7d6b7f580cafe87e5d08cf,1,1,1.0
7bfb4300feb2a2ad6bcfba76fca42493,dbca8ee6d3898976a0c29528064c6d17,1,1,1.0
b116610789b3383452eb6962a844364c,cefac82d3b1e2cf521adb377ac4ed0ba,1,1,1.0
1f9e0baeb7855a52bc3106527c4f9276,a993b527ac2ad305eb572843b164f305,1,1,1.0
03cb74bc26bf2d9c14f52f31a42b97c3,2ec5e93fe922b65036198423712d6867,1,1,1.0
03cb74bc26bf2d9c14f52f31a42b97c3,1d72fecd719dc93911cfb8ac5723bf79,1,1,1.0
08864f72019b5bc76a1377d4b1f89a52,647e29d74f9d357db0ec0d5a968b0e27,1,1,1.0
0a9d365af1a48bc62a840243cdfcb4e6,ec7df3e6f0c28ce6265380ea09534200,1,1,1.0
80c1a041f22f3968d1994c3fdfc1cee5,e0f7d1dd04e7fd76c15d841b50e66f1a,1,1,1.0
6740f8899f3c70b5b08b2e0bad37e567,6e5cc1ac89e20f0c76e77e9173ac8512,1,1,1.0
45bf2943fd6a36a156c95c143aabe95d,88fa6fb23f3cfe3c1fa5f1e1ce1dce6d,1,1,1.0
48770182fa1f6631dc831cb4a99ca859,edfe46388531fd922ae5176d9711ad50,1,1,1.0
e00c4751baab2d9aa03bb8ed66f3413e,f8843ee8151578cf0f7f2679ea859023,1,1,1.0
97b8ceed37878640ed723315f621694e,cf8e62100de6ab82083dc80b8fa8384b,1,1,1.0
2ada850dbe866246a92524d882e166d5,3b53a1869c7172b2e89266d4e7d7b6a4,1,1,1.0
0dd971dd4cd409105778aefba5f7fb38,2fc1f00a492a9ebbbbadc1b5e3a540e5,1,1,1.0
48770182fa1f6631dc831cb4a99ca859,f6a0ba5ca8307ad8ba69f0c91ff1c891,1,1,1.0
98353c61f5e4456ffbc69a29ffaff78a,c4f54d708d34ff09d05e75d60a02c59c,1,1,1.0
1c20132eaec168f0933f30e3f9fa444e,db2bd05a9ebd998a7d6d3406e9f0648a,1,1,1.0
5f2db0fa31237e2351e2f0923dd04c9e,b66facc84d03ec2aabda4c102d9ecb53,1,1,1.0
09d735fbd0a987bf264a708d2807d0c7,5a2038201b85e9f51a6333727d119a02,1,1,1.0
e542e321f6df5456cba7a621bd2b5ba1,e883ca09ca9171b6a644ddb4a970ad27,1,1,1.0
d3d7ef5288ec60b1abfd7e93fe7cdc0b,e979216ae0e169f03bbf3499350509af,1,1,1.0
62e049c57f1b37b4fe0e102f9da9fe13,8d44b17615992b110bf34cc64328307c,1,1,1.0
28676fd63ebb086ed1dfb24785877302,5e173e3a61caee66b96f214a6e5bf4cc,1,1,1.0
35bd5e295fe699acc2e24b0de1e53663,4e0bc30ac3248ad1735b98bb6d65472b,1,1,1.0
091e8f3526ef6dcc235f5fbbcdbeb003,c23d08ad321b067575a59d384c9c1a24,1,1,1.0
28676fd63ebb086ed1dfb24785877302,3df709072fed7dc8efef3e7595a09e5d,1,1,1.0
62204ea371bf14716930a74c996332a8,e1b207cdbe1a6f5817dcf0ee045ee9f0,1,1,1.0
7a6bd1953c48d0cbb195e7828a8a09c3,cc441b75c79b4d8e52907b6e201764d0,1,1,1.0
94a531cc789d255be83b77a1f96e709f,9bde95ea1c0fc21776b2fe114807c556,1,1,1.0
6ffbcc429c712d180a593b67ee9e2c78,c798fab171e5084171bba753fd7d08b7,1,1,1.0
b77a6fda8d224e6c228f95918b1d0855,d4ef2ebf5e3ca1f7146ab1625cad575b,1,1,1.0
c49f6a2915f215f805e527f63901779a,dda90bb4c938964d9a9a6f30258e0782,1,1,1.0
8051546e4730145100f73eb919000a81,ae4715147897077d29135c4b99cfd5ba,1,1,1.0
c7ec2bc1cfd0047fd1c6023fa0d25424,d95da16e9c85cc9ab927d7db2f6630c7,1,1,1.0
588a5a88a0b494e1067d9015f899ea46,b49f37241decbe584b6d7b0526d23eed,1,1,1.0
6d09d6339a3127ac433750707484696e,98c649b3e1f11a006815cefbba97acc6,1,1,1.0
29fc545bf16307efd8c6f46c5d1d81e2,31b8fa2573bde01af4737e8ed29c348b,1,1,1.0
2c8deaba3199ccc6384f36ad09dd82d5,d2607f7f7e7ccba8843abeaa3e5dbee8,1,1,1.0
00b5ba65365dad1d25811bf5e45fc983,84fb192d3e2a577896b041f08d125457,1,1,1.0
1d5cf72cdcb8fa90973781168d09f352,bd4d5745fe11100678f10960866162c6,1,1,1.0
518e573d63cb0cfe30f910c25b28305f,5a74e797db7c270957960dee96477564,1,1,1.0
21342e5b1004a60189babbe685c06845,abbf98c4b6e413fe48405159b17f9a51,1,1,1.0
a3ae590335a7f09b2bc3deb8e15f5d97,aa11788e46cab3999d7e9d5fee8760c6,1,1,1.0
15587751b2c24cdac1dd1c8b4647d55f,5ddfdebb80d2c8965c0d579fb8394c2f,1,1,1.0
960bc759291e2b4711d8c6f613349cd6,eafdb06906a4d6764948319c9e722e26,1,1,1.0
b3f022d93fd7d29a984acb2470b83791,c79a6413e32d29120073042b22581078,1,1,1.0
51c498c80f4afd96c234f0b6795f2e9e,939020d6358ae4ff39033132f09a19ce,1,1,1.0
8bb9052ccae07ec6a7153f577f447486,c21443baab50d67603067254b941bfcc,1,1,1.0
4623e25513fd0f0b829ab393b98e08fd,9d60f12abe81ad0619fff2f412532c29,1,1,1.0
2d53a3a6aec36afadaac2b4e346cef70,4f7e36fff7d93d09425516882b3ac774,1,1,1.0
86a39920f2d16aa9e361b27f6723cf63,c3b5a698201032ffde98bd0cd7a5a65d,1,1,1.0
594f64c6d381fc055575cf73e433642a,d2f98cbf06b1366127b1fb7cecf721d1,1,1,1.0
7fc0bdbbbc1ca1694e04dd178586c10a,e82911463de17b3158590329c159da51,1,1,1.0
49c222b0032f5e8a335a3c4a78fbd35d,b383ff3ee21f75513045f4233a7979c6,1,1,1.0
51578e3d67b394de2d5f399eb75f85f5,e48c34104caa1c6ad2fbcaddabe30092,1,1,1.0
8a9cd20ef841095e7c0ebc28889670df,d7a701d76d6d35d6d2a1069972c202fa,1,1,1.0
e454e6570e065180849e6610042743dd,f6542636382c8f4bd8da606e1c3278e9,1,1,1.0
3722dfb5869de8db3dec5a7094dd9ad6,7254841335b9d98174286e4ed6c33c52,1,1,1.0
23fd47f36200b41a0fa9df9abeabb738,8798fbf65b2bd80d77b3b5059213fc28,1,1,1.0
73595bddc6727413b0b83311fe7963dc,b6ad6d0ceec51b14ddaaec22ea6e6e97,1,1,1.0
1b17c26c5ae0fa014dafc6101d08f6ef,22af135150ad29d878e461ef1adc5f06,1,1,1.0
097442a1538f33ea89dbbe3779fe6db0,ed9919606e3cdcec5bb72e1019fe7b9e,1,1,1.0
505953fd10284b83b2bd312099bdb160,c9771849f3707745c62cd85df35e8638,1,1,1.0
8fdf286f70c128cee33b6efcbc5346ae,e9fb41581bf83dcae24eb51402d694e2,1,1,1.0
a5a41ed175e9ced7ee47aa1d2680b523,fce1a2a5d157072b7c7251ab95839541,1,1,1.0
5e03021aad6752d847889591da50ce92,b11b7871c2b8be2d11fab954f58542f2,1,1,1.0
958da6ff0122fa69bc5e1dc0e176abd9,9bfc3238f6d84a036965adb6cb484013,1,1,1.0
28f68e4284d2287c10f0bc2704023f72,c2a707a1e6c60b50f528c9875e721821,1,1,1.0
19af6e0c256fc911a7a63c644a38d34c,d75fb6a485d852274d02790815fbbb34,1,1,1.0
64450742fb384fc0207432c3f8083ae0,e3d2d295a2d5d0f47f1c05352e4c260d,1,1,1.0
1004c2882ad356c7e8532c14f1b08e63,696a2f1950c88be3239b808d2fa0e35f,1,1,1.0
66068e0f740bedc625557cdf3fc30bff,fd0b0f2d8971b0fa0f0a69ae49aaffe2,1,1,1.0
0bc6002351839a82bf3c501e1ea807df,3cd20f67e0aaf8d82bfa52696dbb9223,1,1,1.0
b0f0645d5e8bcfbc782017390ec1fa77,cbcc21723b550ad904f7a7f2ee690cea,1,1,1.0
002cdf87d4c03f08f7eb4551a923affc,07d190f123147d9e89d4b922543d7948,1,1,1.0
5e67d554b45c2c663b3556df2d8cecae,c9dccb3d7d5cc1f0452ad76e15533554,1,1,1.0
14c83411956a1c3ea720e5309b5e161c,77570428461c3b2bcdc9934f069f2692,1,1,1.0
66f545356c968f0aea66107cd8c2da7f,f75d969ab1bb9e98db3e1a8329953b26,1,1,1.0
572cd8550c66d0ccf4f420f0bcecd2e1,e3bbc1eca94ef40c7bd7e22d2c2500ea,1,1,1.0
38ca743e351aa23acb3bc72cc4abdd1e,626ef16643d274cd99bb92522a5bc17e,1,1,1.0
d6f8dbf1993000f865982297a4407529,da16c6ced9b955dcfcd8b3d2ad6c26bd,1,1,1.0
3e475baa2c69d9e105cada272f65cd0a,688b3742e1811e97ff40b56440cd15f5,1,1,1.0
d2044494c8aadc437303a5fb88037d66,f4316887caba528e78425197c937c75d,1,1,1.0
9569233a383eec155f537bc9c0853873,9f206a10a101fe1d9106dedc3f121144,1,1,1.0
421e215a5b132d4d1ea0372741aeca73,b52a4b465bfc5a1c7e9033f7b7d8f3dd,1,1,1.0
961173ac0d5857ae5bf61f00543b8847,d8d0db2e59c48dec4d157a06ebba01ef,1,1,1.0
1c1b513d71ea44a3bc35d9563debc860,dbb4673fa14db1f3b2fcc19bd599e2c2,1,1,1.0
3a2835415d2044aacd694c63bf31e5e8,8aa390d97e33b9484177029b90b62a76,1,1,1.0
180c1c7a04dd28956f7a6a4c73797245,e90c83ac8c8dc897f5c2d7b7fa0c58bc,1,1,1.0
8524ee11b088629f32d03cddc64added,8e2cbe0458411443853166c1a81d2f9d,1,1,1.0
4868eb71f4e43f6c8450433ccaad7379,e1e91ee1af1d2704b48f9b314c6fd4fb,1,1,1.0
c9a4f2fd096cd2c6bbc6c04e352fc9ff,d17e8aead592569df42ea0ac7c69cc99,1,1,1.0
15024c407a7adf2b196809f37e667d9e,69be6fb514150278c7f1cba56c328fb1,1,1,1.0
6b88742087572d31173533e18389ddc7,ebfd11f20986b88de98c61d9609c569f,1,1,1.0
10b7eaf694e83f546780ae4023d4bc17,e14b02e4cd8aca2d19d7fac116ea5347,1,1,1.0
2def344a13128b287c12ffd531dacce9,8171070e394e383aa9e30a6caf827294,1,1,1.0
9d8f733fc90d46cc6aaf3252cfcb1545,da5c800c93ba4dcf2be6d3f2a39225ee,1,1,1.0
b7f6cea0a497e31650f4596c5e5c0eac,da86b3d698ed82275d92e48b56d7abd3,1,1,1.0
5cc35d9070e0b305d97e4e241f578df8,9ed9f25194cfa06254405e2f9dfd8923,1,1,1.0
2ec5e93fe922b65036198423712d6867,571315d706de347005bdc7aae43c8f44,1,1,1.0
24bebb6ff5f6b160cf78f11ad5c7278e,b917a5cee4345a2e1e3c03bd55cb2f8a,1,1,1.0
35fc59190f6c1aae9fa73515d7851156,a5c63923fcfde3a2e2204586cfe87d74,1,1,1.0
18b823b5a2562bea2e34a6439c26a313,89f85ff8f63aa9404d98a83cf96cd4e4,1,1,1.0
98c649b3e1f11a006815cefbba97acc6,f942774febec601b810cb1987bcb46da,1,1,1.0
36133288fc03ebf3835749b27223624e,be11412d4de5e182a01a2b7648909755,1,1,1.0
0fb360a422d2297dcf21d4d7b91028db,145ec316f5428699441bb4e42ee44280,1,1,1.0
13eee0ba31aa2d2cd8a859abc4a3a330,ff8dead90fad99d74213aacf611a2849,1,1,1.0
34471a8e1a3d5425d255efa7d4b06220,aef36fbff4da2bb3001ef080be790872,1,1,1.0
774e14c9e99818f29dc050f9cf9f9cff,85e2c6230d1b9e2241cdd03d81bd0069,1,1,1.0
4438b887145e0848e91f390ad9bc299d,7c16801645ee95153e17bb6e061b57f1,1,1,1.0
12d20cdd868f3abd1c95a1c75056577d,8f68ee72b8fd6d658081d4a9889af38d,1,1,1.0
a0ba4be3b3162d5c6033725ddd480f42,e8597995dbb64c21b761211b7f2f93e1,1,1,1.0
4eda116add853323e439c104b7d0824c,5b3aa7925728df96748677b2878c5dcf,1,1,1.0
8b785457f8ad52f2448fbb4933797d2c,d02cd251d19072e5117a5e900bc60f78,1,1,1.0
24fee3e769e87ce93288b0d46811bb1c,3a359d463b5a79614f9206ec5e38b434,1,1,1.0
c834a9586882f82d2807da86111a9d6f,f514fa8c60b510de4c90242e86801717,1,1,1.0
c99c4d546c2fabc8c87ea98393c2c948,ee9fec1e0429c0ecfc26e769ead29355,1,1,1.0
2a6f5b4fbc6608e1cbfe8b7b4c113ba5,e1de62e03b4caf47d48b2dac7d8b43c4,1,1,1.0
386afcd4a65f713fd2f292a7a9fc45ef,53ecde7937525354e79b73d18bd34e1f,1,1,1.0
4dd8d206e8dd7c0683c08529df9b12a2,e74fc8f58aa86705361306701351d1c4,1,1,1.0
58e59edbd1992e47ac5db1e6eddd4283,8b4fb50121e80492650750b1f1356b83,1,1,1.0
be6bd6ef5a586205cf814fae3db71689,f4089943e1529aefcd2733e1eecf877a,1,1,1.0
701f894790d2083cf4517c5345e04dcd,cd5d9481ec88764a639dcb3b6a88b657,1,1,1.0
33f8a934f56e7751f068d62b8dcfeb35,9bf9e8c962ab8bce4daf3ec7d0a59e13,1,1,1.0
2d2dff303a27fadc670dd6434d524afa,cb2f7536c5a771fe4855342a6a488298,1,1,1.0
21a1a3e9b79be7c67875aa2241bab64a,614dcb8b0369ff56b3154329ebbc6b9c,1,1,1.0
36b070a7ce61be43443f1f608fa56201,ca50300f552f1bc9b5aa898a29382d69,1,1,1.0
412c6ec29d51104253bcb1095dd03140,e94e6e62ffdd16f148f9496d32d31779,1,1,1.0
8afd9492240f9348cea2de4655c34011,96f0eff64a3b1926856508cd95c54469,1,1,1.0
8e4febd4468fd3dbfb6527e9982fb3b8,e31e9d57bbbff6fb23d4ed902fb03d07,1,1,1.0
3ae06873cba30f3c3707165c58ae6f35,bfa7b3056f00b9d3e2b6ff501857aabb,1,1,1.0
98262425ad6d0cf1b72cc9bd3b7dd7c8,a8536e72851311b3102b544254fdac0b,1,1,1.0
4a39707e1f62de189021f43a7bb520a0,6af21304f6b3cb7e6ea276b0138193a8,1,1,1.0
15090f48004f3b0fc18a167ef82af4db,dfeeae009f230d66e18e029ca44e7181,1,1,1.0
388d0b77395c2bcb6c0a1866cc1793eb,75bd98fd67c295f0cd1800538112cc26,1,1,1.0
3cb7760625ccc233fab4e975e0a9c5c1,43c66c87dcdc671a0cd775ec6c8e9a0c,1,1,1.0
d02aef1a1d91578d47ea33fc7cb152dc,f356168960fb1fd258af7cb49669bb04,1,1,1.0
2b34eec28f5ad4916655b8415cb4ebcc,c935703df1496c229e3754ab0721a69d,1,1,1.0
472d6dfafda3c91c8712ebf3699537f8,dc0c390d282366e451452dc72340b949,1,1,1.0
568e1051db19b1168ae71bdd8e98262c,963f8a6917ac9271090988cf4595042c,1,1,1.0
7a3c2c001de18686d8f87037b28ad0ec,ccef77f3084b87408c1b76af981d925d,1,1,1.0
8f7f547488a05660770b51be707eb2a3,def2f17d562354f6223c1ad17a4b4cb6,1,1,1.0
52bd1376c69641bd86be7bc201f6d55c,f712a1cceee0fa3f4aa26619c1e3029f,1,1,1.0
8e15270c95af9aa2ed81fb992e1391fd,b3d81cd6b4385daa6d1ab3f95932ff13,1,1,1.0
39ee4c5bd3f97c8e59b32017bb911c62,f1aef84cc9848a0f2618b6cee49c8628,1,1,1.0
049a4d30ddf74ba1729c3c7d7c04057f,8fdf286f70c128cee33b6efcbc5346ae,1,1,1.0
af2cd67b99b50a0d167f448681d6c3a5,b5db6bae09e9f171ca16a43c5722b8ed,1,1,1.0
1a7115b915a0a7db78740e862066cb8b,66081efeaa75cfe676170431bca81afe,1,1,1.0
6df04ad467f4a36275f1f986295a264a,80b802cd88ff70ff813c1c7ce62084f5,1,1,1.0
0d58e2f1b924b8e4fc71b715389ddc1c,a7d144c6e95247107266ca9aa16468c8,1,1,1.0
3283aa91dc81ee74662972a337d0cbe1,7b2c86d7b41a5d6f28cf8396b7809380,1,1,1.0
46fa2563b12609b1e135d08c43b1848c,e15b7e0a598ec5c1a4e156d656b01d80,1,1,1.0
95999ca4f32318f9553b49b369827f50,99172dcdec60d7c00f2f6cedcdab4c3e,1,1,1.0
26925800b79a132f5a050a0cd5233999,828eccc3f8cf1da7d8f83857ec0744bf,1,1,1.0
08eace12efa354dbd27ca9d36b9b6f04,520c218945cca2a6218aa55dd0886b0f,1,1,1.0
9a493882353a73e4233a5ceb807361dc,ac9456d4f6c54565494b390d1ea87053,1,1,1.0
19a16d1ed9ac39eacc3f8ba2aad13898,37c759db8acec627a386cd7983075479,1,1,1.0
57b9cb9f0c8a4092d734565f9b5f7b51,f61d7cd21e2b34dbeb554f44a6e0eab9,1,1,1.0
27076f2cd1c48142f5a78a375c3ea648,b4b7d5423b305f1f12a55eba32b39e10,1,1,1.0
518e573d63cb0cfe30f910c25b28305f,990bdb18726e889e74b7bb975c831c83,1,1,1.0
7c61df63da03abb1153e68b3bf758f0e,a12645da205c0e34d4c9f38904a4dd71,1,1,1.0
44dd5e255cad61516acbd97a76d61367,6c3d1b81e595aba0254605a410702826,1,1,1.0
dc3986d8bd2609353c09c9c629809ec0,ffe6305176b9431a3eda3cf8904d7eb7,1,1,1.0
9b9ceeaad1b990f974d6fc842ad6569d,b3dbff0a3bad07d6203e80ead5de3b4e,1,1,1.0
75441ac268813f44834099845eb4c5e0,e915905817ed8826a32e802e6419e765,1,1,1.0
0839a7806dff4c77a82bc851b39cd18d,98cc69c83f043dde125b693786c0a7d8,1,1,1.0
65593545b40367a625e17a67376ebcec,7557ea525045b036732491a790b284a5,1,1,1.0
27892cf13678c6d9e25ff75069b04fed,f4db22627eac951b3227c89fe131433c,1,1,1.0
92cacd5d8e7a748b2a50db01988535b8,c3a84c7fd010e516b355cfd1242baa86,1,1,1.0
3bf6a63c31087f3d9ca40b4639a9c68c,d81785b6d65605aeef42c591602ac3f9,1,1,1.0
3e41c85ccb429fd9a03422dc9f0c18a1,84b7fbc77175c873f8df7b13fa1a4976,1,1,1.0
c3a84c7fd010e516b355cfd1242baa86,dab0534f26716b89fab0a6ccdb8de10a,1,1,1.0
50c585f1c6e34fd6a4cef2b8ca4d6988,a6f2522a1e24360b462894684900be13,1,1,1.0
4fd113823bb24c496078c6f937487fa9,ae03d9bc60ea9a4254380f51832185de,1,1,1.0
3a65a0b7fc255e67261cca1112bc3c1c,f8805aff447b80e0e4484abd71d10273,1,1,1.0
74504bb83eef70eb4974a7506a0b6ca0,d11fd20c68a7d716b6e2df9bccda5b8e,1,1,1.0
337ae76c3ba514a2f0020d3a613fe6a8,c5c7a8748a200412a40978afa8f691e6,1,1,1.0
10a89d1515e29145e5a6b0a452e68e66,9569233a383eec155f537bc9c0853873,1,1,1.0
c938ef28fbb9211f931fae0931d0f053,ee14b494d75d6bfdfb18c3456f37ee2f,1,1,1.0
8582e99b42ea335c76a514143eac3bd6,d6e9aa3bdfdecec4651fc0c7e73341f2,1,1,1.0
719ee3ac50d61a9b7bcbff1e01f79573,dcf8ab9bc34d2f516f07ed071efdbe99,1,1,1.0
19209497d9b52badc6c883c8eeee2821,f1da617b625121656cab1df3a1413bb4,1,1,1.0
297b0df27a85a8c6c3ba6600a4142d52,8664925ac4c650787892ff5eee0e92d1,1,1,1.0
9042420e17b325e74ea6ec6bd1749672,fa7eb505fcfa90dc0dc9a40cd2d68a11,1,1,1.0
a7924ad9a906d30a620f8ab92609df47,d94dabf89b0f9242bfbbfd72451d8ac9,1,1,1.0
16427c57a14336e472690a09ce8748fb,2882091b19792ab7777ff9968afd970e,1,1,1.0
377bdfb2197d3b83c9e3f9502deabcfb,3ec9da608c4f401bb678f212a984393b,1,1,1.0
0264a651d41a6d387cf2f061b5f914d3,164b46961e3ef442750fed496929369f,1,1,1.0
1163721cb0f5178d87f7f7acce41d9a6,3e6699f696aa8fc148d34069ee2ee717,1,1,1.0
062b959255257c8f1b651a4cae989853,9eae34bbd3a474ec5d07949ca7de67c0,1,1,1.0
4461f7a5347f5a50b31b78c638adf9fb,e1cc10593186c139b7467649bf686743,1,1,1.0
3a9cf971c83269e00c1a5373561e14cc,9a200aa474a5e6e4ef70368bffd09910,1,1,1.0
c82151fb9ec85aed79c8484786e36df1,dedf12e87dac230e55395a96e466196f,1,1,1.0
33e945a1ff162d1d25547871536d6266,be9aea68f34178c4e4f77c36b5d23cb8,1,1,1.0
002feefec5af0a3b26ee7839c66d205e,d01a79fa5a2fbab32c60144c605dcdc5,1,1,1.0
2a4a68cba182fdfc227e3f3d79087b46,b37db3b96f17cd36003277012ce2f850,1,1,1.0
1ec5ae3f379b00351536c77ac6ff6dd3,bf456d59f818a08c3d2344ad1e52ff48,1,1,1.0
9e3cc1906aa2db29c30aecb2d642a41d,e5e9da3a61436d34efc3250a52495330,1,1,1.0
2d83a991bc24a3b3065dceea27d3cbfb,9ddf65133a565679e0cc421ea83c4463,1,1,1.0
18c0e77a9b110ab32b12afa6550d1fd4,84fda66962e2d7886a6a57596299f432,1,1,1.0
2a5ae004864e4817ddc6b39f11473922,9aa566e69c1e42fa9a801abcd8a2993e,1,1,1.0
7995fe720536df533c4796276fd54b11,cf7c722c7f650a71ecaa5079cd85c6b2,1,1,1.0
209d7897e0f660d10ff4cf99b7aa1dda,e4ebbe9492aca3a7741ce0758f7e4ed6,1,1,1.0
4b23df6166b477c87650d2970e45b046,77a50587ce3df97e7633f6f336298544,1,1,1.0
343641c05b9e577ce7079bb57be3ef80,f7160a9c652b910d9771ad9eb2998da2,1,1,1.0
63f802c944ae93d5572534d787304237,88f19ef44c06bca402644a3d5e9babdd,1,1,1.0
48932180a853ca54fd808eacb1c15d1b,f4dbcaccf7b1b14540160b1ea484f7fb,1,1,1.0
1095295449892204c366ea4e0f78c6de,cc98e5935f22af62949d0691a2e42907,1,1,1.0
7e1ce3b0106c1f460834a39aea0fc656,806a6fb487f516c444a869530b6eaa6e,1,1,1.0
d36f96e1eda5c86966988768b21d34d0,d8fb48b62a7c18c993d0676109c4ca02,1,1,1.0
119f64639e59ffde66a53dda588b0ee0,2213a3ad11848f11a0c23b16f44e31fd,1,1,1.0
3fe205252c153bf71775e1fe3a198e57,987c0da67e68ec3a785ba1d8c608841b,1,1,1.0
230b7f6050862e4d39911debaa3088ef,9924287cfa47b13db94022c8a00e3386,1,1,1.0
351870359cf7c30a27004ef8ee1e5fa6,b41b216957ca445595578e96ada3ba37,1,1,1.0
02726fb0313c64d554b3a373c3a92f42,87b17699dbb8c555f40463875ccaea8d,1,1,1.0
77ca9de303d71489cdd541c373319818,ac57215e1e95735cc99492f62129bb7f,1,1,1.0
136eb08f0912a8214c8e3b7fb9c789cb,59654be810cae5761b11ae6b37ba187b,1,1,1.0
597f21c53c7411de4ca56b39542ca715,9ce4185d17f75a3b38eded0e2401ebd2,1,1,1.0
07a839176fcbeff000727aa6db6753f9,b2ada5b61763fda254a03d056da806d8,1,1,1.0
1af5dad09599a90b24aa42e9600a2e2f,f0b6ac44005f3536397b1f58c56be188,1,1,1.0
2e7b355c1bd347b40e4e52f51ad4ad14,f3a387107a8f22296ab65aac43f372fe,1,1,1.0
0d316f0f0b685b8c16f12cb3a30e4c0d,137d02deadebc5053d239a1b2e3fa444,1,1,1.0
8447fb0ee2ab6850b3816682b498e25d,a323f5f9a2cc270aa0e158a7413e8b55,1,1,1.0
15da5b7c1c5f680197132096ff0ca4ee,6ef42ae19268f91189c98730c4ac5e46,1,1,1.0
b5888ddd6375b6eb28e07d26a8dd75e3,e34759a74542ebac6726b4d02394fe02,1,1,1.0
34a852ee935fc6076dd7b0019c3cb295,c5c1e277e48ae53423c6e0b0ed430290,1,1,1.0
738062998bb2f6f3c570fcbf82a86c49,982b0a3006185dcf754de593350cc8b4,1,1,1.0
3ff3b854d58df986a7ec208b80a89cb3,7135544f763671491cb107796cfa1352,1,1,1.0
2761fee7f378f0a8d7682d8a3fa07ab1,3a85db39310d85fe317589a36c16c1a3,1,1,1.0
2ef5e7aa9a2fc5b9b15a296e1de5f729,43069068a21981fedb72d1985fc81616,1,1,1.0
546b0c5f60edd7e076dac9b1c637952f,7bd0324eae034490c186f6bb9093b733,1,1,1.0
65f813f6217ac8589a850c6125ae3e3f,760caff27799b863021f2591c828dad7,1,1,1.0
2784eddb9ce410e1843c8cb2619758eb,5c183710323fed305c617f8840b8338c,1,1,1.0
648d59cbe9009f8ef04a6923c8659fa5,7dd39512d400854ff4e21b1d8b9ddff9,1,1,1.0
818185d870d1943551594b83ec4004ea,87fb84f6b2746de8c9de852bed945cac,1,1,1.0
35c27e8cee784e79831f61f475ec7641,a2681e61ce4cd09c84e028a4963812da,1,1,1.0
8e198f8a96d95b17bb5d6b48ef567681,f0b6ac44005f3536397b1f58c56be188,1,1,1.0
61205a70bc04dfe2dcca28367704ca40,75095b17a04a12410cdf890291bbcfc3,1,1,1.0
a41a399cd15106cc2308f2ea468e231b,f56e9b265ee45f4184eed20e928bc55b,1,1,1.0
7cfba6e55439cae3fd2479d62fafe67f,fd4043cd087bfe91024341ffa897a900,1,1,1.0
76a99432e54f558a374707afa8385c87,dc0c390d282366e451452dc72340b949,1,1,1.0
27a5574e71717459cfc3c91ed65c3a84,a27e379209319f4f2a9dc566f516c91c,1,1,1.0
3121ab94c8521f3dd674239524b337b4,d58fa57b6e51b474e39ceb7f5f1e91fc,1,1,1.0
047448ccb9c66b5d0ab04072e735df8d,6b0097aeeb7a1291d006b971a18a5430,1,1,1.0
3cd73d6b67aa9d944d55978280201ac5,c80e8eba85e03db9cf73f0ed349d18bd,1,1,1.0
3e1427e37d817261096f932d24533e57,7f9f0dc276be3cf7e9063e43f605c3c5,1,1,1.0
ae2a71382b06287246b07ca68b92f0a7,f2a9551380c53ba8f5950fe1534b37a5,1,1,1.0
026e135c007282454338db204e44381f,cf36fa9b6e276c0559a4e80cf5ab44eb,1,1,1.0
4d4882fc0915bf794b1270689b2c8072,ba4f8dd9bcf41f6ac93bb8bdbf87a0c3,1,1,1.0
648d59cbe9009f8ef04a6923c8659fa5,dc70595c0013b690bc8527b5c2a1a99f,1,1,1.0
24e6845e9574241809bde99489b5213a,63a2711d2cd5648bb00af3a74a40e640,1,1,1.0
441a7498e6df67512bf1821ca6504f26,f59f8f274e9eea9a4c3251c95a47e1ca,1,1,1.0
375257c83225a71cf8b857f2104741b2,3ac54bb7d4446a2f6af5ab54a6ae3152,1,1,1.0
224f7dc1344ecd979b9c354e2be92b15,9aa61c2b9ef42b2fb25755acdf647dcc,1,1,1.0
7b49b7bf6b00c833bcb7436987ccb511,897b1d92f53f6c7762b36b3e808f4d80,1,1,1.0
8e22f5266528ca059d8cbeebee73fc52,ce942f2a2db9d5706f7b09f2c7d5cc17,1,1,1.0
af361e6472bebb98baf67b62201f9abb,b991b7e059c4f9e3743242db138403f7,1,1,1.0
22d296a5c91c1d3c2404b47e64168707,75dcb0d962fe29f930d6a38e1d0a0b2a,1,1,1.0
b77a6b147f673212176152679e23a652,e8dffc994f5e11c852b8706c0470ce53,1,1,1.0
3acb4dcdeafc0df3064a7096d5458836,4fc1e9612fcdb4be77de970298e7b81c,1,1,1.0
7105a95ce60269defd03f549d933e4b7,754f69cfc5e5e16096b21045cf46f86a,1,1,1.0
4578d62c4ca82d84a7442229d96b6fc5,c87924d33e36634a62378933ece1343b,1,1,1.0
b08aea5eb574f4513b352220d6de7ca8,ca4601bf00c1021bf16c4a0dad185d96,1,1,1.0
60f0e8e07eb44ce41befa83b8379ac1d,a8cefc19c0a23d9ded718fe280e86498,1,1,1.0
01b51b6ca4757ff714f2a54043e5c7b4,64a973150258f99362669c52b293e3f6,1,1,1.0
b2b85bd62ac05066fd3529c22b6672f8,f6d3854ded3e19c18350a434b048fcbb,1,1,1.0
4ce20883725ceba8e7521b8948fe6627,fc06c412df621fe309107f1bf3159e26,1,1,1.0
9fa4143876580e51a6932d41442a15b8,c6eea19761f540a5f0f6ed5a9a4a9893,1,1,1.0
0d6d5782844518d5ee8c0156ac69dee2,b06c59fbc339f73b5584ae38d5e653be,1,1,1.0
9c33af5031131ab2acbc8fe5619340d4,e3cb66927f3de4437c849c5798499edd,1,1,1.0
6d35c6b2d82893a68275a4a40c7bb4ea,6d5d58a5892a5ce6f002010853e552fe,1,1,1.0
4de3fcaf5977408cc3a1bc3e24a16a48,b50d00b47e3aeaf4ebad0b840921bc3a,1,1,1.0
0e9e5727d2dcc830042102e53601b1b2,429e518ce8df99be0112d0a03be13c15,1,1,1.0
044fbfba85531679c84bc0463296096f,95c2ad3e523a6395602cb25b83e419c7,1,1,1.0
33a189c27c13eb6f9609976cf628bd9a,a6d71cb586e0ac86534da421fd42a930,1,1,1.0
04a24732681955f5daf4c435f5025743,9e40abd430fd934e5b84d89c23feca2e,1,1,1.0
3268d9544224d6bbdd2893d666d5580e,627d9a9da9965b0849f7551e4d325cca,1,1,1.0
2da15ef83ce8831c824aa43f2af3eff1,fde3e12f9fc7b5df5946a9c8256afe61,1,1,1.0
78ffd1163a95d8e8472ae6b457788dc9,d165e9c46b20c28e573be3d8e6bc9f4f,1,1,1.0
36a3f07a3ede93d7185291abf93ffb87,afdf6bba7bebb1b304027a7d34c3a529,1,1,1.0
88d7bbe880e96a4a2ecbf1536d72ac5f,f9751d07d96dfb9372734b69cb21213e,1,1,1.0
76209d500b9d90d96a737a6e21d23fa6,8311c5c0aed8a6a3a736a9e7acf6e900,1,1,1.0
5e4c21084ec2a785f22d323b1535ee3a,8ee1e34425fc54b1f87318160b378c3b,1,1,1.0
880dac697e6f1443f011b8537c872bfd,8e3d7e64a92ee5879a360326258c952e,1,1,1.0
7b3d5e9819f245927a29ccfae22ed449,e4923ae2c32e70e3c5a6e73a9fb872f2,1,1,1.0
b16b187570da7495c0e617f6a59cecda,e2e772ea70e91b4dd107cf7e8840b07f,1,1,1.0
39b02ec9ec96b5a88ce9a99b8144182e,7054e79879f847a0db584ccd27f1cf9d,1,1,1.0
6a624079d93205c12f5325b45d796fe5,824894bf9b51f6b4ae907a863ef061ac,1,1,1.0
1ebd0576563f72dc090bbfb7c4068f45,cbb624db9e91cf3b7c20d324662e5269,1,1,1.0
9811341012232acb695c989f1fb0c14e,c7143a9592032729e880d38d25c39125,1,1,1.0
1c72075103f417245b9f15c1287fd6e4,b14ef688a7c1a52e7437298085d9d62b,1,1,1.0
2eed4cdaa84db90a0c5e7ba71573ae00,ca036474affd5477396f50769f54ebdc,1,1,1.0
889a0bafe9567956da935b03fff1ce45,8b1116032c87632fb37d9c8918ae1b82,1,1,1.0
2313a05d4b08ad58b737b4d9df881419,361918d050c5e666a41a1d13ed9ad888,1,1,1.0
230a65fba33e85a897322154e8764185,658be5b23fa4d143e2bf2c35f9401f9b,1,1,1.0
3c89a307d126ce8d0b1556f569a2f873,98278b047cb28052979c255068136405,1,1,1.0
24c1bbbecb16d2be7ff3b7939afe7ecc,4a822609f184b947082c91789ab04512,1,1,1.0
e8b6707b80fa473748e3cb30f7271ed1,f889c8bc6d90f635e82f286dc2327775,1,1,1.0
bba38923aa817f25c6dec24021ae3f09,ff5f0e6c9223056cd0e65b534856f5d0,1,1,1.0
65c6b170ceaa4ae3ee5bd6c46c0df5fa,8360a5c47afc3de8a5f3c52e8d693845,1,1,1.0
b6a70553f73cde17709a32cb714a40eb,fc73438d7164cec52a643a09b10b503e,1,1,1.0
842d9f70503b0baa0149694622365dd6,e55f39718755a991235a2bf63524ecc7,1,1,1.0
08f41d7a0e37794d8852fc796141e2e6,889fc057c77157659bdef1206d47d08c,1,1,1.0
09d92659b9a64c3db7b4c24f65c53153,3cba28f7a08ec8dc693cbdc33538de13,1,1,1.0
9c150639ee6d9fd3a4dcd6cd7730b188,f80580663d6a8552edcf62b8e417c88e,1,1,1.0
11009613bcdb201007d97df9090a9b7e,4ff376209add6152358ad7ae10a6f6c1,1,1,1.0
473d82e9b787e6b8a60ffa4105346866,89ad2fb1e53c15bbc172a1153402abd0,1,1,1.0
3030f6c7798037acd63d5d7e359b3f0b,b7ebfead28685fb0097ae3be22848884,1,1,1.0
85c0ec621de9008f7e5c0cc95b9be6ec,9d3be73e208902906c59e9b4c6b793cd,1,1,1.0
6299e5458d9866aa5f444cbbcf8462dc,a607358920a2fff5bdcbaeae5e17971a,1,1,1.0
005d8faa4cf789cf52fb880a8569880a,3fb027e76956264c3c08d618588d4668,1,1,1.0
07d0c128c7e29a5e898825c8cbbe2c2d,485b579080cb441d437e6f173753f7a6,1,1,1.0
442418c0c7d340a64b2aca0a597d0f37,50cbf8f029f86149fef3d5688e4abd4b,1,1,1.0
0c3a1c1585e96999bdaf83732d1fe234,70f386d6a18e4223d58eb9e82781cc6b,1,1,1.0
6ebf447f2c50cad83fecc83a05c03fc2,c76d1d808a5ed9c89a3431fc911c9696,1,1,1.0
1b799e76c1e022f3abb60406aba3a6c5,f79825029e2a25c3196ee34f87068317,1,1,1.0
c85bfc424228cbea0bbbd3fce1b81979,d5be6bb35b3d2e04eed40cf9b2811ffa,1,1,1.0
0304835bc6b49f5085fd5dcd300e4007,d7f1f2c2fbdb3323715152564d0a9c73,1,1,1.0
cb65aa42084cf10378211967049d731f,d904c56be9c7af2a9dd76af103699f83,1,1,1.0
00be1845d956d40218db17093f667764,ac9c8bab3e580db57218d51b924291b5,1,1,1.0
c7483147fb9cc65b26e2abac506a9fe0,e4b623a95fd2ff9fd141001bd80a9339,1,1,1.0
41a1e8124bbc0d73734103301fdd4115,438bd56b0031706b1140d13bf3cea627,1,1,1.0
37c5cbc68741d25ca4684812ec24649f,794c9f5fee2afaf613551d8177ede557,1,1,1.0
423500539ef60c7c8501710b424c9d65,c90f4838718f64510792abce92a1a7b5,1,1,1.0
ec898e38f1ef4afd3043f8b09b14a16e,f3ec7fe1b723815ea67103324912e409,1,1,1.0
6a8f8192d74a808d14d395c1d9347e98,d0d042bc1cd9bdf6be6951f33c8e18c5,1,1,1.0
72d2fe6b27c8cf1fe9395d7624500d25,a5b461313c449c6d2ad4c49d40468515,1,1,1.0
82b10cac246970ffdf60e1d93a9a9816,a39f499be584ce0057dd5c0485123575,1,1,1.0
8864fcd75870a545f2d3ee3008f2bf74,c3885d57fd6fa795e0f625291af7754b,1,1,1.0
a7ecf1cd553b2462d8fe09b3ea3138f0,b31e37349201c9fe959cf4d69aedf167,1,1,1.0
d2f3349e7c047fe8c4fe06a251027d21,ecfe549039ca14574c34d8e5f2e2bce8,1,1,1.0
3c5b1ee70d755d1532a021f00a46b66b,4153163515e1dc07e02777b45b79121a,1,1,1.0
340eb5fa89140c45f5be0a7a4cbb571b,862718725e3717bdfba1e73349aef6a8,1,1,1.0
38af56df02d66ad92f55b4430c2af9ca,55ce65ff6f9d97b967b29cf7f9cae370,1,1,1.0
c7b06711a01c6120b23f584005cf7613,defca48067abb00a3c58776cc2433a4b,1,1,1.0
153a646db0c8f82497a04a24ca556fd7,92f5b9a03b9ee33b719cdacbf591e0bc,1,1,1.0
18d74c0ec7d4dece2cac2f292823a5a6,22b59a78fa7b501bdd7e72a076ec03c0,1,1,1.0
8eea446bbfa384e425aa5165d578755f,b2b77fb8cda1a91493aee2fdbbf3a4d6,1,1,1.0
768e9ed92dd4fe880672c8e90dc4f74c,f50e0207673076aa6cd350a771426079,1,1,1.0
68a23739ae7c7070369d92fb979914e2,debefd4bde750f78013ed0a6217bf165,1,1,1.0
75a2e0bd740611a5a4cf01fdef2e710e,b531620286c6c6fbd1d3e7b58390fec0,1,1,1.0
81602361aef8bca78590b927dbce91ed,8b4e378f85633a53f78340e5692b8ba7,1,1,1.0
4dc0803521660b2f150f8a42d20765fa,8bb9052ccae07ec6a7153f577f447486,1,1,1.0
8deeb5eebb9fecb2822c9a4a1240a5b9,f4061866ee9ac1a99a7510e2f9e508cc,1,1,1.0
7c6afa006e0c76d40fe0dc6aacee2940,f3705cea51b431dfb87a53e0220b78fa,1,1,1.0
207fe5bb1b002dd89788c15163ccae8d,742db6181340c9241138cb46365dabaf,1,1,1.0
8746d64253b840c27f56ccc4d7eaca2b,f97efb54c489304d41f4f20206027c72,1,1,1.0
3ef6f3712c0d045d9546a3cbcb7d65d3,99348d90573af76cd7c8e64fd097e6d3,1,1,1.0
9eca552063680b7cd2ed0e8aea002b21,e9971332fe28c52652fc0c34f5132737,1,1,1.0
7a548eb1c21b3a533989d19aecb7cb80,c9435a760745651d5400628347cf4f6e,1,1,1.0
a6f2522a1e24360b462894684900be13,ae03d9bc60ea9a4254380f51832185de,1,1,1.0
03f05c2a180d57b7451f87cb4864ba53,66003712fd22ba49d0e695d80d054de1,1,1,1.0
4b718d5b525e3ae0e042551d852b2620,a9b3796cfcd0791094dfcc581202e3fa,1,1,1.0
4f33256e74e56b333e07e47064ff32fe,e07bc32087f23e0d27ff1cfb337943d8,1,1,1.0
3b93bfab3bdce83683d66becddd9df2b,cc4adf86e974ab9714a4646e2c77719d,1,1,1.0
14c310d62bcd7be319b54b747eeaee62,46f85d17380660c2b457a30d81b7fd32,1,1,1.0
49359fd553803ade0d04bbf46f84236f,abdcabbedfd76c4a52af2cea1f71c7e0,1,1,1.0
679ac107bcec8cb9532797304f0b54ed,fe80881541b7cb0a0732cf82eed3c82b,1,1,1.0
4a293653a956120ef8a3ebbe945c0aa2,ded6fe3fd86ba79274deaf93fe3c4b20,1,1,1.0
1f97200bf757bf93f1ca744a90b1df1b,42187574c3dbef60799c8b585bc3d340,1,1,1.0
3cd80edbe9aa268593282e5d0143fa86,80b62bae3408ac888ded81a3ee24dabb,1,1,1.0
559a8ee3945ef2efb08cf74e36c8b747,e187a4f568431067618a5d9c8f73652a,1,1,1.0
46f40961423812c64201b6ac9dc1f658,9e77b88193d0da6a24156c12b698ade3,1,1,1.0
720f1b28ca26eef5aea3d1c8c40e8a3c,b463c4bb6d538a24e61ad1c827fcde9a,1,1,1.0
21c952154bbf7de26b32bc08b4b6fe47,d59a95b04f362565e898b4e30a3f317e,1,1,1.0
1f4ebf25894e7c8c46e382a20a90e457,82cffd5880c953933b9ebe4e4789edd0,1,1,1.0
179607d5aa7e47661b18cabcd7037ab5,6265dcf485656c1b82c02df4e54ea739,1,1,1.0
38dff03b64c3e9adbb2d4c610838cf5c,7d94c9f2049fc3e2283a4b29646ad1cb,1,1,1.0
ca4601bf00c1021bf16c4a0dad185d96,eddd75ac066e89f2b533569a96536490,1,1,1.0
2d2ec6a0e67ef647ec215a9b5b285df0,74ea4ce57f080f34b6ccd680a9fdfb25,1,1,1.0
ddd9c384b4b7a2f80366ddacd8a7bfd4,de1304243e1baa2b702aeddd454d62cf,1,1,1.0
be5b965f788181a964dce407b5334d15,fc3fde3000c6c4fdbc5507265441f4f2,1,1,1.0
0b8a48e12f6f9cb53e43685c79d5af6c,bebbb167a31f18532365d3a602c7f436,1,1,1.0
9677edf3d33b4a6557b1834100af9cfc,992709d2aacbf32b7d877b9b66cbed76,1,1,1.0
358e9205c1df6c01c033d87d2b953d49,878995c4c85a533aeb77e28e7bfa0edf,1,1,1.0
886231f9e0d45b30b9e47c89a79c96a9,ce0b851b80f0deffc0ca0d74f6bb7eb4,1,1,1.0
3078dfe83b099ae6ebe055be3abe0c0d,36fecee96b47a599e59f6ac3565b1fab,1,1,1.0
1822f701194a679994d72eaab9ade8a0,f4b9f65e834353f9aa53e75c39097923,1,1,1.0
38439e0b07004e600a7c2091896b08e4,83dfca2919ddba85316605281759bb90,1,1,1.0
965191786b70912f793e4a777fd623cd,da86b3d698ed82275d92e48b56d7abd3,1,1,1.0
2b35e83d758a0ab03ac21e29c2a959f8,51a3c390fa17c66123f1b700816b111e,1,1,1.0
3bacc97825707a6238ffc0a7225643f6,cec657914523a789f22a43b3f5644610,1,1,1.0
6b946b8deb9ec3201537f123cade0827,90c80136382423c4e5a5c128da797b65,1,1,1.0
2647f46ede7b96049fb3405f1f5ae263,887dd8e4d0dbf831071853d2b8ff5085,1,1,1.0
1b713c1a9e4a2385fb228f7e9bc5889c,82652537b076c96aebcccf9be1971aaf,1,1,1.0
a86ff633772196d289dd4bbd17251513,ac9c8bab3e580db57218d51b924291b5,1,1,1.0
7aef09d68cd18831aaacca18f264136f,9ee6a2c5655e8fc3807cb35989933271,1,1,1.0
053ecb96d108806e8119d8738e4e13ab,84ad83a83d6a8b7ccd0d7c0a3ddbfa68,1,1,1.0
94b72e6821934cf7dbc0621dec75ddea,b64fe3d99ed23daf5de6dd6b62b4bf1f,1,1,1.0
a6e02bb5726752f81bd16ccc3ed5391f,be5265d8f173d7f8538dfb483e97e50c,1,1,1.0
e308f9114426577f05baf25b11250386,fa7e6f153b7724fda5c1d7cc7b9ae4ec,1,1,1.0
cf559d0aa778151726948fd3f6744031,d73a0a99c82cf71eebd0766a8ea51ee0,1,1,1.0
21f4a0f496d66f5ad60f6c47caa96515,679ac107bcec8cb9532797304f0b54ed,1,1,1.0
0ffa25f95f44a01acfd9fa22da91cecd,d07b7b1f86d0398fd24b738d4c0630c5,1,1,1.0
15587751b2c24cdac1dd1c8b4647d55f,b720bceb1eead5e8409eeed32732ea49,1,1,1.0
892981a81e102cbeaeb417f31b8213f2,dfc00ae7bdfecabaec1d540ce4c882d6,1,1,1.0
a8ad190dbcf7b411dcba3d4518334a58,d89bbed2bfc8b18edbd8fa87c7e214e1,1,1,1.0
334099ce6fb2daf71f1077d6442eb9a5,cfe627e21a0f80c4cc6a4682b6ad84a7,1,1,1.0
6210dedb542a2b9b7b15eee10ef1ac14,cee9ca09d3a36431c37850e29503ab35,1,1,1.0
1c2749d18aafa501f6e263862d7a5785,2274c5b3f1b59d5c283656e9ecf46364,1,1,1.0
8e5102c8123b48eb09d2362c18337d4e,e83c62678a1ff461d5e490c3e8e6e28a,1,1,1.0
6a612d163c494321a5a32bca5f558296,eb8094a0600c9f9b0baba106b8574cb3,1,1,1.0
308eed157c50c58cd2d795eb5f1e096a,d15abc5eb61c895f4824a6822c8b0321,1,1,1.0
30a8328a39c99665deea9fe8954e8339,f362df122b464975105a55a9ec62c241,1,1,1.0
1fed83cc5a2835d406f832dbf55125ca,27dee3bb3d5d400ddea5b3cad3b11425,1,1,1.0
2dc8656cd6899d986974fab7ecf1fd74,5acb4c7b0b3ad35919b0fc8e6fbcc802,1,1,1.0
6230c0fe2c8196044a997f62f8983986,a429cfdb54daea01eb4345d16d5ec680,1,1,1.0
3e49e0b73e8398a32a929c8c3048e9bb,6a65df7b3e532c05f3b312bb7e77ff33,1,1,1.0
4df9aee56fa602c72756abb22ee60b17,80b5c70d20058c553d662a56cbff22e5,1,1,1.0
1f7dc38d123a145e63608b9825f615ba,d0885399c9dcbd60afa7783d9796f6d0,1,1,1.0
6f7f018c4780500817646014bc56a4b2,b6720c884c4f70869b4536cad535a264,1,1,1.0
33a420dd96071ffb3fba60e0e2d31ee6,e67bf61480d4ac433bacf42a874f74cf,1,1,1.0
48808de5f7aae8881946c93b0b522f8b,a8e4ef0240d9bf6aeceb1fa07f98b7bb,1,1,1.0
826df974b989d9b10fba85c7d3020da8,fe5462d3581d238ff2f78d8f0220a86c,1,1,1.0
974cc6ff63850bfaa5cd09f7a9aed648,ffcb7bc68d6ec38fece3546240bd01e5,1,1,1.0
5a08f2b992462b9094d1db89f7c5f53b,97808a155820eb5b9594f0a836a589ef,1,1,1.0
05950dd13be9313da9752082073de48d,d10c8bcb70ed8f8b0adebd5feb385167,1,1,1.0
71e324d4444cbd2ce5e61fa48dd434cf,9c150639ee6d9fd3a4dcd6cd7730b188,1,1,1.0
4153163515e1dc07e02777b45b79121a,abca17a50929e00d09e56810f3f09274,1,1,1.0
7cb86a4e8ed957f7cd2a1205c3c04c92,f3b301b98d453b98026fd514abd82931,1,1,1.0
0898c2299401ffc450e9947c93f1aa53,c22e68114df4519c8f5a33d490245863,1,1,1.0
186faf3198f9fb8a82531e639b54db8a,8c1dd7d0f4e02bc50d6c8d6b4cf79935,1,1,1.0
0e886f63fb3e1d3a7c0a56bbab8724c7,bbdf651cbace0c9efc7fd3184235aa74,1,1,1.0
a2255f4f5dccc6e70357cc06f7b316e5,cdba925154e66b0ba42ca157d5e97688,1,1,1.0
dccf1a0f9b53de36973078b406226253,e350e43073d565f185843908ab262b49,1,1,1.0
9aa61c2b9ef42b2fb25755acdf647dcc,c6ff4cdc311f5ff1bfe1457530f6eb2a,1,1,1.0
8c156f90897e2211330b6b7dff14e978,99d588adae1c418734eaa816bc1d29d3,1,1,1.0
39b02ec9ec96b5a88ce9a99b8144182e,9cc560778160e4e23be98366377d835c,1,1,1.0
49196b5a839bc8d02a68cb1c4516e4a6,9b63e87d9898dbee664c3a1105cb1186,1,1,1.0
1b9f6e4483b20cecc615d7a315c4cd03,5ff44baa610a4b9c52d442bcfb6d8863,1,1,1.0
337ae76c3ba514a2f0020d3a613fe6a8,c29d9bec0bfc16f539cdec270615f31c,1,1,1.0
77b81ed7d59fbc08e578066d7e75bbe8,c7857120b6ce21cfc0a1654d4397eb9e,1,1,1.0
270aac56747e4e1b47a2ab1058a4ca4d,8e8b93eb17dd51b9b77e72eedb03dd32,1,1,1.0
0d0481ffb0bb25cfc9ba06c02bba0ecf,3a5637533760619eb56a39f880797af2,1,1,1.0
2cf33ba9f0ea64bcfef5eddd02b2c984,6689e9f9ce799fb048f33674671a6390,1,1,1.0
9e3cc1906aa2db29c30aecb2d642a41d,bb361861b83a556ce2a5b2d537e22df9,1,1,1.0
27528cbb4b9112677add723caa6fa5f4,3c4abb94aa82c0be6a86af95be2ca5bf,1,1,1.0
cec2b8b5f111e412032e6aceaf41c046,d783ac25156525495cc6bcdae28ccdc3,1,1,1.0
bf853c7f7942ead75f8118b917ff0a76,f0b376c0ba5bbcb99769469bc9e193f6,1,1,1.0
19b85b94fe8272be4caaa26ea1e9fda5,62234bde75e95fb025e2499a0a3bbc2d,1,1,1.0
176aa9e3397ca9f9c2f8415db97d3caf,1b587ef20418f6cc5a215b80877f3566,1,1,1.0
508a0ed9319d4924783cd9e4829fe655,e5cc1d518d05b032550b7acc3bbc1399,1,1,1.0
b2cbe4e95365283e0e782b00501d1124,fee39f26bcbe8778bade5790471c4cf6,1,1,1.0
210e71925511890787a1bbf415645f1b,8967e8af0d5f36e5706fb242eaf67a8c,1,1,1.0
6681ad9a826614b39ecc67e175aa2575,959957b04abdb0acd726e8f0e700a899,1,1,1.0
50fb6089c263c3a5b990f3e30395598f,70ba951817e5c091b68290e59cd03b2b,1,1,1.0
71683fbf22478b08ea6f36050eb0994d,fd7e7e4d74e83f8cdb71feaeb0ab7856,1,1,1.0
6080a210886780ffc895bce6bd114e4d,647fbab00ce3fa39333d3ceff865d3c3,1,1,1.0
1bf743e4fbb3f0d171c66533e949d631,1ea90eacef417998418616131b63ce69,1,1,1.0
23347d6396d1cc145f964548816b90fd,263baeebdd1d811cb0c3496c1de697e6,1,1,1.0
07c3f5ee530bcf86a76cd408cb777d84,da942da25a15efc001246d36625f8f90,1,1,1.0
0ee0424f2f4840a282623b8eae4ccaa3,c678ab1dccbc0f934a182d2877644ec3,1,1,1.0
7e5ee303107bf4d179a0f8642d212f8d,8e4febd4468fd3dbfb6527e9982fb3b8,1,1,1.0
39e9cbba464b86fe7b4bf8d6dfa4b259,8f6c69eafe6e7cb3f50fe7517366902f,1,1,1.0
3664af3125549787c02050e7075fd8fc,9d71b8ede6b4a9bb3cf2f8db6d1791bc,1,1,1.0
38e0065e651f28acfafc97253458e410,509de51c702ef70edc8d69cad60ecf11,1,1,1.0
448e96e262a7de9c37bcdc3a1e04a739,60b8395018e55124548d780d23b9c02d,1,1,1.0
0976eca0a2b72de509446cf0f0396de9,5c183710323fed305c617f8840b8338c,1,1,1.0
707ba75acdbd8ed93c1d09ba20a76466,a0b4263d0f1978cc8d447c98e50f6118,1,1,1.0
bd62b323b8e70075724fb43aab7a5bdc,f0b376c0ba5bbcb99769469bc9e193f6,1,1,1.0
95de6cd75d82c25e5463531f370aa2a2,f4f203a8ddb0c3e44212a6eaf379348e,1,1,1.0
8aaa1627d1c9bc4c067ea189493a5205,b7a05979123e85de9be590ff37b88b60,1,1,1.0
579e8646725311074b0d0e7af5f220ce,6db6eac4dd8ca3c33650f43b95b69f7f,1,1,1.0
551dd1a720761be07c14ce4a8a7425ec,64aa7e43d35ce01cad8bcaee988593ea,1,1,1.0
565c8d0f62d1e0c9e8da045ba0dd0e07,eea29992cb52b0661b3d32bbaf76b8f0,1,1,1.0
3d8f828c75606575e20a26416deea675,3ee7b9a1a2a20d76750421979a72355a,1,1,1.0
54e1e57f3519010cd5d60a2ccb694607,75015153c3f4b976fa82a0888a5d736c,1,1,1.0
84fb192d3e2a577896b041f08d125457,9aa61c2b9ef42b2fb25755acdf647dcc,1,1,1.0
53fb629421f4abbf193879a5a897a5a4,a22a3e29000f4d6eb82fc4f0bb2177f7,1,1,1.0
5dee030b062b0fc8411180016c9eaadb,77570428461c3b2bcdc9934f069f2692,1,1,1.0
1eb10c8931ef3b01cd2cf7a6712809b2,5fd82666f1e64606820d24e3fbb5d160,1,1,1.0
d53ceb1f637d47aabdfc81e4e0105210,dc79a34ab5c295d51b65263e28c41e40,1,1,1.0
c5a65d154638d2699e01bb8dce88e917,d9e1b12be9642c910bfff38ee736b010,1,1,1.0
23febc782c96a86789d1019d7035afb6,a1a8261042c9612dfa0408406164ce66,1,1,1.0
2d17d58fcd7120a5f5c5c24e7e5de056,c680f9f10f2565ceafe810789dd3cdb6,1,1,1.0
0987afae3c26e659141ac3e4c996c5ee,9b21a6a02abbacc376f966a5ec638605,1,1,1.0
2a98d7018ba221c3748b4c9f23a1d31c,aaf19344c14447167191cdd3d7530acb,1,1,1.0
4f054c08fec137f4985d1b5d12141764,ec7d6c44127c866f0b055e37f41801b5,1,1,1.0
3e0fa7823444fb8ba3e376b233b0e697,d0907dc40aabc7926bece6bee0cc561e,1,1,1.0
cc140d69d77e50e3b529dbc42c83d299,d041320ae7f525e9184cb0ae811cd9cf,1,1,1.0
0ecb7751a7060a4fa039126fd7c30323,94fe756b3e56a9bc28dcf7f832f0e11c,1,1,1.0
46587168f28103639ae8249f19b53043,83aca63b2193ea126b287f3ae61528d9,1,1,1.0
32cc0e2c5ace02ea9dbb7bb8f1e4ee91,d47107318c1a09b62dcc0d84a0bcf5da,1,1,1.0
4e17943c8edf2f66d70f0e97b81aaf17,55ec32e63f828873da22685dcdc48fd8,1,1,1.0
01bfd443225216fd172d2af98ae80068,c5a2e92bbe86665e7d28cff81737e94f,1,1,1.0
f5472555b3e63eedcccf98ed40571431,fe21f72a3b663deeabf0b9067427cf62,1,1,1.0
d2759a1dcc3fd8d068beb73a2bda3c97,f0f8cf670f53e55bf7ee272c9088c04c,1,1,1.0
0b8751ce40001ab30575c73018b81f39,1f1d8d0ec01ab143642c72a223f1d809,1,1,1.0
15566172fd4a1459fc3868bf46d4b589,caf5619ca3dab3f848d564ca13a4c82a,1,1,1.0
2c30287ff199571ac2d89a5e658facce,7e29fb107fb24c22fe3e4b4d5544495b,1,1,1.0
70f386d6a18e4223d58eb9e82781cc6b,c7c025b50e210cb7604b461781209f5b,1,1,1.0
4d198d460045d77dd92e143cd3c00277,f4d86b3696c4fd8f185f9304bcff3449,1,1,1.0
0690b2040ff6ad179db480b955894416,aef36fbff4da2bb3001ef080be790872,1,1,1.0
66d0106c808fc4429599b07fab2b35ed,a04d29ea1834c0c9ba7030d68a98f6e4,1,1,1.0
abf7ad6741caa815774324f973f781df,b9185e5e8958ab01b37e950844592809,1,1,1.0
7b0a0cd8cb6f2a060679dd9bacf03fd9,80bff05b9ce184fe66fe49a8a2b2eac6,1,1,1.0
53b2aa3aafb865f1c2c681804b8eb3b9,c6bab6d0a0ba93b7672fddc3c965d8bb,1,1,1.0
1473636eb2ceaf90448ed0e1f5b6a166,6f669b70cf8f200feb01c8c759fdb2f1,1,1,1.0
0976eca0a2b72de509446cf0f0396de9,2f6fb8d1f089595a3378822baed7b636,1,1,1.0
03cb74bc26bf2d9c14f52f31a42b97c3,7160a4c6df67459d2753beece45f7473,1,1,1.0
098f29ae5d8eaced6ff92a09c02b40c5,5657f9f721c16800a66c21081d46b18d,1,1,1.0
24b2c88eccca3ddc45bcb83011e0ad45,cee9ca09d3a36431c37850e29503ab35,1,1,1.0
506851dc3dcb46d6d3780857def2576f,84785c66e99975e647df36cee83cb4c4,1,1,1.0
32025dc952b29cc2d56c26e7027f53fb,c4f4404ba7f12020d4f83e044e642d28,1,1,1.0
729f6ebb46f7fac379c69fd1564868ca,ddc3194f4dbd1455cc8722aeefcc8224,1,1,1.0
2dc40a711263d0661f2e1e4fe8983091,33c10edbbbee94340648625b58ad8b6c,1,1,1.0
3965fe86e43471a454750801283b7caf,3ebea3b6f43441f680403f99a2d0bc59,1,1,1.0
25c50886903a247565974ff09a49bfa1,8c12687aad88863f160627aa762e5422,1,1,1.0
75ba8ec3ede6b7de574025a007c41f13,ac28016be4a1388484adf6576b9eb426,1,1,1.0
17bf374d6f406164b8674643564f3a10,c9c780c755a4849fcf98a03a5e112516,1,1,1.0
de1b9fc368d24bb474379bed6baf9f41,f6ed0bef0317e479c3cfbf243f9b1940,1,1,1.0
5f559ae955c7022e7774d5850bea5351,63c832601a87d0c284d5bf313dfa3f24,1,1,1.0
518de4c3f1112cc288a2e59d9c7ea234,5eeb8705e59bdc27e7ff8cfdd3cc4012,1,1,1.0
0a9d365af1a48bc62a840243cdfcb4e6,5499856e5c59ce4b1178f38c1f0d2f8c,1,1,1.0
7db0eba759379d3a68e2922bb970c48c,e1b65176f153a0a4e72efc3c949d4bbd,1,1,1.0
4494a5479e0262f59a2338001bf1222c,9ce65b8b5abf4f8eb9c36d54903bf746,1,1,1.0
a4740e809e3d5ef5731e07bad80990f7,ab727a18f23821f22e4e41da686a62c3,1,1,1.0
0f862748da01132c74799afb1eacabc3,70fe79f3943224e129dfe2e9176635ba,1,1,1.0
3279712e1ea8d52462488b4fb9dd7014,903db28e56c4f89d0909f6e8ff7c6050,1,1,1.0
84f22c0a22e52fe9be1aaf39388f43f4,f45ff20176b28f1af7fe3e10eab1ce76,1,1,1.0
720f5cf88a42beb4ab6613a97f1c4e35,9cd2d6e39e6a740ee3c6fcb77cdbf976,1,1,1.0
87574f1c1bce57c02b834d74d909c9f9,d1e492f004dbf4f7a4b570c994094cbf,1,1,1.0
3c1c78609df1d7b24046f141189d6476,3c7a1b8817ce0f7814a53f3fc779bc19,1,1,1.0
b496a7b69bb36b2db22e69121824b7d1,d13ace1b3aba82af5400af05168ffa43,1,1,1.0
23f614484b8fc679ba0a6b1535620da0,455025dba231735f3760572a92a7dd6b,1,1,1.0
2e88baab9c2ef8e9e915a90d0c7fb5ae,768e9ed92dd4fe880672c8e90dc4f74c,1,1,1.0
cdaf6aa44576c0c56f62d86116a94d21,fe21f72a3b663deeabf0b9067427cf62,1,1,1.0
c692237770f0c342dca69511fa3f08b8,fe856d7e322242cbfd59ab1cfcc78066,1,1,1.0
db342a4737f95bcf63ea219f3809a9c2,f999abea6accb27e6a6f896f277894c9,1,1,1.0
8fcb8ae164a5d1c7c4534595e9bb898a,ff76aafa376f62ec87f99df89482afb8,1,1,1.0
053ecb96d108806e8119d8738e4e13ab,bbb4489598feac603a21e4560d04699e,1,1,1.0
900b3773912895699f6bc54cf62bdfc9,a4d4c09a2fe3081414f20b73ed30d9de,1,1,1.0
2d5dacf6f21f36425a289a5ffc519de4,d5410fd87206226c7868c4d2aec72299,1,1,1.0
5c06bf4d349131165dd54d83da1f2cd0,ffd2aa973e106c7d7218a960320420bd,1,1,1.0
30a8328a39c99665deea9fe8954e8339,d9ffaef986305a5a589b198d8568f211,1,1,1.0
60b5c68fe249f766dc01e11e7c7fd677,6a7771fe38afc6a2f6604d19431287ed,1,1,1.0
0ae6f1aa489855895f9e8acb6fd16b98,3388d71fa80d27047efcea65408cacfe,1,1,1.0
27aacd37c12bc685a275af86f14d2c23,6f84e5f81b7daece37fdddcc6cf99ad4,1,1,1.0
5fc1e59a07212b7005468f6e080d667c,943aa7acc4333d37d79989c6d9d74a0a,1,1,1.0
b17a9fa1baa86e829acb7850c1c0fb61,eb2d6e9e98ee7ae464092870e47e84bc,1,1,1.0
a20e19f70cf92ad5bf8e1339d5ae9316,f4db22627eac951b3227c89fe131433c,1,1,1.0
25f24493ded5ebebc26a69b5db344e35,98f335f5fe7bf786efe0d23ce5d2d354,1,1,1.0
06ee95df85ab27db04eebc85ce42e3df,0a843a6dd55792323714128564c1541e,1,1,1.0
3ae5f28cf8eaed744e50bcd7e551ac1f,7b00713258967aec4ca78f3c26e89a2f,1,1,1.0
2818ca3e861f7bc77e4acfdc1b161a9f,454660f8ac7dfb584f85ee10e3a2000d,1,1,1.0
4a2652396de2b9a9c76da38f23552057,5acd65b5aca9647231421838e17adf78,1,1,1.0
154017ee7b8f95544a8b9885caac75c0,adff49f8c4d0574ce37b9d2a6d2a7e60,1,1,1.0
7d61d43aab9091b002e8d1059c9b6140,b50d00b47e3aeaf4ebad0b840921bc3a,1,1,1.0
7df5f97f9dc003369b506e93a2902840,a661d43970d1e807044cd5a3b43bd7db,1,1,1.0
2279cf489dcf3b1d919069199fd70387,430ef7b9283044ae2debd46952b0e167,1,1,1.0
c2a707a1e6c60b50f528c9875e721821,ce8306009970275b42de3d5330dd8849,1,1,1.0
402fa6c2fbb4c87c51862c52440b4736,619c98a8b880fa1bc4636f6b3d9f21f6,1,1,1.0
71b14aca95bfbedbc5746d2c0a92d8e2,b3fc17304e79650b12ef436bf5e7e133,1,1,1.0
80858bc1ad0b7a63c5b87b3baf4fe309,9f26bb45854e98f2cf177e36ca1b27a6,1,1,1.0
a3d62db22729399a1f818ab32a03287e,c30772dc02e182f555db4b042efdb110,1,1,1.0
213ec8ba298317826010a85c0433f62e,37e60990b1cc7457fbd2595e85e76da0,1,1,1.0
9c9860dcd7fbdc3c3fc42984b70f647b,cedfec6b6307b8f10649aed4ca246644,1,1,1.0
81f15c3d31946bb70742cd4407307439,a4f70828df39e7723edbec4ee08891ec,1,1,1.0
624dbb9134e0e49819db57565ba7ce68,7e185537477aad2cd84c352033fba3a5,1,1,1.0
028ccf85a88eb595cfa50d7a0d417868,afa052c34132e7910f7ad6164042651f,1,1,1.0
0f943ddad69361eafb2a72fadebd86ec,e79f6cfdcc27ec08665098c48ab029e0,1,1,1.0
4412513db47efd18fc8ad98ff8e64727,d634d5ad2d731d135041ef40e077f91e,1,1,1.0
4d58eca1e53263c544120e94beb5c6c0,5079f2ed906aa7db1cc50019db46684e,1,1,1.0
3883f79ec3d786755e150cb2f9af9f5c,f2956826bf59bc83f0fbdb566bcb8610,1,1,1.0
38212384f91f2a880a3f2f8686d73ae3,a80ce2f10afbcc6d4edffb0b97d8ab93,1,1,1.0
651b9d14ef8acace2ba68cd88674ea73,982b0a3006185dcf754de593350cc8b4,1,1,1.0
0f706c0bd2502557acaa2f94d01a0d23,c9b9e60e5338143a868611fd96e30b8f,1,1,1.0
4ba16e2f6120b2503466540024985dcb,6a579bff7fd674e50a05685ad7902a55,1,1,1.0
b4164b841c4e53cf0ee72a5f9096d420,c7d25a09e0154c122bb45dc8e69bdb4e,1,1,1.0
0136e40591d769adfb219f167a691487,53e2cfb1f6ac8946439fc1916d08ce5d,1,1,1.0
95e3c8fd4233b735843cfa9f150ce487,aa5d1892e01f044ece40066386d02c14,1,1,1.0
ecf034665697bb068f20143aa3fd4e8e,f0bde7d292f0931e16e51d29340433ea,1,1,1.0
0fa4a064989236797d08591a95b05311,487fbf9802abbe579517d8b093df5ad2,1,1,1.0
e6b2f88aff1cd27ac49cc0b10b60d782,e90232e0cd21ee07204d10fd88bb0c97,1,1,1.0
456aa9b8ae47963b150bdf28ce6a0926,b49f37241decbe584b6d7b0526d23eed,1,1,1.0
a0166e4e2e823b3f62b4a58a7363c6db,ec9a6d0a97eb3d57ea8e84083ac75a0e,1,1,1.0
df6a683d33ac7daf906695b3f82279ce,e17100e5f754e681989cb32b82ce4ad1,1,1,1.0
4a25960170e665848bf0c39a21577c14,7218da49ef6bca3a8d862b83e6112cf5,1,1,1.0
94bb77e54d5b07b5fb1aee271da6c0a1,d2931dde96daf36474fb9258d8db337a,1,1,1.0
210e71925511890787a1bbf415645f1b,27e96f577e0346b2952d39c3b254aa74,1,1,1.0
522966da6f0937c38d197c552c98438b,f9e8fc5cd9cda3d485692b6dd3fa662c,1,1,1.0
288b2fb561fbb9a12210b2d9376306aa,4494a5479e0262f59a2338001bf1222c,1,1,1.0
4054ad62b54915599d9add2e14f213b0,f1236fdb8932b2aa1cebcc082b8fef62,1,1,1.0
36a3f07a3ede93d7185291abf93ffb87,694770a8ad05691bdaed8ffff38813e2,1,1,1.0
768e9ed92dd4fe880672c8e90dc4f74c,cda79a984cb522389ddedda934fd03aa,1,1,1.0
85b79989b7d35124ab26a7089d870ade,a286008b18cc3a9834fb353915dd059c,1,1,1.0
11a6b6369051df6524fde059cc753acb,1fc4b1301c31a5843f2a0b3600c4f208,1,1,1.0
46f5d269affee0ce83e818ee3cb02e57,94177712076286a707bab74e10ebb235,1,1,1.0
be3d59feb3e9844f2a5236cca7ea7529,e01719d1077d8e338be6d5b91b24947d,1,1,1.0
5f0691f23c472d93782c13ceaf2421f8,e79f6cfdcc27ec08665098c48ab029e0,1,1,1.0
07aa0e46a3fec5c648422487a2efe4a9,0b63b2c21b768c3575305cf04214e173,1,1,1.0
579e881c515b588ed0190ac0a10e6633,b1cf093d4733621933034b69fb155947,1,1,1.0
104fa0c0090d3bc37b3b6131b690e9ab,1f97200bf757bf93f1ca744a90b1df1b,1,1,1.0
79f702881c53df79e17ca351f94d9eec,c94e42754260e0e3d99554559a270681,1,1,1.0
28be3bd4177073ca196b0102d98c362b,30aaec8cabe3ac4410e840a5eda6a822,1,1,1.0
54471308461c633773c872f5036729d7,d17e8aead592569df42ea0ac7c69cc99,1,1,1.0
0eff4c92d2eb60e1f21f452eead1751c,f92e66c00c3a7c1e1864cbf1229fe574,1,1,1.0
9c8ce38a3d01ee7c4e1bbae1cf3fd1eb,f1ba7177a432443977dc3df9fa8dce63,1,1,1.0
15555e5d36681ed0f1991d187f946cf8,3cc9ea3ffe189981b9a8b2b92b99271b,1,1,1.0
0dd971dd4cd409105778aefba5f7fb38,8ad6a8a3e0dcdea9e515790d770bbefb,1,1,1.0
0a31e281ade2d349246c6e86d56947cc,697ca475b4bc567af9133d9a6021e6ee,1,1,1.0
6a76d73b5b2832fc05736775f2369bd5,d5f10de578a314bd35362e14c61a7bc0,1,1,1.0
8917b14ff5f8730930f1b2c98c7fc81c,fdd6853a1946f2790de4c3c9b492e2eb,1,1,1.0
69ea286615f18c04fae5663212a5cef7,d0e577fb4794cd81f062326261a4f75e,1,1,1.0
46a23b5b38c9caebf785829998db475b,896ae021b16a75c0400fad89141227b2,1,1,1.0
0489f338b80bcaa08f7a66b87cb16145,d21f3fa00b3029197cfa9966b82d9ebb,1,1,1.0
14d405a7e7d12c7059931c3551de5ae8,508a0ed9319d4924783cd9e4829fe655,1,1,1.0
07aa2ff08a800a8e109f9a6273b3eaa9,9ea4cd3819443c9b23090f8eb0fb3a47,1,1,1.0
4b7485f738a6b25ccbe5ef32171e82e2,e72bbc364013bd2f23ace1b4e3c43be6,1,1,1.0
199518f9eacfe6b6297851b562c87d4f,71b873eededd786d027896414aee453e,1,1,1.0
511d9bfd3a70a8e7b0ed858ee9cb3350,b91c15fa50027f5b62e2105515a46d9c,1,1,1.0
19aafe0d2b8a19b421a7a9f61a6e8bcd,b9e48a3f487c7a0854cbf297e0d43f6a,1,1,1.0
28b4832bd9a73bb5bcb43c564f7e0cde,745596016d47674d833680994c86a673,1,1,1.0
33e2ec99a0b818a86def54a73031892a,89e4880cac6a717819442b1d06405009,1,1,1.0
6a834ffa571a333c7e753a72967c3456,8b4f3f21f3fe735a4d85eded53ac5a9a,1,1,1.0
1eed64a33be0c6e7f682322f9890191e,3ac21ab85b7a7594972f8b595c0b4827,1,1,1.0
5322efc4ed651ee4f92b9e07d4af5eaf,8841e54bd927133b28c4a134665c58a8,1,1,1.0
81f242fdcd1e2af71fe09b14aedac9e3,a845495d35185aa74a848451024e8643,1,1,1.0
3bc2576ef69da2477d0c9a4b1ecf4086,72ac8059a9a54b1b87b8df2fab9510aa,1,1,1.0
812507a0e65151f744bc39ee47915ac2,9569233a383eec155f537bc9c0853873,1,1,1.0
8ae01caf95fcba159cdde44fb44596cb,a20abf142c56288cbea0f21614812c1e,1,1,1.0
295fc02c10baab90b016dc301730af2f,30c1b3736cb88c0a104bf1089953b168,1,1,1.0
c20fa08047ed2a4d8eaee475b27da60e,e67ea1b0fe506ee2160db2ee7e2c9095,1,1,1.0
aed3f03d8bf7da8f0902c46995286019,ed53e48977c0cc951ad4dc9f51efe45e,1,1,1.0
0808eb9b0f2117c262a635a4f8bde1d2,987f8494a6233ba36ba75d028b6a2c91,1,1,1.0
23d7011ee3b2d9f4a392b72077522fcf,ddbb867795a037d54547a5cc56b5be6e,1,1,1.0
7ffa2a1b57b9933dcddfb3684fad51bf,c7f92ff58170af8b2f1aaaed398645b2,1,1,1.0
2b49dc8a86aeda422b28771b77432d1e,d8182e33151364df08d8c6e28b51cbfe,1,1,1.0
bbfbf00ca35317821c1d773e7509c4d1,d05655be736276d336124c2cd43a4de9,1,1,1.0
6e4e5b71061af223f3ccaa35637b078e,9a1e55d72c528fcc8baff2302e95a5b1,1,1,1.0
3492ae2712b914222e66812da094cc77,d02aef1a1d91578d47ea33fc7cb152dc,1,1,1.0
6b4d70f9e0b26fb3497b1c6bc76ccf2f,f0b8398a3f7ec5426f5cc20d3e36695c,1,1,1.0
1530bef7997278ae912d241906332564,7754f8e63c3845e9f61686357c69ed6f,1,1,1.0
0ffa25f95f44a01acfd9fa22da91cecd,64f4edd5b6c33fb305990d88886ffb19,1,1,1.0
8c78d2fbdc7623260f382da235ed8e1e,cc71d0d999365346d1022c0bf3b4b0e3,1,1,1.0
1a742f74e78035e7c08daa5e8f527460,baa692fd284fb31f63a6043aad620e1a,1,1,1.0
72b59180bf039593a3a6d21f79c62c45,fe207ab6ef5bbe703f681e0546b8db51,1,1,1.0
2dfb670996b412a014e8d8099500f6ab,3de8d57dc110ecf3f7c2478627819138,1,1,1.0
3a59ed7823b38fbcaabf7e11c25aa95c,d714959800e10629872c11353cbb1913,1,1,1.0
6077db684bfa5fae744d9a732bce623e,eaa9636f7d06003e1737b0d8263105a7,1,1,1.0
475e638b2b16d4b407b41ae324fc70bb,9f65c47cdfb0d8bd59d31c6881759086,1,1,1.0
0b7e8a47536e37a99cd123528fee61b7,2e71193da3ec3a87b4880bc3406c71f4,1,1,1.0
9a6cc6130f9a98cd08456a26fd5624c5,d2759a1dcc3fd8d068beb73a2bda3c97,1,1,1.0
579a8e5987c00f125ea993640855f3cb,6dd0793d598968202be2248dc7b294ba,1,1,1.0
9e2121a00989633ec9900d09f21755ac,a24799ffe87b5934c95792755e6d688c,1,1,1.0
0927b263987388dc45d858496bd42a60,19b5fe52587bedec920941082485f08b,1,1,1.0
41736e3b886b3c89ea3c21f41c46bd1d,5d4b27250cbdcd036ea85e2f9eaea886,1,1,1.0
3b6577dc371a8aad49d7b124b01d3d92,ef2cb5227455b21d64b5bd9d23a97417,1,1,1.0
5469264371cfd83afdeec62f743a7bc5,84b1b1de94b0d3461b3503c026575474,1,1,1.0
86d44b3d6ff74b91728c42119904188d,984d917117d762201643440a2c2e001b,1,1,1.0
6d2408af10e468cd1a5bc41df239cd59,e54b1417cf0c79b3b222a16931b0343c,1,1,1.0
134a40fcca40b8552643d16fcf0ca592,742360b6a7ab7b719b091f24c03bc2ce,1,1,1.0
2ee02b9757d3a43c5d6e802282cc3903,77a5529971c407965806a921949a2d62,1,1,1.0
649c3c31116502b2c532c0a4e5a339e9,82c6b7c46730c47b413b6a163563486f,1,1,1.0
9d68d3a0a28583b68e7d8e6a07adaf31,ebe981a1b4ae51ee6e244e207acd3562,1,1,1.0
1c12d40bfa739d5204c498c8f9231800,532f7ebebe5e977e5fddcd9f39caa4f2,1,1,1.0
1ab218793c3b7f9d13fd70501faabd2f,f2479f8d117c49610d5a2d006b4ab716,1,1,1.0
ce942f2a2db9d5706f7b09f2c7d5cc17,cf36fa9b6e276c0559a4e80cf5ab44eb,1,1,1.0
3e668d1b083949f2e7e72a9cbb3d6079,f749589b2efbc75002c13940481bf4cf,1,1,1.0
9c2c65855ef03f7f74fe50ba907ced57,ea8bdf937b5ceae8fbaa953862dda224,1,1,1.0
a41c1c664fed16013ba77a1b4a874638,c926f9749e71e831279c2eb90764b647,1,1,1.0
1014864fdce7428f39493d675751d52b,8530c8225469b717235c2583b209bc7e,1,1,1.0
409cb030498f575d1c941cecaf1d2a06,adc21493fcb5364ab47ee52661307611,1,1,1.0
13978827340103c624d10b58ffa9ebde,8176dcb6bfd2aeb26c35863d2cdf5c54,1,1,1.0
3443e2eebf6b2795c6bac47c21c62f0d,4e5bb34c6f41d0b5b812615c662eea68,1,1,1.0
0d490b8ef864883f37b980339a880b76,770d37ede04d7c9622b7f25902845cf1,1,1,1.0
6fe3cecd4de549447dcfa980902bbba5,8d0eac4be45354dab72a1a423e9f966a,1,1,1.0
58ef66208225145b718a2c28869ead2e,e936b5a035e2b0505863a9aa31f32280,1,1,1.0
442b18c9c5a6bc787c899e84145d7816,480529f64761f0f46b65206566a6ed55,1,1,1.0
9efc7f2a9ac5c2cf72565008f1914206,fc16565ad8c9887ecc561e0708cd14ba,1,1,1.0
8ca65fef69bdf0299409e1b52b6229f5,bfb916b45d07729be21abf9ac6e87fb7,1,1,1.0
72f9ad8056c57cf96a7d3b617ec5fde8,86d1743ca907bdb0f3852070a31b9972,1,1,1.0
837d83ca2369bcbd52df29f395e9cd45,b312448665a053784d8affae3782595e,1,1,1.0
acb92ad47d687da31cb69ab8de127f43,b372b2391066c4a5024e21b30d62b91d,1,1,1.0
0c80535192f4cddee2604159de128815,fa5575f71720ffde45dfe4d4b35f4211,1,1,1.0
17535993c5abb098f793664778f38c6e,90aee4ffb98cfdb9d46b7cef63b2428f,1,1,1.0
24fee3e769e87ce93288b0d46811bb1c,dd9d55e4b22e4677620a448025caade1,1,1,1.0
228da00b364476eca42f4abad1b99597,930aadc15ac3fb4c4218b34852fb1f2a,1,1,1.0
2e2c9743fb85ab612200aec91abd2844,4219d1ebcfedd1e6082605ba42d29040,1,1,1.0
7bfb4300feb2a2ad6bcfba76fca42493,9a74735754d42a0593bcf6356ab369e2,1,1,1.0
39a67a9d203abf027ebac4a1ffeeb663,a8b73585f061814653136e5a19d79b03,1,1,1.0
19c476e5937deb6adc3240137af8f786,c44cf006eb2be388f690fad0ebf05111,1,1,1.0
da533dfdc1a3ab068ab6107f443c6a9f,e3b7fece1ec0c35e047c15c6dbfa9353,1,1,1.0
084f1b1cde10655b37e3f913ce7f83ab,256d621fe9d3e38f1cda7f6dba0ee9db,1,1,1.0
e0d57fcc716125d70f48d5e7e165a23c,f283d62df3aed3073aa2796eecd01ccf,1,1,1.0
3d99c2d51c16a9c900b74ba30301ecdc,9d6202ac13e1f4cf972d397391314ad2,1,1,1.0
9483e870f9ced5c9619fce93ab9c3293,edfc9b9dd23cadae2c99bed8d96838c7,1,1,1.0
2086099057e5976dfba3aad20713eac0,3e475baa2c69d9e105cada272f65cd0a,1,1,1.0
1dedf503639fdb47865028c62383868b,5f00d0a7f1275796fa78f1759fbe9b21,1,1,1.0
067c8117bd9b4f406301921f6bcfb04e,887305d64ce727016c02c40f5a371d8b,1,1,1.0
8b9c297f4874622ea42c249bba3854d7,c07c1558a5eca23b74513a4d04ed2d5b,1,1,1.0
7a19b0145549f450df2d15588c93efe6,aaf19344c14447167191cdd3d7530acb,1,1,1.0
460aa5bf21f70b578ac7a997483cc275,6fc943c14563d7d3c767b0943755c398,1,1,1.0
4c62d633110e280bfc516aa7c6fb12e2,ae120a3b9a0e9628f5f08781b0cdf895,1,1,1.0
ac5e2c0c69290b3fb44f7c584ff3af2f,eab27a5d81262bace5fc81727514d49d,1,1,1.0
19edaf153484534b0d582195a5cd8ff8,b08ebd8821a28d75827d51509c294612,1,1,1.0
7838cc11c095dba1eb2fc4147764eb67,cea385414332dd1cdf3aae45bfa66e94,1,1,1.0
116eb01461ae0ac3f20de05d49756fa1,e5e9da3a61436d34efc3250a52495330,1,1,1.0
45ea36c7ee518a24e962cb202fcd9779,d861fb29b9235265ca703ae5b4d2880c,1,1,1.0
873fab9e6cad078dcd3b1934a1c69161,a651ae23be31e21922b96bc68e3e8507,1,1,1.0
ce9f8a25ebc64ce2a45296847d309da7,dfbde47bde19b04d057e18b028d5b5cd,1,1,1.0
299b2d1bcebfb18807ad9185f5a1f058,45a284417e5d975ac30cbbe08fe85cc2,1,1,1.0
b692391a3475130e918c2ffd84fa0413,f51d51970cd8937a6a9860e4df2e8305,1,1,1.0
74504bb83eef70eb4974a7506a0b6ca0,b009e495701d399eeacd523808ac3fb5,1,1,1.0
a6d2d0260971336c942b2032437a1b26,f3ec7fe1b723815ea67103324912e409,1,1,1.0
2c099f3e92eef02642e498ce78f5e39f,6c44bdab57e479c823b916ee8ded98ad,1,1,1.0
6f14e7220dd419f2659f0aaf9430d9af,824894bf9b51f6b4ae907a863ef061ac,1,1,1.0
11e34afed2f0357f6c4d5220228cd167,f96f093772ba5ab5f36b6eb297234c52,1,1,1.0
a036c542e541043fe795b76dd857c1ff,ec5625006d029120e338890c30ca7669,1,1,1.0
17cd440592c98a8dbbf7a99963274ffe,d87108b48ec7b85b2f78fc1f3c2ea87a,1,1,1.0
097c970d4d48da9a92847e353c8f1686,0f51488dad158188b716da8282edcb66,1,1,1.0
c5e1c6a32df27a1bf0beef66d325bc74,d78c12d22bb74c07f4a55c5c3a76b39d,1,1,1.0
81e4010e03542920c2ed6a9e4e818c5a,9ce32933559f6365bb3b20b09bda51da,1,1,1.0
8360a5c47afc3de8a5f3c52e8d693845,c76ec4b6c3ef80913c4744442973a501,1,1,1.0
5a8082f2f02414ee6a84c52a59f07fc8,74f098072a8a1813a100db4bac87a297,1,1,1.0
30e8a3f7ebd0569d872dcab7969dca1b,c88b9680a18dbb8428a7a8873c5fc7ba,1,1,1.0
1b7d59bc0ec530bdfd3a4db9f767d7d5,624abb63920f851f632e0094ebf8cc2d,1,1,1.0
5b4aa71818edd3af90c3118ff11eaf6f,fb1325a63c041f5d451cee4bdb0e6aae,1,1,1.0
98bf52842dfe834fbbb35d42870c9065,c9778908c71bbb3477524a99e4bee889,1,1,1.0
7ab630d037f2c14955a4b06d272501e3,9818f8aa559a92d5ca794743ce6d9acd,1,1,1.0
113d43d09dded33b8e67b5f981d08cf3,6562021a0a4fd24be820ca68ba96c2c3,1,1,1.0
65ee2c935878a299c55aa19575bac35c,dd404d81b12247da9794cf3fb53d36ba,1,1,1.0
158f9d93c09713c984d20a517415ffe6,c9b9e60e5338143a868611fd96e30b8f,1,1,1.0
047448ccb9c66b5d0ab04072e735df8d,400b925fa2cc2455139b1fe094c45829,1,1,1.0
5179b7b48c149156cb51eddfaf06b712,61e1c72ea53bde1227fdfac87c27694c,1,1,1.0
a2681e61ce4cd09c84e028a4963812da,de62b1930ddc37c005aff8c0edf2a3e2,1,1,1.0
dc352a59954067bae905d7abdd47ae49,f525ea95844284b57cfa8d6d31db613b,1,1,1.0
6d018916b5735920ff598291edfa8c89,b1cf093d4733621933034b69fb155947,1,1,1.0
6321ed56fae3726206601722a503467a,b2464b9c06200e751c5336e896487609,1,1,1.0
4db680286d0e7630aef788793004a817,8a47d01387dc3f09ea5e467fa852b9da,1,1,1.0
4426a915a8e65d0f7c66a021b1590559,9ec2ff36367734940e440491b6e4f59a,1,1,1.0
dbc6e5b729ff95cbdd6fa19897da002a,f356168960fb1fd258af7cb49669bb04,1,1,1.0
3c14b7ac3a3898d1d8f9e61a72014d4b,b43912d010fe62d7f48ee84a48fbd88d,1,1,1.0
5a74e797db7c270957960dee96477564,b563e67983132284e5f6cde72d2d308f,1,1,1.0
7cd931d3566a9c43e15d5e6ce9ff5759,ebf92f18f7a148f0511a4e532e917e82,1,1,1.0
9f0d0fb71d7bc7118f796cd153025e35,da6843070a849442f1bd6f16b5458dc3,1,1,1.0
809aa9786a084d09857768b1a458ba38,b7854c9bdaa0d9650bf2cf9a89399f8a,1,1,1.0
0b0f5b9a791c2db270563369752ce70a,931a169d1e15a0d9cb3dc049e5428d58,1,1,1.0
3b8633454b97260271c430800c1b4cc4,73583b6d8dd288a75e32766d0e532a4c,1,1,1.0
7fd80b608302798a0fb7f7c59fe32b58,b35290b39d5d7004aa3cd32858dc0053,1,1,1.0
117ef2545470f2d94a9caacbe2120347,fd3a13c97274ff36f612acbb8e7a899d,1,1,1.0
832d9b1424ba5a4e691bdb0bea10ccf8,e61882ab6798e29390be71cec924de19,1,1,1.0
1d6d7421fac2e0cc34a9636a58c38283,90cef6cbbc423b65e6f933b48893e739,1,1,1.0
377b1fa711a628cfb829644338ab9747,4d011b68b5474eadb6dcd4bd664812b0,1,1,1.0
dc9ae873840652129890c618df24678e,e798aa0b79761f377245e96d09118c82,1,1,1.0
5e31073ebe63952df288299902977773,d123f45b809f5d30e2e13d0cdb74b1d6,1,1,1.0
809aa9786a084d09857768b1a458ba38,a557b2d4e2a88cc6ae5e9dc6158d895a,1,1,1.0
1705858121e505b099a4eeffaeec4b0e,c7e67e5d2515649133541a0db055ad1a,1,1,1.0
f76b64c64d5c95d10ec203542b2f827c,f84091bcef4578cc81f75b3a3149ce76,1,1,1.0
c71792e0cbb396e0a77258f474d971ab,dff712b02bbaed94147ee35e29296897,1,1,1.0
237b5de0ef8f93ba5e0462378422dc70,b4916fe26a50ccc27a1a58f8638cf312,1,1,1.0
1bb24948a31a2ee3e71f6be59e0dc971,8819be7d0039db445ba2f771034bb1c4,1,1,1.0
0987d790713f8984c12586cca09dc5ab,905296d0376640c1762fee680d6ae30b,1,1,1.0
9e4251942b07e2f74ebaaa07d62df0b8,aae02b839262ab4090c2cb2ea2e205f8,1,1,1.0
338e6531b2c633b3375d59e26cafc20d,a474a5c56f810817d4b44945b11f654a,1,1,1.0
05950dd13be9313da9752082073de48d,5536c239ecfb58b8960053c6f855b4cc,1,1,1.0
46ce52f81d681a7597cf5eb4d1a957ec,f650b24f5ed49e64e9d088df058196b3,1,1,1.0
0e7d071636cf49492c30fb724b2e1cd8,ff6eae41d4cbdc5af3844a39a89431e6,1,1,1.0
0258cd3b5e7c4b397cc09ea472677e73,51cbfa44126505de7a55fb99ba49648b,1,1,1.0
dfb7f397991dbda2d975f5d7bfd915bc,f14f1332082d63a6e81a5ee05ef47273,1,1,1.0
92716d9d4f69100cb0079185cb974c4e,e4f70444be096c3988db17b185baa29b,1,1,1.0
4b37052b91137f41121a29a5e006cf4f,4bd18f5e75411f3c7bb691f763b2be0d,1,1,1.0
409860ded7cc6991af6cb0d155260dda,e32108437b7ddcd30eeeb14110680a8b,1,1,1.0
6f22857001b77949eb8110295fced3ff,7a4a7d265bdbc9597f541307cd041df2,1,1,1.0
0cd6b4fa28f514d6dc33fe708333830e,ac18d7af49d92b9420f967a2d939b1f0,1,1,1.0
00090324bbad0e9342388303bb71ba0a,6a10b7f6208fd4c895ab217865113634,1,1,1.0
b032eb4f89573f4421aeee6d871f5150,b5e17dbc212c98d29909cb74208dec08,1,1,1.0
3030f6c7798037acd63d5d7e359b3f0b,9a9d051b76a6d5b30a0d49178efe8183,1,1,1.0
37e17edc107a2e3feecf9514f555b5c3,7160de3316c05aae138d7fcf5bb12520,1,1,1.0
1c062f62b3e67f4bc9095d332452a2b4,a3b2490482986f1638e702550961658d,1,1,1.0
403da270f61ac988b1ab9c5daaa4612c,4e7d084161eec682220d0adeec4eec8f,1,1,1.0
cabd63ea066284b36b128a865fb15e2a,db16b79a79878863b1a566d75a192639,1,1,1.0
78d3e9eb8049ab569d7b3265e0a7c50b,bba38923aa817f25c6dec24021ae3f09,1,1,1.0
19d79b18bbe2ba88beaab35d7074a6f5,3108ee37fe4da2a9e7de2a5498f52f44,1,1,1.0
aa4418ff6da1335a7d1391f8b81e100d,de3522ea8945404114c90f069df77432,1,1,1.0
087c3d4ea19cbc0a3cf624d69ae9dd54,c666d3fc4664b458718b2db15570ba2a,1,1,1.0
12d60b3f10be6303d4ed41fc27a0e490,8d3f3ca0e53a6d74eec77ccb7623fd82,1,1,1.0
d18801986f1018abdb3cba0470a6b9a6,ff9c5dff16d7d6bfefc2acf5088d7b90,1,1,1.0
35a23d4b2b877b2565e30339e0c0c45b,cee506c9d151dd5cf62c8f49be451f79,1,1,1.0
25dbd63e1d753e41c901ba5589216811,3815f06e9d85c0b0dc33e80abebbb0fb,1,1,1.0
9f070a3e9a52bbc35fe2c833660d2330,a320802b7da5d1492c86bd42eb6b188e,1,1,1.0
9f9420e913cd391cd59f3de99bf9c3d4,e1a56a21a2abe900cc74c970d9fc5181,1,1,1.0
6e0547a3483b069df1f0fb2414669584,c7449e6c16701ff9d155ed609ca7820a,1,1,1.0
428a8ca5e5ad2bff54515b8e868d3381,4bdc9a280b4488f012fc46108b82b700,1,1,1.0
4d4a47dd2222949b57335fbe74d9448e,93ea15b9ed1828b3ef8f6c917f143709,1,1,1.0
37599ecc41d3ff5f4605abeb5145ea59,53abe746f1575f367bba91359eb029ba,1,1,1.0
87dbe9c62c041832305e9ad226d86ab7,eaab462d4876467252e6711600551f09,1,1,1.0
10c009dd098e5e448e7ba617e26adec9,bad59ed5d157f95cf423c24ab662b85e,1,1,1.0
93aeae96eaeebae08c03f8026d30afbd,f5a5fdba09df53572d4af41d3615dbb6,1,1,1.0
08df1f0e1904210a26cd47d590805337,6126078cd22189b59a6c99a0c1de452b,1,1,1.0
b0227107dc3db57d38d11a09273327ce,d10752eaa3429c304dcd9b609396af74,1,1,1.0
375d6fcaace5c048d77184689b991042,b554d643b7f403df39bed691b256b9cc,1,1,1.0
1bdd27e01451d50d9d804040fe941000,bbae0b42112bb4c40da592e63c3a3b0c,1,1,1.0
85fb37cacc45dfc2696bfb510fe411f4,e765ef66654cfd874784b36c7d0040a2,1,1,1.0
7e6d5d468dee1bdb289c8b85f7e839c0,8d5b0f019c3795f5639224a05ef3a4c5,1,1,1.0
54f588e65cb46c6c645842092d986adf,7b7b383a9ec879dda38605bcbb81ad45,1,1,1.0
0b30ccafbd520906e5be3e08f12d3b17,e6b8e7c4bd686ffec36d3f8e0a301040,1,1,1.0
601b0c790d8ec7b21112f7b05ff2d87a,79066fb583868e4fdd17fc83a96db5e8,1,1,1.0
cc71356617ae08a686129c3923ba9ed3,d1692aff8b52cdb7102e96ddbbcb75a5,1,1,1.0
1287f6d27e4d6b299b6df65340831bc0,ed7ca272c833eeec1a3fbf86a84bb5ec,1,1,1.0
14c310d62bcd7be319b54b747eeaee62,7e6d5d468dee1bdb289c8b85f7e839c0,1,1,1.0
b1638e7927b982cfe4f93d38a30e6700,db16b79a79878863b1a566d75a192639,1,1,1.0
2b19e222fcbfd5584211b6b663d09260,5fc0305f0da09d506614f7f4cb74c4c3,1,1,1.0
b1b8abbd682ba19285f7385b65e43976,ed7ca272c833eeec1a3fbf86a84bb5ec,1,1,1.0
10aedefb974a292765b5daeeb4177526,6638dd079cc44519923ac6c0e0059463,1,1,1.0
03a25b12f34df3b5045fadf047b83d00,8f0f9b9189ef4d170fac5ff35ca3aceb,1,1,1.0
1458a142f09fd705240e8a4520c5a42b,7fce5c342223e12e4e941e0ec447ece5,1,1,1.0
2698870f22435757b8e4be883ee56dca,c4aafd2eb2916764d0bf1acac201688a,1,1,1.0
3d7b5cfc78529ca32eea645f2dee555a,f230d1849c8edb84787aaf2e01aa965a,1,1,1.0
35c27e8cee784e79831f61f475ec7641,b814fa64605cc425160403d78fb75f4c,1,1,1.0
606f2f56cd416f82d0a4ba71c7e13b02,e756cdd02a6ab43099ab462fa2c82905,1,1,1.0
86abf43f4071842e9d3622e6f710599c,c857c97338c7ba7b62ef19a19f0ab62b,1,1,1.0
9a99455e6bb6d535872c01ebd9d4fa0b,ee8a82aa67708572e19a41f800984ecc,1,1,1.0
0d51e1d665d652b294c5246222e8b716,8459ee508c1b6da0559bc181ba1554c2,1,1,1.0
771bc9894e3f3b1f250711c20f4aca15,ae4d5ef790324529f372468ad53d8952,1,1,1.0
122481af81b855a6e6c175f687e8bf39,255247df8b79878f6584d51c9155b9a0,1,1,1.0
0e38c77c4ec12e3a37ff3a1331cf54e8,eafdbb94b69d97623fc6979358679f37,1,1,1.0
2c1e1a424b3426cfb207bc61849b4203,a08f304a6de13bbfdc5686bb4958dc4a,1,1,1.0
2420662d39289d527ba8b94aaab3a281,31dc9653bb29d062873243d5f988cd74,1,1,1.0
1a74d9e5d5382168097ec7008b5ce470,b810d85e6a77a107537de154d8ff5b01,1,1,1.0
58ce1cfb0c76f21cbc8dd0ac12a154eb,97a0c4f33bf1982206bc39b40e040e50,1,1,1.0
2cc63ed1634fbefdef65393d23c84fc2,4ed91ed73b58213bb7b082b325b2c819,1,1,1.0
9ea77a6b6d8ee33337f12baa8ad25a27,b316ca275684997cc9e306ef6ba7e400,1,1,1.0
1dc7f464821ba2f35e66d7591703b51f,a3b3b8d2cc2fa6448e63ebfdafe150d6,1,1,1.0
0bcb0137639d8010c5fc562d96b4af3c,ee2aaf59280b2b6c1e4bc11f88704391,1,1,1.0
07319d7b7677470c57d132ed034858ec,7bad21424b3455c0be2ac92e07700ddf,1,1,1.0
3b76c91308d1f2acacc85fd88fcad038,f503c2e0c0fb1b4b258f681a5d474d05,1,1,1.0
80c9360aabd15ede059a81021be4ee54,c829de179bba16494e4aaaec90990508,1,1,1.0
319e86b5a7cbc42a85be7e1e452f337a,800f54b0a2c2f3e1844cc50ba9424989,1,1,1.0
224fec58b2ae81595fd9dfe2a09253e4,24569879a82f6ac70e702fa71ca7a719,1,1,1.0
8f2fdc7067b9aeb2753f5559da031c0f,c5c7b3e423b421b0df63628f0610fbf5,1,1,1.0
6b946b8deb9ec3201537f123cade0827,7ec163471da7520f672fef86422f42d5,1,1,1.0
4eb4216fcb7b1da0b9ccc2ac433892f2,f47f0b6c933c93bc3a815314fd58202f,1,1,1.0
49196b5a839bc8d02a68cb1c4516e4a6,e09f9f70a977ceea98c277df16abe860,1,1,1.0
ee2aaf59280b2b6c1e4bc11f88704391,f2386d53c42789bc093c378dcd3ad36a,1,1,1.0
34de78d15366663da947a58b7e9aa88b,daba2e7a00c149161c68cbb18db656a9,1,1,1.0
b86c3ccd584d448b6aa2200f8401991e,defe4411ce1c0039696a89f179d3fbfa,1,1,1.0
637cd4a8fa1c919744993c63a94aee39,e8e4b74753e577683c109ea6a50283c9,1,1,1.0
3fe205252c153bf71775e1fe3a198e57,94167fb69e0fff5cbd22cae95133ae88,1,1,1.0
2d10c61246b96296fce658ae99521d1d,b35290b39d5d7004aa3cd32858dc0053,1,1,1.0
16612919dcfb3e25002574b6b0087d37,3b1a33efc09a4d8df157d8c9b4968bab,1,1,1.0
4de1b8a190af808d50df62c07a75c2ec,d4c901e082d2ad0f25ed2b633b1b2322,1,1,1.0
e496fe85d1cb9186a547c68d1359c802,ff80f08b2a6a87e84a28bda4613f99bf,1,1,1.0
113c58edfdbca98dc0f1ee45543553e6,2d917a257df793930f9ee3ca7fe0fa01,1,1,1.0
8e2cbe0458411443853166c1a81d2f9d,9414464151c017ded4b6340991c447ee,1,1,1.0
97cf3aefd84c788d3c579abe1915b6e0,ac6c38dcc2677a2e9510f1d508723883,1,1,1.0
78901a5f769ea6acdeaac167cb8b8aae,d7016f58746bf6791f034be174ecf37a,1,1,1.0
0c75c5ef968e1e8a53c91277d2417ffb,52c9d17d2b709c982265578844547a67,1,1,1.0
2882091b19792ab7777ff9968afd970e,40d6c19cfed5411db0e1300a73d8d25c,1,1,1.0
b3dbfe5e816d601197376c507a4fff14,ee14b494d75d6bfdfb18c3456f37ee2f,1,1,1.0
684fda5905aa430123c7b293106a337b,ffc9d8a98ebd09a78c8adb729c3cfa2a,1,1,1.0
546b0c5f60edd7e076dac9b1c637952f,6e00d78e8b8a72aaddaa0282d94e12f1,1,1,1.0
2b26db3c45d52a1b983f12f2201cea88,b02fdd2b810e62da62cd5b2b26a66cac,1,1,1.0
19aafe0d2b8a19b421a7a9f61a6e8bcd,5fd10688e9fff00b38df072c8e4ec173,1,1,1.0
1b9b716b2ec99bd330c1807d54418b46,4835837b30a566930f3c0227935d622a,1,1,1.0
793a2a2a73c49151a89114a7871eb1f2,caeb1308506f1e45d3cb60c8836223b6,1,1,1.0
d87cf110269f58faa16ef95b748b702c,db0898e62cb42db700932d47b1d7a0d7,1,1,1.0
0fb360a422d2297dcf21d4d7b91028db,b778721e39088e17ff825a3f74946398,1,1,1.0
d5836fcbe2d26317c39caf19d08f21a7,f1a72f5125865e4d3ed969e54f18157c,1,1,1.0
1a0bfc543e70fcbc433689ecab64b42f,ce2de6c78c869d87214c95118bf5af27,1,1,1.0
b6cdccfa64579c957a905fe68bd435c3,be5265d8f173d7f8538dfb483e97e50c,1,1,1.0
2b82f8ceda6a7f661e87120a73ed915f,b32880dc4e86d9393b420f4881d01364,1,1,1.0
2701bd2b68237a393704ebcfb4257719,dc6e5518ceb6ee64c37635e3515ea380,1,1,1.0
2d178f990a941521701a798ea92d9a11,e2b062e8d4636ab2d99a8e675d7f7f3d,1,1,1.0
218798a3387a73290378e1eeea310aa7,7e6beb5f680be506d44e0d5c72c6a497,1,1,1.0
1c78cc523e89a9c1d0beef9598566562,db841e5d524a5a5e50fe240525187c4c,1,1,1.0
5d891a7ad2cebb8edd29d91446337262,f556ac7784b4fb2e823017023245595c,1,1,1.0
2e642fa075db8661dab42c957cfe6290,ca9aca7fb2055228a9fa927f445b7d4b,1,1,1.0
14691264ea396cd3bd71ebbe36bc6771,fea918b38379929f8a6b73c77360e0ae,1,1,1.0
0db8e1e9041a99da4da3886a27ad6626,738c1b9fc247b6f2f7e0466e81e2610b,1,1,1.0
27076f2cd1c48142f5a78a375c3ea648,ec96ce360c646efdb3b4404cc7cfb600,1,1,1.0
6cb48842b3e037bfaf046b60186b3a49,bafee9075bdc48c8b2ebd5c980ce938f,1,1,1.0
8f68ee72b8fd6d658081d4a9889af38d,ff460daf2964c4cccf8602d6f8dc2fe6,1,1,1.0
07dcce8f3b80f54daed8694290a4951d,3a8bf1c7983935f6ad77915e139d91be,1,1,1.0
7d0657521defb95729f99cabedaa6625,a410644642278171ab477d7eaff0d877,1,1,1.0
6321ed56fae3726206601722a503467a,876c0e3a8a14fb0488dcbda3757e929d,1,1,1.0
6d0d4fc6d3394afe566b5672bd7d4863,7dd39512d400854ff4e21b1d8b9ddff9,1,1,1.0
0e1d41bfd37919f2c7ffcc9ee5be2ddf,b6505459b444282c05faae099f7a8ccd,1,1,1.0
d6735445f2f7ba25a4c7fe937c24bf70,eebd732c43d0ef4127e5abe2cc7438fd,1,1,1.0
56f98f3a059befb5c3c16a07975c8ba5,b1f252c8d8114e1fa25e602e7a333f70,1,1,1.0
17b1730e0fe9c924d078ee3d10bbc4ba,ee03110c6fadc1dd0ceba4e61edbf412,1,1,1.0
995a32a389c2aaafd5fc15d569ed3c37,d1516068b604e6a0d832ef68714baea1,1,1,1.0
32de2a7a93dbfc527b3f584744b9c6ce,63d9c37bacc98b56edcd3779d54bb3e7,1,1,1.0
5b74d241fd9d33618a011bafe4bda914,d056b11b5be2faaec00bac69ddc600a3,1,1,1.0
4f1455bdf967d9144c8f55c7b99bbdff,e61882ab6798e29390be71cec924de19,1,1,1.0
0661e01d452f82266d0d2ad2ab668575,0de3f5cbeaedc8f981622dcefce0686f,1,1,1.0
b0ba131e329d93638282d082f5199737,e3f149701030147c78adcac111d660ab,1,1,1.0
6b7e0bd2f677974576b696c798a82141,9a6a49b8ad355374b22027a1e66375d1,1,1,1.0
16598a26ab52b99a6790cee0542f7d3b,e17100e5f754e681989cb32b82ce4ad1,1,1,1.0
3f8f42bd3277d3483aafe9b39cf930a1,95ca9eeae4093e02a84160dc6f6dc510,1,1,1.0
623c354ece1488427e60faa24c49dcc1,a5eb986c3d4aeb4c4c841118a02f6a9a,1,1,1.0
73d44418367f9efcd7069592789bd0f5,8751ebbb2d446ef38d4cb0b5637d7a6c,1,1,1.0
7b58a515f4bf08b537479234b387664a,c7a8f9551bb258f6e5b0a9c5a28c22fd,1,1,1.0
049f091afb6a6679245c4668db080336,a11f9210c12f1fe74078881adf37bb65,1,1,1.0
782987b81c92239d922aa49d6bd4200b,8a4d4eaef366b4b477891b7180f59aa7,1,1,1.0
6d0d4fc6d3394afe566b5672bd7d4863,dc70595c0013b690bc8527b5c2a1a99f,1,1,1.0
672afa8a0a510643b1be75d99ec3dab5,c21a03e97ae6aa0c1774a9845a94e440,1,1,1.0
49be61a35d19a1411e1ab4d556a90a85,e8606b2433ed009a32f7a35dcbc84d83,1,1,1.0
05fc85193354fc6cf23df19aa08bde71,d05655be736276d336124c2cd43a4de9,1,1,1.0
22d75e219121547b55f0496759d32929,7d61d43aab9091b002e8d1059c9b6140,1,1,1.0
699d8f46d8f4c2d8df180eeb6c512e1d,834d38a7d116877744264152f8cbb4f9,1,1,1.0
21e6ec6ccd68df56494e410d876122bc,2534f31b7589603de7baa645e2afe123,1,1,1.0
979c7ce4919dd462f9cd4ba4608b829e,ee2aaf59280b2b6c1e4bc11f88704391,1,1,1.0
575b944621196882070e1fc7cfe00bca,e1ceacfd18ace7eb57e489c8e409ba0c,1,1,1.0
5c4ea1d19f5c54967ec857a2f9b1d82f,8ee1e34425fc54b1f87318160b378c3b,1,1,1.0
f6ed0bef0317e479c3cfbf243f9b1940,fc9288f642532bfeb74f1a54736dcddf,1,1,1.0
1f05c750f427d6a956532739213b9f5b,f8426a7e573a60f20f4331e8b8832f72,1,1,1.0
4de3fcaf5977408cc3a1bc3e24a16a48,c1a91d288cfd407b330d51a237ccdfa7,1,1,1.0
0647d94e80c8033ef27686bdb447e105,7ad532c60d740e7278dd3e2197a8dfdf,1,1,1.0
1c72075103f417245b9f15c1287fd6e4,c39dec30a087a3728c0336bc26965cc7,1,1,1.0
8042fad72d0031829f81d15f1b4cca63,a6e6272914b42fffb616e5c975d14533,1,1,1.0
104fa0c0090d3bc37b3b6131b690e9ab,36a3f07a3ede93d7185291abf93ffb87,1,1,1.0
19bd193c8dd83aa9909132f0df55aa48,5bd72a5ba72683010f8385cff8bb92fd,1,1,1.0
22d75e219121547b55f0496759d32929,fd19870765bff85d0c1e1f6819f16989,1,1,1.0
03721174fcf1710568e95319cba03508,b548b867f81bcfa918b0dfd616317e4f,1,1,1.0
5c4fedaba86e0558729f4f82b2d3e144,f889c8bc6d90f635e82f286dc2327775,1,1,1.0
0afbb5caf3c82ee5932ec7c72a999a85,1e93052ca04eb5b8acffe45b9b6bb66c,1,1,1.0
038a554ef92b76a99899cd07bba80dd3,6e47f24587a91a67cb8f7e01527eed3a,1,1,1.0
6e7401fbbbfb9bef564d4272208c5d87,9c0b78c89ed731eff779bfe7a9c464a9,1,1,1.0
5b8515d0ff29f6655acc9bb8341b443a,f80580663d6a8552edcf62b8e417c88e,1,1,1.0
842d9f70503b0baa0149694622365dd6,8f29552df9b476c07d4e156dc53d38ce,1,1,1.0
20b761dd3fe437a6990a84d6a706e3f8,f3feb82c04568172b339d1ece917c6e4,1,1,1.0
ae956fdd287e1f55658ba51db1b66758,edea3d94e309f4f5ef91d01a70416373,1,1,1.0
7b24d0e6584ac5a21ec1256d96965500,d46a2334f943f31facb0d6593f1413c4,1,1,1.0
0b22bcdf93cde589d79719f5ad28a49e,41dfd8bc7c0aa3bb918e5cd5d949bf43,1,1,1.0
5ea8ee291160002ea22b11f2c54a6c00,72ac8059a9a54b1b87b8df2fab9510aa,1,1,1.0
2c22bd0f6f94ba7aaa846a3c3285f2dc,c6e994767dccb6b8a8207c1f44451159,1,1,1.0
65fffca3cd98a2ce884ad7ab69189ba2,ece0b40c5b595641ed47315c368a34bb,1,1,1.0
7bc033a7f4aa627db2baf812a4f73122,87f48948d0e70bba2df3ac0bf3358269,1,1,1.0
0d02e6c851d33fd72f26b4c9bd433627,7183237274cec1bd1d30397346534002,1,1,1.0
a5eb986c3d4aeb4c4c841118a02f6a9a,d7c03aec3cda815b999d85b585fdf3e5,1,1,1.0
18b897fde190d8597dbaf14945af81bb,60a1f47e0fe477c72db23f47b973fad0,1,1,1.0
bad3c36359c0f5e4bdc6fe6a6486e7c9,c483e0b0243e73dfc78759a461ae1a84,1,1,1.0
63fd7218b0cc3d5d4a354445cb266c4f,fb99cfd55992fdd347a3481dfb26c4fa,1,1,1.0
116eb01461ae0ac3f20de05d49756fa1,bb361861b83a556ce2a5b2d537e22df9,1,1,1.0
2e44d903b2cca9353309a88ace880bff,6c46587f38bbf7e09d3df72975547b5a,1,1,1.0
a20abf142c56288cbea0f21614812c1e,d3867b64ef2b3d2de8a592df7574ecdc,1,1,1.0
aa5d1892e01f044ece40066386d02c14,ba5cc2b7dc5360c3bb6d3ea699d071cb,1,1,1.0
602517e0d22bad1e86ec4cc2fa58a147,ddb90b0a5ea004a3c633b5ba1337f141,1,1,1.0
678fa8f93a460cfb715fafec427bacf8,f55e47d7febeb28f40031382f1c0a0fb,1,1,1.0
746807d0d2357bfbf7c1e66be0b88f21,c7c025b50e210cb7604b461781209f5b,1,1,1.0
05b799873380ba4d0e38536e05777d55,f8805aff447b80e0e4484abd71d10273,1,1,1.0
39bed5bb702b35f9d4adbcbf28dc072f,fe856d7e322242cbfd59ab1cfcc78066,1,1,1.0
594ede005cff2f26d4164325737a49ac,7c5a8a93978fdb0ee0fe385f1fb7a596,1,1,1.0
3218ea7198e029f774a5cafef353f41a,c7c025b50e210cb7604b461781209f5b,1,1,1.0
372e0fc66eacb8698e4f9997d366d961,521fd2b54e467c35feba992b774285b0,1,1,1.0
85d8b1efbaab54234c106b2b2cec65c0,954374e93a9fe26229f11c514081053d,1,1,1.0
14b68d0b81f6680447a944c87295b81b,c76cf0c767fc5f662a877e80780e63e5,1,1,1.0
7bb289562c6224e0d4d34f513d0aae89,dd6430fc2abd9bac4519a73948937154,1,1,1.0
23f014663c70f3a8cf6f1be263c89933,3da4b5990fbe91360d7ce38858cf7061,1,1,1.0
6edd17d0a29e2d4057e694afee5eaa3b,772478b682869fb34d04cb3d16faa8a4,1,1,1.0
47778d96d007a0dc79616bbf9c719166,507422e1715b61956bfd94252dfe806a,1,1,1.0
3f1696ddc8b0b1091190ce0fa1aecde3,517a375187be1c96bc5a19cc7ce5719c,1,1,1.0
7baa53c871409eb1940b6b4188b7a8eb,c5ae8dc077209a38cc64ba830ac26bbd,1,1,1.0
588a5a88a0b494e1067d9015f899ea46,5ddfdebb80d2c8965c0d579fb8394c2f,1,1,1.0
2ea0d4aef3699b453927c6e10886ba95,67a04f9380f2caffbe3b233d8cca7604,1,1,1.0
65d3cc3d0db7cd06840dcaa366d51f34,f4c6d45e65010a466b54a470dbeddfcd,1,1,1.0
551bf3cd63555513dd3dfdaba9b7541a,793172fb8ba5e002827f47f80302fc42,1,1,1.0
15ace7e8f7a0cfb296fcfea489e2445a,22ab55c824c15accbaddc8e60964255f,1,1,1.0
1bdd27e01451d50d9d804040fe941000,583fb3ee33cf172db8eedc575ad88d0a,1,1,1.0
45e27efb6935ca8836bcc1e35b663b4a,e74fc8f58aa86705361306701351d1c4,1,1,1.0
d1708d7d1e8a5d80f95cc400e6429eb4,ea41e2386f4a7e5baf6a5ad98a7d7a66,1,1,1.0
2d75d5e9a133e5fb9b5196eff27bdc71,fbaa308077169325fe1bcd0b05094984,1,1,1.0
47351f35d6ead07e0f2d39a2adaf73be,6c9f2e840a0f3b9ea036262c6b0d8676,1,1,1.0
970942ba437aa919201fe7c050e9bf71,a8d117a7922a4e2b8791ef94c9990d6f,1,1,1.0
06cc851a9019233fc99c7e63cc22937c,129f1595c18cfe1934651f5e84a93eb5,1,1,1.0
2b2020df99e90ebd37aabac53ef29e56,e207a79167b7b813b367e5904bde8dc4,1,1,1.0
c85df1c6ef6f7bb605e1c49d34f172ee,f48786e8f17bab5cef0c96e0ef818d39,1,1,1.0
a6803342249d71fd2b56f1d97cec475a,ccd9fc8fd74bc87817d864a5dfc1bf1d,1,1,1.0
248669a947931e373ece1b933e8f519e,e1a10bb61c0b6bf6b7e3c1589ebeb3cf,1,1,1.0
39156c5681509661e8f8b87724c29ddc,dd09aa035593f32051038b4b56634a68,1,1,1.0
635dc29c3cd9991dd1ac3c7f3a8ade04,807444dfb525ec7867f28babad34503f,1,1,1.0
6ef8c06e2d3781d146627296130f7cbd,9ef7342827bf423b936bb90a23a12bb9,1,1,1.0
02ce197e2c160b57561b0880cc8d9446,e1de62e03b4caf47d48b2dac7d8b43c4,1,1,1.0
a23dca3544b12649079acc1240c7c663,c815b76f660ba8f6bee4578d64ee9318,1,1,1.0
37599ecc41d3ff5f4605abeb5145ea59,a3476a0a75f611b7d6cfd641b8246b71,1,1,1.0
6f02dc885e257ccb161afd87a5ed4b6f,e0fe50284ea35e5d7a1ed290174f4560,1,1,1.0
240d6ca7f1f29661932f1fefda62ec95,ff037d42d0344b6729124c5c5fa98e10,1,1,1.0
8e84222ad36cb6ab528b745ae6e18d11,f0bde7d292f0931e16e51d29340433ea,1,1,1.0
005d8faa4cf789cf52fb880a8569880a,8876dc4a50078bf97bd8fd4a3a0b56f0,1,1,1.0
23cd343c7de3187c4d3d5bc96b0e3f06,4819cee719d00e4532a78f1cce2bc240,1,1,1.0
c9f633ba06746056943f5e6d4bf1f1cd,f0f8ceeadedd747aef7967d0f9e5969e,1,1,1.0
868c08490fae8d01bd8a569f0e15d02c,a0232b17e5055711b7fc036dffd34f39,1,1,1.0
6d422eab6badca085244171235624bcc,e3d2d295a2d5d0f47f1c05352e4c260d,1,1,1.0
256a6a3b559c78fa8cda69de85bfb70c,b5d37c728f9ea12eae24f87212cf90fa,1,1,1.0
956fd64080e46e8539eb82d1ed700b92,e45d6f205ed85214a68124f51fd966e0,1,1,1.0
147e1d1ed0aea7d16d7be3e2ed88cf4b,66282b6b836a112be170f9d7a13498be,1,1,1.0
d05a3c50bb0c2502af86b39bd26f0c1b,ee9075a8920482033d6003b4fcd420d3,1,1,1.0
29f630c11474af3e0def812741bf85b9,4effbb87c482bdb4d034743c63a96a34,1,1,1.0
204d69d0bd4871eef08a4bfe6831a518,7a674ed79e331684053a0f36fcce0b16,1,1,1.0
a2c8a9917071c92fde9fb4bb8f111d52,b31e37349201c9fe959cf4d69aedf167,1,1,1.0
65610767e483dd4b2521f92a3a43c24c,e0508f3a40540f75c153f0c25e12e8eb,1,1,1.0
5754d6a1f589e89e78c157698dcc7466,81ab2d44a88b86d8cf38879c3da5e951,1,1,1.0
27d99d98f4a45946cc30e40e417db989,6876afc3917d1fdcef4a5a0839821204,1,1,1.0
8f4d2f5153cc1b17479b8deaf8602d0a,ff9c9330e86e300c18a03dcbccc09ee5,1,1,1.0
10d3d4dd023f501f45fa8298a59e562c,96b0783ecabf68b611d16611be39de5a,1,1,1.0
58494a6181d7709ff13761178ab4a1e6,f42b57e0d3e36754026cf7cfe52b78fe,1,1,1.0
23e7bcac2f3b067fe6ecb4ca8e130bf0,ea67c342f6eff15d7d630a2a43986a0c,1,1,1.0
5f2ec485da1fb5b4bce0fbf413845a90,7172940aa2457f6235a03681d894578d,1,1,1.0
614dff8971a50ecca2de2edd11934796,e0d3e27af6775c22481f79aef022d471,1,1,1.0
7299b74aabb42a8c6fbf83ae95bde4a0,948fa07f624daa357bdb33c808586c50,1,1,1.0
6db3c61deb6b9959f4204e302af02215,c1a46e8640dbd799c39cb8fb40fd66b7,1,1,1.0
46746d93cfc6ef625b244bcea34833d7,8a608527884b368073a4f2040ec0b3f0,1,1,1.0
aff1a2ccef42609734df1e8ae42feb91,f8705608911e57a47eb024eae31f50cc,1,1,1.0
a323f5f9a2cc270aa0e158a7413e8b55,f9dd8f66ea0fb0f825c156b9480b1e6c,1,1,1.0
09b574d99c2a1693f03cf6f049bb4979,f44178e19662ba09ade9a48d039fd381,1,1,1.0
e61882ab6798e29390be71cec924de19,f5b8993fbdca99e2e2dd2a825e8dc5fd,1,1,1.0
22eb525ae51d50702a0529b1aab62316,37604742d757533a699692a6e1d1e45e,1,1,1.0
c944da0ad1655df2731f8bb49c606945,ed14f2102a49e750f344b3be696f5560,1,1,1.0
908615aac51d5fa23f383006e55fbc4b,adf11e81617f7bf5f61703d0ec16427e,1,1,1.0
51c8b414e1ef1c0b681b65aaa49627a8,c03dd574c7ba647edd64e7ee79d1dc7d,1,1,1.0
11b336d1a673e4bae7db4ac857415347,e919fccac7050e2b645180ea1bb47962,1,1,1.0
830f8a8e81416d6fa0a1d297bd8bb1b5,e15301f428e7f3779db3030d2b9dcd19,1,1,1.0
aaf5d15bc05eea054704bcb37abed9a2,ee8a82aa67708572e19a41f800984ecc,1,1,1.0
bd66fae87c09684e3e5ec411b4248e15,d3285d5827ede41e415072df8ceaa273,1,1,1.0
7db86afe106053a3e88d034099d152eb,f25e1c8fd84f68bd027100754df41932,1,1,1.0
a9065f9f5e4e8ba2ec28fd0772e91c5d,b1600561dccf15ada586f6bce16cdabd,1,1,1.0
2fc793a35097875f735d9d9605148f9a,b846a19ce71828a54b2e888c455a7008,1,1,1.0
0d6b9a91ea74552ac4f5fb2fdd2f50d8,b97a913461d151c37812d11673125b52,1,1,1.0
0c77ec2968933d58ee81f2e59d8b0ee3,54a0994238ae31ca216762faadd0836d,1,1,1.0
f05fa2c1130ab3c89ea4323d3bf98495,fe3f10444de286e9f052425dd22d01bd,1,1,1.0
4aac93e085cac4bac1f8a3080ca6db94,a324fb6c7e7c06e00ddca5cd47cab53f,1,1,1.0
85b76ed9c52c406f8ffdd82902b5c6f0,cab44ea1de857698ea3e9b97b3ffff01,1,1,1.0
1455867dac12a7a56e9f34f3648165e9,e635f73415c2f0f580fa7bdff6298ab2,1,1,1.0
6321ed56fae3726206601722a503467a,e81be067a93fc8ca0ecdf19db6242bcd,1,1,1.0
352532fd050f1e1f1b9a26373401a367,c0e7d5404f7077a130873f2246251a4b,1,1,1.0
63b2513aba069664cb6c73102ede2811,d8dbc26b88adf5cc6516cbc6ca89cca8,1,1,1.0
8ee172edc2158ba15715f463ca98b0b6,b8bdd8a2f61418b49d7b8c036673db3e,1,1,1.0
181943d611ace1afd289de482ba7844f,d480d39838cb62b79d84241cd8f1bc3c,1,1,1.0
d7777e57eeb396debfd5a74a8cbb4c1a,e381cb43883a47966ddd2bec427bb995,1,1,1.0
5b3aa7925728df96748677b2878c5dcf,d446b141e1b047be0ea9605fc4e06a5d,1,1,1.0
756812eb8887daa9a269e77e3baf38e0,c3c872c27b52b8fed0721f073016d504,1,1,1.0
0316bfd30c85ed27c45b5b63641464e3,72f9ad8056c57cf96a7d3b617ec5fde8,1,1,1.0
29dad0eb8559052a518ad4062c17eaee,e315941825a7b002e471c690046827a5,1,1,1.0
6d35c6b2d82893a68275a4a40c7bb4ea,e315941825a7b002e471c690046827a5,1,1,1.0
f30ba18c5ecb2b814dcbf77fedcbe195,fcac5c45ae137a12df98dfaab874de3c,1,1,1.0
0b9779c6ddf61db3641edd60f13be109,25d006b3634dea40c307e9ad13b41894,1,1,1.0
42f197da141b85da54eea101ad959f3d,b3af6f6fdefc4676ee8fcba320a583aa,1,1,1.0
6b946b8deb9ec3201537f123cade0827,f293f3281ed5deb4042a891a5dabc3d7,1,1,1.0
04e5e98155286592ff3078a9ce0b438e,2120eda78cee80de1b6a86217d6b349c,1,1,1.0
1b51dc88a783a437b7ab446fb12b4d23,73aa4aebe5b6c731a6d23825b699528a,1,1,1.0
3402f0b7180d733ed9a7a779df26df9b,de10c6eddfb671ca75cdf673e3d3ab47,1,1,1.0
44c6fd175e072b9e77d386e4478ed202,8d5b0f019c3795f5639224a05ef3a4c5,1,1,1.0
2e642fa075db8661dab42c957cfe6290,518e573d63cb0cfe30f910c25b28305f,1,1,1.0
626ef16643d274cd99bb92522a5bc17e,a6e1eb7e78b8557118e99b34281f66f4,1,1,1.0
638f94a5b338750865b41d709135d045,a6ae95cd207c7cb963b4b6e444434bfb,1,1,1.0
32dc2dbca1561d6ce744a1bc75103a71,4e345c0225c3cf47f7331d211ab27a0e,1,1,1.0
07ba909584e0943e17023c983d4753d0,1077150be9a3addfe85f0b44a1497c89,1,1,1.0
bbbf3cc9b5188ceae0d52571c5f37975,dc2e3d8342b4ef33945a258ce631ab3f,1,1,1.0
712c9e0b60317d7902a5e6678650cf07,a8ad190dbcf7b411dcba3d4518334a58,1,1,1.0
5d227535a37382849a9807bfc7c31fc9,b48f1f3c7b8375b6d250545025c4f7e9,1,1,1.0
0bed2a910405e22f8d00eb45146e955a,3096afde2d10fa3f4520f993ac9ffa96,1,1,1.0
4b918138fb54971335e63063ebf23775,95a21b7f1fe129295660f6d6159eb1c7,1,1,1.0
577b248d5f425930ca27a980977bbdcf,81f76e184edb5493e35679a024d09e23,1,1,1.0
c7f9a97e7466fe1c046dacb1874f94f8,fbba9f65a09a8d52b71e22f4fafed420,1,1,1.0
0cc75480ab6e10c2903b80436cdeb03c,eac9622db32c4a168fe64406bd4070f4,1,1,1.0
19a792d3d544bf534045106b02280725,7e29fb107fb24c22fe3e4b4d5544495b,1,1,1.0
16af40ec18dcd9725a9dec6ee2efb851,a1588c8835d1e73d889f5e116bbaa967,1,1,1.0
b6fe0f2162f40e22de11172e474ead60,d02cd251d19072e5117a5e900bc60f78,1,1,1.0
b20c72d8343d25917e0cb974e9c1996a,c7b3b58a202994feaa5f25914fe976dc,1,1,1.0
17c97b48b6b64ccec719ef68ee0ffc38,309e2d06659c22953fcd09a1f36ceaba,1,1,1.0
15690fe754d0f93ccba74a474bf31b4b,2ba89e7eff6bfee5d2e755671c26ce3d,1,1,1.0
dca8d755f4ac705bc0230636f775780e,e7875d0404252af01061d187aec4d360,1,1,1.0
97cf3aefd84c788d3c579abe1915b6e0,c6bb2e116c8ccaf3738a685ba174b675,1,1,1.0
14c83411956a1c3ea720e5309b5e161c,2b53267d59423e552bc93a0e771f4ade,1,1,1.0
751fb06f94064c6a4b16cd407f9540a3,8ed5dcd97281d7756bbcbb0cef40e17c,1,1,1.0
b87155c5a81fed027e17765f111875ca,c1064cacd1347c63effc6657998eac58,1,1,1.0
0e991e99c7b6436923a14d437cf2a041,d2d549c84bb91ddac8484347e9ba87e4,1,1,1.0
0950a89e2269d0042c403550ac89a787,31a3d7e741504f52fb78cd3b7692e8ee,1,1,1.0
5b50950ea637cfde0909d0c466424610,721f7a89a56c28996dd2f82fb7e49506,1,1,1.0
3096afde2d10fa3f4520f993ac9ffa96,34babc28e63a02e3909092453a8b75e6,1,1,1.0
c30772dc02e182f555db4b042efdb110,ee4544f656aed462ebbaecd9d3e7deb1,1,1,1.0
1c6003f7ae093e364f4217237e88cdaa,7a2cdb3f95e4feedfae45b4f5f498126,1,1,1.0
1ba48b4d4efc54779417f549fc4f8a89,8ad6a8a3e0dcdea9e515790d770bbefb,1,1,1.0
661ea2d486e19c9bc3ebe14defadce5b,d0cf12aeba44703a0662d2c9438a48d9,1,1,1.0
3be9c553e23e8c83ced423a32f5ea1f0,66ed8fc8280da450ff40c37129f4139e,1,1,1.0
5795e538c1a8e59459690ec5b94e02a8,d662c9534d6ef351cee60151372ed202,1,1,1.0
4dc7a7dd7dd952e7c491d95a7cc3668b,8e27a1bfaaf4b930a22952c08ec8bbb6,1,1,1.0
137d09ae9e41e9c1035cdfde4ab2925a,681ee02113c8b572d0318265d7e8f92b,1,1,1.0
66068e0f740bedc625557cdf3fc30bff,d107d82df1de6a2c0efd52d8ada0c699,1,1,1.0
7d1633430ee94aec4c3e3aac378836c8,be2a480d70fdff4114e76b63201f6706,1,1,1.0
0fbf5878a4372885f8eb1c827b348734,7def89b198975f1022ab61610be8914a,1,1,1.0
a5240b77797f64b4c55d9ea4309ca7e7,e765ef66654cfd874784b36c7d0040a2,1,1,1.0
804e8e7cd838a3024fd3dc5fbc65e8d7,bef66fd862d56f0f9d318ee5a5638c0e,1,1,1.0
88fa6fb23f3cfe3c1fa5f1e1ce1dce6d,e2dd4a4347a9ae213823c109ecd075b6,1,1,1.0
244bcc94df0a2f24a77a6a3f52948b2b,5562474f08ec1bdb9920b1242345280b,1,1,1.0
53d214028d0015da3ccbfed9573cde1a,eb3c04f545e10b9e1c89a7db0051a334,1,1,1.0
de0e2e925708dfa3473cd5851e8e3f77,fbba9f65a09a8d52b71e22f4fafed420,1,1,1.0
8ca0758a088771517b25de6d7f820cd9,a44d8c451b62aee20189cf53906c9b40,1,1,1.0
5ac4bf5c7946aaa4c37893300a46e9e6,8de281d54eddae64232ce9dc27ae739b,1,1,1.0
6cefc29085fbf53d5721acb4fe4c0c7e,d5293c0cc23775353a88330b97e1bc6e,1,1,1.0
2420662d39289d527ba8b94aaab3a281,6e66873f7efad91115b8c6b7e566c6cc,1,1,1.0
0db7363a1c1cb618bac7b05d8276f7bb,27a6ed43c623d0ae63051aa18cff700b,1,1,1.0
c0a2ff251132852958c61ce2ce573dae,c7e193525b2825ccfe5c65875c0db1dc,1,1,1.0
1be1ba71bc536b8ae23ae5bc2a21dc1f,973a3e9bdb965c5033967a6772a0abd1,1,1,1.0
308164cab318a5f0779afaf2ac622679,f19da7cc5b4dfade49a32ad1935a73db,1,1,1.0
6271160c90e20a760af68a8ece977a02,b0d507d4f0e77d9e0082adf8e25a71e8,1,1,1.0
efc22e67476ebf4cd3b0ca9600e1b137,fb933c9426bedb13e71038fa146fe6f2,1,1,1.0
7e110abf1ee26d55dab6d1fc136b443c,c6bb2e116c8ccaf3738a685ba174b675,1,1,1.0
2de34b9dbf53d219b5dc4dd91d1137e8,9a6ac62957a9c8380f53505bc6763972,1,1,1.0
21c0739878ec2e4e65c5e466188ef607,e6af0fbd4d6e9c362378ecb52a67bbbd,1,1,1.0
50c6a0339f3b3ec022e753b7a67fc418,624e5a79f725335e414f35d3ebb3906a,1,1,1.0
1c43db299436bbc55320baed4991f7cf,ed0e6df30bce87c1fcb8335489c5fc68,1,1,1.0
9f18c0829aebe6fad3c78accda00f854,f8e8ca028ca531040f0776d683855461,1,1,1.0
797ecfd850b58e0855e2222bb59fcdd1,9974f0006c73c78942ebe7913f599d97,1,1,1.0
506851dc3dcb46d6d3780857def2576f,75734e576b6be4897449c86ef0681eba,1,1,1.0
0808eb9b0f2117c262a635a4f8bde1d2,98e4ff4e94e52f50149642269b59caa9,1,1,1.0
468397c4a3e5ddc3afead604f8b9a0ce,b8044423bf5b63d164e65a0c90684788,1,1,1.0
33e156bda7e4550b1c7714b0cd34ceb7,daba2e7a00c149161c68cbb18db656a9,1,1,1.0
5bb37d32974345ca14be2984fe1d5b7b,85e5f22813f824080e7576c41336246d,1,1,1.0
2ec5e93fe922b65036198423712d6867,36eef06c29ffa3d3b6a1182d0b9ecce6,1,1,1.0
9981513022a8761127f65c03c1d9d5f7,ece5bdc014d9610f93ff60accf976ffa,1,1,1.0
a5314ac290a8b141491e987ae37aa7cc,bf8195e0faf7723e9c14affbfe36a4ba,1,1,1.0
a3b14b09ee78619350083da5c35f0193,c8a01fb0f131793706dfc2388e6456cb,1,1,1.0
9fa4143876580e51a6932d41442a15b8,ddbc58ddef228089df3b22d83cb69564,1,1,1.0
3a8bf1c7983935f6ad77915e139d91be,6aed443e875746822eacf2502f52a778,1,1,1.0
25aa30f9f381e3033eddf76ae63adc1d,df3ef9aa2e4ef25b89f994dc65c0954c,1,1,1.0
417c106d1cfb829444065690c70a3465,b86c3ccd584d448b6aa2200f8401991e,1,1,1.0
1bdfc06b52aa7ef39bf31acb3eda45e8,44fd50949efff9759f3d9f131046fcf3,1,1,1.0
327468307c55c60b0647a51eef329c59,943a3db4fbfb82305bbb55cd2dc193f6,1,1,1.0
6449a8997d152f9b43f12f31b12a951d,f0d5f6b6b48d4e1599420b22ff2de1dc,1,1,1.0
57f7824da4ffda33a744d12ecbeb90c8,58fd28a41d59f318551460450b91fd21,1,1,1.0
8f730d34613744f02c599cc33314c2f2,a3d62db22729399a1f818ab32a03287e,1,1,1.0
73fc98fd5bb8a524a59c0ba479b2ed23,cf42a8c1a61f7148c0f031a53c5d17da,1,1,1.0
3157466613dad6ff9a7a98af3ba288f2,890d2b911fee843260ea88bf78dac846,1,1,1.0
29a1187373da1c8f4511e1d5dd6d71da,33887cae10d5a86000667cd000c14074,1,1,1.0
0c303bd1eccb3d9bcda642c900a8e336,75662d5614222cc2e7bf5b40f3929642,1,1,1.0
3c9a745589c9169a3aa07d85f9e73453,efd07a8507856aae4932dff20402d8ed,1,1,1.0
0688198ee392c92540c81f5a3f2b3655,878995c4c85a533aeb77e28e7bfa0edf,1,1,1.0
a6613158ea14aa56bfa17e0d5181a735,a6f2522a1e24360b462894684900be13,1,1,1.0
2784eddb9ce410e1843c8cb2619758eb,92e30f5f39b91d3056988747521a9789,1,1,1.0
10a019fa89b5f15af81109bbbd7b02f3,3b8fcf8b3d06d44ecc0f8c08e35420f1,1,1,1.0
188d67366ef38cb34c89cf94347a8574,672afa8a0a510643b1be75d99ec3dab5,1,1,1.0
46417d48bc2287961151018320f0addb,a23f32bea5b7b72d42da47dd84064251,1,1,1.0
1288febe2567b6c947c5f7755a2856a0,f4b13435b9071903e0d4598e330a0bce,1,1,1.0
783aee3bff1db5cfe31a0f0138ad1e5c,8baee868164140967e797c40f8da2b84,1,1,1.0
0062adafa3846d9f372d8f1bde591b24,1d31f16684f46f5b1b652aa2a3c4fa7d,1,1,1.0
712a271fca35f42ce6191386f0dc9864,fe969bc8faf45d5a27cb7f3dd3bd5922,1,1,1.0
85540b3715724c97bcde884a95f8d5b7,90879b5ecd87add418bcb7e0ecb7ce1d,1,1,1.0
0e8ea137b7129210374cb7e4f274633a,96492ffd14f67df53d96fed5fa5409c7,1,1,1.0
2ecaac127a1c8c8840e686d41acd43b1,35a412904ddbb1be0734bfe8dc2c6796,1,1,1.0
507422e1715b61956bfd94252dfe806a,d989a7fea8031d257298863deca7729d,1,1,1.0
0839a7806dff4c77a82bc851b39cd18d,ee0441e49d6a79a3b60f0d56ad879175,1,1,1.0
0be419a69453900fff1337bc4c3e0f0f,5b15fc4c03e0cbf91ec544e8ef531614,1,1,1.0
6520a1a8bce100de25c96abc04cfbdb1,9851d4b6538bc072da032de08ca8e90a,1,1,1.0
7ba1117f6db163e3bab9c57f8b2f08a4,a1f056aa9823bc1fb8206b00a9be412c,1,1,1.0
47778d96d007a0dc79616bbf9c719166,60fb616bb45ff65e4c9485500d612a1b,1,1,1.0
7e5aba6beeb48db16a709208fe83a312,e1e91ee1af1d2704b48f9b314c6fd4fb,1,1,1.0
0c35dda0683add11df3fe84a8a4135a1,df6d8332575ae93b068a14b62a090e80,1,1,1.0
6230c0fe2c8196044a997f62f8983986,c4a139f3528d3b37d73591fe47dea573,1,1,1.0
1705858121e505b099a4eeffaeec4b0e,8dd07518953388ecc0025118731d702c,1,1,1.0
887305d64ce727016c02c40f5a371d8b,eaab462d4876467252e6711600551f09,1,1,1.0
6a5f5052b4836fd5ccfc8593b47175e2,e770e71db78f70f97f90490db094b5bb,1,1,1.0
13efaadea9b2ad1a425fe9fc132ac1a9,af31655883e4a14a58741af9ebda6eec,1,1,1.0
42f197da141b85da54eea101ad959f3d,8ca65fef69bdf0299409e1b52b6229f5,1,1,1.0
9e4c21635f640562de1a6976374fba03,9f54b233b9ad5b53537a0eea4b718ed6,1,1,1.0
2ba89e7eff6bfee5d2e755671c26ce3d,b20f3ab024ac7114796526eb0c59bd6a,1,1,1.0
5a2e847dd085d36e3ba8916b75e794ed,f976af3c4d337f239cd151e8c7c110d0,1,1,1.0
19d6ff2eceeedeab84c331edfb781a3a,5d30b325c2c4d7c8f9c5e4098605e6fb,1,1,1.0
5f00d0a7f1275796fa78f1759fbe9b21,821af681d12f9cd66b20cd1d1e7c02ce,1,1,1.0
7d61d43aab9091b002e8d1059c9b6140,c1a91d288cfd407b330d51a237ccdfa7,1,1,1.0
485b579080cb441d437e6f173753f7a6,e84dc9edb968756036d79b7aae1a0ea4,1,1,1.0
3cc893cf5b4d65901081b898cc87d4b0,f1d17a304309247b030a45ee895e1847,1,1,1.0
a5ec68e2bf9b6a821fb454ece5b6df94,b79024baa42998a7f887b56f9ea79304,1,1,1.0
451c5698bffc864831a6f041782712d9,c6bab6d0a0ba93b7672fddc3c965d8bb,1,1,1.0
5a7082176cc91600f28d5f844409f38d,fe966894d60cac0ffa8b1c94e0a7294a,1,1,1.0
607c353644b6dbd5a5324975ae4dea76,e87cdd2fb9f1d3ff3438a9d02e454793,1,1,1.0
69ea286615f18c04fae5663212a5cef7,8b2311048b3a63a10a5f5083a49634af,1,1,1.0
16c4953da648eeb4821d66403ebcb632,62387a0b1a55ae92bd2786f098ae526a,1,1,1.0
8a56bc1f46776cf85828e336fa75dcd5,c5e0bea8d76cf467944d3feb699ad06e,1,1,1.0
370c2f5564234be2fa99ce15c1e8c962,d14fd66d1813e705f9034059ac7af499,1,1,1.0
e7faa4909187fbe531e3297afc72c649,fbc838cf7e5c279afad28109e3632d18,1,1,1.0
af6a2de82194f10015a08e0def0cf911,e2dd4a4347a9ae213823c109ecd075b6,1,1,1.0
3c1d098a6a25de6732b42edb29fd76b3,c45221bb4573f66bdd4daf43fe2d4b3b,1,1,1.0
304dd6c8d344302772e0b825c0dbc462,7983fe58c2fbc0c8ef3ebd2afc39a7cd,1,1,1.0
30aaec8cabe3ac4410e840a5eda6a822,fc58e93ad5f2daf2014c8d138813d1d6,1,1,1.0
75b371129ea83ed25e1826394511c4d6,b7cc19e8b4d3af968213787982a1ade2,1,1,1.0
49dc6f7059ff68d434ba7beed0ba33a9,dee692c393217d7e5255652effaab590,1,1,1.0
8ca1816f6c1a91aa2788ee471b85ab19,8f7f547488a05660770b51be707eb2a3,1,1,1.0
d0967fd65654c055b64f3c92ae52bde6,e08ce1f750310f5f4a105e42285c848e,1,1,1.0
0eac440a6e4dd2e1ebccc673f295e0fd,aa675da7689d6205d9821104b41ae2fe,1,1,1.0
22ab55c824c15accbaddc8e60964255f,c9dccb3d7d5cc1f0452ad76e15533554,1,1,1.0
40fbb22e1fb5784f6f780f19b7ff2d92,7cf96e1a99fc15b0101ab3ed47048461,1,1,1.0
27d2ca358560349626ac4d8ec44524c4,9ad4ea7335d8855261df49867b57a722,1,1,1.0
21255a171af88cd4cbb8c02d0308232a,9ea4cd3819443c9b23090f8eb0fb3a47,1,1,1.0
07124ebbabe334f7b0cb2e7ec78bf00f,92da8bc27242469f90d1131d66d562b3,1,1,1.0
02a09961a48dc54166f61f00c8fcd7e5,97100fd0e2931b9907dcf728a4eeb8a2,1,1,1.0
5222f35858bccb6bff5973b504733fac,76ab3222ccdd321f50a20b5df39d98ee,1,1,1.0
c9f4279fb9904eec84b78fad5b3f2c6a,d5600043edd55457b552cf196abc4d08,1,1,1.0
a073c8fcbfa7ae775d613d19816f2b1d,f6bfa60df0ab91a27f5b5ee37022653b,1,1,1.0
7c1650a09a5dceb2bc92a1caf13b8ef8,d8578e261bb0f0da49e8512d68f356f6,1,1,1.0
aba272612590a6a6813d975c3a90595e,d32d8a0621603cf5cd9764b715c94d4a,1,1,1.0
077c3df601847549b013bfa66198fd22,24bebb6ff5f6b160cf78f11ad5c7278e,1,1,1.0
1c3d6cdb528a01132de19aa8f2e31ee9,29a43f0feba16aff6f0bc20b8cf80864,1,1,1.0
e380e5fe4b057596c3d126fec35b0112,f25c83fef4ae7252feec416e7927acac,1,1,1.0
d0907dc40aabc7926bece6bee0cc561e,f4061866ee9ac1a99a7510e2f9e508cc,1,1,1.0
1fec1fa184792edf944cf27e17c97b45,f78825f3ad88cfa5fb990df83a012f83,1,1,1.0
7a1cc61a37298c3f36d52a699b1e38cf,a047a295e19f2cc33a6c72836cea230d,1,1,1.0
389a0588bc54a48e50f6f5825c5da8b0,77ab661ff97ce38f2b08df0e72c0254b,1,1,1.0
987f8494a6233ba36ba75d028b6a2c91,bc112b2d320a73189173fd2d4e6be36c,1,1,1.0
22062343697ed12f7c1d0cecd982b0c4,ed65f711b1a15f017f5b5bb939ba1763,1,1,1.0
622e721871c74d33f43798ca536cb973,b640ce9e719a58e56efeb4ac754cc11d,1,1,1.0
8d8abfd0d01a9c667c0820bb8c9185a8,d1dae3a5d39b1261850728549a01667a,1,1,1.0
a3d207e6874aed8ecb5d1c4edaf0e7ec,e273e73259bf36eb8301a79b0a76b0cd,1,1,1.0
762e90ef2e6c5f24a15d500fb96bd3ce,88ba9b266b9d90b88e64f84bb4adccc0,1,1,1.0
315185ccc582def35c19322629bbb275,c8b881b82279b110ff7920c69e637fe8,1,1,1.0
0b7e8a47536e37a99cd123528fee61b7,66350a169302276ecc95167365b44a54,1,1,1.0
284a33cd4d04f42e16b079c5b3c1364d,d104a1857bcb78c73dec2ac5a46ca210,1,1,1.0
0a393639a9f1e2504c5509eef49cbebd,ff5f6731168d5441f57407f27b1e154d,1,1,1.0
95c0391399360c0bd40d5ab2ca8c664a,e0f7d1dd04e7fd76c15d841b50e66f1a,1,1,1.0
3d6da4b2af2bad3025b6f32d44c15ad3,d08960a75b1ecdef2b71c1813027f31d,1,1,1.0
635dc2021a0b885018529be5111195d0,e7d3203514e1896867c3aaf771bca72f,1,1,1.0
1703e19896eccd492b31cd1d49e3b855,754966ce60e1fdfbc43620b2b3ee1e42,1,1,1.0
040771bb467e731e2f7946b575c319be,ef47bc5bdb69b9aa62f3db4e3e434d72,1,1,1.0
c0b6dee0c3c0c94972417c338b925637,df10b23ba2aff9121ec3b133c6b38a10,1,1,1.0
6ce73016161f051b4267667a28bb417e,a672a210c738771b15fe1c39f9612f7a,1,1,1.0
10a89d1515e29145e5a6b0a452e68e66,6a43a42740a70daa251c9399e1014e24,1,1,1.0
09b8764214c6d69d7b1bccf9148f335a,819856d53299f1b52b0af47ad2ea6951,1,1,1.0
655a53b9da00a641e7636d1b08bbdc53,80ceb93ce82442cfa24d160d6a41f911,1,1,1.0
6837506190b8405bee4bda447ec4b545,aa675da7689d6205d9821104b41ae2fe,1,1,1.0
3e7ac88fcebf632fb01dd58bd3522ea6,71212d1db47114c75c2d8510ef4644fc,1,1,1.0
0aec6e808fdded98ceda0f825a0240da,e1d4b9056c11d6abd64fbd00f406cbb8,1,1,1.0
3b78db1c0d6c91c6b8b58b61140f7a42,b63a0410273c4fbd9c54a639ce8bfdf8,1,1,1.0
8f3ba3556d6b36cd4a4287fe16178bc3,a1639a426ff70ff47ebc24af426b3078,1,1,1.0
1fc6d91ff7abac1911310ac3c6506a3c,f63bc72bffaf947673fbc25025fb3af1,1,1,1.0
4b483ad9ba083919d805a788362c71e5,b8ae1d28b2a49a7913eab4b73ac4c00b,1,1,1.0
c9062f49bede4ea3a6034463524e3be1,eb7ca6e58feb6dcdc25fa6250e34bb56,1,1,1.0
0e101f12d010ac62d6cf27464fecdbd7,3ff588bdd4f8baaaec2c3edaae484c4c,1,1,1.0
51bb00d04d164d61ffd05a7284d5a44e,e2c0903ead42744212e5dbf0a80a526d,1,1,1.0
0e44996ca651d01af85346e582edc204,9d0750265fbae4a9c5195ece2153b3c7,1,1,1.0
1a48d9b6db20bdb9846b71eaa2bee03b,73e81db0aa31dab4286bb18a2c3dc9ac,1,1,1.0
9c4b6000c2b7f75753909d232d8e9bbd,f671cb35b7e04c48331ba6b143ff6f5b,1,1,1.0
04d5d81451e0a6378b103c143688ae23,c1dc1162de49817a25314db3030276f5,1,1,1.0
44fd50949efff9759f3d9f131046fcf3,7548a56b001c6d8c11dd5ec157002ac0,1,1,1.0
4aac93e085cac4bac1f8a3080ca6db94,ea5ba533074aeff0844eab0c690b2c7a,1,1,1.0
e8a53ce0baadcfc115cd0ab29a5e9122,eb7cfc50754f21b955a078be34efe076,1,1,1.0
1fa9870159bfbac350f199e343299c9c,5f804d66a712a98705de2b22bc5a3b5c,1,1,1.0
49c2d9dcb3a109bd94d14454c6bef455,6d89c322686666680193afa698c29134,1,1,1.0
282ae7be3c19b39aae6600da3258dc2d,f5777a52ffe0bd4889e875c9d5164924,1,1,1.0
0cca74f303b77a6d54a3ba9160862d1c,c136741dc74dd2004a8cc1760bf7955b,1,1,1.0
1ca06486b67575a0fd2c9024db21bd99,93d800caaef23e2c5b2312f3881a495e,1,1,1.0
324123feac580f5f65d5a53e7dac1af0,f791bb72858d19fd93fffcf98e6920b3,1,1,1.0
02d5397846b20fd2b4a270a7fe1e223d,b36260186211e583e966eaaf82382829,1,1,1.0
758d4a98322aa56911e60a232c6521c9,8d5b0f019c3795f5639224a05ef3a4c5,1,1,1.0
a11a931496001b8371a8b6597ebf26f3,d3825147a5671fc987925a4da1b15ead,1,1,1.0
35a5139d64a17f2d5336aabace88cf87,e38d9c5c8ccd7ea3200aa9a66378b5a0,1,1,1.0
28d3ac30e18d7c468c2faa290b03bd6c,97ca81e1f4a9fb8be9fd0ce72f0e52d5,1,1,1.0
21d0c6bc12b987a3cdbeea27e4571dd5,64ea136678f37fcf4fffdc65f80ecf69,1,1,1.0
11a6b6369051df6524fde059cc753acb,b0f001a7e31e78281be05554606c5261,1,1,1.0
1ca827933813d56f07c416b2d086b799,9b5a53aa7fc5dc8ceb06710c7e182e6c,1,1,1.0
24abf93a73a57ab3fe56df52deb2c6c5,2d2dff303a27fadc670dd6434d524afa,1,1,1.0
dd1dee3bf9f6515178c2b74ed53fbfbe,f7b47595543652d859efbc3f33f7bbcd,1,1,1.0
57760bbba1b56ea6bbf29939e6c869ce,815161dd095d48c21f6376a792b5015f,1,1,1.0
6dba6f8d6b28cb57dc4c873f578d5086,b4b1a11b3ee17f1c046b64e52a5a8515,1,1,1.0
360f86da5d33b620b9f38bfcf717c89e,6af770a9a52cec73e7324676bc6e257d,1,1,1.0
070fc3a698468d2f25d4fc6d2b76dbaf,a1d2908917fca63ead984faeb3222020,1,1,1.0
2167203020a647846613330f9fdac606,c0b60f456ca4bf8e204f4c1b56b90e30,1,1,1.0
3b030b93e05010026ff4449b9647415f,fdfbca7a9186106504d0ae044c968dba,1,1,1.0
b62ee3acbf56921a216065b4ba6172b4,c0dab7eb07507ed9414cb4e6abae7f12,1,1,1.0
3c122b85ea003f5c96c5aa1f6a7ebbec,51498d611c600d2fbc05374a3928cfb2,1,1,1.0
5b586399e94f316df6602acbe6d80f70,e4116a753c957e67c646e447c2141b2e,1,1,1.0
8856878c7593e4189f42aabc8201ec31,f265ed971e975f6f931da5bb5950f43b,1,1,1.0
0f6b5c99a18002587ce3016b74990606,ded6fe3fd86ba79274deaf93fe3c4b20,1,1,1.0
5a08f2b992462b9094d1db89f7c5f53b,67a0ed029e6d46ca403fb2896297397a,1,1,1.0
7ca19647e1200895475475186a3e072e,a1cbaab4236d5ac6f71bcfc7fdc87d10,1,1,1.0
18cdff92d2777ba2cebf27e4a6370a6f,dac056a3c0afdd113e5cfa5698f561e7,1,1,1.0
34a852ee935fc6076dd7b0019c3cb295,66ec3b6b238eb0c81b95ff04893518b0,1,1,1.0
25eb1743ab6f01c25e0162a46e41d9cc,a42b40d38a7f36ac266f23c79453c549,1,1,1.0
0c38fe229fa8230ce5a686e75d2f01d1,a728cee4511b36ca4b66d8684ca812b0,1,1,1.0
065c54f9c2d4b54d9203c98f4f247089,57cf0cbb103c2cc76b54b0ddb00b293b,1,1,1.0
d11188231f75ab0e253fc4cd6dbfd5ee,ebb8eccdc37e9f5778467582ad9a78c9,1,1,1.0
53fb629421f4abbf193879a5a897a5a4,64a06910b689ca2dc9b3f88eb5134785,1,1,1.0
3af7b30bbd25d774eace86c0861cd80e,683857698d00e39079c75c877f743f20,1,1,1.0
57c93fa4ac8c925eb238d80afe06ccc7,fa9986e67d08ebc23479b10da8edb977,1,1,1.0
33887cae10d5a86000667cd000c14074,e690a10ad0bdf2afeb246ea2cccdfdf1,1,1,1.0
401dc2378f8a66cde29dd6840adf03cf,5663350f41f9077e7c27f2ab1131bd13,1,1,1.0
984ce034c45ce48a43b46b58082edfab,a93d53df97ef9b5c960bfa7bf49605b5,1,1,1.0
0bed2a910405e22f8d00eb45146e955a,423500539ef60c7c8501710b424c9d65,1,1,1.0
2eb4fb9984c2fabca3fd3f1d58b2268f,5af0ff33572b5634d5111bd7bdad86a6,1,1,1.0
44f80f943d7ac5d486482b715019014c,7ee89b8a801ff33528deae962a8a212a,1,1,1.0
3a0266b0b438b5da8b8531f64792d0d5,49ff2c40c0c6b84cdfde7a22dd5333a7,1,1,1.0
27a6f6db91782c11b75b53f39f117d3e,db3085b20c88461e17828da9b3d828d8,1,1,1.0
2b2020df99e90ebd37aabac53ef29e56,cabe5d58a88948179aacb62c76c828c4,1,1,1.0
11936bd0c258a86c5c276a0e90a62c9a,aa2ca40652b784ea8e309f01611e4ab6,1,1,1.0
607344d7dfc591c9831bf9e8d5a4391f,ca522c1ae62ba3333b8caf4c8237d808,1,1,1.0
0ccb948a381d9527ed8500bf8ac516f9,ef90d313ee8e90d73a26e97f615f7e9d,1,1,1.0
2e5ef59ba3d0e5db3fdf33cbf80aea3c,c2cc868f137c5529e6ba26cabd7ee599,1,1,1.0
2fa5c7e11c43bad99ea8ff671da72633,7e37b836b189d010448b19815a599a16,1,1,1.0
050feb0c38c3c8ea2000130bc485e84e,6077db684bfa5fae744d9a732bce623e,1,1,1.0
630a44887620765582169dff0bb112fe,fa0d8301b39cab67c292571ab3256975,1,1,1.0
5e93dc06f6ee570c4bd75357a601f18a,65ff65476364f61bb41f6c7fb47d623c,1,1,1.0
125a762f275908012b288be69294a3a6,15fbf8901611b1a62de6ad5934d8c8ff,1,1,1.0
4cf4dbc82dc5faf26d7f363ed00a4441,6bf65a350ecdd81286038e729fc2aa01,1,1,1.0
1aecc1804f168ed275ad536517843133,7db65372f81987316860f916cdb0a219,1,1,1.0
026cc430843b605b4b5515751f4fe5d3,c514ffe529580228b5eac37e03c1c897,1,1,1.0
1e61bb90b840b1575ae73d90c72eda3e,d42211b0765493a2744fc737ff328a8e,1,1,1.0
28cf770f1c1116b9162ed94303424e53,f0ea32bb6623d2f9b6f7909aeb033dd1,1,1,1.0
02f299c978d29bb1d1b47c5a231f7d02,eef5c6fff0c62a0103b68d79ae1c90d7,1,1,1.0
ad60ba535e4fa2b72c924290d6337913,ee95e177ab3f145dbe033160ced52d68,1,1,1.0
467fe0ce27e41b18eed7eab09b475ccd,f1a35daa921b19e51ec270f213830764,1,1,1.0
a80d09f2b7c2e76ff8e22be10f468d68,f5ca7a990f90ae27d3a3b8e7564fd7f8,1,1,1.0
137d09ae9e41e9c1035cdfde4ab2925a,82a62aed54f385f3bcfdc990fceb57fd,1,1,1.0
878b07a60a3f1d5750d1fa1d22c29510,ed14c914fb7b1a6077b79889275f99b3,1,1,1.0
753a99194d1c53edb8f80dea7dc0d2f0,c01143ba19a137c35b9680de560dadad,1,1,1.0
0707757dcd8c22ace18aec1fe28f97dd,56200d87f15600112dde28a5c6009e9d,1,1,1.0
812507a0e65151f744bc39ee47915ac2,f15368fc82146080a85b803b47e6a131,1,1,1.0
588a5a88a0b494e1067d9015f899ea46,b720bceb1eead5e8409eeed32732ea49,1,1,1.0
4bdd6c2e39de4e9ce960ea90eea5ced2,c7b748bd163c5b69c546cc17f5d740ab,1,1,1.0
3c001938ee306e3e8c52c7c3bbbd0d3e,d111b06b6f3a2add0d2241325f65b5ca,1,1,1.0
6239031aefb6e819108331e66ecbca75,dbca8ee6d3898976a0c29528064c6d17,1,1,1.0
b02d3d11ad737fe1e6f82ddf15790072,f75492c7227146ecd7c552ab581dc77d,1,1,1.0
0ca6058958a0318f9252e5ae24d0dc47,5b8830979a628eba896bc7638f62d926,1,1,1.0
56ebc4d93c2221f75b8463737f8cc7d2,608d40509b92177375eec1c0d3e89cb9,1,1,1.0
943a3db4fbfb82305bbb55cd2dc193f6,cb4c9c8546741b62c47dae1e1e8638fc,1,1,1.0
1014c21e54146e39e1d5ad9ac04f13c9,bce2efb75040683e4d2300b55420f595,1,1,1.0
de77fdb5b021bf7600e50591f2834338,ec5625006d029120e338890c30ca7669,1,1,1.0
93300278f15871e42b218ed723754fc9,a8a45b31b10712524b5502ac6bc37c1c,1,1,1.0
56ec666ecc3d3b4f23385008b00be5f6,e45746a1b5cce291f9275e77b833eeb1,1,1,1.0
42cb8b978da377b095a349d95935f4e5,9c919ff3a7af6da6d8188fc85c9a0e66,1,1,1.0
19cf4ef9675b3aaebe19267c20ef8128,208a127c790f3aa6b6ae229acfae97da,1,1,1.0
078d20b1cb7985e4ccbdaa047698c3c6,4c84f1454d40c499ff60c335f36c670a,1,1,1.0
7fbf88ff76e59e08e171135cfae0ca75,c96224828aa198f23cc499642489b74a,1,1,1.0
254a9ad117407d26a52ee780dfd5216f,693c7d670fcf4c4955c0545cf740458a,1,1,1.0
850e8006b4f239916012dfd4f9bdeb0e,ed7aae0bd6dae2a07a54cd4f9c0b9b0a,1,1,1.0
3f94c1f7e2d1dfcf8a46d01efe28abc3,b35290b39d5d7004aa3cd32858dc0053,1,1,1.0
3b004ab5868135f9bf80876b2070a016,4d789786872da7d638b9ca3be9e6e405,1,1,1.0
64d819ec87080e83c38f2281a7450311,92e6265dbbc8fd3ee150c14f65ab4214,1,1,1.0
72f23703c5643b1ee93e42994e95a732,f342d2f783745df9449c32700a88098d,1,1,1.0
306604a290dba7c17d47b4fe32db82c2,6ac88e3a3ba966ba650c2168502b5d46,1,1,1.0
30ad997457a99cce86908576e34f47ff,b32a1ddd6ef3383bad879d458443e4f0,1,1,1.0
4d0bd25308e9d7d0a301223f3d814f85,9b4df2b5ac16a3e91f6aaded89eaf356,1,1,1.0
7119bf7ae87ab97626bb88f4752bf43a,a1b01fabc8021bbbcaf914595e62cc10,1,1,1.0
3c14b7ac3a3898d1d8f9e61a72014d4b,ae9ae5072fe8d5b2a1f7072a833f0afc,1,1,1.0
d8f8afc9b9992b49ab2e12ad9f1a9e5b,f5d6d5ca5ebb427953236adb8e91aea5,1,1,1.0
a7d4f8f303e5b6be85b3b87c750ce6f2,bab25785bc0b036a7065bb1c5c5710de,1,1,1.0
014644ae002bacd78bb05521f7e9aaab,61d0ba79e1031b0d52da6e1cf82b9f5b,1,1,1.0
0707757dcd8c22ace18aec1fe28f97dd,f845965c44b627242d3fe2ff76fcb908,1,1,1.0
24bebb6ff5f6b160cf78f11ad5c7278e,2c8c98e49fc4e40372531352d87e3f2c,1,1,1.0
49d8b9ce67066ab246fcf77b1673feb2,d40cda7052fc4c07791b27fbf717103e,1,1,1.0
27aacd37c12bc685a275af86f14d2c23,4c8435d3bb762a8b99931fbfca190ac4,1,1,1.0
9bd8e34366dfff8f1a825535737eb7a4,a60f1a0f0cd8fb2f1f68348c98841558,1,1,1.0
077afa5d93724dc59cc6f3c094214d11,11cfd70926d42d92ea668b4abd732abf,1,1,1.0
30a9badf47aee5400aa486856cc18cfa,a2284b353c301135e29370ee886454be,1,1,1.0
46f40961423812c64201b6ac9dc1f658,cbddc85ed8c77a56bc0ba0cfbf057242,1,1,1.0
5d5adbd08f3898549b7a636ba275e717,be83d747a325c0b259b6717700622e36,1,1,1.0
4d3c28b4e8d4204cb6e718d8de255712,542dfd1bac780f464e50f5300586d51b,1,1,1.0
48e6f23af32f72ee663c68227e85e732,c2444d16d5895f11864f83fd92dcbfb1,1,1,1.0
6c5ef2ca47b7bf93a4eebaa705c3e2c0,adab55f053f73aa95c41b67a9513cf8e,1,1,1.0
9f95e13416e4747c181706e2d17cdd1e,fb4f6ee2ee6ca62de0a0cbd319cde779,1,1,1.0
11750ae98eb52922becccc0e01c66804,e2968da3d6f6f76939f6b52802ee5d2f,1,1,1.0
24131c6b3a459f16b8c293562e54b4da,9434e757129676718dc007913135938e,1,1,1.0
3ecd7605ac791ae065e2ab8512934e5e,832d9b1424ba5a4e691bdb0bea10ccf8,1,1,1.0
37a9d4e1f5d25c9632995c050fb1b1f2,9d0de98e6804a35e0827de58c2066702,1,1,1.0
99931a2b84e283bf84983b800bac2509,d9f4657291c35c601cbb4b026b9e89cb,1,1,1.0
189083a27b0603ef266e08de7abaf159,e3d27297e7073784eb43c4ab3f1288fb,1,1,1.0
0976eca0a2b72de509446cf0f0396de9,92e30f5f39b91d3056988747521a9789,1,1,1.0
9ed2fe900d1b4d1840a7551b45573476,bf1464c6f9bbf319b190fa3658848abc,1,1,1.0
52c51860b31b4bbd845d9eb3d2ba8261,8dcc061d404346e005f89d35de83a228,1,1,1.0
496dbf79054fe5df6cc601ae1196ae95,973a3e9bdb965c5033967a6772a0abd1,1,1,1.0
23fd47f36200b41a0fa9df9abeabb738,9749e3b7d02a7194473d5a6784071186,1,1,1.0
1cf5cc9fc5ae6351e8bb1d2b8fee0d48,e0c5865cae7de088e0b2e94dc4418ea1,1,1,1.0
1a3e064d6461fb5fba261ab141ca2ad9,9aa61c2b9ef42b2fb25755acdf647dcc,1,1,1.0
7358b89fc42f4a8e7b178e52f2300b59,8b6c9af5ae36593f4a83dfe44030b4a3,1,1,1.0
2ef5e7aa9a2fc5b9b15a296e1de5f729,63f802c944ae93d5572534d787304237,1,1,1.0
679ac107bcec8cb9532797304f0b54ed,ba8bc44e8dfd32e967518cf82f4888b5,1,1,1.0
198e17643365cf7185782ee2bf6d8213,850a6b5b82c33e02095e733b2e4c51fe,1,1,1.0
153cd659636cb33360006b260f41c8f0,d502da9fb1b1b2cd4dd9071978a38fa6,1,1,1.0
1ae15ac704d32a9ea9f2e1570404d1c8,72a44740e8f89f64bd29d50ac46ab7b0,1,1,1.0
1dfd2a6a5da29b716d514aad237a2b09,81f242fdcd1e2af71fe09b14aedac9e3,1,1,1.0
271ec2410ab588a07c8aed43957935af,f6ee8291b6a190067c03176e4b5ab465,1,1,1.0
507867d3d755ceb1ddf5dac3932b23cc,82f04f173a9cea307a6e19dad330b86c,1,1,1.0
341239d242c4e123125d42e14b7132b6,87a34c896064556e0b26c3f9584bd1e7,1,1,1.0
7b0b8f2a84b900dc9a538b9c29d4705f,e1b31e3185fb77c15504d0645a7160d5,1,1,1.0
4a6672015de0bbed2971095373df32b7,6d286b9d631a22762e1ef5209ca76ef3,1,1,1.0
65ee2c935878a299c55aa19575bac35c,fe22d9ef4dc744b3be63f4fda1146de7,1,1,1.0
e953a3ccba6c28d88457c24ea028a7b9,ece905d3c9bb0dc1665e13caa84ab302,1,1,1.0
dd17a578c9f8bd4f8ac5a1c91f7f7849,e890062c8472a5d59e3126065e8478d1,1,1,1.0
23e7bcac2f3b067fe6ecb4ca8e130bf0,674e552503d21cd547fdd0de0bfb9be2,1,1,1.0
748e84169ace592af7a9bd3d01b47b4c,ab5dab8dbb42be51348423af4152c2d7,1,1,1.0
20a5257c01689ac69410a14cb51bb447,d3c3ded6e21a0ff524eacb53240d64bd,1,1,1.0
2f1c8279087dde8c94f8cd441d4d2be5,ef7bbc96acc16599dbd8461a8eed42f6,1,1,1.0
19209497d9b52badc6c883c8eeee2821,d4d00a249e8abd766afec7be3bf462a4,1,1,1.0
1739a2922b63e6c1aeefc48664bc0be5,edbd8bd0f76c21b42d85322f8b703547,1,1,1.0
35e7a86fe3da7cd07c987cceb2d8aa92,c7ebaf88b0022b8aa6893bf62abaf74f,1,1,1.0
56200d87f15600112dde28a5c6009e9d,8f2288a2c2586a4cf5edff60f8655405,1,1,1.0
8bd394096fe3c0b6536a35812de0f403,e1594732784d8aee7b4f689387ddaadb,1,1,1.0
5c18360806646e0b871bf5b3a536fe85,b13d01daf5d18fc3bf8864da8c0f0a0c,1,1,1.0
521fd2b54e467c35feba992b774285b0,83c4b558e510a487da67673e4a13ad0b,1,1,1.0
23fd47f36200b41a0fa9df9abeabb738,612db24bd7ec741c98823a46c73aba21,1,1,1.0
40d75d25d699193555e9e46e647dfa69,b8e747e12cdc8733515943c0eea61e0c,1,1,1.0
49e3dd51659577fd2fff8f09779586af,f1097c9562bd8f87de1e69c30b3b08eb,1,1,1.0
18d74c0ec7d4dece2cac2f292823a5a6,a0f1a379d9aa6e79e14fc5ee5fcac940,1,1,1.0
639145e1dbde50377a98bd9b9499cae1,aa11788e46cab3999d7e9d5fee8760c6,1,1,1.0
9e870328ebfbde7f303af30a6529b9c2,a2de395141e65ad3d059a19c67c497bd,1,1,1.0
1f085946ebcb56e5ea64b0b902e1cc8b,1f6fc131f9f008a0a25d88d49f5f49b0,1,1,1.0
503055e262756581eb9598f07466e485,c5cc0c3d16da93d503a239a65812adae,1,1,1.0
3c183c9a923df352fc37986b4c6e1792,af361e6472bebb98baf67b62201f9abb,1,1,1.0
33e2e4bb22badff291de6f2302f01579,3cc9ea3ffe189981b9a8b2b92b99271b,1,1,1.0
75a2614e11d3d149c144388d6c58e3c5,85e2d284523511fe8f6cd5488ac07751,1,1,1.0
2e2ac9b487e03daa3fab4888dd4c5c23,69e27423d164d49d94d6be3f2d798320,1,1,1.0
71925b15ac911df113c7ffd8f10a5f7e,bd0bfd0dc8c14808a259c86884e09dec,1,1,1.0
a86e7932474e3d1beab035cc165f9302,b3c9445cc66162bfdcc1722a36133322,1,1,1.0
7e77955246dbdcc33cb611f6a519a336,bdff11e0a0086e8b282e2b386a6c9b49,1,1,1.0
b78e0d82fdaed1ede44af275fab7a57b,fcab9346a63e15349572e6f396f8b213,1,1,1.0
46f5d269affee0ce83e818ee3cb02e57,c1dc1162de49817a25314db3030276f5,1,1,1.0
0a6d75a522ec78c05b429c2e2abddc72,1887c42c6365899216d2d380ffb013fc,1,1,1.0
0e107dcc5202d6a2100f7625a883955f,5c585e7a98e329454ba75d494a0019be,1,1,1.0
d32d8a0621603cf5cd9764b715c94d4a,ddd9c384b4b7a2f80366ddacd8a7bfd4,1,1,1.0
4545b0c7d81d1d91c5e20ad16ae8111a,aa3716e0b036304a02aac08dca43ddf2,1,1,1.0
ddb5ae1911306999e95e6af661b95113,e224d56bfa2030f5cbac17fad373f588,1,1,1.0
acd8f6063338b4b3a4f8be045c8e1695,e3a780e68fefbc2ff9d44a54d4d25779,1,1,1.0
7b4afa124e770b0423ba553b1a51a72c,7ee1d53407ed1c60113953f969f79d28,1,1,1.0
1090fe4c57ea2a018b442a61d09b3e95,8b2b8cea5423ece6984632540c423aaf,1,1,1.0
248669a947931e373ece1b933e8f519e,c225695275be1f228cece399a0093593,1,1,1.0
91802c6ba3172df9371817c1387ec0c5,e25a36b02a88228100e0d0e53d845777,1,1,1.0
186faf3198f9fb8a82531e639b54db8a,962ca9c899bb8d9c2d41337e38f3945b,1,1,1.0
5097a5312c8b157bb7be58ae360ef43c,d44a92f37badb77d674e63c26b3ae2c0,1,1,1.0
774472d1d95c93977d299b48b24b0a2e,9e4159995424971423b98c4a8bc11529,1,1,1.0
31dfbc935e91c88c9670960adc969234,ce43cf7952256dc47c836ce3e8117331,1,1,1.0
f8651ac094cfa53d227182ce612917a6,f9b752c739b24875babd3d3207928767,1,1,1.0
5eafe3b2149915ca7376a3e1a637f5eb,f0b455e0ba8ae5c44f91438d043cb302,1,1,1.0
0b9c71b4440c2867df32a17241302afe,92458e7b9349a9b73d21fd97500eb6fe,1,1,1.0
50010028eb2c37dcd1e73ec2e35e9657,81d863988b3c9126207c8fc282c503fc,1,1,1.0
02eae69eeced34b78dfe3850b62e692a,2c8b13355cef2df676b9e53f86248ec9,1,1,1.0
561e71dc2bf45afd3c2c7130bed4e370,be0254dbd2aafac3682ebd387f7e1d2c,1,1,1.0
17c6652c9c8a71e905e388b9ede23d6c,1ee6bd0affc5924f72baf23340ba83ae,1,1,1.0
7139d062a8bf1437539fa7bb236efc97,73bf20bb22133ed5ae8457527dcd5e4c,1,1,1.0
5dafb1238b82de265e37a03086461d38,65c0cdd393763bd382c149152594a24f,1,1,1.0
3ccd408859ed809be5a4b53623a4eb2c,fa8661e9f48b1bf1b6cf827059db20b0,1,1,1.0
6183466d2bb310b5b0698d30fff75685,78f4e955f2e59fc45cbde586820d347d,1,1,1.0
2a4840077c0baca02a02e5f8228d148b,3ecd7605ac791ae065e2ab8512934e5e,1,1,1.0
8223442ce415860df6db9181e9a65871,f10c1eab22712d05d06360b90fd3ca6a,1,1,1.0
21edf3b760787a3ae9b09439fb5be338,67b05b597a66b5c449025000b9430abb,1,1,1.0
cd74c43bf1fe964a63192a27a70d97a7,e79e1a72ae3be0874ceaed13900757a8,1,1,1.0
81e438197f87918522d6e4aee7ad2104,fdf983831b2751f645ed24f62f70be6a,1,1,1.0
11f23464189c7f804a851fd73e1fde4d,2c3315bf85685cb0ef5c90510473cdae,1,1,1.0
0950a89e2269d0042c403550ac89a787,70bb8d40cce49a25b570533ee5ac3d28,1,1,1.0
e431c6ea02614d2a3d6ab4f6b8f0a37f,f9ddad97b1a41864dbf8b1dc6bcc028f,1,1,1.0
6bfccb019f3da909ef21a2803daf87e5,911d8d8b9caf08632be0ed8889151d8d,1,1,1.0
3baa54f04addc14aa4c461a37320db3b,7e01bb1be6d3831d3c39155380d092fa,1,1,1.0
523fcd1a45edbdbe50ac7159aeb0c43b,56f608a6028ba769af88d66525afdc80,1,1,1.0
420727b28fad05d6ca063b39130938e9,e9b52c53f55d7882f5ff15108a9193aa,1,1,1.0
2c30287ff199571ac2d89a5e658facce,4c089e73f45fc7a2acd1ea73c5df7c6a,1,1,1.0
10c009dd098e5e448e7ba617e26adec9,57ec113f18471789b4c412b02c34368c,1,1,1.0
a5844ba4bfc8d0cc61d13027c7e63bcc,e614a678f8791c835f1beac3f62c80f7,1,1,1.0
04a5bea78392f0d2da9fb2d6848428db,21fa25aa6726ef23aff074c36cb2b0ab,1,1,1.0
2a1bad624a5572429b2f0bdc933798b7,e7875d0404252af01061d187aec4d360,1,1,1.0
55f9cc0d647cdf920b02786fd25437db,7c53991e7f6d632c391c6d96809ecd45,1,1,1.0
82a30c3a0cda2a7c36585ee82de291fc,c976e0c21bc5e8b3f0a4e89c20508166,1,1,1.0
81842ed372f4a8873582eac1ed85f51b,cdd0d5ff8d5f98ba3fc6fb384bb1e4cb,1,1,1.0
7dc30b655870459930b7c7960205d283,d9972a3678b1997f77ce16a51ccc5cc0,1,1,1.0
0b63b2c21b768c3575305cf04214e173,d1a460316c3d76c8470f6bd34412b70f,1,1,1.0
ce8865c80c91549c0bdd2fd8da37d394,db29ffc97121074b3434b6c2b8f5bb10,1,1,1.0
adb6b4e82e7e33f5bae129c361cdce17,f92cc22112f67a73bd0504d67aad3ef8,1,1,1.0
302f6c3eea8eb8ee3a365720c5593d3a,e82106c32ee88c7e107c6fb5dc8316aa,1,1,1.0
4b0a2e2c2a92a7656731040d2ac0883a,6b972012f5395bd7da08916e088b6049,1,1,1.0
521fd2b54e467c35feba992b774285b0,af4d3cd0b29b208c971ff6ad78b41b79,1,1,1.0
9fa4143876580e51a6932d41442a15b8,c3762fec4057f3b404988d9943e5bf42,1,1,1.0
c750cfd386791c7a665caa28e05d6f33,ec9a6d0a97eb3d57ea8e84083ac75a0e,1,1,1.0
3a1b96376a45fa28e4f746ebae3a8f52,c849085aa9f5d4af92baaa56a112d686,1,1,1.0
1007347e88fa43986e0f628c48f577e8,f8c078728b779487cd347dc770cc00ae,1,1,1.0
7a4e77ecd194e8434a2ea3e1fa061bbe,9dd892e57b2b367c20c624a8c44b77e5,1,1,1.0
27ab62654ef2da0ceee9d7acee9dd333,c613a4faa02528386e21ca5f8ceaaf4f,1,1,1.0
741fbfbd28935099fea8a0088f2470e1,db095fb465d1953805f0a25b1618de77,1,1,1.0
0ce5aea106c765c0d7baa950fa29544b,30e72091f438f128e3d468846df8ae34,1,1,1.0
19078fff11340346a5660a1776473bb2,cfbfda1dfc473038374c320ab6dc0c71,1,1,1.0
40c3307a5a55990fbfc912760472b381,e88c2d5cdc67bf2713dca2320910f65e,1,1,1.0
1549e4556b77686c668e20bc84d6deaf,c11da26f2f89c9df2e88d6e4ca699074,1,1,1.0
5a2f563b9306c695e8f4c06ae6355a4b,c99e17fd41da66a0cc20f4647f91d8fb,1,1,1.0
5f6100a37a9d53753b46b630ea5ed5bc,f411e629562709be496c105c033c6b4e,1,1,1.0
006a8c1784d622ebe06bab57e72ee045,7d94c9f2049fc3e2283a4b29646ad1cb,1,1,1.0
0d7ec9878ebe4e77c961f11487598826,a2aeed8a726068866ec77d0288de2e2b,1,1,1.0
5f324ac4527aabba6b96e88bfac0014f,8876dc4a50078bf97bd8fd4a3a0b56f0,1,1,1.0
203176d5efdb94633c04cad04377447f,8c34ccb096a609feeb7e362837549dcf,1,1,1.0
5b4eb8626edac3e9ae435dd925858107,7fc72f80d976775bd31e1c8edf9d8c32,1,1,1.0
0743b713491288c714984cedb2daca6e,cc600bdf917663330ad986092b9cb8f5,1,1,1.0
456aa9b8ae47963b150bdf28ce6a0926,5ddfdebb80d2c8965c0d579fb8394c2f,1,1,1.0
064357282d2691e9c8e1e5c57bcc03db,a7431325f4f331611b84b986eefea012,1,1,1.0
2b26db3c45d52a1b983f12f2201cea88,5a113bd934e8b75919fbddeef0f9282d,1,1,1.0
420727b28fad05d6ca063b39130938e9,6c07b809c4a05a1961e3e9b6e08904f6,1,1,1.0
7fde9b9f9d4350aa6d569b24c82c49ab,99348d90573af76cd7c8e64fd097e6d3,1,1,1.0
15459cd10a963461ad4b5eeb0a09ba84,1db0216c962ecdbf435323897004bd10,1,1,1.0
507773c65aebb2ec670b6bec5ed36bff,9cf0a9cf35d5ed633529687cf5a97c17,1,1,1.0
3984338a848b2858b7d4049a5d66f26c,7feaac01dadfb6a96508d738973ca456,1,1,1.0
6770c2cc4bb1ee7cb6fad85b5acf4a2a,9133fd47fd5099536bc0440bd09e99fa,1,1,1.0
661ea2d486e19c9bc3ebe14defadce5b,d35b852498996bd67a141c266e92f35b,1,1,1.0
b579f0174ebac4c6a6f4bfbdeae79770,f4061866ee9ac1a99a7510e2f9e508cc,1,1,1.0
113d43d09dded33b8e67b5f981d08cf3,ae2a13be52ea5fee673fb7f720e856a0,1,1,1.0
75734e576b6be4897449c86ef0681eba,9ea4cd3819443c9b23090f8eb0fb3a47,1,1,1.0
77aab1794b028375b856f66e28b8b28e,e3535a0059a01d1364e590fcf9fadb1b,1,1,1.0
447c020c99b8f3d3d0b6703d8790787e,922cb381b9cf6840967314628799b1a1,1,1,1.0
1d095e614da719e9fff3d64037603cca,367f42733f0ea6320603ae4c8cdcb403,1,1,1.0
1579c33908bf3784b501d8f4014079f3,73b9bca266a6abf76547ac5992d2bdf5,1,1,1.0
11d2188ce598db142d37bc237bf3f291,ae98f5a00b4d01521a06567ba1f0033d,1,1,1.0
dc2bdd4867f1a056690002c59c99320d,ff44fb015977d6c3401404fd5c8f46ce,1,1,1.0
08757efd409ffae44fa531f49b144b2c,67eaa1bab02626918a70a42099098214,1,1,1.0
2de0e410b87cc5b128f5183c506bf977,70079f5ed8eef71be91c03f4785c3515,1,1,1.0
77492e5cb8356a9ca4cc19eb9dc699e4,faee0f6f040f31e9e064d25557c25fa3,1,1,1.0
0fbf75396ef53a6edf84b3600614d2c4,b772c9cfe71a8b12e2217034af71ae23,1,1,1.0
2cd9a6019e6799e452aa91faaed447c3,40932da19d41cf442221346e24db2cae,1,1,1.0
1e62052e5c3c4cfa49744aa23e72a24c,b40cf4eecfea7f5204bb7763fc5437fe,1,1,1.0
49bbdba74838070fe0bdc269cf217cde,52d2c4f7210ef28659735c979e991e2e,1,1,1.0
6b88742087572d31173533e18389ddc7,72c66dcf2bfa52a8f25c9df3085f1195,1,1,1.0
82b6a2e2d907efea9282dc7aeff94c79,ae1e7d799d1347994deab4a2255a6bc8,1,1,1.0
6e96c18528a8cec8ab82a7c3e33ac678,c39cba687c7732b71518a21ecc2cb4b2,1,1,1.0
2ad996bce05e1f13b3f12324d1eed29f,c0b15c9452d7289bf41ba7a6023fbaa7,1,1,1.0
1fc4b1301c31a5843f2a0b3600c4f208,fa3d003e658cd1bc7b391ec1e602c76c,1,1,1.0
044206e1a22f9c20af8ec1a514f128d5,5bec363c0c3280fa275b0a5cffdfaab7,1,1,1.0
0b61db16f7442906464f968d0a1d34f8,4502d5000c52cce9c171905b831cf770,1,1,1.0
09561c93d1847da6b8c733c10a97a5e8,c7d555af84ca469e02f46a4a82a2b9f5,1,1,1.0
413a6b89cf416018f157c63462412e71,a61bdd3195ef6c83350ef0e8e16f67de,1,1,1.0
3d9bd4ee70927f05c69516a10ddf051b,580b560f0f8ae08a6c203ef6c55c9b4f,1,1,1.0
067c8117bd9b4f406301921f6bcfb04e,34336d34daf6f0fc2e2a594e817d773e,1,1,1.0
13c5865b7b534dbe5983384eb555ed1c,2d8a123a57292aae47580aac65f55d4f,1,1,1.0
05f8e6e32b003644892b67fd13a474d8,6b946b8deb9ec3201537f123cade0827,1,1,1.0
a6b7bed1a909c5cb063d0c61dc10f593,b2108a83e4d9e7b26a828bf42926a082,1,1,1.0
eb5a7dfb0404f789968767fa66bb8bbc,f3feb82c04568172b339d1ece917c6e4,1,1,1.0
2bcb6520264828b22eb21a9f32ce0297,3d057e2134a816aa1fda7ed50aa73843,1,1,1.0
bf1c9e2e2f0807e539101c46e215b5c4,f15a9046c797a0d3fe984e85941b7db1,1,1,1.0
d33ace4ea04a0db34299c2882c35738a,d4b6dd98cf19070cf479018bbbe161af,1,1,1.0
68238c59076a730633bd2e71a08bdf95,9ef7342827bf423b936bb90a23a12bb9,1,1,1.0
d8dc124f7d89b8034669dd96bc49e5ac,df56389d2f1984019fe82a88ea1b7b74,1,1,1.0
827b555bb023de4e3e0a593d365a786e,b7ebfead28685fb0097ae3be22848884,1,1,1.0
5077d8599684bbd54d36d9735724c944,914109f0341b3d9ef93293a76c1fb5c2,1,1,1.0
b7a05979123e85de9be590ff37b88b60,f5777a52ffe0bd4889e875c9d5164924,1,1,1.0
430ef4ee3f3cb4e803494f31eab27af5,dea99e99d6d263f5d87cf500007e642b,1,1,1.0
764bba845c091682f828e00769e8c957,c44e126f40fb1f47b31232245ec4b096,1,1,1.0
5bc2fbba573a24390675a1c171cb8430,ef47bc5bdb69b9aa62f3db4e3e434d72,1,1,1.0
5a564a78e8025411f5529c9926f91e63,feabf8e40d1e2502099e33c9319f4b7d,1,1,1.0
57c3cb7f6511f6f53b8f4180531406ca,64e787822e7929bd4c4ac6ecb2fcac40,1,1,1.0
0278d1770d14782b065a8f24b0084b08,8d3acb53746f1c8dd196754af01a6f90,1,1,1.0
182076895d6b45f8c8be8af5fdf0e8b2,402c4b871c252bc20148f7cf9bd344ea,1,1,1.0
7184ae42a4b97899492b1e0bdd2a709b,854a5f21531f1fc995d0196a5f356d3d,1,1,1.0
62e32e0b239b36c93427f7910eb6a173,de62b1930ddc37c005aff8c0edf2a3e2,1,1,1.0
31293649410caf78cd0a64bfc3ff3d78,3c074185e3b7522767c519164ed0e143,1,1,1.0
53450c9f7c8f500dfffa60a6e1f8187b,e607ede0e63436308660236f5a52da5e,1,1,1.0
503055e262756581eb9598f07466e485,fd2aefc53a072c7da8e94cf9d9c9b5a2,1,1,1.0
b383ff3ee21f75513045f4233a7979c6,ec50dee730590325a5d4e83574cfb67a,1,1,1.0
10ec83cc1eb95a0965aab23377edc1ae,6339984045a8cfce8426496fc4854640,1,1,1.0
2ad9d7ea5f6b4315a58c9f2fb19b5621,65c208081a82865d2ef3bea8fc98c599,1,1,1.0
006031108b00e5f73b2426a50b50f9c0,43ac3bde45cd19678dbe76abb3a50dbf,1,1,1.0
682c852f2cb77efab552e07564d6dba4,8cc26e8e58de3cae7254064def9302b9,1,1,1.0
d015e027ffb187723f3abfbf1eddc7e4,d11fd20c68a7d716b6e2df9bccda5b8e,1,1,1.0
178e565cc7c6289b341891c7dcaa17c2,c1188759adf4e4deac0da925124cf631,1,1,1.0
4c62d633110e280bfc516aa7c6fb12e2,57a1e272ccd2a65aedb93d759c2c7743,1,1,1.0
0d92f6772c38f299cbe7b9b56e2135a3,8734b412eef4d941fc4a40a22b985071,1,1,1.0
830ec4bec4a5b574b3830e2242096439,d051c80c891df19943e608e2fd79a4c3,1,1,1.0
8414e50010534884cee19b99ecec5284,e7da56c19ef48bbbbad3d7db0e52fc80,1,1,1.0
6a234e9bf30fd5642195960a3a374c22,f9bfcc4646d0fbd4d8856870d097bab8,1,1,1.0
bd5087dfce936421860ac7bd9a7a8055,f6bfa60df0ab91a27f5b5ee37022653b,1,1,1.0
370921d96b165f27cf3d3d72b8628ada,88fa5cefa0ddcf019e8c75e50ae0c703,1,1,1.0
0a62ae425772a001e2b3d3eb810f810e,d2451d65b521da4ef51178a1563bc5fe,1,1,1.0
2b1c17f524720a484f86dcb7d454edef,ae76d876d1067aa49fa661723d824ed5,1,1,1.0
98278b047cb28052979c255068136405,dfdb5c973dfd5f686341555580a01032,1,1,1.0
587482ee4b3da3583df4057f55e1c818,7dd60f12b50fbf7ba9f8c43f2712b429,1,1,1.0
8f1b2a0ed53fb9a524d1d4602f8d533e,d0b4ee79dc81cd4f443318da09e9ac7a,1,1,1.0
3d384508dcdfe0542bd9458a84038ff2,aa5d1892e01f044ece40066386d02c14,1,1,1.0
4211a57a8dba65749e153d4a8275116c,b93a4deada6d827a70b483590de59679,1,1,1.0
0f4234c79ad61fe9ab42470466c3ce95,4cab3a4accd065e1fa9a51b42e405676,1,1,1.0
0bc3c5a94a7c0a1d3ca419fa8b76da10,ac960c0979155ff8dbfdffc1c94ec676,1,1,1.0
1a2d5c1632c5aa94b031754125655c1d,c9d11f3215f225629b72ea8fab4fbb9e,1,1,1.0
27e93c3b54ba3fa1966bf7d23e01c58d,b1c87d9d8e4cd9cf520b8148e804c896,1,1,1.0
13d6316b7049718767c48e4224ffa6e1,7bb13d6b4074bf6058ea0c8faf957909,1,1,1.0
9b29bfcfd2f23ebfce73ad908e474d2b,dd5ed00973cd7d965333d81654bec5b4,1,1,1.0
025bc857299fac3e5c699322d2a1485d,bf1bc30130d30c64e949ca5c5acdfe43,1,1,1.0
0450c1aa91d99d308ed769ce3abe53d2,558fc1f4b81204e56cb4c02f3201db26,1,1,1.0
9721502e392ede0ba494d605b89dedba,f391a36c11fb809bd28394cafe74e57e,1,1,1.0
55e4f5afdf69a395e6106145d4e6ef37,8aa9d52885a3fc85bc75ec003704a8be,1,1,1.0
31c0d3595ec8a72962d0c2aa7a04fa27,f8dab72a57dab60c54c463745c5782dc,1,1,1.0
cffde569725a574542b11dfdc2b9d054,ed2842d0a93d50073e0d9f452fadbef0,1,1,1.0
091f7424ba44e6db2873fb68ef2e67b3,0dc1fdfbb056ae8f79c53bfe3f2bb173,1,1,1.0
acf2cd7adae2fecaa8f232f5593ddfb8,f503c2e0c0fb1b4b258f681a5d474d05,1,1,1.0
55b6b7748226fd730c7ac5dacdcc4c17,ef48b3d8335dd8953399ab3c0522d8da,1,1,1.0
9996775e57ceff540bd403d97f9b2e26,a5bedf541fb3d83d3aa1b63e50c929d3,1,1,1.0
7def89b198975f1022ab61610be8914a,a62033e1eac3f078e0bbd44b09e3153a,1,1,1.0
2f108b1c30c013b6775b5db09ca38960,de396d6391d462b718e264a43891b4a2,1,1,1.0
413217b7e5821c7a83eb60dc03a09045,e33529eb32d5ff3684732d3de4a2d3cd,1,1,1.0
b29c70f305c6f44c610a018ae4f2ff36,e84ac1e802114860d63efeff52694d38,1,1,1.0
9298fccf4e18c9a1cdf6c81de201198c,959f4001c949d2e995b59f384aa181ae,1,1,1.0
46c1ea568cc4972a097e0d05c2b140c6,c1ce726cce4f19c4aef436e4b78d319d,1,1,1.0
46f85d17380660c2b457a30d81b7fd32,9cd8cab8da2c15b7ef379643caad4a01,1,1,1.0
3cd7008d6897af25059399ccad52c76b,dd561d9f414811c78ce8723b8576b0aa,1,1,1.0
4dc7a7dd7dd952e7c491d95a7cc3668b,f75d969ab1bb9e98db3e1a8329953b26,1,1,1.0
3c5b1ee70d755d1532a021f00a46b66b,53b2aa3aafb865f1c2c681804b8eb3b9,1,1,1.0
497c64e76a771411d4591176731cd166,f1a6f1c758af468016ddc2edd81caa3f,1,1,1.0
203ce97969020fdfd456613c1c128615,cc7c744f1af97f9a54fc904aca367cc0,1,1,1.0
3a10313a6428bd4c25cb17bf269c52b4,579e881c515b588ed0190ac0a10e6633,1,1,1.0
d4161433b4b238a0c36242cc91c9f5a4,d9e7987963242e652ba92754ca50bc96,1,1,1.0
60d34509419ce4f132570db40e6ea985,e3ad4e23b9a9ea0760eca68158b6ebc2,1,1,1.0
27a6ed43c623d0ae63051aa18cff700b,7b5476637788a97b34d40c0aeaa1a98b,1,1,1.0
47351f35d6ead07e0f2d39a2adaf73be,70d9c1727c10dc6cd4187548784084bf,1,1,1.0
53fb629421f4abbf193879a5a897a5a4,d89bbed2bfc8b18edbd8fa87c7e214e1,1,1,1.0
2cce7bcb57d96eb73eb2fa49de4ba2de,7d382c1e3312c4812845e01dca5b6fc8,1,1,1.0
513a4ee43b161e9e565bf1831cc705f0,c75fb5680989856542a441c1d9e3175c,1,1,1.0
0db7363a1c1cb618bac7b05d8276f7bb,adab55f053f73aa95c41b67a9513cf8e,1,1,1.0
908d9b3ddf294228e1d651a4374aa322,a672a210c738771b15fe1c39f9612f7a,1,1,1.0
00797f371bc0f6adb4d267be541a92da,ebf92f18f7a148f0511a4e532e917e82,1,1,1.0
9c1a26719d8d672bc56afff709c94d3e,a200c0892d6ecc0fe180159be4a61b14,1,1,1.0
3c5ff761d061ce0996eacf738795e760,e45f2a5243076524f9fa34824a58ad15,1,1,1.0
1d14cb6d2345b213a6c066aea89ac8a1,74c71b438f808701e462a6edbd781586,1,1,1.0
7bf62cfb6d429a8c50f2ac2724b28bfc,df1602d39699064d0cec2791acb53bb9,1,1,1.0
1b6d29725255a77667a8c639eeb4ccc0,c6f08f11de7fa6868ef39c298206292d,1,1,1.0
01c15633aa5baf9c6d2685354fd82747,878995c4c85a533aeb77e28e7bfa0edf,1,1,1.0
170c6b75068b2cfbf2bb663966bd7506,1f65b985510dd34cd39d7c91b7663c9d,1,1,1.0
2103246b11bc46ce35756f3a3f32290b,b500d09f227a12798d03911752d1c7d6,1,1,1.0
11e34afed2f0357f6c4d5220228cd167,6aed443e875746822eacf2502f52a778,1,1,1.0
01029c2615eacab8d39f0450e6b0bef3,ea9fba55be5a00eae844f8490ab8ca62,1,1,1.0
149f2922b11ab08538112ff181000710,18ad089aabc02e18b19021194794b9ae,1,1,1.0
ccd3ff872756bebf09119ca802121ccd,e7cdc794d420a4e11194a8ff9b80caec,1,1,1.0
4e8cd1c9fa889e1cd9622b87615d5251,6be2c252a809d3549f9287ae6e2fcfbf,1,1,1.0
27c037b5700d66d3b1ff947b7293a9b5,7f2cda3176dfed4ce878d884bcd62955,1,1,1.0
6e99e7518783af4ac50fa17eccd278b7,f8bcc33767b010cbed31c0eccaac1e3d,1,1,1.0
94c41896e17a558189de6da770eb229d,bea62c1f14378a7c8a9d5c746cd4e188,1,1,1.0
a8296d2daa0c76468d945f281cbe031d,c054a91d51e30816ffa37af660fef903,1,1,1.0
1bf1788a9e4d31061c61c925634002e6,6da08c8703d251e4e843f92b352758b1,1,1,1.0
61343129b5a84f2e32a878927ccdff88,a991e97aea32cb2adefcb9d34968c97b,1,1,1.0
1984d35844b8163e4013976a2ad96170,f5dc702f5cb2bbcf543ecc755729a99c,1,1,1.0
7de55da799876f3835e69fe484c6153d,8781c9fd53cc8eec28b7e9b875cba0cd,1,1,1.0
5a4718628c0b05c0b2871f64caf90842,b64d39d1e77c4d9a7e7d002ad7552178,1,1,1.0
31afa346632ee5f19af09f509b9e4e25,d86e3adc64f2b3144b2b069869a000d6,1,1,1.0
7358b89fc42f4a8e7b178e52f2300b59,b36a28beccc1c78bea1473814736ed9c,1,1,1.0
90c80136382423c4e5a5c128da797b65,9113bbc10bbcdc498c65fcc1b81350a1,1,1,1.0
4d0bd25308e9d7d0a301223f3d814f85,70f386d6a18e4223d58eb9e82781cc6b,1,1,1.0
7aae9564db1f3d4197e8a795a6eaec81,ac3c7067a82f6ecca81065c90fdb932d,1,1,1.0
6f0988e0106f1c58952c50b7ad68e036,c4df1c552768d563946ee1c9a716df55,1,1,1.0
d11188231f75ab0e253fc4cd6dbfd5ee,eae7ab2fc38ab94abc121aebb9185059,1,1,1.0
977f002d10638d866aff55166707c13b,d783ac25156525495cc6bcdae28ccdc3,1,1,1.0
648967ddf3cbf5a5320ebfae8e12e4c2,c94da06bbaed1487abbfff1eeff80638,1,1,1.0
02022a08ed3a2e736777b7b71389c62c,914109f0341b3d9ef93293a76c1fb5c2,1,1,1.0
148861c366c5a8c1c60cdc7690aa7ff7,b7d7b6cdeefc2fe237759cfedd2bdb5a,1,1,1.0
35b67549622f54ea9bef5df8350dc225,73fc98fd5bb8a524a59c0ba479b2ed23,1,1,1.0
39e7e12f9686e91e6d62ca2b4a96926c,7ec5700664d6d858f20c0d108062de10,1,1,1.0
0fe1b6dfbd49aaf2c618ecbb6eaacf7b,4254cd9b3e19107a1ba6e8a1e37fde51,1,1,1.0
0800b40b1751d9f66189ef534f22e03e,4f37f28526c2b7574b3d267adbfc8555,1,1,1.0
37cef7fb8127b7b3f4810de5942df2cd,53d1b48bd9aa8100f30a5a631012ac33,1,1,1.0
119f64639e59ffde66a53dda588b0ee0,a13864ff18b06e8853bfd9d2525ae3b6,1,1,1.0
2fdf57ecfc66761cdc103672f154f6d2,a991e97aea32cb2adefcb9d34968c97b,1,1,1.0
11b336d1a673e4bae7db4ac857415347,2b35e83d758a0ab03ac21e29c2a959f8,1,1,1.0
b6da6ab100de9d85d855bb67aaa2157d,ea45fdfe8aaa3f81604b23a652c49fcf,1,1,1.0
d10c8bcb70ed8f8b0adebd5feb385167,ff51a896842f2bdced342631e2699d49,1,1,1.0
c18287f3d96045bad031c170dd939c74,e7d3203514e1896867c3aaf771bca72f,1,1,1.0
271850b8783a2378c477328f60413b47,5c9295cac81961886a8d3596379e0f52,1,1,1.0
58020f0196c2e407bffe6dde0b3418a8,907d039d303cd597384e37e26cfe798e,1,1,1.0
1705858121e505b099a4eeffaeec4b0e,37e60990b1cc7457fbd2595e85e76da0,1,1,1.0
7ba50edff75214b77f7082278ff258c6,e57a935f49ffd73b93c18eaaa04efa84,1,1,1.0
b4eab7feae43ec5a12b8a46be62e985c,f0dee6e9ea0cd932583052b932a860bc,1,1,1.0
3cc893cf5b4d65901081b898cc87d4b0,3d435b8da024ed08d2e43ecefdf46a9f,1,1,1.0
421ea24d5a52662619471cf08f4e32cc,8530c8225469b717235c2583b209bc7e,1,1,1.0
2433dce3c78ff42f594634545d3ed10c,2dc2f6066939c0128fba16d6e69b33df,1,1,1.0
2a0f96535227947999b8171249b5c0c3,4be5500602a748a39dd1bf67d57a5d6b,1,1,1.0
a4eccccf80e1988ddb8c320acdeac311,b429f454ae59c31efffbce6cf260b267,1,1,1.0
3bb047d7544883956fbd68250f64b63e,dcd6f045ec41863f1c4f923985bc4b30,1,1,1.0
4421b046f190075662bec15e9e379c60,989d0cf1321d9c4490b36b00304f9f5c,1,1,1.0
56838c2e700402f2ceda13992e3b8dad,67c5ff675106e3c5899bce70c5bd5914,1,1,1.0
0e4c314bf70adc07db976ac1131a8d0e,5e2511d76bd86f0fa980d3ba00b14a03,1,1,1.0
889a0bafe9567956da935b03fff1ce45,fbad078fcfca26a3127967e603b94bfe,1,1,1.0
44b8fd6a07abfd7a2bf9a3d698d5cf60,7058c13a5a286283c1053c204c243199,1,1,1.0
be6bd6ef5a586205cf814fae3db71689,fd7db41342c8a939b94a2e924993f84b,1,1,1.0
495ad99889726f38d2a0df657921a832,6b88a221ce37fa2bb4f67acf27e56716,1,1,1.0
57fc5eab82225c8799e739fbd8c4875e,abfcf5294c0a5ee36b722b5773b68c1d,1,1,1.0
8afad1dd7843b0d6e692a5f7c9542aab,ec52024988f3496c0f4ec74c624fc382,1,1,1.0
9aa61c2b9ef42b2fb25755acdf647dcc,a3476a0a75f611b7d6cfd641b8246b71,1,1,1.0
10ff81967c0b118cb0dce61eb430df72,3ee7b9a1a2a20d76750421979a72355a,1,1,1.0
154017ee7b8f95544a8b9885caac75c0,2208d8e665794e6af2dcc9296a880a33,1,1,1.0
68d58c22c1c4c4499f90f0645e7a0c35,98cc69c83f043dde125b693786c0a7d8,1,1,1.0
a157cc6139f181eeedb78e3973b9665c,cdc63dd4d6531beb205c02d0b525225e,1,1,1.0
04a710ba27c70647fb2a4ffc6fe48e43,a63c88e3bd0344de106461ab8a3c3f03,1,1,1.0
3949a019223422cf30a6be3fc82f7982,e7c90d9d21bb5720f0f07a7a3c73fc19,1,1,1.0
b991b7e059c4f9e3743242db138403f7,fb68daff9a009ca8d050e427e84c231e,1,1,1.0
a71cac9f356cfeb9db35061020806212,e5dec9f02fb42b48776376bb3435ddb2,1,1,1.0
26b7f35cd73d0ff446da64bfb54b7c5b,494263a1b3647c57d8414039812ad9c0,1,1,1.0
04bfca470bca6cb201479f0d7a57c7f9,21a9c9dd4248d18bf8edced7762b70ae,1,1,1.0
82cffd5880c953933b9ebe4e4789edd0,a2681e61ce4cd09c84e028a4963812da,1,1,1.0
57018168fd1a28852fe9e22546159edd,c4b92fa23f5aeca36f95b092973eb355,1,1,1.0
100bcfbf3d5a9723b51ea6b5b421e3d5,34471a8e1a3d5425d255efa7d4b06220,1,1,1.0
66294a8f8337cfe28cd01216135e4355,f89560e702ba272e6bc3b7477ead95c7,1,1,1.0
1ac43a7bd76f50561133aee17e22b497,8b4e378f85633a53f78340e5692b8ba7,1,1,1.0
8e47d2ea4964a08fe30cfe024f4039e8,9bf9e8c962ab8bce4daf3ec7d0a59e13,1,1,1.0
3a85db39310d85fe317589a36c16c1a3,77c5e30d4c68a00750922e0819de990e,1,1,1.0
c0b34be03e16c03ae344ada47dfd78a5,df18b55cc16528b438bed221135c2dd5,1,1,1.0
4fbce43c100439f120924bc4ca6340a4,bd0fe98c1a0f09923e42f1619b5d15f9,1,1,1.0
7a9f8e1de055e7a5fe742e4de5c28d19,ad2579a6120182ca84a9853f4a6d3ded,1,1,1.0
1ec10ef3846663625725d95e43231203,d49f11b7331d59d197d96d0660b51bef,1,1,1.0
9ea4cd3819443c9b23090f8eb0fb3a47,ae120a3b9a0e9628f5f08781b0cdf895,1,1,1.0
1141580f2927c2954ecebbb621eafe02,f1c0a99b859f709be78ef0d292178403,1,1,1.0
0b70d1e8e5462729e993c3e82ba3d5f1,a440ac198e3e7e955a1e99fa738b81d1,1,1,1.0
749f894180c39414865a117e748e74f0,bf88edbdba72bfdb8613522c5ea7b323,1,1,1.0
7f01127b1d7b255b673e483fa16e93d8,a4d015be0feb92a1a6f955aa522cd956,1,1,1.0
0d7ec9878ebe4e77c961f11487598826,efa1d06033457a7e39a5fa71201f2b77,1,1,1.0
7599f9837a54b1c8d855a79f334295d7,fee7018ee174ae6480e1d729c567248b,1,1,1.0
35571f8188a21f1fc96da8d7f0c271da,b549673f2c471b17bb000c264dfe252d,1,1,1.0
056c58156ca6fd3d045cb72a9c9f89c0,8502c8109cd30372f8d8e9ca8c2a716a,1,1,1.0
81ab2d44a88b86d8cf38879c3da5e951,b68994d00dd7bdcbb044c8a7f05110ce,1,1,1.0
612db24bd7ec741c98823a46c73aba21,75e4c2f907bb7809e77f060234c93e53,1,1,1.0
8dff9b4552dd014ec5d661e447fbfc4f,fa7295cb95b9b1812445bdf5876f9b57,1,1,1.0
241569f85e7130fad233b7d7bb0b777a,4959db54141eaf0a815b9ab254fcd3c5,1,1,1.0
3100ac181f080ff2a7beb61813c0517e,c2ae5d2676fd65af058a894d9655ec9a,1,1,1.0
d63ed544a506d0b45f36cb55cd01307e,fde3e12f9fc7b5df5946a9c8256afe61,1,1,1.0
8aaa1627d1c9bc4c067ea189493a5205,d3bd02174ce36b3de0d16717771061b8,1,1,1.0
52bd1376c69641bd86be7bc201f6d55c,a36f546abad892a0322ac21fda994db1,1,1,1.0
c4dc77f931ac855b96d35a783ba4b8ae,e764320fcdd6abaf4e20e88f024610f5,1,1,1.0
141f03f949ccbbaab16374ac9fdc2ab0,d7f7552edf5989446012a298ff0d0d9f,1,1,1.0
4656bcd39388089cf4b76ebbf8e05df9,87c8720dd653d75e513555291ab6e4aa,1,1,1.0
50b8f1b2deb925b4dcf09ac30eb85db7,8aedf194847a3675929c24576ddc0c2c,1,1,1.0
25d35c284f65db164db0ad78763aa16b,e7f27438064df83b2bb025f27416aa20,1,1,1.0
077429d0b4ec15bbada7d1317f67273f,a8a049e8e48d57264919233b49f5367f,1,1,1.0
5bb9ad6df9af9994190955a8b9b5b7c1,ba4a18425e63b77721ccd03cbf1fd092,1,1,1.0
987c0da67e68ec3a785ba1d8c608841b,a05b42abd28b0e788776cc00acca82db,1,1,1.0
fa307fa23fc17ba9f53736fe81795ffd,fd4b6a09e6cd02912a6b8a8ce7366a9d,1,1,1.0
131de77ec158711bb0829ebe7945b973,8a1d6a1ec3c9fc445f96ed9e7f646bcc,1,1,1.0
3bbad45a834fd8a6f68ce54460a53f55,c336f25b0edf2e872f0210e30b729b07,1,1,1.0
af6f23ebcfaa795b732ac0a7cd27b302,c926f9749e71e831279c2eb90764b647,1,1,1.0
2d73921f8b657537c34508cc330e022e,eb1f4848156c397ff6d7da148a5af228,1,1,1.0
3617030b47c184af2837f5e5b5ef88ba,afdc1af09e4bd876f0b3e3a73ad0436c,1,1,1.0
6e297c75ef9ee80cbad745dd33977c7d,c8d499fd34360bfb33eb2d7dab386445,1,1,1.0
58920cd5aa8f69847b28e7442950b490,f5ca7a990f90ae27d3a3b8e7564fd7f8,1,1,1.0
3019396e9ec50728d3e1b59ee80b6031,9e69ceeece1f2884daf0c04cc96c5a6d,1,1,1.0
6b6b30db002f73fa32a4bb6cbfe09c46,ebcfea2aa4ee12ae2069e0f49139d419,1,1,1.0
9b02db6dcad15dad9ecf70c0f0ba0373,fb927b0b2ddb2d2bffb5076119a8bc13,1,1,1.0
2fc84002acde07582930c5894670dbd8,5dbd6d83a1f1d7bce6163fe4a1717d28,1,1,1.0
245893d21e95542564c17f06bf854972,7e063d87578c3438c8c086b4d5c93df2,1,1,1.0
0f1057714bc593f65f125ca25d140d17,95f4b915c12f5b61a638f3928d23a89c,1,1,1.0
749996cec950efb90d14df23bfb9cf27,e1b18b20e39206c882a90cd9e8f8efc0,1,1,1.0
9a6ac62957a9c8380f53505bc6763972,dbe0abe1a9e87e27348113fe10a481a5,1,1,1.0
5884f473dc49754fcd3ae19b17466d59,90bc6e6e28acc7d33938b97c961903a6,1,1,1.0
f0e4503675216b3763cac5b231b4c053,f405bb091115b90781b5862127ebd175,1,1,1.0
79b23d9300163e8db6ae01c4d2eb3394,7c98d34afc7a8617042d104c4c316974,1,1,1.0
a436f9751b6bc18408da60101cb961e2,c525d14195dff08d524f31a2ae76d9d9,1,1,1.0
0e991e99c7b6436923a14d437cf2a041,9cd8cab8da2c15b7ef379643caad4a01,1,1,1.0
0d6b9a91ea74552ac4f5fb2fdd2f50d8,f8855cb70f89f8262bcc19fc79695fd4,1,1,1.0
cf54ac73c6be232b3be8e1aaf65db50c,ebeca5aa9c50d3ea149d12fbc28880fe,1,1,1.0
5ccaad2cfe356734f866f8e9171274f2,b7939839a65fa5d44768ed0140e6c4eb,1,1,1.0
2a7e9cd3811dc14840daf1ea5c7279e4,7c1987cd6598d55b54945bb661ddf4cd,1,1,1.0
40e110f621ab9641c7a7b7f9c39f44bf,6680f380f3c92293b4c6a12435d0ebbd,1,1,1.0
e017e385eca212c9245b334a1b500fc2,f82cb85be599c614a9665bb050d03dbb,1,1,1.0
684a5af2fdb1b2f2e74df1660a897e7c,97e42e3e7b1f76dd3c04a0aac41e3173,1,1,1.0
40fdb731f416e141a80418867178b510,b4b1a11b3ee17f1c046b64e52a5a8515,1,1,1.0
af4ccb75d8c6ad4cc37353e13706a43b,b549673f2c471b17bb000c264dfe252d,1,1,1.0
15b37c98751a70255537c02f031d1c8d,28c4cb2b407652ca3bace8041ea748e8,1,1,1.0
a5c38c4617276bde11eaa20396bc0859,f8e88589b06c2c4b721ebea9329b0610,1,1,1.0
211b37b962213af58254f17ccf855d67,d7e2db0715ba40b51fdd33fed28a98a5,1,1,1.0
058d6b83ce3623b02a4eb4e30e7dff81,1b44ad46d1ca52f8f36942a092bfe1a9,1,1,1.0
772eba94f32186c933f571e8cc4e0642,849122934180a2acbf15ce35d9b27bb0,1,1,1.0
391a0503fb6a687f6100a2b45e7dbb1f,4e530668288d2f27a921f337c492dcbd,1,1,1.0
0dd8363b55b6c0635a09dd43297e2291,4e43a8dc4b83f80e615beed495cd2229,1,1,1.0
c2000c6cfbe7491860ebda77f950e934,c8a52462a137f4e87bf55f002bcde6de,1,1,1.0
55e0e853d6dfa404a0d8b1f4d817e94b,73d44418367f9efcd7069592789bd0f5,1,1,1.0
49e2821c4197c236622cf35f9e61fe09,b706b99ff885438d60df12e98ba825fd,1,1,1.0
911800f0c6b6d6292ba173787f3f9ac7,b0276fd6017b7395aa781016653a087b,1,1,1.0
55b3988226b46467f2198fcb33d4bf1b,f9d2057b5d0bf24a8dd0215aea188ab0,1,1,1.0
16427c57a14336e472690a09ce8748fb,5c4fedaba86e0558729f4f82b2d3e144,1,1,1.0
1bc971bb9063045e77e998c939cc394e,4d7abcaa1455cc3661c996d0af652187,1,1,1.0
0bcb0137639d8010c5fc562d96b4af3c,a6613158ea14aa56bfa17e0d5181a735,1,1,1.0
abe6774d11bbd8d320e68ca0f6175975,c1da38f46c9e10f86a672d754b4e561d,1,1,1.0
c33680dce5ea39d46d1f5c3f6c30a120,f9d76db40c0995bce032f17b72900630,1,1,1.0
119f64639e59ffde66a53dda588b0ee0,fb8fa768aa555a031e83ca4cad6cebb6,1,1,1.0
20914a8b341d905207e3de6ed4caa09f,52f6da6e684eb6dc2a1654b5a1faff60,1,1,1.0
cc8a542e6981b02d26c0414316a42e09,fd20fc2b1ff034f4cec1599237797ffb,1,1,1.0
28b8333651c1350cc561dfe5678b0902,e00c4751baab2d9aa03bb8ed66f3413e,1,1,1.0
0aa18d91a45ffe9217122c0e4eaecbbc,42a77730018e7728b57b2b1f7369998d,1,1,1.0
25bddbfb5b46c81561813f2615b6daf7,a14591d44d31cea5b4132c698b961067,1,1,1.0
023269083e9a81d89531aeb436d4a05b,8b785457f8ad52f2448fbb4933797d2c,1,1,1.0
433859f050123271b261cbdf54c6c1b1,d12c7cb919ab7154a0cee8adfcc212a0,1,1,1.0
0d81930f2b411ac415c14d60d3346340,8ef46b26a334f7e1346497fd532d33bc,1,1,1.0
96f2e8c94cb9f68cdb24e9f2c7afbd4d,d31914af35faaba296c94b477f1d3f25,1,1,1.0
14a2bf78b51753a482ddda8df6ccbdd8,26126de5cc6659742c2c9352cf2bd0bc,1,1,1.0
563216a35332cb920e1fe83ba6a7dfba,fc4d5236d1f3130efd90fddf49fe8a7f,1,1,1.0
91c52f2a0dc4b8665cdf1a5a7cc3570f,fd4fbaea0fdd24464c6e1738ce21a5ea,1,1,1.0
b0e40d638230e7b0e8ab05319f75c50c,ec158a6c62c1097f7ed70bb07b837bde,1,1,1.0
2b542e9d53c87acac31bfb965c7c3ae0,8524ee11b088629f32d03cddc64added,1,1,1.0
7058c13a5a286283c1053c204c243199,cd25cc61a230a10b9bca768b5aacd81e,1,1,1.0
0d062c3c954a9f461c2be3e19cb99ae2,fd7c41c28fabc3ff2c039b465bb25a35,1,1,1.0
2ad3e60daba1700dc116ea525e842f28,5b5ce79e2d8f0ab28fbcaa8046087b48,1,1,1.0
2c45e448cbfc3b0c4746ff9c8b2ad93f,8734b412eef4d941fc4a40a22b985071,1,1,1.0
299622c6ade91056dc308a093cb07aa2,30266c20fb8cbf8c5c1b90c76e9c97ba,1,1,1.0
4efdb2c26e4674bd3d71e85471b4fb51,721f14c0ce2bfc34f4e4f52c468e4e06,1,1,1.0
8fd349bd693826a5fd911ba913456f73,e02fcdb28d2cceaf3bc9a3e2280c25d7,1,1,1.0
66558281bfab454b13fe288d5dd79431,b21db9362c8865d3a218bbebbf239bc1,1,1,1.0
86668a08223242da3553a085d47a2cb8,9bdcb4acfd3af0cf10c140cb7fb62ce3,1,1,1.0
0ebafc630782e0a970a68e9fa8d74995,d9aaa8544dd466a3623226d67b722880,1,1,1.0
0b2d0021b09dd4791c0010d4be6e1760,203176d5efdb94633c04cad04377447f,1,1,1.0
2699b1bdee690329303fb2c0aada1c1b,7b3d5e9819f245927a29ccfae22ed449,1,1,1.0
5e67d554b45c2c663b3556df2d8cecae,f2386d53c42789bc093c378dcd3ad36a,1,1,1.0
24df9ead2b870f4facd87f974c05a0fd,8ef46b26a334f7e1346497fd532d33bc,1,1,1.0
bb8958a7635632287327d57b990942bd,f7bcba7f0ebf384ed7e8ad94d7ca8b6e,1,1,1.0
7bc033a7f4aa627db2baf812a4f73122,e16e2890763e32bbd7f79208fae81d86,1,1,1.0
5733ed5885d0b0f2f3bcb9b6e830c7a7,6ba10a800cb22eee680100ec5ef1dc62,1,1,1.0
097ae15fdfd6324caf34dc395545f506,23f614484b8fc679ba0a6b1535620da0,1,1,1.0
1ab7bfeac112d74aa33f56e193ef667e,af0367eaef2463aec1807b755fa083ab,1,1,1.0
c9aa900b01a9ff9be1f80cb4f2819874,f7b223e244004385231a6e4db45a06a9,1,1,1.0
256cba0de7ee638954ea43ddc709a49b,4ff376209add6152358ad7ae10a6f6c1,1,1,1.0
be847fe4f6e13a787013a802021ca9bc,e63d1b81ea1a2cc0a9468c06a4305e09,1,1,1.0
58e59edbd1992e47ac5db1e6eddd4283,8876dc4a50078bf97bd8fd4a3a0b56f0,1,1,1.0
1389cf690748d665807dddc8a0c4936d,39bed5bb702b35f9d4adbcbf28dc072f,1,1,1.0
14e5ef541a960b5424c0b5ca8efb0ab4,fc11e5b57f5d9207e1d3a5f41e0795eb,1,1,1.0
0b5d59d4daa94a3cdb4b083bd0439072,a43e7f33f4690987638de094a4a50e93,1,1,1.0
8a0f2d8291c6c4ee8a491b325bb5b64a,90b6271f1e6be2de606940dba3f4f4b8,1,1,1.0
54f2421a01b0875cd5edf914947bea96,f89a0ec060b6f0d7cf07782993dd5d42,1,1,1.0
36004a09bdcaef55d21f136661aafa86,3ae00120dc6ef7c9b2bd9d255680e721,1,1,1.0
c808481ae340639f3deb6ab4fb5016b7,ce94ae624d25743b5a418886a26f144d,1,1,1.0
2b229b2693dc783259f684b24fcd23a7,aae02b839262ab4090c2cb2ea2e205f8,1,1,1.0
2849324488a981c60e2d96d714acf617,f7160a9c652b910d9771ad9eb2998da2,1,1,1.0
14a73c4d5302cea7e03c075aebcd2f81,846842ddffacb140a0ca1ef4daa033cc,1,1,1.0
1c91bfda3de987458a8b26a4feb9c2fc,84dc3f6d36a6eab4549b01bf8d2fd714,1,1,1.0
8397c072f7fd0a7ef7dc1240d58a0678,a23dca3544b12649079acc1240c7c663,1,1,1.0
e6e91e884603a1ec35c2d931b0ed000c,e81be067a93fc8ca0ecdf19db6242bcd,1,1,1.0
b0d20057abf868736e5d54a1b8dbd028,e30c407b2c1e3e730634996b3c0da9f5,1,1,1.0
0da8a21fd4fb57463c7897ad901c7bf9,bb618097652f60d704f18da17c7ec977,1,1,1.0
8042fad72d0031829f81d15f1b4cca63,f5973d488892107b0b9dd420a70d64c6,1,1,1.0
0fafb6a182c8ff8bd3d55bee7da84c3a,a908688302c2488eb2b24d6ab2c4d7d5,1,1,1.0
af2cd67b99b50a0d167f448681d6c3a5,da3258a80458be49ca080428f6b88a25,1,1,1.0
052ad6288149460cb16d585299139e28,3a8bf1c7983935f6ad77915e139d91be,1,1,1.0
51a3c390fa17c66123f1b700816b111e,ae4d5ef790324529f372468ad53d8952,1,1,1.0
4a9e86881b867accff88f8413a5ee4fe,d8764626d0d43e3f4fb34db9021a46ef,1,1,1.0
46f3f8441baaaa9923a253b6dd0df2e4,9f070a3e9a52bbc35fe2c833660d2330,1,1,1.0
86085586aaa8c5f47ed0b400da64c59d,ccd1e342947650f0c8b3cd9b89a3c8af,1,1,1.0
7924945bec858beb74b38f9e1345d40a,d84a6b03e073a80b99814e42899284fd,1,1,1.0
0085d749fc64f766ece1729464f8039a,6f43a3caf66e172755857e20e4401c7a,1,1,1.0
44b8fd6a07abfd7a2bf9a3d698d5cf60,9d200c4c1445000cec5cc08d6b3b1979,1,1,1.0
24ac2b4327e25baf39f2119e4228976a,26e4f89a31e7097a127cf4c595573c28,1,1,1.0
188d67366ef38cb34c89cf94347a8574,c5a65d154638d2699e01bb8dce88e917,1,1,1.0
037825369fca3cecc1c05ebbce8b7f96,5a96f34f3afcd6af757054cdc60cb877,1,1,1.0
03a16903ce59b2a70fa5641a3ea83199,5bb26f39e62a9ea5bdef94b964f04fa5,1,1,1.0
54cda4f6faa16b619c230cddfd5da778,68700df6aa9a1763631c5f70d6ef64d1,1,1,1.0
979c7ce4919dd462f9cd4ba4608b829e,a6613158ea14aa56bfa17e0d5181a735,1,1,1.0
786c7b9dfd6dff5c802b170d3859c33b,d609facafd88898027f2e3dcd2cd5b6a,1,1,1.0
456aa9b8ae47963b150bdf28ce6a0926,b720bceb1eead5e8409eeed32732ea49,1,1,1.0
138ff1f6d99b817b8af590d49696da7a,19078fff11340346a5660a1776473bb2,1,1,1.0
79c91e24f6c0e6a23e00792c4b815055,a50381d8ac7b457ced2071af9ef0caed,1,1,1.0
662a6fec6786ccf6a59735dfb7979baa,9b2817c1cb60aee6c34dd7e7be21506a,1,1,1.0
47b41b6b40d477ecae62afa16f4359d7,98353c61f5e4456ffbc69a29ffaff78a,1,1,1.0
1006daf2f4f3b40848bdb64d356b4b39,b9bed607d2f030436bc3177ec362d841,1,1,1.0
0104d0840fb6bccc7618c519fbcce1a0,e3297f28e4e7500951b5ef1c4b35c5ce,1,1,1.0
e1a8e606cb2da21d4be728626f3a11b1,e7c999063f89c90e56a025125406f87f,1,1,1.0
1c75b543c8334364d9486bebaf41e29b,7ac97af02f1b3af23fdca333aeda4122,1,1,1.0
3792b591c5fa50a7e1cce6087fd02bec,72b43a3cbfcbf7f7b6c08deed86d7cc7,1,1,1.0
63d008a30add115923da1106e88a11f5,ed8abc098e98f7b927c9f8ab8243d867,1,1,1.0
0dc1fdfbb056ae8f79c53bfe3f2bb173,41d7a050f54d46cc6afff79ff1ac4997,1,1,1.0
3fc30bf5709327985d411df069da8287,a183c677676c01f0b06ed8a8ebdb1ac9,1,1,1.0
6db338b8c4668e9e6045c00f4666cda0,6dc86e0006805cef06e23866562f1ff1,1,1,1.0
2e88d24600a1a49e24bf2363994e1dff,4709f700d732ecc6841b3c33ecb46dd4,1,1,1.0
3921cce6cea68738f49b58a1efa5efe4,a0ba4be3b3162d5c6033725ddd480f42,1,1,1.0
62b1b62058c7572c90f08ec692ff0533,e07bc32087f23e0d27ff1cfb337943d8,1,1,1.0
b5baa582db90d336a8a7a88fb6598a9e,cea01a9cfd5c0493fa5aa04ae0ff1ba5,1,1,1.0
56e8e67775f027f5bd332c62e453db24,d4397835ae287e492b186d497099439a,1,1,1.0
8fc358871ce23a3aef664db8dac068cf,9b21a6a02abbacc376f966a5ec638605,1,1,1.0
971bdcb3edc4371c0b34987a91feac02,9e5fb44b38392e51b5fecabf840a2423,1,1,1.0
915219fa5f275ea30b1607e5dc78ce78,d909efc170e97275cfe65980da6fd7a6,1,1,1.0
910f0afb84bc778e856d3683c7e8a46a,dac4c0ef5692bf93c259a5b264ee9807,1,1,1.0
818c5267380dd59eaf5d3caba3623493,ea27dc06e684b4edf42ed72359531272,1,1,1.0
06e68689519c16fe618873e8e182d298,f14e70852069f3306296aeb226115ab4,1,1,1.0
8b66d8d6eecf85ba83bdc29383d636b6,e0e2e180f7534330d7906c6b87a272ae,1,1,1.0
18f3e31e740f2a60a1d244da878805f2,9f53e8bf1bd9ebd3cbd1b0e9e3257818,1,1,1.0
c852f53ad90fddb4980c602b6474a487,f004c96039b4bd50675d33e34812fcc2,1,1,1.0
204d69d0bd4871eef08a4bfe6831a518,9bad4b41b80bb43afad57032f839451e,1,1,1.0
d7536e2dd23e729efa38bb5c57355483,e953a3ccba6c28d88457c24ea028a7b9,1,1,1.0
ef762e9ac267eceb5bddd89b44a74075,fad2e77bba064ef0e420aae76fb3eea1,1,1,1.0
c8e1cd9cdfef5a269b059c117a0f244d,f2bcc6ad1bb400ff8d1ed1b570f01348,1,1,1.0
4e42f5dd11f3b39f9994e12b20f10b4d,50609e29fa34165bb9fdaa5f79b2cfb7,1,1,1.0
822c92cf032be0f44169eee5d1bc15de,9171ae6db03a687951df506cf9fb72fa,1,1,1.0
498af54af9a5c8e436b2c97c408da48f,ec0684fb0d0fab4e257d758cf523572c,1,1,1.0
ad5a11650a4ba035375c2de78024d338,c815b76f660ba8f6bee4578d64ee9318,1,1,1.0
3f1696ddc8b0b1091190ce0fa1aecde3,89b4bdf3c35096d8da5e0c3ee606e96d,1,1,1.0
889a0bafe9567956da935b03fff1ce45,932fdea469902e1012e36c4510356e66,1,1,1.0
82bbfd611198a89d2be66389d603e4ba,9bde95ea1c0fc21776b2fe114807c556,1,1,1.0
4153163515e1dc07e02777b45b79121a,c78fddb6f257881a62b4de591bb5a1f1,1,1,1.0
41487caaa39c2f189e745d0291c0f873,a5eb986c3d4aeb4c4c841118a02f6a9a,1,1,1.0
3f4edf3af6479d3db9e717c510ec59ab,81dea9a8d236dcc15823cc53f0eff2bf,1,1,1.0
3b77909bfca56bb59872359d7586f8ef,89325436d09d60572f85ec97270ed9a8,1,1,1.0
a6b7bed1a909c5cb063d0c61dc10f593,e13a3db531d2a3ccdf7886e75ef8f752,1,1,1.0
d3bf1bc92a7797c8de91897bb0e0b3a4,fbaa308077169325fe1bcd0b05094984,1,1,1.0
284d2eeffc71e4a5eb32b22deec74c71,4421b046f190075662bec15e9e379c60,1,1,1.0
0ce5aea106c765c0d7baa950fa29544b,f5b96958fbb9b445d8c03401fe2d8bb5,1,1,1.0
18d74c0ec7d4dece2cac2f292823a5a6,62bc52576b7c3dd70b058fe576093165,1,1,1.0
2e814a751f137ac371d303481b3711af,4bdcdfb56a556bcae9566c084d959ce8,1,1,1.0
3e49e0b73e8398a32a929c8c3048e9bb,e1a10bb61c0b6bf6b7e3c1589ebeb3cf,1,1,1.0
3132d86f62f32c88fd171f0a25012699,cffde569725a574542b11dfdc2b9d054,1,1,1.0
1c033aec1cee02a6cacc7b228f69667d,e45f2a5243076524f9fa34824a58ad15,1,1,1.0
0b08d01a339342b612080ef1cb877fd6,666ffb10cccacedbca81902616a4e09b,1,1,1.0
66350a169302276ecc95167365b44a54,ef78ac6c1ec24fc4bfc2a750471f1421,1,1,1.0
4acc0fb9699727463a16e94be5670204,c9e24d1044102ec9b590df097e3dcdc0,1,1,1.0
53ecde7937525354e79b73d18bd34e1f,adbf5238a6bfd691119b986323f042ca,1,1,1.0
c7b5bf93064681e82c7ba602c7a28837,f4ec1b47a4e08fd853abe5c45f53bb37,1,1,1.0
4c096e282cd51cae8c2f4e6dbe41cc87,e59f8d1e716e53d3abd8c08169a49448,1,1,1.0
65fb677b2468e81b4620a5d17957db08,99ffe96d009a803ddc2e0a99d5c5c6c1,1,1,1.0
e4025408ba57e781abfdf15b04f0f640,f883c98cb767e658c5b0e92b3ad65285,1,1,1.0
8ac7bb3fc186c6606dc0ef6d8ac77569,e0bfebe882e90e821daffcf74257b046,1,1,1.0
824894bf9b51f6b4ae907a863ef061ac,d4161433b4b238a0c36242cc91c9f5a4,1,1,1.0
08757efd409ffae44fa531f49b144b2c,e18182c0ce568de398acb620835e9710,1,1,1.0
8c2eebe63608c121bdc6c775fb96b6a7,a4d88b87369fd8065cb8a8af74cf82f9,1,1,1.0
3ac85ec3c4d4071a896eb175c9c2e495,c574ecf69ca7ba500c1b9d4e27fffe1b,1,1,1.0
3fed79a43b6e656d60902b3f30049c70,bf50b25d445109a6f90c260697ea8216,1,1,1.0
8a2fbd75f6a200c72e462a23f47c8373,fe856d7e322242cbfd59ab1cfcc78066,1,1,1.0
a2f711878a3c6cb0b01b6b5f69d1d035,fec7a82bf0a3cbc694694ab4929327ee,1,1,1.0
28fd13ff21ae041e65609843d3ab61f3,e5e9da3a61436d34efc3250a52495330,1,1,1.0
52bd02ee1300199c1799ea9b048ac5a7,96ce84a0928a2c30822e103a8f4ac5db,1,1,1.0
13b588da91760a6e28ec9e0e1a2b414e,210fb82bb4e342c281f8b7014d878914,1,1,1.0
c7bae64c6670682dc01fe9295ce22563,f2888c99e7541004b991e6216880ac86,1,1,1.0
22c31e2da26496380778b5052bd4623b,8b785457f8ad52f2448fbb4933797d2c,1,1,1.0
64ec22ca5360b0d710270ffcfbf5f550,757748a61826463bff1c7a8279ff6b1d,1,1,1.0
9618a533709845ae6707db5acfe31ab4,c7812cfe537709c2a2dc3bfc30a3cba9,1,1,1.0
4071d48a2d0d0bf179c06fc42b962e1f,bb8301515a08756fc7785fc57e713feb,1,1,1.0
06b041f2db357e073b00599455935f27,139fb3595e26482b7aa26fd3b0dc0a97,1,1,1.0
5a794d8426fff5c898fada607ca62c1d,e0db405a62c796b1ac439c778de5e2f1,1,1,1.0
6a711f9219386f50d6d4258bd4d2a680,b6946c3ac9f79bb4333b6f739e451176,1,1,1.0
3e6699f696aa8fc148d34069ee2ee717,f0e5cfb9219e168895e03ed49c20043a,1,1,1.0
5a2cb558cd7a1f5ff0a0c9014a8022e4,a622d011cb10060dd3ea9132c44f405f,1,1,1.0
020aa2d69bca8c7a0b3da5f8e602c26d,f3914fdcecde6f1e5a93a60f476629cf,1,1,1.0
648967ddf3cbf5a5320ebfae8e12e4c2,9a3c5a07ea898d9062cb845b298bb14a,1,1,1.0
527f7f3237fb1397c459701bc765b6f0,b3c45ba56e29a396943783b4a80785fc,1,1,1.0
56d135759a88fc2e417de0926a4bf09e,6bc183381b1f2a06874a43229952f95b,1,1,1.0
0933b4e8c35afe40e5d434a897cfed9d,dc6870f2da15c0651516051df0e768bc,1,1,1.0
cf284d76da3e8a82e869e5bc424cbe83,d02cd251d19072e5117a5e900bc60f78,1,1,1.0
0fe1b6dfbd49aaf2c618ecbb6eaacf7b,c143cec5225978d71e218834a2c37920,1,1,1.0
35a537b3d1e5b3ec614e38cb3726d59c,f4a1113ec504e8b0f2e381dbed177712,1,1,1.0
28be3bd4177073ca196b0102d98c362b,d60a2f23557ba7c63bd1be0c3a9df384,1,1,1.0
2b57b9cf10e96a6799f420d508d2d6bd,8cf98fbd02b0efdde35bbc7aab39764a,1,1,1.0
b55928692d81fc9ba199430273d35c10,d0617e96d9e1d5a652ebd86dff10d557,1,1,1.0
8c26a77dccfb9de3ea9e36048b53a09c,ef473761105b90c05402d43c9bf26def,1,1,1.0
21fcbc59c0a5880d585d2968eaebbafb,ac7825d0351ddc79e8500519c868e8de,1,1,1.0
c3db13a5e90ea5c1ab6ca4ae7f53b437,ea47bf07d22746280af63667a8ba2d20,1,1,1.0
c89baff4e3b659c48ebff23a7767799b,f19249a53598cea069499da4690c7a94,1,1,1.0
94183723d784d37f33a1f6dd09ac7567,9f54b233b9ad5b53537a0eea4b718ed6,1,1,1.0
0db51d5f328701ad563f7cca6b3b73d1,32fd2eb152c94d2db5fdbbb78d6e0c50,1,1,1.0
3ae2dc07ed3ebb93b0f6c47bfdea45bf,b9f13db702f9678ebc2c84c10d4a06b7,1,1,1.0
580ede5a44a53752cbfe26f593e4136a,b4d6e1b900d99b52e901860bc1f44e35,1,1,1.0
8d384d9d49defe554f47b8186a206803,9bd5b3ebc783033a18f5ca69ec2727c3,1,1,1.0
362f53537d0025a9258a595596f710da,a89fe4bf01e67497dd3b1aaa9a43f41d,1,1,1.0
b4164b841c4e53cf0ee72a5f9096d420,c53ce3ba8ff312a42491da9656b8f6d4,1,1,1.0
db05c37f1b35564419adfe2e2ab2f0f2,e5b8b471a09bbe9a952727f5aca64b78,1,1,1.0
0a62ae425772a001e2b3d3eb810f810e,a7c51352795b68e880d4ca685a631e83,1,1,1.0
b05d90572ee8f4ea44d1bc7dd09b33c3,ebcabf25f7c1fe3f0b1dc696cb94f1e7,1,1,1.0
b38b0ec7d754b2d5e31f854185ef6c01,b496a7b69bb36b2db22e69121824b7d1,1,1,1.0
b75240cef5e5899733713fc4c9f4206c,ed2f468aa669d96f99c1dd75a3d0862c,1,1,1.0
3e83bc4de5571b60dc331cf087920207,80aa16f20352ba2178f28a2454796061,1,1,1.0
81f08296bfd8ca38b50fc96163880b03,d73c3cf4a0922ece1176bd40eb76ac50,1,1,1.0
2536a4c43bcd30e6e1f5188b2c781437,7193dd1818cc6c9a6e21276c13a5768b,1,1,1.0
9785e169d9bae3ff57ed05d36a5ad11d,b5888ddd6375b6eb28e07d26a8dd75e3,1,1,1.0
61fe2788dabfd25dcb423cdf82eabf7c,715f90d43334e54a29bb233e7687f65c,1,1,1.0
4b4e6199c7c6bb267b2f53dbc2f2606a,ea878b525d175476e7cf516a08e355c2,1,1,1.0
220eab5a5583419cbe92c023d67eb382,ed4e506d123392094f41f8eb2a9cd5dc,1,1,1.0
15587751b2c24cdac1dd1c8b4647d55f,fdfc8e52821e53dc5fd8f8d03c043c8c,1,1,1.0
6e5707f17296f7f8b167406b902e0643,793a2a2a73c49151a89114a7871eb1f2,1,1,1.0
190d1e49534d839d6db2880759d8e40f,3e084c2b3948e5beff170f89a2e9b653,1,1,1.0
4d85336a73fdb043292adfffbeb80486,7ad532c60d740e7278dd3e2197a8dfdf,1,1,1.0
66281411321f598e4de5c7057fdfa0a1,75ffa152d6cc2ce2cac5397f2d8a133b,1,1,1.0
d75853773ed8f059ea0bec90ee874b64,f8fe45798e3231a7deea8a816a2c7d8f,1,1,1.0
74f1cb6900dadb1afca23c04643b06ce,ba1fe3dc6ce8decbdac878b67f4a23c0,1,1,1.0
3e4bda3508f163eb549f0f146b08ed7f,d00e958d2e4f52203dcfb1d1a0e16400,1,1,1.0
57086e0cbfd1043970a067d8affe54f6,57833eaf6bb465fd6d9ab499ffbc2ba7,1,1,1.0
4ab734257fb3a7e0ba87961169cb17e5,6bd41f0cf93d8d32bac60b824e5370e8,1,1,1.0
3bacc97825707a6238ffc0a7225643f6,48932180a853ca54fd808eacb1c15d1b,1,1,1.0
0874cecfab8aecc80ae065af07035e5b,c75faed9d836e194e6794d9471b8d1a2,1,1,1.0
47785f23f38b208f70c7bcc32c282953,fa47a4f98e223465e39628dbbe6ecd00,1,1,1.0
8df90f3c2baf58eb80e804c7567e467f,c46ab3da89e5a14bd17c65fa2cad9b76,1,1,1.0
5e67d554b45c2c663b3556df2d8cecae,6cb48842b3e037bfaf046b60186b3a49,1,1,1.0
12882d8fdcf1d98bf3b3ca375438a339,22970a5a17bba78ac85eeb8aeac73615,1,1,1.0
2270fffd5ea1e1f8331e204028591385,c76cf0c767fc5f662a877e80780e63e5,1,1,1.0
353e6391a4bc29cb187094eb2b7cd301,d1708d7d1e8a5d80f95cc400e6429eb4,1,1,1.0
4e29a226c7ad83c1738c1a0188328ee1,edf9c3ab4bd551f0d17fdd288841c8b8,1,1,1.0
94ab479efeae0b99060996d25748afbd,987d5b010e191df912565bf4380c4000,1,1,1.0
27aacd37c12bc685a275af86f14d2c23,7636a32fe04dd56f6e5c00431009bffa,1,1,1.0
6e19dd0c556de077b009869e2602e1b6,aeacbf096e13c15e194a027a97fcd4b4,1,1,1.0
616d5e771bded90788a256982aa9ce5e,f22ba444813c7bd9f480dc46e9a1557c,1,1,1.0
57d18bc844672c5fbe879446bc1bb0c9,faaada5047472d31f7c6cbffda4b8ee8,1,1,1.0
62669ce403a28aeef18e23bcf343f27b,92e30f5f39b91d3056988747521a9789,1,1,1.0
6239031aefb6e819108331e66ecbca75,9a74735754d42a0593bcf6356ab369e2,1,1,1.0
b5f9e64d3695a5af924e9906a9644593,f411e629562709be496c105c033c6b4e,1,1,1.0
d03f7e8e22b8a0e58eeb433ff0de1954,fc57c67b40be8cafee83b482391654cb,1,1,1.0
0bcb3aaad5749c9a59a54d772d44e83a,ca03193933237061f64b886c1410dad2,1,1,1.0
0950a89e2269d0042c403550ac89a787,23fbdcbbfd86349035c065caef8d44a9,1,1,1.0
b77cf9f85d67e9444d70956a8251e548,d0d4b3f21b0a9f1768fc7e8555e6feee,1,1,1.0
508a0ed9319d4924783cd9e4829fe655,a1edee13974273a7dac3535faf658a9f,1,1,1.0
5e652c34270c948f1d1b98b66481811a,9705a67d7c80c572399ed29b112b3295,1,1,1.0
696a2f1950c88be3239b808d2fa0e35f,7b47476bd22d79e6c7989cde5164b31c,1,1,1.0
7058c13a5a286283c1053c204c243199,ddd2a66e1bed772e7549a4343472c252,1,1,1.0
9171ae6db03a687951df506cf9fb72fa,aba5e6574122629e4f00bff233170a3b,1,1,1.0
80df9ba2947139c1a4086f2438579f70,c7121b2b9e81d55122e3d7a0e2b4202e,1,1,1.0
0b0bf652a00ac3369f72ed445286c666,575523447cb7272877b2840e4a4efb59,1,1,1.0
9e092289dbc85a5311191378937ad0d9,c709b6439ea86ca26d42dbf8053f9f68,1,1,1.0
90bf31428610d8297cf6e27fe70da525,cd48bf88423affa44f96b254ce5e6dd2,1,1,1.0
8bb58575ed9d6156e20aa9ddf05491df,ad44ed0a6279fce24edb330bd08e6701,1,1,1.0
e060df3099d550d647a82326badf63fe,f05124f0cbc15a2a4ab35a06cb86b9c0,1,1,1.0
3f1f19725af07b0bbe4faf86e6089c5b,5d5acf765f149414a3dc780bdade1ca3,1,1,1.0
5427d774c25f4b117d165848129fd623,75bf18850557594bbdb54271b5612310,1,1,1.0
3ec9da608c4f401bb678f212a984393b,f898e7cd83510e72ef5b30a1008e55ea,1,1,1.0
9e36bbbf93c3c8bb9b0a7efca22ec80b,edbc2f56894c90c51988c7e54779f6aa,1,1,1.0
2d915b9db634ef772a177e5aa1075c3f,a3b604670572162b5f9fecffaab090ce,1,1,1.0
b525df1095f360e960ac9f55ac921cd9,b9f3daaf766fa1f2d111eb6b8bf8eeba,1,1,1.0
289c9eae9868f35dec79494355e74418,4d0bd25308e9d7d0a301223f3d814f85,1,1,1.0
2f800e29b4beb4dc341a388c0f669675,b0c349820985b658bd337d5e317e7e84,1,1,1.0
8a47d01387dc3f09ea5e467fa852b9da,d18e5db8ac1d75ef705db46fac25e546,1,1,1.0
14683037215f45070fab7738a7c8470b,22daa0fcc20de39e50c5dfc10c0c953b,1,1,1.0
417b98a93fc15c1ba7dd4beeb9f5cee5,dbef23605a05b01df0a82fa9d66c90cb,1,1,1.0
9d76b296f0e28b469bdbf08b32aaed94,bcf958b042ece5fd995de0dabb3abf56,1,1,1.0
120c80fd3ef1f24d1a364d88a3be7dfb,574eca8aac95f1f947e3bbc2564d1e9d,1,1,1.0
208a127c790f3aa6b6ae229acfae97da,ce26bcc126789faf8d51fa4cc4f0d407,1,1,1.0
2f1df0258f03c0b59eee70e85ad4d925,c7392502d34b8a5b56dc2b063722a28d,1,1,1.0
59bce16833989b11ae38fac262b8c65e,a67fecd4801b668a6f99946a13333c61,1,1,1.0
710e6d9af622bf1b64b2ae24d6880955,cc35f31069218feda2996b0f96eafe79,1,1,1.0
0ae044df047fabb8dc544efa97837629,f8b712366ae5b77edf34dbb5c5c8692c,1,1,1.0
9cfcb2c9c4423f2101d813fbc8d52331,d4678a9e957390b9c150496e4edc3124,1,1,1.0
2385022f396a4576e03f4029beef4004,69fd82c47791a3416cf03e1675294a28,1,1,1.0
3f33aca1d4958e32fdf3408ff6f98c13,85540b3715724c97bcde884a95f8d5b7,1,1,1.0
61f37e13b99dae825118a5003486b934,ee14b494d75d6bfdfb18c3456f37ee2f,1,1,1.0
8b7a01afa2051d509ddd0d2b20dfd120,d32b8ac3cc18fb9f8430e8bb907b3078,1,1,1.0
d1cd85b1f829aff3f1b0376222b014a6,f9279d6e21053d0ca015c69de903b453,1,1,1.0
2d837b788425035e699238cfebff0166,b0ba131e329d93638282d082f5199737,1,1,1.0
328c2d1a92734aca8653ad081d82fa3b,4397cdacb59ba0ceee5f45401a8ba313,1,1,1.0
4040fee2ac5e5335a8059e297ff1ecd6,eb5301eb7c5e2cb69a7baa5909173f1c,1,1,1.0
11ad503b8e74d5271a35202d2fc2a1ab,c263ffe67f934e522d0a4cc6e8c7ff8d,1,1,1.0
256c321af58ca588b5af1b46e42b0fb2,f75bc8b1aa3841ba66a6cf79255d3486,1,1,1.0
047b974b874ad791f0e3e56a13419e93,d36b724da4955220c092763d397fe528,1,1,1.0
8b3ee20a0ddfa49f0a3fd762cd623282,b591f5bf6d3e9cdf40f968adf9ce2748,1,1,1.0
00c605c0bfa39610b994c18f822a6d5a,adab55f053f73aa95c41b67a9513cf8e,1,1,1.0
0871cdc137d59bfafc74622d707da77b,360fc42ad3c20f9d0e1186b830735382,1,1,1.0
1f97200bf757bf93f1ca744a90b1df1b,1fc4b1301c31a5843f2a0b3600c4f208,1,1,1.0
0adb179862977c93a9db8246e5e35970,49bbdba74838070fe0bdc269cf217cde,1,1,1.0
924a005e5a757eebb101239222d99467,fdbe9abd8e36c2606144570edc51b24f,1,1,1.0
7dddd924d92a307ffa2261b855b4ac27,b1638e7927b982cfe4f93d38a30e6700,1,1,1.0
6062db3c28f344c28ece2698c5061cf1,9bfc8a5961fa0f59efab5ebba218004b,1,1,1.0
6809aa2f1ac30ca945cc05e73aa99e18,f4b9f65e834353f9aa53e75c39097923,1,1,1.0
0a8b91bcda2e8a617d07e50b0fe963c0,100813d2b9d49dde35437f621898f50a,1,1,1.0
1f3616d9b523b79b9db2d9a1c83133b1,a96d5cfa0d3181817e2b946f921ea021,1,1,1.0
60b8395018e55124548d780d23b9c02d,6bcd85a35af3d6d244b6494062b825c7,1,1,1.0
02baf2ab49104d32faca025ace4fc9fa,0ce0b9a5ebce3d6b709b4a1c02ff7915,1,1,1.0
a75a727ecfe8c0296c2c816633e64fc2,cd01cdac9dfb56b2b6484497bbceb0cd,1,1,1.0
31dfbc935e91c88c9670960adc969234,9fd78e7df3488fd8e24ccc627acc38ef,1,1,1.0
152a803f01c1cf2f04a0ffc8b42a6fa1,45b98d22391bfd262db44b1c4085f76f,1,1,1.0
2a92f4fe4b7cab5cff814bd88149cb6d,c1bde6763b9bddba67ab058777cbeff5,1,1,1.0
959f4001c949d2e995b59f384aa181ae,964c3e09819399f8ed3e589a1c9a95e8,1,1,1.0
9f857d47964b577091ea73ec9d5b9e99,de12f7e59f4513ab89285567520282fe,1,1,1.0
14d405a7e7d12c7059931c3551de5ae8,db424097d7f1a7bd8ea20afa765f0e05,1,1,1.0
1e4fbcb877326ab9d4ca496a8687e6d1,8867d0789d37cb74fd4ca9333f5e3750,1,1,1.0
7cd0ec44d3c020fa2f62379fd2b9e1ee,fcac5c45ae137a12df98dfaab874de3c,1,1,1.0
7058c13a5a286283c1053c204c243199,88cfa66b93eef91293b73b44addaee71,1,1,1.0
ad5a11650a4ba035375c2de78024d338,b9adc8737de57264a2899e33dbb78dc0,1,1,1.0
1d10e9766571f592bb56ce7f0fe2ea73,42cdb3e67d206b25a442700f2d07fb52,1,1,1.0
ec5a45d69850a961eaa102bb9460e910,f923b1574da0d99a5e27e7ad1de64cf9,1,1,1.0
294ca425012a525f935fcf48fef113b4,fd6114e7642803497bc0c827fe847f64,1,1,1.0
2ba177926f4acf1634e1227b4446e6fd,ae03d9bc60ea9a4254380f51832185de,1,1,1.0
99931a2b84e283bf84983b800bac2509,d81c9733d8705744518cd8d2e1be4460,1,1,1.0
cc600bdf917663330ad986092b9cb8f5,e50ccdded0b256507ad0cb4b9e0fd8ec,1,1,1.0
37f62f45f4aa355b059db858a29fc606,9d07108454ac139ee5523f8776a7a36c,1,1,1.0
48c655d5e21d048036b3f6dfd8f1a500,ac3050d2558a5f7dea93f62916bb38bb,1,1,1.0
e45746a1b5cce291f9275e77b833eeb1,fe4ce4aa8ec7005ff315a8bf0c582c6b,1,1,1.0
1fa22083bdc82971e0f2ada59064984e,a070cad67f4e6aec6c2efddec1444258,1,1,1.0
58a36e5c8a6ee775b3560452f7daa02e,80bba7ff944c475b0d217e1e5f1c0488,1,1,1.0
4dc7a7dd7dd952e7c491d95a7cc3668b,fcfbf5e1af0aca3119296ab84a4096a9,1,1,1.0
092232fb3902fb912c80531bc1460f75,371731a0c38d36355c9391a2050e46ea,1,1,1.0
a2de395141e65ad3d059a19c67c497bd,d7ad4446f5142b38e6257875b14485a6,1,1,1.0
1163721cb0f5178d87f7f7acce41d9a6,4dfa664ad35b6339d354f3b932466299,1,1,1.0
850c2630c733f79420a04b5c946c6b52,a24799ffe87b5934c95792755e6d688c,1,1,1.0
384ffc528dd30fd49eff3dda9f00ce86,7ec5700664d6d858f20c0d108062de10,1,1,1.0
b032eb4f89573f4421aeee6d871f5150,f39c3ad6a39afe38f5e885d72d772f0e,1,1,1.0
709186ca4808194e038524f227148830,de77fdb5b021bf7600e50591f2834338,1,1,1.0
239be1731e7db8468232e091af920ad1,8d6ad7bcf10f8952e05cc715c8877b72,1,1,1.0
0c77ec2968933d58ee81f2e59d8b0ee3,c30772dc02e182f555db4b042efdb110,1,1,1.0
742db6181340c9241138cb46365dabaf,eb7cfc50754f21b955a078be34efe076,1,1,1.0
47536cd28cca4c60e0a137015f51eced,e96ea4cb3453ea98a7d774de540651e6,1,1,1.0
52bd1376c69641bd86be7bc201f6d55c,89e86b0aa3c81c04fa88fa67030f1eae,1,1,1.0
24bb50e3ea35adf9a12adc0a440563d0,d90031bbdcf662086f01f8bba0ffa51f,1,1,1.0
7b49b7bf6b00c833bcb7436987ccb511,aab7b1bac22bbdd1444b28a6e10ba4ce,1,1,1.0
35e410adc25fe96c55082bd4bb2daba2,e3e3aea25fbe50f00d7e7ddecc9ba96a,1,1,1.0
3edb4054ab915a9e3ff74ec855f40c41,82f04f173a9cea307a6e19dad330b86c,1,1,1.0
3984338a848b2858b7d4049a5d66f26c,e1ea386ca075b353d9391bdf9e4232ac,1,1,1.0
b1b07cdb9a53be2cc167513531cd092f,d07d8ca6888b515030c72a0515356afc,1,1,1.0
c4200f291eb0d916c376b5f75d0597b3,e02fcdb28d2cceaf3bc9a3e2280c25d7,1,1,1.0
264f33eb52366d6efeae97a7de43a1e6,dd56e2fdd5adea5f83d1344617ba8967,1,1,1.0
daa568f5999003d872a237be0434b499,e82c14aaa06f6511fa17a775101df09c,1,1,1.0
15cfc80189a1e3899b876f17d09c48a5,59b0e7e6b1f155454156a1bda0e97e2a,1,1,1.0
5b74d241fd9d33618a011bafe4bda914,81f15c3d31946bb70742cd4407307439,1,1,1.0
0bd020b4778c035db3cc161e69e6d0aa,0da8a21fd4fb57463c7897ad901c7bf9,1,1,1.0
98105ec8c5b1d6f49921afd36e32c8e0,e4da0e4af27c1383cfb6505e439b07df,1,1,1.0
503055e262756581eb9598f07466e485,c8a34de808d9360584d35871fc1b2d93,1,1,1.0
c325d123fdea8b29701a0a93c7955ca0,d3f1ead3cd741b5b4848dd935915a73b,1,1,1.0
506757f1ee920b708b4d8820c28c4269,f3ed27670a94de4b074661b65f9880c1,1,1,1.0
83dfca2919ddba85316605281759bb90,bbd65b8d05059eb992faa0208fab2e0d,1,1,1.0
2e2ac9b487e03daa3fab4888dd4c5c23,4075675c06e08a380daf50d5e0ddba78,1,1,1.0
0aff838d826afd9c11d8d35f114c0505,f0f25e4076f56c818856f368f7928ae7,1,1,1.0
85f3facff98f4dea43b15629933ca91d,c9b9e60e5338143a868611fd96e30b8f,1,1,1.0
26cad9c9ba313f4f4883570a88f5460c,f499e2267aa2b626fde8602746d1a299,1,1,1.0
81842ed372f4a8873582eac1ed85f51b,f8dbdfd7b657946bf71282c2be8bb985,1,1,1.0
5845b41bddaacd811212e437476a2152,a85bae6cc86c3f49c610c406fb6eb0fe,1,1,1.0
7cf6ad5293836d05e22afaa6accf18bc,8a45b5f361bc5fa571afc8e171f1fdb0,1,1,1.0
9a9ca2ba7c7df7918e058df64a36c739,a7d9ac6a56705e3c7e6fd345d233f472,1,1,1.0
460cd758614a0be9739d2f8d9bc1494d,55bb91a06e34d43837b86890e1c9a217,1,1,1.0
7e0817d37d7dce9656abe2490b5b47cf,c5cc0c3d16da93d503a239a65812adae,1,1,1.0
6861bf3b9c1de73050f828c913ba3505,b47f69a54f1726fa129d71a9b37b7c12,1,1,1.0
43e979a3439766ff0204f6f0ec74b9bf,6be2c252a809d3549f9287ae6e2fcfbf,1,1,1.0
0ce241b0c2193bbd8386fac69b03d104,d54209ee18029b7f1a40a372d1c909a1,1,1,1.0
15c9f1f3d32d5226f79571a100a8f7fe,5560049dcc51210c55bdad8164810ce6,1,1,1.0
5d015eb911244b84cf8b5aedc7fd6f04,62f542ed08eee27ee1f1e2de04886ee8,1,1,1.0
5a7af3a806a1f677177c71250708fbfd,aaa5346df3cc01e29402dc6c156557c3,1,1,1.0
3485cd46fbf0423dd04f61dd9d0e5d7e,dc011171327975b1279ca5bc4340e9ad,1,1,1.0
52f363e552b7f70d376e9d365b87fb88,813fdbc692f1b60aaa49e6f2d27e4aa9,1,1,1.0
a39d1d1c60d50d29917037ad922ec1aa,b579f0174ebac4c6a6f4bfbdeae79770,1,1,1.0
8a9901d658757e112469577ff443ae8e,e68bedb89b38167b903fb56e8cae1568,1,1,1.0
73a03e843555993655fd18215597aad5,fc0aa87e3c2c13a4166152567bab1de8,1,1,1.0
efc22e67476ebf4cd3b0ca9600e1b137,f913da7929a5d5dd230647c22c46fd5e,1,1,1.0
2af65d0f2938791be476dab232a23c43,35052a34c8cddade15549afde5580e83,1,1,1.0
37ec08e06d66c70f51e02c2e078e31d4,ee85e754a2564a0e5ead5d2e06fb93f6,1,1,1.0
4878bbbae3c355a212f5a629ff9e4576,c2c2e11a5d4fa8be8c59a922978b8115,1,1,1.0
7e4ecd0fe41e1c98597eaedf447e2347,e32e9ffa72fe957a48b8c21d9576eb63,1,1,1.0
6d06583742c138d70b952a6f5f4fd62c,8e7b6c489f1fe794c0ca58c80868a24b,1,1,1.0
29a3864fba872cf894be7ffadc1dc8b8,7030164c13386d397107bfdf15f3814f,1,1,1.0
e45f2a5243076524f9fa34824a58ad15,ef3925178975e16f70808ac3b5cf62c6,1,1,1.0
70bb8d40cce49a25b570533ee5ac3d28,b3dbfe5e816d601197376c507a4fff14,1,1,1.0
4545b0c7d81d1d91c5e20ad16ae8111a,d2ee49341d6dd6b0629439c63a84a4a8,1,1,1.0
6a1250106d0de8395377553e4dd2b5fc,96b5aafd242ce556960678bf8d654fc8,1,1,1.0
710e6d9af622bf1b64b2ae24d6880955,abf6d955a4d49c5816aa0ec96d17a2d6,1,1,1.0
2fc1f00a492a9ebbbbadc1b5e3a540e5,4990cf097332c6c25b6679087237f7c0,1,1,1.0
346554e2c119539266cb49f9671dbbe2,90c80136382423c4e5a5c128da797b65,1,1,1.0
2df75a8117cee664a9c8dc4b6cee1843,c7449e6c16701ff9d155ed609ca7820a,1,1,1.0
9b9f4f4f7f821de059a96aa761b1b642,fd3a13c97274ff36f612acbb8e7a899d,1,1,1.0
1b86bd501d916b3c67a5dbfe7f49af47,46f5d269affee0ce83e818ee3cb02e57,1,1,1.0
213dc56df4763e3150c5972390f9b2e4,a3805e7cc6bf9c7dc7589fc59ce0a1b6,1,1,1.0
5663c2758eb1402dda352026f363a0b6,b1154cb6531798276e4b3ef2f7060ea0,1,1,1.0
67f94fbff43f0b69fce6bdd314608802,e381cb43883a47966ddd2bec427bb995,1,1,1.0
65deddddcd63124f257e32576777682b,ae96f701e06ef9eccded6b629b00500c,1,1,1.0
3b1a33efc09a4d8df157d8c9b4968bab,5fc1e59a07212b7005468f6e080d667c,1,1,1.0
0145bfdfe85402b2249c7437bd297a07,93300278f15871e42b218ed723754fc9,1,1,1.0
6a583f4c6790a4c8330beb7612e17f42,7b35fb694a1c478f507173167fbe234e,1,1,1.0
08c4efad5ff7abf5c1b5745a45730ab2,60cd70ead1c439734f3f009eb4e7b6ed,1,1,1.0
49267d6c9f05e0ce2ea2bf94365d3c4c,b87155c5a81fed027e17765f111875ca,1,1,1.0
07124ebbabe334f7b0cb2e7ec78bf00f,fecd3f14e9003422054930ab386be8a9,1,1,1.0
94939fd11ba6e9d9891ad1eef88c4b7c,beb0c30d2267b86db97d0c535be03ab6,1,1,1.0
3d5af65316fc29ef1244b3e8fc395e0a,c2381f1b95054dc25eb7e2da7c50fa52,1,1,1.0
3fac83cb7c32b84c91900aae136e22b2,65505e16f06b283146c7ee3c12d3ed40,1,1,1.0
2761fee7f378f0a8d7682d8a3fa07ab1,b549673f2c471b17bb000c264dfe252d,1,1,1.0
455025dba231735f3760572a92a7dd6b,50dee0f0f4c9d0d69da4cb4155da0463,1,1,1.0
86d8261e5b348801fec7bf7ed0726e39,9e5599e07107ed4f7b6d522492b3a489,1,1,1.0
c916dfd7068079fd4e53152e277efb77,fb05684961656c39c375d6ad8608d579,1,1,1.0
785007e97151c24593dc94a666ac2cdd,a166658710b335e011ca3fc04f6de068,1,1,1.0
25005ef67dd44bb53b64ab1ca6b98704,4dbdde6e1e0a6931a1872f33d61b541d,1,1,1.0
44e2da016dfb42c8d28e6ee043a812a2,4e8ac8f8c8437c809703dac113601ca4,1,1,1.0
28fd13ff21ae041e65609843d3ab61f3,bb361861b83a556ce2a5b2d537e22df9,1,1,1.0
65f813f6217ac8589a850c6125ae3e3f,c6ff4cdc311f5ff1bfe1457530f6eb2a,1,1,1.0
83ccefd1c66a787e7bd1be2601b558e4,e0db405a62c796b1ac439c778de5e2f1,1,1,1.0
506d6cf0a8806f688cd5b05626819e2c,bcff9061a0e61f1564c2274bf0c2772f,1,1,1.0
413a6b89cf416018f157c63462412e71,e449489aac70922208e33e080712941c,1,1,1.0
2eb4e33bceb49b87e7f9b19d8f414699,cd255d3cd4ed220b4c81a81d28d39232,1,1,1.0
009301957bc7714394865c44650d8060,6647ebf979c73cefae2d0cd5ff3356ab,1,1,1.0
8524ee11b088629f32d03cddc64added,8798fbf65b2bd80d77b3b5059213fc28,1,1,1.0
48cfb1ec8875f03ad35e4b714d1450b3,68dc7a89f87830c6261e314dfed6faef,1,1,1.0
22b08499d257269c7fe119bc419934af,b4b93491c3e5b9ab873b06848b83ad3d,1,1,1.0
0dbb5af00b870407d4129d36bacb64db,99a96012654d7b17b5f0b07d39a98327,1,1,1.0
2c45999a395dcc8bf915f81adcce7b9d,61f37e13b99dae825118a5003486b934,1,1,1.0
90879b5ecd87add418bcb7e0ecb7ce1d,bae5c8e9b93a8500aaf38c74efccc6d5,1,1,1.0
210dcea2a85d062056e87c700b0dbe03,3d54e4ff73894ca933fce16491b6af27,1,1,1.0
3718945ae32eccdfb1209155e35b7e05,e89b7a81e45b862ea70f38036a942ee1,1,1,1.0
05f8e6e32b003644892b67fd13a474d8,da32b742431f04abc1a90b68893384bc,1,1,1.0
3a6cf3e8604476215f93fc0507517d50,7b36f0eea1ec45d1930553b751265c58,1,1,1.0
14c83411956a1c3ea720e5309b5e161c,cbe11b57d6e8ce153f5297cb5c9ddb08,1,1,1.0
5f85be15539267e9fcbc5d6f5d1ff206,8603ccc4afbcfab372c4b04d061502f7,1,1,1.0
44f4295df61784e5427fccea89865ddc,d345a0089e7810b55d7afd1e90ced19c,1,1,1.0
79c397d2d7c20e59cce6581a27bceee3,bde9562ee4cf5399c87a158af191d6ac,1,1,1.0
bd1e7855a39adab1461658e3185a3e1a,e919fccac7050e2b645180ea1bb47962,1,1,1.0
4b718d5b525e3ae0e042551d852b2620,8d4fe7b4e4fbb484a3b7e3193c6cb74c,1,1,1.0
b7343dc001a69a3fc9c31961b5dea892,d5b0b41b463cc37fee0a750a76243750,1,1,1.0
2882091b19792ab7777ff9968afd970e,8d5b0f019c3795f5639224a05ef3a4c5,1,1,1.0
0f929fdd90cb0ec6cd4c0f372e2c9ca7,6df827ed74b2b39a2b18b83ba11949c5,1,1,1.0
2e2ac9b487e03daa3fab4888dd4c5c23,59bce16833989b11ae38fac262b8c65e,1,1,1.0
aa35908ea856a548bd14a41b0365ed8e,e0d0b48b5fd008892e5e14806ab2b023,1,1,1.0
376c6321c9b503efcd9614adb8cc0d30,801e6180e5243811a13691ccd1c034ad,1,1,1.0
92236d2168d9f0968798cad253cc5818,989f45bb74acf84c0e2d433202e9e3e1,1,1,1.0
082f8d0d83744f4fa435269cf705a07c,0aa7b4580be383e6d299b583268b3ed7,1,1,1.0
84e982d7487a6fc6b049fa740ab4deee,d0e34d1c87563ed2a3fc408eaeaafeb9,1,1,1.0
94e024f6fbb931bf320b49b2827d10f7,ae1e7d799d1347994deab4a2255a6bc8,1,1,1.0
a283cd2c5195c3426b57ff6c13f4739f,f4202c3346044fe24a5ea470c6fa7755,1,1,1.0
85d8b1efbaab54234c106b2b2cec65c0,d88025e331ae3af0b932640d318184d2,1,1,1.0
aba5e6574122629e4f00bff233170a3b,d7d6084a07809ee2a00e58005e9469dc,1,1,1.0
a4f5ad1d5cd5d106aa02621eef8dd48b,e402207fb47846133de20a1ff937af17,1,1,1.0
9c1a26719d8d672bc56afff709c94d3e,cf284d76da3e8a82e869e5bc424cbe83,1,1,1.0
185aa88c21904a22f84dd0c72f34120b,3315424c3588a42098b6b37a78aed0a4,1,1,1.0
0a4d6a36550c3e446052d9e974c47af9,a54a1749bd03dfe0d3642b7fbd888b47,1,1,1.0
49bce1231132a5497a18f9259f03f4d9,7d167ea5b93a9ce85066dd22097abd5d,1,1,1.0
0695109d8c6c82bacc86e47a6246c390,9c209a3050ac652d2296e84a1e58bbb3,1,1,1.0
74bcbbef1321b49ab28427bca1226089,8356da38a91336d5af205fd1ae041c10,1,1,1.0
6b8c63c66ac3dfea94e7271a15970796,f3fe2792999b8c873fd6002c61dfb42f,1,1,1.0
6f2e9b9193b3a5c590c0a2b296f81337,8c8fccc50566baaed602e3775d9d5665,1,1,1.0
13e863bd7e1af2d541b5839f8833deed,771bc9894e3f3b1f250711c20f4aca15,1,1,1.0
0b8dab578db3ef19b68e4e228e5e8fea,1c5b30f7336c8f25b895cdc0b5a942f2,1,1,1.0
60c4e227188b9d31f8ae9a995f7f1f6a,95e7a0dd1929f9eb1be58075c99ac31e,1,1,1.0
0205ecc1296100f97f4ae03e22643b8e,983a584e1adcb4f3fad8211db435b162,1,1,1.0
9618a533709845ae6707db5acfe31ab4,cf36822585430590c8a9b7455537e951,1,1,1.0
8e23478d59ab253ef04d4d2056ebeb93,daefb889f38f3b8b82e2b467a6a024e8,1,1,1.0
07ebbbf710aeb63207a80fdcdc6d233a,9ea4cd3819443c9b23090f8eb0fb3a47,1,1,1.0
c669d1db6dffe257a12bda55de6dbd33,cd5a39a03489db425bf3715d0290176e,1,1,1.0
5ce9281250abf0dffa29d49ad7f07c34,6a6361be1587ba109cfb5e6d98cbb423,1,1,1.0
bf9d1e2df54a068d1a9ea18fa1f22491,e1afc31f60bd65fec039b9e87888b979,1,1,1.0
61cc537a2f200146490395e8e3ffb80b,6bfccb019f3da909ef21a2803daf87e5,1,1,1.0
01a7888cc755d6ad17b03de5f5543641,ff3e14860e32acc535aea6a5402d531c,1,1,1.0
c0488ece146b98c1fc2a0a11d49ec7ad,de0e2e925708dfa3473cd5851e8e3f77,1,1,1.0
4cc442b5cc7d361e4da6bf55b07fe23f,93711751406953c5f6906161ac61e41e,1,1,1.0
572a488c4c5af8a6bea8bee5477b021e,fe52c2abb172426dd6416cc69e6b3689,1,1,1.0
07726c622bf81dfb2abbcd44b56f4174,743d5d17e9363818c0376f844446da90,1,1,1.0
5eddb7554593a38a26c309153b3fb799,c20fa08047ed2a4d8eaee475b27da60e,1,1,1.0
10d854c7717f3a3221fc2874b4084910,7a311716cb061e6677b00589143f4d5f,1,1,1.0
f3ce970b08eea185fb76dabec059457e,ffee94d548cef05b146d825a7648dab4,1,1,1.0
4f26b12d535556bbf0f6b04e2216c35c,aa75a071e0ae16f8214e72d26363f290,1,1,1.0
12d8a9a629f690057612d933db48b895,f3f8e3b4878049134f671b22f773a253,1,1,1.0
d4810b4aac3f3fb339b0857b88021f12,fb1325a63c041f5d451cee4bdb0e6aae,1,1,1.0
3f2d7b08a695103e3929c7d99b9416c4,e5ced7e7c1bcaf19986f2e68afcfc2a5,1,1,1.0
9b74a120a375eb707c4f17c801d3e9b1,b1cf093d4733621933034b69fb155947,1,1,1.0
11301f323f8e1334478e701ad8892230,4b0cbf5ea22869c5ea269442f9b849e7,1,1,1.0
cf9e80827ab4c21f3ec735ef8b3ca263,f2c2365cab7dc57ab8c90f9c3bee015a,1,1,1.0
8311c5c0aed8a6a3a736a9e7acf6e900,f52319a9425f4d047832c682e74931fe,1,1,1.0
82cffd5880c953933b9ebe4e4789edd0,b814fa64605cc425160403d78fb75f4c,1,1,1.0
48faf0ff149b5a725557ec04a0ab301f,4f185fd5276815172e822662c1b1835a,1,1,1.0
615d4fe06218d253ab6491129fbcd1c7,adec2cec9a5464f3db09d9742a471c6d,1,1,1.0
3f20347ba314e82e97b88412da57d644,9cf26dc1b20927c3c7f8a7de74e40aed,1,1,1.0
94ce448a2910cd6918dd4389fa88ddf9,bf5b7a5df6790c293365469c0e5f5589,1,1,1.0
370c2f5564234be2fa99ce15c1e8c962,8e02f2db173adfe360ad90294cf5d412,1,1,1.0
793a2a2a73c49151a89114a7871eb1f2,a71c9b34d70e8c6bae2151f4881f5253,1,1,1.0
2797cc1c85376137b29341b675e76bc8,e607ede0e63436308660236f5a52da5e,1,1,1.0
891778c525b6b0b4b973991aaa00f622,de1304243e1baa2b702aeddd454d62cf,1,1,1.0
3ee9e64ba69b67a038f3c0a28a3c784a,aa6bace477b7c573e0d6daddd95f55fa,1,1,1.0
0b408683be00fee2e8dbfbb37d371f9f,512f0635790564850446909ce00be3df,1,1,1.0
71f02084baee16c46bd9e08824b785b9,9a3198e11429a3c7f1c9c5d0b9a71691,1,1,1.0
1e86f85c847ba1d29cf9c30fac52a78b,d32dfec5723c3cf8d88696ee60833428,1,1,1.0
0a9d365af1a48bc62a840243cdfcb4e6,412c6ec29d51104253bcb1095dd03140,1,1,1.0
d25b8fd1599b432fb421763b7d1dbb4a,e6b5ad3a28f39ba76606c8d81aa72b27,1,1,1.0
9ad4ea7335d8855261df49867b57a722,c6c966a2924ee8d557d167a7d24347c6,1,1,1.0
7afbf983eb484fb14e40092c0139d66f,9d68d3a0a28583b68e7d8e6a07adaf31,1,1,1.0
0dfc182ea3002b05977bc575edf36c82,72258a7fb6515ed042d277dfe4c2cb12,1,1,1.0
2206af8118157cf98f8718a823bdf9c7,522e714643e682c9eff7415cffae54fb,1,1,1.0
f46477283987098e60f825e1f6f97f02,f75e5365f9191ee25462594eb0744b48,1,1,1.0
9a9d051b76a6d5b30a0d49178efe8183,9c2e4dbb6fe2b2788be96a4cfe8e16a8,1,1,1.0
76a74caf44c92f49f951964b79d191a9,a05b42abd28b0e788776cc00acca82db,1,1,1.0
7e0817d37d7dce9656abe2490b5b47cf,fd2aefc53a072c7da8e94cf9d9c9b5a2,1,1,1.0
1bcf153b346692b403d5454e3bd3a209,8ef46b26a334f7e1346497fd532d33bc,1,1,1.0
518f80a3d887ad5dc559dbc81eb40912,d9e70253fef7eec066292fbedde566e4,1,1,1.0
29f61e71b90b55a988f45a66bb91bfb7,55aa4c7dec35c41131f492db9724d04a,1,1,1.0
46b2b6698ce167edda3918abe810466d,c0a2ff251132852958c61ce2ce573dae,1,1,1.0
22a346f09597fb88c18322408e24349b,990e9e5aff5387a6c9cc79d9c4a4c5f6,1,1,1.0
e09cb1f5fa66176de2bba83e6a74de84,f2c2365cab7dc57ab8c90f9c3bee015a,1,1,1.0
770c43f54c33cbf4bc49b7f2d6576891,9052157385e24b02bce042e29232ca91,1,1,1.0
8423f43e0049483163143ee6950c2cb7,cc4a523745078991df9b347bc94f00ba,1,1,1.0
1f0b4387cd8d90b3ede42b9b1440563b,dfbf50eeb9fe8d91e69b973266cd8063,1,1,1.0
2341f208afff772b029d78c64f1291eb,970bfe197225f8054e683079d1a771da,1,1,1.0
c0b34be03e16c03ae344ada47dfd78a5,d7e771496e85a920dd61c0eb2b1f0a32,1,1,1.0
91570bb635619aacfcc8a0d4e4c6ab8e,a542adc7c16e1f4f85bf94f4bc164a14,1,1,1.0
095ffc730d9d2da2f12a0bec18722aae,eb8ddda056161923245beb3770c3431f,1,1,1.0
2044e987c380046f8dfe77ea2876deda,d0e577fb4794cd81f062326261a4f75e,1,1,1.0
68954feaafe4dd638f3bd3e2afa174ec,8ff5814508a2f80f3e9f6670097d02b2,1,1,1.0
8c6957aedc2947857ce35de20f665290,98948689ee78c179ae79ae579140da2f,1,1,1.0
15bd954905b4dabd89d6770abc342281,8ce353674a24c115d631c6207efd3e4d,1,1,1.0
10970b05ac4e0bc0b8d1709eb3dd378f,c197a7c026519942ec0ed30d9d80ff15,1,1,1.0
6e7932d65c10afc9c622770cdf6e9d1c,ad3994c13dba28dd32d6278496d0928b,1,1,1.0
8a09151eafa8c55d97a45c1b4800fbc1,c1bde6763b9bddba67ab058777cbeff5,1,1,1.0
88529634e3dcc984a2b31c184fbe99dd,a2b457807f18ef1e8ebbe462d47f3b2a,1,1,1.0
0ffa25f95f44a01acfd9fa22da91cecd,b6cdccfa64579c957a905fe68bd435c3,1,1,1.0
d5a21efb91cd378a523fc1bfae3429a7,e84acaddf31e811887142b13ce102bb5,1,1,1.0
4a080fbb39cea0bbc34236191a82140a,ff09db1c7ec8da1069994f24ab69cdfe,1,1,1.0
313d458d078d9c1783ef3b8b93ba56ee,54799ca87f5fae31b004167ddb58f13b,1,1,1.0
6b6cbf319617e3cbcb8b2bc7e36173a1,fcd2399004734c0e2c996479b1cdaf9d,1,1,1.0
9e3cc1906aa2db29c30aecb2d642a41d,d1fc7c21dd26886b28e4973eb89d91b8,1,1,1.0
4b293b0eba86e10fcecd40a7aac6608b,bba38923aa817f25c6dec24021ae3f09,1,1,1.0
1d5f0643cf2568434743cb9ff674feb3,8dd1d31b061fab003621e4385f95a85c,1,1,1.0
b44c8d45a4be6501f69e0e2d154ad06b,ef229329a0f5fae587957b9290563ace,1,1,1.0
639a2f7f050e7e37eebaf7a74aceed51,f48786e8f17bab5cef0c96e0ef818d39,1,1,1.0
3da4b5990fbe91360d7ce38858cf7061,52d2c4f7210ef28659735c979e991e2e,1,1,1.0
3d524cae0ddfe0e918f39e7e8ab49e8b,ec7d40c66edb9281d1d9d58d6a974fac,1,1,1.0
444d1385dc7ff8c875e25d1ee2730865,fb2a4a8b0efceac76ea94727a3d9a9a6,1,1,1.0
268f67dec46731d0b3aec4305742423d,6647d4444fa63e05f6a4e1ce7a966a20,1,1,1.0
6d09d6339a3127ac433750707484696e,aa6a8d63220dc100aeb3b8eb301ed741,1,1,1.0
5eafe3b2149915ca7376a3e1a637f5eb,a47055fd3ff2680586a61fee204e8de2,1,1,1.0
20cd5b764031558858597379fa3c3345,9e3cc1906aa2db29c30aecb2d642a41d,1,1,1.0
3d6ed7232dcb0837e78ad6ff6123332f,3e6d325542e18c36a06af561ee2f123e,1,1,1.0
0de8fca815c152cde2197d1f7e191f75,f35d345c137deaccf9c26ab701108f20,1,1,1.0
61825845f32d651576361ffb0d1531b9,c22e68114df4519c8f5a33d490245863,1,1,1.0
be3da9bbea9a6bf0178db88886b71993,e96ea4cb3453ea98a7d774de540651e6,1,1,1.0
675eaf41f9af7800cbdfe802d3d18761,ae120a3b9a0e9628f5f08781b0cdf895,1,1,1.0
17535993c5abb098f793664778f38c6e,678fa8f93a460cfb715fafec427bacf8,1,1,1.0
0076a71311bb2386a353f5ba87d2aa29,38b70b993e11d6fb460d550ec9891153,1,1,1.0
c989632155e1945f60b17405c831ee0e,db81bb2957d6c37e26f1d2436ab13e49,1,1,1.0
09caca3fd11f5b9681118b007d46f76b,99d77850f28d4876171ede0f62346fc3,1,1,1.0
3254bb05d293f86c3423087fb91f3de7,9ba12e905e7b14f77bb5d2d2a945fd41,1,1,1.0
082f8d0d83744f4fa435269cf705a07c,a3d0d7369347537badfd5baa917348db,1,1,1.0
213ec8ba298317826010a85c0433f62e,61825845f32d651576361ffb0d1531b9,1,1,1.0
3121ab94c8521f3dd674239524b337b4,fad3c89098c5e008e93d79dc390a16ea,1,1,1.0
505c54a1b8e4748ef444d68e9eec57cc,98fe78f31c97fe5bea79c47254f5d13e,1,1,1.0
142c276eb948e03f3755b804bcf11109,605c2a76795e04e5513bb3a7349c925f,1,1,1.0
5e64493c9c3bce3e075b2477083c38b7,a3ce08dff231246c8bc55400c68ffaa3,1,1,1.0
2300c47ec344f03c6015d53498c4e705,b1cf91f7efd99001549d2eafa05c66c1,1,1,1.0
34cb980af7e2752e9b706c8acd053886,a449a968d16d215b87378ca18220f3ba,1,1,1.0
151d5f38ccb6d949456e8b1aaf2008fc,7df5f97f9dc003369b506e93a2902840,1,1,1.0
1bdd27e01451d50d9d804040fe941000,3bbad45a834fd8a6f68ce54460a53f55,1,1,1.0
1bc3d5e384c365c86cf79078f32eb495,e66f60d86942c41f5c982a267c881c49,1,1,1.0
9b8ce55666bd674d92cf355e39c88d35,c6732a395e578188b194953d0ee61d9e,1,1,1.0
bf853c7f7942ead75f8118b917ff0a76,e187a4f568431067618a5d9c8f73652a,1,1,1.0
e57108b4312d9fd8c44fefed8294edb5,f8977117beaf7f10282fd90bc9bde423,1,1,1.0
00626f29f9b57d3ef7c1739ff03e944e,a984bdee77eeaef1add4419d4d994f0b,1,1,1.0
957d903f93cde7788cb84ca983b9d1a6,c75fb5680989856542a441c1d9e3175c,1,1,1.0
dc9601017e7242b2d4731669d1ce7bc5,f75bc8b1aa3841ba66a6cf79255d3486,1,1,1.0
3af45fe3c1c22f5b1a03de0637741bc6,d2c6c89bd52a9b70417f90313b1ce4a3,1,1,1.0
68f3739eab251b4c19d5b89001be4e99,6ee2f372a155168cce58851120d3355c,1,1,1.0
9678c2b106bcbef78abdcfcf2597af0f,f825a8ebdd0b29d03e40c19075c8502a,1,1,1.0
3bf91f240b1035e65c07bb19993e0853,a764c304a54730133cd35292b6a10593,1,1,1.0
27d7f696f79576294166f9d85ec1f293,c38c3af8fe28f2cc69b6404694b47d91,1,1,1.0
2e2ac9b487e03daa3fab4888dd4c5c23,f6d3854ded3e19c18350a434b048fcbb,1,1,1.0
2b34200e3bb4bce4c676ebca877d6087,822c92cf032be0f44169eee5d1bc15de,1,1,1.0
1a7b4d6d4c829e0559e700a57c37339f,32752da00d66a31189201fc0772f600b,1,1,1.0
7ac6e22025018ab1671d73ab0550d1a6,a3622d74e3fb06adffb4f8aed8a53175,1,1,1.0
bd62b323b8e70075724fb43aab7a5bdc,e187a4f568431067618a5d9c8f73652a,1,1,1.0
5b6f22dc65fcf1aee722893a006cfaa8,de3ff354252a0d5e1169e7bf85bcedf6,1,1,1.0
4b2d8d001d20bd41b9d1017ede2e1d14,87f30135669e9d77d4307a5487247df3,1,1,1.0
770c43f54c33cbf4bc49b7f2d6576891,adf9802dd4b7b36107cfeda94d7539de,1,1,1.0
3e49e0b73e8398a32a929c8c3048e9bb,c225695275be1f228cece399a0093593,1,1,1.0
5af9e3c7acac75b674e2a7510bf32f69,8c78d2fbdc7623260f382da235ed8e1e,1,1,1.0
886fa36372fc4428557e3352f37ffc55,ff460daf2964c4cccf8602d6f8dc2fe6,1,1,1.0
4f8e0cd35c770318d9e8874c2956345a,9818f8aa559a92d5ca794743ce6d9acd,1,1,1.0
6f167e9c293939512e4011c636fc5bf6,e5371f37cd73bca8d365b766109e8d62,1,1,1.0
38a480ca2ea2ef5d49f1d26f314b59d7,a0b26b4f59b8b31147d0ef639edc36b4,1,1,1.0
1c8c7376db18440a28883f0f174cec97,7cc783df9242724b3978ad4c65051413,1,1,1.0
9d730871939ca4de00608749fdb43051,de0e500b351bad70dab81e9d3812c1cd,1,1,1.0
0c8f5fb32384dae276d0f8be00096025,6b67862defc8f9e3f04a4ce5d3c35d7f,1,1,1.0
9d730871939ca4de00608749fdb43051,e55f39718755a991235a2bf63524ecc7,1,1,1.0
7dc34cb3fd6dbae23add67e72c735025,ebd383b2bba7c0ee97a636f11c3ed146,1,1,1.0
37c6657da11f2828649875864fdb14be,91fcf0b76faf0a675625fd6fd6f72361,1,1,1.0
a79678c360b11a982dfdb55a42778e88,f9242445fc633a8871f2a6c4a033c8bf,1,1,1.0
0e30f703c154e47face004ec99e38b2e,2454d481eb521ebf016dd2ef39314a73,1,1,1.0
169207d4ed01471bc7f735a9749772fb,2478b87e82298da52865e797ab4f730b,1,1,1.0
39e415a986e7e6fe1d19d29947cc27bd,a35ac27a1a672396d8cf0053bc1e8f69,1,1,1.0
5ad755f2bc4d98be17d9f42b3c1f0c4b,950fde4e1f30b90445620d10f1cc814c,1,1,1.0
b890928f02ba9a0dfbc6ec8009bee0fd,da44d547f86ede511c04aa6cdc078ad0,1,1,1.0
1265c22907b15b6fd1479f1a8a536055,5c1b09e90738995df546514dc1d3c91d,1,1,1.0
8fe6dfa23d20bc3fffcb67004c992d72,a579b7d11b19c8a8fac484e19aae1949,1,1,1.0
3f570fdeec0a1c6ca5c3a63b47c1f821,5f439c10be261b762af976221efcdbd1,1,1,1.0
283cbb47660683abd92b1df1db8de700,ce2281ae0cb85fad394e9fe1695336a4,1,1,1.0
a6ac32321c28c66770ea4629366ff27f,a8ee33e35637322a81a8c26592f6ce36,1,1,1.0
6498df2c9689817da899bc7471154397,f73805d1c1518628522dcd04bea2d3b8,1,1,1.0
07ba909584e0943e17023c983d4753d0,9376735196d597e46dbd48e03dae1a78,1,1,1.0
96dea83b5ecea3e5323fa13d30996d26,b743c4f6d5a29e14ae1d9a13efc9d700,1,1,1.0
793172fb8ba5e002827f47f80302fc42,ff6e9cc8378f96f6e147f5f2102f8963,1,1,1.0
421085f8ed051a5454ccdc703ccc9fe9,ffe6efca3c7e6a06bad0a6a883280a93,1,1,1.0
502fd308516b144f6a7c12467cca9731,d4810b4aac3f3fb339b0857b88021f12,1,1,1.0
43c5dfd2c6dfce702068cf1f2277ed95,7005c6a1f6693d223926c26e15bda5d2,1,1,1.0
02a6a137ef7fe2414c9e14fc4d060790,9f777bbc0c01b969aad3ddc2894fd54a,1,1,1.0
a32e0f2e2d2b43469f4525763796e3ad,a54a1749bd03dfe0d3642b7fbd888b47,1,1,1.0
6b0a86b86704cf4bcb6520ebcbc15a98,8e22ab6c8fdd8f12ef39821170f4f22d,1,1,1.0
6e5707f17296f7f8b167406b902e0643,a43149b43ab4253753f89fb6909d1371,1,1,1.0
2ada850dbe866246a92524d882e166d5,63fa3dad6bde01314fc7e125df83fd00,1,1,1.0
1887c42c6365899216d2d380ffb013fc,7995fe720536df533c4796276fd54b11,1,1,1.0
0f497dcc6312759f2f8b49ac5e1e6dad,2f78bf8f3acd1ebd6cfddd420083f942,1,1,1.0
4df2d7257a7463e2d7a98a5b08cb92fc,a62ee3bbe61f8bc8083a70b964f34ab3,1,1,1.0
863042d234810eda9cea177f2e028b2c,fbe60a180b9e308b252b3151222305c1,1,1,1.0
9a6cf088dc9a259ef2b7736c229a12f4,a127d16055b7a1530476349068e3a64b,1,1,1.0
1ba48b4d4efc54779417f549fc4f8a89,b6658698e26b7eb7721441be5834e782,1,1,1.0
53306146eebca684c7ee86dc2f05d322,ec4dd12f389b27bb8a3705e530700ceb,1,1,1.0
4e3536ded5308f26f44ce136683fb755,8645ccc7b497ab21a2bbeed062b45f93,1,1,1.0
2ffb346a1d49f3a0c816815c9973b774,fa20a344d2bf1c88c1c84d1f8c91f5b2,1,1,1.0
ad93fad8236116a49b08059fb2bd8145,eb742a3b914c53d45f1a30c8e2fcd8bd,1,1,1.0
34aca7c363ce095f7be0b09d7924f21b,da4ff019ca33b0c91844d880b6614c4f,1,1,1.0
7249a976b68003a30adc1203a467cf6c,da44823c9902dcfdfc8e99d6369797b6,1,1,1.0
7358b89fc42f4a8e7b178e52f2300b59,783ac10aa7a5cf153d10402b93a1ee06,1,1,1.0
dcc65a2a3f318a03979baaca28425590,f7db397606c45cbe21a8c9b2e1633526,1,1,1.0
0b4ea0237786c5d1c034ebb2f27ccbd7,ec83d060d9a0abba4b409c544c744c2f,1,1,1.0
5529aea7939027fa11e9386e52af84af,6c3e108f1e1557d100568d8361693ea7,1,1,1.0
a127d16055b7a1530476349068e3a64b,d1a460316c3d76c8470f6bd34412b70f,1,1,1.0
1356ed37fbb918d791b255d9a9daed07,42f197da141b85da54eea101ad959f3d,1,1,1.0
203ba234be1dae9ddf36d6f4b9705bdf,695950596e3d02cb9a663acae75bf98b,1,1,1.0
27177c850559ea0ec7bc49e36d30a45c,4a57a917ce8603ebcb5a9e36f4d6916d,1,1,1.0
6446e0c095a88adf3bea72247db69080,e5371f37cd73bca8d365b766109e8d62,1,1,1.0
2a7e9cd3811dc14840daf1ea5c7279e4,35a5139d64a17f2d5336aabace88cf87,1,1,1.0
8f6c69eafe6e7cb3f50fe7517366902f,ad7fb6adbaca43d8f095d703d5a2f686,1,1,1.0
12d8a9a629f690057612d933db48b895,9996cefbeba123f8cc3672e76b8fa2c1,1,1,1.0
d301560c76f99987077a8c5e068cfa3e,eaa5d6d49e2ac371ecd55efddfeaf4e2,1,1,1.0
1e36e008b130c0ff158f3852ff94241d,30027503d8260651f9b02434ee20705d,1,1,1.0
3d0f70584f6d968a0766ef766f7fa4c6,a7ef6dbaed1ae9fc5145e19a8ea05e70,1,1,1.0
7160de3316c05aae138d7fcf5bb12520,abff52be240676ac60d0b841d69b2067,1,1,1.0
bbfbf00ca35317821c1d773e7509c4d1,f55068b90747579e30d2e055155cb93a,1,1,1.0
b0f8c72c75b687b41efab251ece3f1d4,faca1f85a0df17b777dd04b08fa3a908,1,1,1.0
1d6d7421fac2e0cc34a9636a58c38283,bd8018ad6e122daa06e9a5abf75b8af2,1,1,1.0
1ec6e5f5e1b3db61b2a2cd862d8038d2,38ffcf9d0335fcd271b71de0238ab312,1,1,1.0
141bcfc7a11b7a56fd5c9c0cd020792f,b801b3fb2ebcde305031a5d45dcc311a,1,1,1.0
a1dcd10deecb96935b3d436e225e34e9,f3c2730b8b6c63a26ac578cb64482690,1,1,1.0
941aea93899e1ce73d06e2ce13ac5f84,fe46815a6346e7e5fd2ae303d6112677,1,1,1.0
ac379c94b05d8ffda419d5b40af262fb,df55bca3cfc1bf7857569017e59d364c,1,1,1.0
115d8a05f4d8734087d6cec282c85e68,2e94556d001d5f752df9b5be1e8af4aa,1,1,1.0
ab0369f66ee9ae7a31ebc491f73b5c5b,b5f9e64d3695a5af924e9906a9644593,1,1,1.0
4919dda3f4b213104acc3d25b84c44ed,9e3cc1906aa2db29c30aecb2d642a41d,1,1,1.0
775562f9ac3ff98e81ecb9d35ba922d0,7ffb203f52eca80e4b0c77a6b7cd38f3,1,1,1.0
7608e43d277f4b8c8d0e5756f6ea019e,a3bf0f43c0ea85d44f5e124640942db6,1,1,1.0
28b8333651c1350cc561dfe5678b0902,adff49f8c4d0574ce37b9d2a6d2a7e60,1,1,1.0
4421b046f190075662bec15e9e379c60,db0e222b5e0283044c629107435f8bf1,1,1,1.0
5fcf9204fda5e433bac35bc0600da7d4,90b6271f1e6be2de606940dba3f4f4b8,1,1,1.0
709186ca4808194e038524f227148830,cc8a542e6981b02d26c0414316a42e09,1,1,1.0
0d792631cb6270d60cb2757de8ef4a90,1096832553de16636aad419a4b376258,1,1,1.0
dcd3fe290dd33ad8e5b253ebddb1f5b3,ef9f42d62306afe6422cb4ca45fa4259,1,1,1.0
144fddb3cd5ed0e313d70eb0a8df5215,45b73b56a6a48338390fa25febcb5599,1,1,1.0
3d6ccc45f51d061c0632fb284770be14,84059a5500a2b11eccc76f80bd2cefa8,1,1,1.0
7fe7f4e2d57d156e3f5e291676efd9ff,f0871fbd96f357457ef005037dc0de96,1,1,1.0
33094ac6ba8c6a0851b9775bcea7b932,3c741fe61cb78e76133f039186f070ae,1,1,1.0
199518f9eacfe6b6297851b562c87d4f,cb2f7536c5a771fe4855342a6a488298,1,1,1.0
86e0eaf7e0654a1af827ae9172915c6f,9c996103b1a18d34dcbd1421df8f86fd,1,1,1.0
145b5b9990638ea1e94adec4614812ad,c553ed39d07bd5f153310dfdc0ba657f,1,1,1.0
84b3aa01eee4e13af3cc7523a19b64af,89d481231e8b8bb6e22dcb28d19e5378,1,1,1.0
4738f449248109741f9ef3971d2d18d7,a1ab8b0f81af19b4b5bf31c33525caa7,1,1,1.0
1680c593cfe1d6c798df5bd696544a19,9ac505349fbfdb42cbe2cfd832420db0,1,1,1.0
671ca935e1dc93ede24ae0b286111a54,71d7cd1b63e808d874ba4ee63b3e6c15,1,1,1.0
9b8ce55666bd674d92cf355e39c88d35,bcb87af6b44d2f2057d85c4bee1e0af1,1,1,1.0
4d6964b55d97dff2556f7f30ac2e19e2,e9610db1ce903b47ea5afa0927762873,1,1,1.0
8459ee508c1b6da0559bc181ba1554c2,bf4862777db128507e9efcc789215e9b,1,1,1.0
755b43b15e38199cad0055154e525ae5,8fd6d9632c9fcc25a875bac747e60c48,1,1,1.0
3d7dac08eb0ac2fc1690166cf0bcb79e,75dff8d19787e21eca5888a3b2ec5e6b,1,1,1.0
077afa5d93724dc59cc6f3c094214d11,df29f47875551e7560d400281cc8bc85,1,1,1.0
4de3fcaf5977408cc3a1bc3e24a16a48,f208c2e0e8c456b2359638526812c1e4,1,1,1.0
770aa52bc6308f4c062d70807f5fb730,dd91344e5f6a900e1c58c038d6471007,1,1,1.0
0b63b2c21b768c3575305cf04214e173,4a6672015de0bbed2971095373df32b7,1,1,1.0
4c9af2f58b30f360f0284684405a8255,989d0cf1321d9c4490b36b00304f9f5c,1,1,1.0
3e02a2aa8ad7226e10748e8c01448ddd,d9052d131200e3be8a046238e11a1d84,1,1,1.0
90aca9bc627fecf7f80ad801a9008640,ef58367f6474f46b8188c8635a31d18a,1,1,1.0
2b04e235c755a98c3a0faf08f3a35303,3e5457d2e1d8f476beb365876052a898,1,1,1.0
8a6340d72a903d7bab9afd46c7fbbbe8,b0cd87c4ef5fc1d8ce2c817690223a83,1,1,1.0
a945202d20c443e03291b27f269e27ab,f6311bf66d80ef8e7bb9f95f3bf79a56,1,1,1.0
39d26db6530f0ad21b671a973cb6e03f,4b37052b91137f41121a29a5e006cf4f,1,1,1.0
693343dbec3bbc6b1641ee705715a12f,989d0cf1321d9c4490b36b00304f9f5c,1,1,1.0
209ac14596dfd6955aa74a21297d79d2,819856d53299f1b52b0af47ad2ea6951,1,1,1.0
9811341012232acb695c989f1fb0c14e,f284b6400d8da91ce8587853a4f2c9c0,1,1,1.0
0567da3da02026dc5c168ba90480cd94,9fd4d71a6385f6b36cce3e316a521fc2,1,1,1.0
dda41296fa4ea5c44971c117d33de052,f5e07f964f9168d140818c6c92e2a4f8,1,1,1.0
6dc86e0006805cef06e23866562f1ff1,fd3a13c97274ff36f612acbb8e7a899d,1,1,1.0
13c73fb9bc5772eebe0220f64d70550e,b5e6527dc5f242231eb0248668eb2646,1,1,1.0
57ec113f18471789b4c412b02c34368c,b97a913461d151c37812d11673125b52,1,1,1.0
023e5eed74131f86d5893680d88d88d7,3801738a5f759776df5e1ff226de8113,1,1,1.0
041896d54e67bbb4bd79d31bdce23a76,fd365df3a117f34442836874e6cc22b4,1,1,1.0
deacf20ed832ecb2260955a369773c76,f087d32d4dc73deed9eab506a49c0a5a,1,1,1.0
462b2c6696f784f657d2b03acb9357e1,ccfd9edc5e61d19d27dec2207c5b4b52,1,1,1.0
53abe746f1575f367bba91359eb029ba,c19b3f0be6cbec152296b8383a971ffb,1,1,1.0
1b87409ba47ec3caa18d4b8fe303c968,c400e8b4b9b09c840845352f51bd9add,1,1,1.0
372bf744ad9bc73879c7e0ff2ce8760a,9108b540419f20edc605468f3966813b,1,1,1.0
5e4c21084ec2a785f22d323b1535ee3a,6a663eef93e1bbb5a16b79f43ac8f49b,1,1,1.0
95cd3307a9284d501115da7611ee8133,ce94ae624d25743b5a418886a26f144d,1,1,1.0
7345d4421257c44d2866ee8ce2c82648,ac52ebfa9304256b625e6d71ebc27807,1,1,1.0
7c8cdb09963770391622f23f120085f7,deb591f2f26d21f900e7bc5b800c1ca4,1,1,1.0
4ffc1a8259e81bc30151f421fca472d2,6cd5ad2783f175ab9dac5072bc7e3d73,1,1,1.0
51dfe948f75a00cf916f00a0a38a6551,e3ed1546ef765e183ab141f7a0457fa7,1,1,1.0
63606d6ecee30138790da5be23cac8e4,6562021a0a4fd24be820ca68ba96c2c3,1,1,1.0
47104da434d1b3240e419588313c2496,945ed8a625d351267099b17f21a83aea,1,1,1.0
4eb91502ca0d2b27b41e246b6a704801,fd529f754085722c53de23e72091b944,1,1,1.0
78fd1cb92103a044bc417c13050b4673,dccf1a0f9b53de36973078b406226253,1,1,1.0
22f2ac2a52ef231ad6d14660da9054ee,b420fbfe51ec2d3d07ac69f1302fcf00,1,1,1.0
4014011cbde007f272fd29a0f2787c52,689769aefadcc56d72a8b76866387dad,1,1,1.0
043e390fa0564f9b0b09d8220010413c,a3817cda4092a23de8f8b1cabcfb43f3,1,1,1.0
0d1a5a24e57adfef781fca69de76374a,75ce5b46b7e55b267e26f126683b8d28,1,1,1.0
1b61b6490c6d609224d6e8bb4bc415a4,45eda2a649bd58b167d328bc06e8dcde,1,1,1.0
70794d36f449737323e35b00baeb4a30,ba4a42117e2f671a90e2a16844cb28f2,1,1,1.0
19ab5243af595822e3503076a8f85f27,47f30938ac911d5eed1347c6ea4afd5b,1,1,1.0
7794b57f872f890cdfdc0787ae708591,818185d870d1943551594b83ec4004ea,1,1,1.0
14961d58484df87472adb554ab7d14be,532c0dcda57eb6d60990536317479e79,1,1,1.0
241ff21628fa8292d19e0a234a244840,d5a21efb91cd378a523fc1bfae3429a7,1,1,1.0
95a19b9ba20757bfb34f33bd877f2a7b,ce29be75541c90ddd08e1dfe3a6839a9,1,1,1.0
1ab218793c3b7f9d13fd70501faabd2f,9c6fe0231c0253be43d266bf55c0cd84,1,1,1.0
5d87457434b943e3a73799ebe33b4120,c8c9de3d1ba2427a094e1b59ea3f8b09,1,1,1.0
40c4ea3b2434b6f02cbf214aeae740ea,b8aa868bbd634205e273b8260542d652,1,1,1.0
3b54ec3e11e5befee527b120ef8b0f02,fcecfb187df6e865659cfdc0620b06af,1,1,1.0
1ca847a7ae5278f0a785fbaf9ed50cfd,b0cd87c4ef5fc1d8ce2c817690223a83,1,1,1.0
10bf2a0572bbb3684eae0400791f41c8,252ab93100eb1b94276be1e4c1259d55,1,1,1.0
2b57b9cf10e96a6799f420d508d2d6bd,c550705284a6b10b8b2c2e6c40e90580,1,1,1.0
4d35276095e7c9b9f81ab155d0bdfdb4,bfb916b45d07729be21abf9ac6e87fb7,1,1,1.0
ba07856943cc25d23d7950d5beb64553,ce8306009970275b42de3d5330dd8849,1,1,1.0
0ee049c61e2e6c30345e7c2480608d20,2611f4b0d21a94052388195d93ddbfff,1,1,1.0
2dd33269ef4cd004e2d2536fee365b56,9fb1d9a8bc1e3c025d1761dbfe63da36,1,1,1.0
7e8cf7d667f2dd08a061422691e05e11,ec14a996a9746204bb1b66906e12cf1c,1,1,1.0
27af998791f3f0f3eeb206d1f76ee30d,35e8b4c2a64acb75f3bf063d82a8478b,1,1,1.0
a7c51352795b68e880d4ca685a631e83,a8b73585f061814653136e5a19d79b03,1,1,1.0
beeb7358d68ef0a3115fde6746b9a8d4,cc30806e46501a4ee6f39db712313142,1,1,1.0
1981be1865f6a58a850b16e4462ce38b,8fca2d8e4ffee0627875c2377a1e4551,1,1,1.0
d5acb04d2418fe724646db29f3a4b137,f845965c44b627242d3fe2ff76fcb908,1,1,1.0
0e454c18808b556a4e47fbcad21b4384,408f8fa1bcd2f7f9c759d891c622f58d,1,1,1.0
209d7897e0f660d10ff4cf99b7aa1dda,ba877bd20f4fc0198b9627ec48ed01a8,1,1,1.0
1e87a5884d54659f918bece1cf475a30,703a092c0c6166785ec31de84c4f8e68,1,1,1.0
0808eb9b0f2117c262a635a4f8bde1d2,f4089943e1529aefcd2733e1eecf877a,1,1,1.0
a2f93f1c0439b6e418c70a7a4f5e1cdc,e01e9ed7edf5caa1d2d70f77358acd72,1,1,1.0
681ee02113c8b572d0318265d7e8f92b,b032eb4f89573f4421aeee6d871f5150,1,1,1.0
07826999f928c777522ebd9ed5879077,ea47bf07d22746280af63667a8ba2d20,1,1,1.0
9f0c5aae0debed6d7cdea5b8b54c4b91,f71abfaa809ecabefac16751ac9fabe7,1,1,1.0
b69f18820e5aef5301ee099f4ed3334d,e0f36736f2444c7efb9b9a1fe0c12399,1,1,1.0
5d14ee7b654bb597bc350c7b47a4639d,5eb8cc30e45a67bdb05240e7e735967d,1,1,1.0
832d9b1424ba5a4e691bdb0bea10ccf8,d1ea8ba02023ddf35bae874631403403,1,1,1.0
302f6c3eea8eb8ee3a365720c5593d3a,37c5cbc68741d25ca4684812ec24649f,1,1,1.0
04a710ba27c70647fb2a4ffc6fe48e43,e8c8def5450ce0cd1d3bc4f724aa48c5,1,1,1.0
227820fa21c5f2e13729a48f3b91f55a,cac981eb97f98f8af8de3b9d3766db04,1,1,1.0
0450c1aa91d99d308ed769ce3abe53d2,976a899ecc5c0c9a4784967eeeb2d29b,1,1,1.0
3f806ddc608d1246cd93c6a750884016,8eea446bbfa384e425aa5165d578755f,1,1,1.0
72b74e3ab8b2f7da203dbb50344879bb,90cef6cbbc423b65e6f933b48893e739,1,1,1.0
3f575e5c851e1ffe04a36b263cdda4c5,6edd17d0a29e2d4057e694afee5eaa3b,1,1,1.0
2def344a13128b287c12ffd531dacce9,46f3f8441baaaa9923a253b6dd0df2e4,1,1,1.0
4eddd5c44479274893b2ae3c12b79b40,e17cf3b9a2b42a304ef4193d3cd95cb0,1,1,1.0
1549e4556b77686c668e20bc84d6deaf,d03f7e8e22b8a0e58eeb433ff0de1954,1,1,1.0
40dc506cf700d87a3465020f6f21dbe4,6038bc8c40385557efc540369c69b03a,1,1,1.0
671ca935e1dc93ede24ae0b286111a54,78421f912eb0c4ebdbd122f1c5dd87ee,1,1,1.0
7289eb6c836623d8538893307fea6475,adab55f053f73aa95c41b67a9513cf8e,1,1,1.0
12bc33b0d41518a36034c53c10e37129,f25c83fef4ae7252feec416e7927acac,1,1,1.0
3572efa7933c2e02d4c7024db6052b56,adc7533e622049e2314ed25c6df7e95d,1,1,1.0
b9fbdcd0c94463abfbb520323ce971dd,f249a8d23948360f537ac2451b171902,1,1,1.0
38b3f1ecaf005002a421b343fcb6548f,cb9d837c85038a44d69bcd8a863d7d48,1,1,1.0
98a50bee84861e9791db5d436b08babb,f733f4254cce4a375a82258c272d1549,1,1,1.0
2327a30321a58fea769d06b849a7fea4,ded2c5cbdf74038cb0ac494132275052,1,1,1.0
4959bd250fc12ae68ecc707331565abf,71f6e6e2d7ebe8069e4ad85c083dbb59,1,1,1.0
9343b1983b98b641123d716978deb844,e7b917f42818ddf2ff52d21a2270ca76,1,1,1.0
3e475baa2c69d9e105cada272f65cd0a,a60f1a0f0cd8fb2f1f68348c98841558,1,1,1.0
914109f0341b3d9ef93293a76c1fb5c2,bbf8ebcd136db1d2382c8af0715d4ca4,1,1,1.0
0b22bdc11a543726e030cfb5ea5757c6,f05185cf10bafd088d29321713b4a6c6,1,1,1.0
64d819ec87080e83c38f2281a7450311,a45823513135bc9eb30c0d984ae40826,1,1,1.0
770f0c82878b6013388ae367fad940ae,b44c8d45a4be6501f69e0e2d154ad06b,1,1,1.0
4662682dade3cc1bfa04996c5225a849,b4125510d33b4b70c6752dc9b732fe79,1,1,1.0
36c5770cc8e136abf9b1e5e149f75fb2,56a074e0fc79b287c1170d998519f1e8,1,1,1.0
50091850aa6ef7671af8c3e0e6762e1c,e7a512f2a1627cb1b7f9ed998e9c5916,1,1,1.0
46f3f8441baaaa9923a253b6dd0df2e4,c7ebaf88b0022b8aa6893bf62abaf74f,1,1,1.0
4040fee2ac5e5335a8059e297ff1ecd6,ebeac8c343bd16ab31b99273d5a649ba,1,1,1.0
3a8972f0a43553cd60ec7fb208f2a795,87108df7a6b7bb5e449484a26af24eef,1,1,1.0
2141abef0c20ac53c1bbe8e9aa668cb2,5c183710323fed305c617f8840b8338c,1,1,1.0
044ca7e46c0d89f6425f734864fb0212,f607365e291dc52648cf9bf3775558ac,1,1,1.0
5dee030b062b0fc8411180016c9eaadb,cbe11b57d6e8ce153f5297cb5c9ddb08,1,1,1.0
308eed157c50c58cd2d795eb5f1e096a,4cee717fe839957b25f3d337e2f5b7bb,1,1,1.0
152fc02825ebb754ffcb79393de6914f,3e49e0b73e8398a32a929c8c3048e9bb,1,1,1.0
9cc560778160e4e23be98366377d835c,a4fa4a8bd22ffcc2651264212eac9f39,1,1,1.0
0f862748da01132c74799afb1eacabc3,1c80895145d13e3aa6536434c752e60d,1,1,1.0
3a0c798bc20f5e9c976aab2600a3e8de,a8d4b30682739775c40e7988379edcfc,1,1,1.0
e2fe0b1f9429fdd3215b47c2c115511d,f04262ae7b441d112b817c6ff5dd6b60,1,1,1.0
2da15ef83ce8831c824aa43f2af3eff1,57833eaf6bb465fd6d9ab499ffbc2ba7,1,1,1.0
0a330732a7ec9a044690687ca8e2c6ff,a19057edeef36e8cd2249813f39f738b,1,1,1.0
08642cd329066fe11ec63293f714f2f8,27aea16254196d2f9e9cff771d053fd8,1,1,1.0
35a5139d64a17f2d5336aabace88cf87,7efd1351c3e8012e2182ce82cb8eba3e,1,1,1.0
346554e2c119539266cb49f9671dbbe2,7ec163471da7520f672fef86422f42d5,1,1,1.0
416f8cebc9e3455b81aed90642f926ad,a16656b34f59e202ef32dfc53b947847,1,1,1.0
012714eb883337fd2631c13d2daf4466,9e6fc65f490950a3f8855487b200069d,1,1,1.0
21428dfc6bd6e1c6d28a7f311109e1b4,fe80881541b7cb0a0732cf82eed3c82b,1,1,1.0
209d7897e0f660d10ff4cf99b7aa1dda,31baf34c26697a6098abb7a123195a31,1,1,1.0
69173628c3f6d1c28d6285dfdf9f5dcc,b40cf4eecfea7f5204bb7763fc5437fe,1,1,1.0
8e27a1bfaaf4b930a22952c08ec8bbb6,aef36fbff4da2bb3001ef080be790872,1,1,1.0
8db19347a611f02816b013a82030990b,cd3dc56b23dcbca8cbd532115b6c1915,1,1,1.0
efbe0ca2edda5df6bc5015e3a7382456,f644ca019b90461d729d1d07fecef6bb,1,1,1.0
b40cf4eecfea7f5204bb7763fc5437fe,d1c8715bae84b5dce39cbb6aa1945d8c,1,1,1.0
b1f44bd81db24a10696e668dd607237c,fe42d67ea974835ff8dfca57eb3a2a5e,1,1,1.0
86c1cf9b50b98e75441353563862cd14,adf5412a5dc7ad4b3b76e30ca08ce400,1,1,1.0
88dfed4403bb0ca4480fac0c0975b6ff,95e3f46e6735179a04550904b29c9696,1,1,1.0
84221ef6a84e65bd86d451937df0a476,dfe5ae03a630933ab361dcc06347d4c2,1,1,1.0
0b5295fc9819d831f68eb0e9a3e13ab7,8d7faa92d12ce1712eea1ed6041ac736,1,1,1.0
41a9daca7858f956834bd2254e46d90d,7054e79879f847a0db584ccd27f1cf9d,1,1,1.0
460cd758614a0be9739d2f8d9bc1494d,a8d91aea91e95b9fc06492ac162a7876,1,1,1.0
c8c9de3d1ba2427a094e1b59ea3f8b09,ff460daf2964c4cccf8602d6f8dc2fe6,1,1,1.0
74cc05ee67b445dccb11257db3ab0b45,e10da6e13ffd92ee57d4c6794c6d8574,1,1,1.0
80f50b80a006cb5521d2be7d8fb3bd7e,be2c4c9f0fd10fd3dd16c4d3e3d8cdb9,1,1,1.0
4f2b4b7491897026b7b5d1d69c28e565,777681f9b9224be7805d16ba1bb73b6c,1,1,1.0
2141abef0c20ac53c1bbe8e9aa668cb2,2f6fb8d1f089595a3378822baed7b636,1,1,1.0
155622f6141435b9cbdb9cd89886200f,505a52dc3538dbb611c1ed24e122fe39,1,1,1.0
00bfe974afd63b30ed282dc69892fb98,f35d345c137deaccf9c26ab701108f20,1,1,1.0
236655441ae8dd4485fd328d918186fa,9eae34bbd3a474ec5d07949ca7de67c0,1,1,1.0
83def2773a935952f07c2b6b4f0738f3,c1c249a8cdc0294fd88d25846324877f,1,1,1.0
1b87409ba47ec3caa18d4b8fe303c968,edd1f52248a299c18e1567a3d5e18f69,1,1,1.0
01b84e3fa2897be6eec7fadddb3d56f3,31da3a25a698af90c645cc6bb62e50f1,1,1,1.0
6636a7466f6ffd32760ad04721d2da48,d2849832d839524a7d36a391434ac16e,1,1,1.0
6a42f881b0cf00358546a50ddef433f4,dd60451acc6ce301074a48a626b220ef,1,1,1.0
1b2de0a00b3e5eeb48fd32ea28cee521,9c9c09ee9270bcacbcf4adec6aa1452c,1,1,1.0
70e53f10815ab45ad410390a7dceaff3,b4c4754a008dbca8a2322d131c6b4a1c,1,1,1.0
502fd308516b144f6a7c12467cca9731,ba7a1b9e31b148e55b016a0c1ffc60b8,1,1,1.0
0d062c3c954a9f461c2be3e19cb99ae2,5e67dbfc0b3d1867f536c2961b4692bf,1,1,1.0
be5265dd02029471d41aaba10b7f3979,fa024d305fc1efe7ebbabcc5f89ee6a4,1,1,1.0
241ff21628fa8292d19e0a234a244840,2e7c2c60f89f415b2b356a83565d2f76,1,1,1.0
72b833479dcc234017a945cd51405b36,84e982d7487a6fc6b049fa740ab4deee,1,1,1.0
13633f2d37d2ed79773f39acba2e5374,f6fdb1939fca58af1dc79c466f9fa3aa,1,1,1.0
546617cb179bc267054ed9e5b262ce58,6e1ed5dfd98249d9b1a4a00736ee2d77,1,1,1.0
13b45062bd5c0eebfb27f49e85327701,811364162f381aa77962a494c6c25f09,1,1,1.0
23f96accb30941942f28b43abe179046,baf208634cba2dd58d646763fe563ef4,1,1,1.0
02399dafe5a38655445fb46ec2499071,47c34cd02023a99f933160d1bf4ea244,1,1,1.0
65f6fec8322419f6f8c72a8603573596,8887cbd11065809b4530e2d25b51e856,1,1,1.0
07849663dcf359516f0619736716b7c5,b30be1a65c6d6a9e6b1447e05048a520,1,1,1.0
2b5c1e2edfc8f0000ba5eb5b26544045,77af37be174597cb532a499351dec559,1,1,1.0
8bf7a2df6dcb6e957a853072328099a1,9da935f0be40e2ceb003fe01731fac57,1,1,1.0
6085ba35c922150b3fb3de397c6f9e94,9ab7c789eafeac4e56c370df1172c933,1,1,1.0
8c6957aedc2947857ce35de20f665290,a9763ff2a5c1b184d76bd5865435703e,1,1,1.0
515dae4626f9c7b5e4c56ef3b4e868a2,67b96b3e28695a4bd615b5e95367ec99,1,1,1.0
290aaec85f26ac33c2287cb930b84a40,d35fb9dd41eb6917edd89ad0eb9661d1,1,1,1.0
38b01aeb482ccf568cb65f24c3561651,e17408e3713638b24626610417449cb7,1,1,1.0
593744560cc76cf8dd5b6bac6fdb0cd5,a0bdbb9ab9c09b5a534cdac6c1809527,1,1,1.0
0ce5aea106c765c0d7baa950fa29544b,c1d365220b408879df6a5fb635808e57,1,1,1.0
26b75aa0193a68d5ff0f07dddbd6789a,dd75d57a363e72f89d3c56d466ca9631,1,1,1.0
145ec316f5428699441bb4e42ee44280,80665862ea41735dea786a8042ab1296,1,1,1.0
61f1a493cb99e61ebb41924c15778a5c,cd6340dbe120cd318d5ce74d18f8e94c,1,1,1.0
304fa6d8168d31c38aa4db37c5e9dae4,94939fd11ba6e9d9891ad1eef88c4b7c,1,1,1.0
06ca006fe6294b6a9c602c4b12607e6f,4ce5cc650e13fd7001aaf17e3f424edb,1,1,1.0
642b76584913981f1f35fcc6aaf9c634,680f0cd9dc55b9cbf4ab63649fafef44,1,1,1.0
23f1b9f888e9842d13f8324c598d0759,d2b9dfe20b92a2d5c91d07f74dfce9f1,1,1,1.0
c207b575c7935606edefd74a43419a21,ff36be26206fffe1eb37afd54c70e18b,1,1,1.0
750b9fb35b3b01557b00bad2d716b748,aee3ba1f1556734cc5f1fdd8ff225054,1,1,1.0
81842ed372f4a8873582eac1ed85f51b,a612031b7c0dc1e14a9f25e63a4d96dc,1,1,1.0
5d986ad97455b613b456d4a4f5293958,c697370b3cc6a831515978d389f2049e,1,1,1.0
5b06524814ffe7696731ad5c9b5fbd75,6b98fe65e7c0ce4ba01c231fa7e91ae1,1,1,1.0
c44f87635ee8363a53bfdd58011f72c8,f6d3854ded3e19c18350a434b048fcbb,1,1,1.0
639145e1dbde50377a98bd9b9499cae1,71701a9e3db5893dcf98f25e8b67ecbb,1,1,1.0
1eb10c8931ef3b01cd2cf7a6712809b2,aef36fbff4da2bb3001ef080be790872,1,1,1.0
68d58c22c1c4c4499f90f0645e7a0c35,ee0441e49d6a79a3b60f0d56ad879175,1,1,1.0
4f1e3e1a45fcea5f9aca5f8d6428b144,63e16a68064fa2ef23202ee86e3feac9,1,1,1.0
269404584333ceb567d7ffa0c068699d,5124118c33c58bf9815e57469aeca824,1,1,1.0
1925cc188b54d035fcdcf391546a675f,cca634a5e8cffea413f58c8c29324d41,1,1,1.0
321a3e8cd267a0eda1010b26e921731b,40a8a222280826e2de19cb02a7675489,1,1,1.0
047da58c84a4e46b1e22557054715b6c,367e41f1ad1310395bea2d36b6902846,1,1,1.0
a568272296f24447991f33f62d7a7f0e,e574b9c38b84aba973a512de4570c217,1,1,1.0
7713212dfe73f9d229ce336e0e67edc9,e5c9b56c3f3620137a63bee392554552,1,1,1.0
4f1455bdf967d9144c8f55c7b99bbdff,d1ea8ba02023ddf35bae874631403403,1,1,1.0
b3285dd7fd409eaa193f78dbd67f70d2,eaea6c3e9a7552736a946795ebd169f2,1,1,1.0
6d044c6e410e6cccbace86e1a291c94e,f6631c3a50c50e5ccdfb090c09031c31,1,1,1.0
2a98d7018ba221c3748b4c9f23a1d31c,487b8276b2914d7cc08a7da63a441e5a,1,1,1.0
076fae3f09eb7ff1b41f2dcbd96e867f,a8b0ffcad9db25e5407a2b88ad3d8140,1,1,1.0
7442fb3a6b65bf86d1bee0b11615599e,7bd213a052e3d279734fa17e9564f047,1,1,1.0
5d8620f729a63db9808b84811985626c,f891d90242142ed6bdc6f6be9b3ef4c5,1,1,1.0
12611e5049d58be3e7edc5fa448d9ad4,a0d22df815994caa734d6338258b6db0,1,1,1.0
cac981eb97f98f8af8de3b9d3766db04,ff18e380a317451b155701b57a8f57fd,1,1,1.0
bbb4489598feac603a21e4560d04699e,edeacde884816ac5fb6b44e34d3d6bb4,1,1,1.0
647834fa9bee90050574fb5a00b8f0c1,728b3c765e2caa589411629209a4927f,1,1,1.0
17c6652c9c8a71e905e388b9ede23d6c,8af3ab48d408b04c0ea4f59545c45439,1,1,1.0
386e06719765fa68623aa6e85e3f8e93,aa2c08c0b09ede35fb9169eadcf31622,1,1,1.0
2f02635fe98bd8c88551f06ebc26aa73,74ed854a1d507850912cc7bb29c752cb,1,1,1.0
1cfd75e7861bdde8e30ad27fedc4da1a,e317f87ef6a591202eb17fff79e3cdb4,1,1,1.0
234d95ca4b3faabb37d79dfb5e85c8ee,55c84c3a6ed3e40b21b2c40a7448d774,1,1,1.0
daa4bdb7d8bf38a540c6bf3fa379e16e,ff6071b8db1b9da6ca797d56bb0136fa,1,1,1.0
7a3640d76de413545c19f51091c1808e,a49c25b37294eaa2f50ba92291686137,1,1,1.0
a22db6502caed90511467435a9aa9c22,dd54dc717fbbcc67d92a15d8b2350249,1,1,1.0
209d7897e0f660d10ff4cf99b7aa1dda,34415df9a4e2f05f76e2e35d7752ae90,1,1,1.0
2f3abb55ad89a1cd1d93692ed784e2d3,a4f4a1d0758fd671e5883fb263b085f8,1,1,1.0
38bfe8e3b53678fc301fcb2282176ab1,fde7734e6d16bc042442d8517beeb835,1,1,1.0
254cc55d487e49155d9a904883f7dfd0,de1304243e1baa2b702aeddd454d62cf,1,1,1.0
21f49a64e7dab9706ce0cd0ab08ad714,655e4e8e995685ff9d2adfa2268a0804,1,1,1.0
05fc85193354fc6cf23df19aa08bde71,f55068b90747579e30d2e055155cb93a,1,1,1.0
1df28da6a384e9822da017c6d44b0656,8d51216cfeb9efed71d0570e6a3c327a,1,1,1.0
2f1f3c9d24aea7c42ac59609fde464ef,d3825147a5671fc987925a4da1b15ead,1,1,1.0
955426621e97369fc4d9e9702140107c,9bb34d343becc261af7325d5d6783dcc,1,1,1.0
01fdfc6e1f85ad504461c6699adb246c,0722dc95b7fc36f3e1827455e5071eb9,1,1,1.0
443228b6482c48a974f57cce036b5f58,bf779ce6baefd04fc0895e7ee0472d3c,1,1,1.0
859be3e24b1d2f673fc587981b6260dd,e5b5b28edeef592fa19f83aa6f04489b,1,1,1.0
3c4d7fdb25ab947c7ac866ba940f9c32,448a55fb65d9e73aa938a0c8a2fd6560,1,1,1.0
13073ea0130f0628f46327884eced47c,c75faed9d836e194e6794d9471b8d1a2,1,1,1.0
9b3dabff65be6c72db1f0c127bd8cc42,c70365c08f0b403c20a4a794cfd69c0e,1,1,1.0
0457229263e71157bd7cf568a56d5ec3,8b267f9f3cbcd987f5e3022b3d4f1c26,1,1,1.0
53abe746f1575f367bba91359eb029ba,db0b16bfd9476c6a0409a18a53fd6079,1,1,1.0
2c74de174de65887717532ccb94bb5eb,a651ae23be31e21922b96bc68e3e8507,1,1,1.0
4300cd67c6b7fb1a62cd046dd78e1897,cb79096fc4f1e5476592e428b12eb7ad,1,1,1.0
a2de395141e65ad3d059a19c67c497bd,cd60953fbe070a440b5967020f76f51c,1,1,1.0
04ccbcbbef2cab112c2b5e1589bdf9dd,3db553f2f06164371a33b0bc51084a01,1,1,1.0
6dec1694a1f6ff043db793858fdfb792,75efe002b4535e3301867e2286f775f7,1,1,1.0
9ea40717f597f2886a1e7aeb0e8207fb,dd86b18b85b92a24f5f76f52576b48bf,1,1,1.0
0f1a32b54d249bb2b49025dfac83199c,1299898d725caf5eca3fef77c06ff1bf,1,1,1.0
330f1103b8cc5a3fbe42c836f86a9d91,36835006f94474e84f94706abfad222c,1,1,1.0
2bcd8a114014d937be8b3594707463dc,5b83a6e579043f9d293af671b3fde86a,1,1,1.0
50010028eb2c37dcd1e73ec2e35e9657,82375c4c18f30b5a9a5ff8da6dd206d4,1,1,1.0
1463a7565f8996c9b3bac10c3c674a8c,701293338dcef8f3757cd77e87df9dbc,1,1,1.0
322c79bc3dc8374b09c634fcc4e338bd,6292603dec902259a5c333f58109da24,1,1,1.0
4fbe2ed685647df2a1516f2eb501d3cb,c989632155e1945f60b17405c831ee0e,1,1,1.0
5b06524814ffe7696731ad5c9b5fbd75,9bf23870370b60c094d0206cc3330d6d,1,1,1.0
279d9065b859d2c9caf96ce8b2d0c929,88914cd8ecf222c3d2b5915960f5abb9,1,1,1.0
59f5db6a907a5c4ecfd9934ea6e10127,6a5ecf25eae9db640b117f6a67c67790,1,1,1.0
40c4c308279011b2e5b85c75579f415d,b30be1a65c6d6a9e6b1447e05048a520,1,1,1.0
57676a65c7de0eef9c74222d306f8fdb,b5d1c2be723c6f65df3d24567523e4f6,1,1,1.0
675232220913c97dfa9efffee77d5986,e8fb438711245035d8b3c27d4d2d1824,1,1,1.0
0e50810aa0fdb3784e55bda1bb0a5874,d35fe16cba55d912ea21e552df60681c,1,1,1.0
7d61d43aab9091b002e8d1059c9b6140,f208c2e0e8c456b2359638526812c1e4,1,1,1.0
66350a169302276ecc95167365b44a54,8c3ff6ad9360189ef57d625d044d7c19,1,1,1.0
996b6f9fe3bd438180bd37ff78758d29,ddd2a66e1bed772e7549a4343472c252,1,1,1.0
1e1bf825ce7e4b4e4d6b535d28cfb2f2,50873ba9117e821aea862ced823f2653,1,1,1.0
94ad7a5230b7be681eda67d342908eb5,b6f09a3b6557417c9175e038a17e6bca,1,1,1.0
5441ea58ad29bdc53d456f310654639d,a16656b34f59e202ef32dfc53b947847,1,1,1.0
02a09961a48dc54166f61f00c8fcd7e5,40c4c308279011b2e5b85c75579f415d,1,1,1.0
215e81304459427c1cc8a7390754a4c8,33c10edbbbee94340648625b58ad8b6c,1,1,1.0
20cddbe74c983ad5ffa0f01d5f8a150d,f6bfa60df0ab91a27f5b5ee37022653b,1,1,1.0
8d8abfd0d01a9c667c0820bb8c9185a8,a5ce731d4481dd58d0bb8335e72142e4,1,1,1.0
b6bf354e3f1ec6dee74be0ca2b9aea61,d4066e00dbb3a446654a014755484d14,1,1,1.0
367e22969d3e7963ed7906e186c662bf,c7b5bf93064681e82c7ba602c7a28837,1,1,1.0
3b28f0054114806f37621c311da2dfdd,df397f90c1538772d4102ef5faadb297,1,1,1.0
c336f25b0edf2e872f0210e30b729b07,d0b906a7e061dd6ee62756baf02eac17,1,1,1.0
4a686645041b9b707c2670d4ba1d1128,5a96f34f3afcd6af757054cdc60cb877,1,1,1.0
1184d75f9890549854acf4e919c6a317,fb1b89a793a98f9bca62650397f19ad2,1,1,1.0
41a9daca7858f956834bd2254e46d90d,9cc560778160e4e23be98366377d835c,1,1,1.0
6ac52814155aa5b8da64bb30a14c6b3b,a614d6cd250ade7d6b123595d723f59b,1,1,1.0
d411743e96155ccf5ca3eb7efeec9ecc,f3a387107a8f22296ab65aac43f372fe,1,1,1.0
98245ed8c8d57ba6dcb8e5d86942ab1f,e1a14fee551f291b13c131b5c1527745,1,1,1.0
8e952f0bc9b3ad5bbeb3648591f8addb,b2091b5358411d732e38414643149fca,1,1,1.0
553416bc52eccbf87ee50a5a4102629f,55fce1ba5ed536b6b60c5b799815f45c,1,1,1.0
d07448b2437bfe83d9b7e226a9809ff7,ee95e177ab3f145dbe033160ced52d68,1,1,1.0
6562021a0a4fd24be820ca68ba96c2c3,9bf9e8c962ab8bce4daf3ec7d0a59e13,1,1,1.0
0258cd3b5e7c4b397cc09ea472677e73,4c1d41dc41656b0b056595efbab91098,1,1,1.0
b10199c01d6933cb94c126e0ade1b158,b6cfde2ddb98b728671ecc0a9893f5d8,1,1,1.0
7cc5c190ee98d000eda540e331afa10c,a8bdc59f80b047d3d5fdff12d0c146f8,1,1,1.0
6f736c39145509c0f1c37f1d26b04d80,e345b7d024013746026a4f9492bb1223,1,1,1.0
4795fb1b0d025528a80e2e9ed5b35a85,8b2b8cea5423ece6984632540c423aaf,1,1,1.0
2e642fa075db8661dab42c957cfe6290,6a624079d93205c12f5325b45d796fe5,1,1,1.0
4e8c732957439ada25d816c98f786697,776581cf5627bc9a3730f69f9a307476,1,1,1.0
36ce0bb312886e4755466775a3041fbb,e3636ed2c618b2eecdf1970d8c87bc67,1,1,1.0
7c83e556e8b9fbbc81bf61d7a1c3bd89,f45669f4fe48c48b6d5065322ac387be,1,1,1.0
e2d911b9c9ec50ffcdbb80b4aa8e7f2d,f4f01c90afb1166a87e9d0b1114d55a4,1,1,1.0
0f31ef63a635cc86e73aadab88a1bda9,767f240a60c7341190384b2d0bc82f01,1,1,1.0
8caaf1714c79f39201cd7dc687ba5d19,b32a4bc76a1a966fb50d185796690e93,1,1,1.0
2f800f604ce609f0293a9d84e7fc12ed,c11da26f2f89c9df2e88d6e4ca699074,1,1,1.0
dd4e0ed450b3778da02e225058eed1c2,fa3d003e658cd1bc7b391ec1e602c76c,1,1,1.0
6f4b96e335b7cfe89b40731ea58af7f4,9fd78e7df3488fd8e24ccc627acc38ef,1,1,1.0
41a235c74d3d78123b8564f63ab50f3a,6cea7344eaa5c7532f8b12282b4b2735,1,1,1.0
1c5d44eafa7759924213b552d9c44443,a8becdc52eb49044d9d158c4199ab1ad,1,1,1.0
64ff4d6eaa7994e9699e2938da894abd,ef22c3bb2d1a88107c67d3af5400b6bf,1,1,1.0
e2c8637256677ff5968ce784199f26b3,ed8bf8f73a4c6a4d1e8b519c03c1c17b,1,1,1.0
5c4c9b685fd0819a54722afef7b66fab,65771ea16b4909fde14e874d56fcd439,1,1,1.0
0096c18412349537abc45e350581cbbc,fbc317241aa884a4ddbc83dea4f481ca,1,1,1.0
69a08c1d8a5a57a15fa3592decdc3819,9e1a43ff4b344d86253ffc4afe5fb870,1,1,1.0
321a3e8cd267a0eda1010b26e921731b,8d8abfd0d01a9c667c0820bb8c9185a8,1,1,1.0
65865a9e35aecfe5c8474e8312b24cb4,dbd31b3de203c2361440cc64fc016ddf,1,1,1.0
4b4e6199c7c6bb267b2f53dbc2f2606a,ec5625006d029120e338890c30ca7669,1,1,1.0
049a4d30ddf74ba1729c3c7d7c04057f,91a74261e8ac51fc4fe3c1614a02e998,1,1,1.0
3cd20f67e0aaf8d82bfa52696dbb9223,89eb91f4e3b29c368dc72be27447b9e4,1,1,1.0
534c8cc9fabcb34e123fc1b79e9a8526,98f72e7f3e9ff59e273980c389316392,1,1,1.0
5ac6468b01b29ea7238103d44092c65a,8f69c0c0d2484f27231402b2c09fd326,1,1,1.0
2cdd93040317cfc400800fbe293e5a59,5b9a423471efacaa2b6d3ff74db0a572,1,1,1.0
461b0e7c11ff521493eaa69ad24e7b3d,bde87a8332a2a85c6fca9a60e47b1623,1,1,1.0
1267212283399f8294c491fec2b02be9,18cdff92d2777ba2cebf27e4a6370a6f,1,1,1.0
116eb01461ae0ac3f20de05d49756fa1,d1fc7c21dd26886b28e4973eb89d91b8,1,1,1.0
a286008b18cc3a9834fb353915dd059c,d60a2f23557ba7c63bd1be0c3a9df384,1,1,1.0
675a8d2a984ea6f86cc5c2d1a45211b0,a436f9751b6bc18408da60101cb961e2,1,1,1.0
35e7a86fe3da7cd07c987cceb2d8aa92,fad2e77bba064ef0e420aae76fb3eea1,1,1,1.0
4c20cece8dea060501365d002b9e4c32,fcb8d2097cb450f410aa107f9ccb3566,1,1,1.0
6f84e5f81b7daece37fdddcc6cf99ad4,cef354e35d130e1452229886c37e5b7d,1,1,1.0
de396d6391d462b718e264a43891b4a2,e574b9c38b84aba973a512de4570c217,1,1,1.0
89731c9b67b2d5b33c6c7d37f3140c90,e60d98ff06f60ebb60513be4eb25f9e0,1,1,1.0
6f70c0b2f7552832ba46eb57b1c5651e,e953a3ccba6c28d88457c24ea028a7b9,1,1,1.0
8c4507a51771fb461d0de12f6949cf17,c59f1c7d4d0ec84a1e1d7d6c2bdfdc42,1,1,1.0
c1bde6763b9bddba67ab058777cbeff5,f293f3281ed5deb4042a891a5dabc3d7,1,1,1.0
c46435025bbad69fb7c5dd3666c07dcd,cfa40788672ff3c42c35e723bc83c19b,1,1,1.0
6ac343dfa1f2e45a71fd588c764ff8e5,be99c4ce8cb688806f3db429a02193e7,1,1,1.0
7599f9837a54b1c8d855a79f334295d7,de3fd2cb02aa89d030f943936ca17807,1,1,1.0
346554e2c119539266cb49f9671dbbe2,f293f3281ed5deb4042a891a5dabc3d7,1,1,1.0
07522c9e3faeb9e86aafa0dc95f2db2b,34a6d7fd00a8cf0d423e81870e1f0880,1,1,1.0
806a6fb487f516c444a869530b6eaa6e,965ccba9b3edf80a6ea648ef3e722fb0,1,1,1.0
474cb0c8b2a121c177772005f6a27cde,62b35fe1a5889cd6b3e90874d1b4a74c,1,1,1.0
5313df9ed1227de4e30151bb156e2610,7d5af2265ac87a5f4046ed4d9004e3ba,1,1,1.0
37599ecc41d3ff5f4605abeb5145ea59,7e6d5d468dee1bdb289c8b85f7e839c0,1,1,1.0
4668460b651eca503face6f51512ae96,8aa9d52885a3fc85bc75ec003704a8be,1,1,1.0
3ae2dc07ed3ebb93b0f6c47bfdea45bf,474ef1978c42917f93bd84783862bdf0,1,1,1.0
2da07654dd9e5dff1cb0fbb5ceeb7396,9f217bbd3e1ae6856aec9d9a7ed2c80e,1,1,1.0
7c56a425e6d5b03511da3db216967db7,afa97c1719177a2dfa4c8baa78471cfa,1,1,1.0
7de01a3b3d0ad54a01e468ca9d9b55d6,d1659c1acdb933f31e6692df5184b75e,1,1,1.0
29487152070056048a9a38d7dd902129,4082945bc678aa17c3305c6f98f02010,1,1,1.0
470dafdb695694511e78bf4ae2276bc2,703ac5ef51ac1e720a792f4b24d74cc8,1,1,1.0
07826999f928c777522ebd9ed5879077,0a03613ee8e9a8f96d3970ba2f89423a,1,1,1.0
7e0817d37d7dce9656abe2490b5b47cf,c8a34de808d9360584d35871fc1b2d93,1,1,1.0
6b4d70f9e0b26fb3497b1c6bc76ccf2f,764b13e9fafd8333ee0cb00383f9f3db,1,1,1.0
077c3df601847549b013bfa66198fd22,ff460daf2964c4cccf8602d6f8dc2fe6,1,1,1.0
1a3b8f1d0782ebedbcf220a96cbc1655,be6eed3e20141b5e92422b03e83ed08b,1,1,1.0
3724bfc68569cc4df876284536b8add9,8a0855d5cb93089e677b9a0b601bc03f,1,1,1.0
1988290d0b088c6b746dc1c858a6601d,5355f50299ab86c4f771dffd0ee27ab0,1,1,1.0
25066a40f307a5ba3b0d053c7f3c8ac1,5286f4342593aeeca93e0543ef0ac5f0,1,1,1.0
369178f6105f8a6d5f54d80c9bec223a,9ba12e905e7b14f77bb5d2d2a945fd41,1,1,1.0
4f25ec76e8c86ded17aa0c58f236df0f,6247e94ae5df6160d5a90db6340ace2d,1,1,1.0
d17e8aead592569df42ea0ac7c69cc99,f679cf9868547bc817ec73eaa0f4af6c,1,1,1.0
9c49fa7a57ef2dc5b85da10af332a1bc,a59dc1bc590098f3c263f2334b8d152f,1,1,1.0
09ec14d4d1ccf340866b0614ae388a50,73119fda49f87621569e52d135b5a6b9,1,1,1.0
be99c4ce8cb688806f3db429a02193e7,c7e67e5d2515649133541a0db055ad1a,1,1,1.0
8d5b0f019c3795f5639224a05ef3a4c5,a320802b7da5d1492c86bd42eb6b188e,1,1,1.0
5733364acefd6b132d4617348374034c,f9242445fc633a8871f2a6c4a033c8bf,1,1,1.0
06e3f686042578d4e8ec05efd9310bcd,5146be751c87984f443dab196ba5bd70,1,1,1.0
46b2fb5b2cde564a0a1824ae6a38bc5c,b14ef688a7c1a52e7437298085d9d62b,1,1,1.0
7f5fd837ad25b075bd3b583481e11df6,f7bcba7f0ebf384ed7e8ad94d7ca8b6e,1,1,1.0
71e324d4444cbd2ce5e61fa48dd434cf,f4b163d31ac02f0d11cd9317e061d185,1,1,1.0
45f81625f22e21bd01d3f30f4b9d3ba8,fa2e18397bdf107e0de094c23b96c3b6,1,1,1.0
00797f371bc0f6adb4d267be541a92da,dfbfbe79debfab1266fc7ae4abfd98ae,1,1,1.0
3387fa96af4b6f1357b986eea147c394,601b0c790d8ec7b21112f7b05ff2d87a,1,1,1.0
9f18b9b8c2b650a9d97a84ac353f1b88,f75bc8b1aa3841ba66a6cf79255d3486,1,1,1.0
5d4e429bdd72d7c0bec2d8f8bdd1163d,b64d7d3d6c9cad23a169c178b6e170ea,1,1,1.0
0f5ec6314004c573c14b76ba84825d87,146057bc81d21cc0aa170797de177ed8,1,1,1.0
7ec1eababd5b609375f53565333a16ca,bcb8ec660f9d6212d52115aa8183ca04,1,1,1.0
65dbc5e7a91de6063361adf52a6f7a28,9bd5b3ebc783033a18f5ca69ec2727c3,1,1,1.0
04530097e2b38fa538dd38926cf34f77,e00cee2193699c15762de7149b64ff00,1,1,1.0
9f1d7d420cad01c1cb55962ea7a6c512,eca835c0030339bb075ade50a5b62824,1,1,1.0
4033743727f6f81808e2f7e4409deefb,a4d91b80bdb82de936dd0aee6fda52fb,1,1,1.0
7a30c2f4ee4d9f8370e1ed8acf3eefb4,c5afdb21fdb0a3e8c4a55742dfe7c644,1,1,1.0
05b6b8be6f453fa2422e5edf1ace2fb6,6be0a047903d0569ffa69db1c5db7ccd,1,1,1.0
47536cd28cca4c60e0a137015f51eced,6fa061182583ad8a67e3beb62d70780f,1,1,1.0
3b4996aac9f52d741bc5d4df7da45070,bbfdfbd3af995f06a0da9d30e99fae15,1,1,1.0
69be6fb514150278c7f1cba56c328fb1,a320802b7da5d1492c86bd42eb6b188e,1,1,1.0
b37c8cccd19b188a545fef38e1d9386f,f6fdb1939fca58af1dc79c466f9fa3aa,1,1,1.0
729cfcd1fdb847e1ea457c522bc88126,a4887671e2d3948b6a19b57681990389,1,1,1.0
81196f05712a31e3b612dc0056adfc9b,8b76873e1760a5f47963cfb77d20e444,1,1,1.0
c30e1d992894094d169c6e3946b35dcc,d59a95b04f362565e898b4e30a3f317e,1,1,1.0
11a6b6369051df6524fde059cc753acb,b3af6f6fdefc4676ee8fcba320a583aa,1,1,1.0
927a61d1dc36be0dd568b7a9b884ca8e,9f0c5aae0debed6d7cdea5b8b54c4b91,1,1,1.0
2b8ca4df13bc29ec8d30a966480cd549,448a55fb65d9e73aa938a0c8a2fd6560,1,1,1.0
bc03e1579419c39e07816c7a5d681590,bf1464c6f9bbf319b190fa3658848abc,1,1,1.0
c6003bc9756a16f3b177d3f2b25c207c,dd162f2be22e534992b3f874cc57eda0,1,1,1.0
2044e987c380046f8dfe77ea2876deda,8b2311048b3a63a10a5f5083a49634af,1,1,1.0
eb30f0217407561f744d4939fc5df48f,f11173fedbf10c2913afef5844d86c9f,1,1,1.0
b98a1895f96ab40955c4a6d9b74dc86f,f61d7cd21e2b34dbeb554f44a6e0eab9,1,1,1.0
28441d18136bcfeb0fca3cf21c286081,34de78d15366663da947a58b7e9aa88b,1,1,1.0
4458faa1e4fbc76c9042d5ded0b53244,90aee4ffb98cfdb9d46b7cef63b2428f,1,1,1.0
a6803342249d71fd2b56f1d97cec475a,e59a44f1fa1a252ad6aa27c0aa25a195,1,1,1.0
4df708cabf0d092e540230827dae04de,5461da5b4e1d3a1390f5fae001b3e6ca,1,1,1.0
4e7d084161eec682220d0adeec4eec8f,777681f9b9224be7805d16ba1bb73b6c,1,1,1.0
bdff11e0a0086e8b282e2b386a6c9b49,da76149820a35f0ef7ab70037d9dc9c9,1,1,1.0
91d1f79f98b7fe73a0cc8a3732e1b5ec,eaab462d4876467252e6711600551f09,1,1,1.0
d32d8a0621603cf5cd9764b715c94d4a,f38ddd27ff8e8dddccb544e5751dc864,1,1,1.0
2c74de174de65887717532ccb94bb5eb,45461b3e087473c799ce5bf53c50f929,1,1,1.0
064b4e180166294e451887ff8b5a74d7,c1dade4b4a88703da192326edcc9fcb0,1,1,1.0
2b53267d59423e552bc93a0e771f4ade,d389a40e14769e6fec5b93496cb8993d,1,1,1.0
4a05472a1d855148086a3b3fc98c3331,edea3d94e309f4f5ef91d01a70416373,1,1,1.0
6e585effe241882bc947bf1e7bff3fd3,b7c353584ecc53175529d47389ea8a64,1,1,1.0
687728d2f6b44a8c1af4ec3edec6f1a0,b24f550daff91e457c446db85553ede0,1,1,1.0
1822afc4cf8c02e9a118d86d4fdf5c12,c4937dd9b0a859a80b25faa972d898b3,1,1,1.0
5f8c6f3a4b96dc87a47c35c5bb018c19,c6c966a2924ee8d557d167a7d24347c6,1,1,1.0
0d751000fd32619b009912a54a46a22c,e773a42bacfb194f0f480d9e52d0f688,1,1,1.0
224ad8d3fd3099a48d721f8332159804,fa40c0a4f499e921d803b074b2ccb688,1,1,1.0
51c71e07d4ffb31ee4286c41a71ff23f,baca0f6ee3a68872bedf2427b3a8bac1,1,1,1.0
6af770a9a52cec73e7324676bc6e257d,915f178b164c3b938690ecfaff3896d9,1,1,1.0
1d4f569ad299cc732521f6b76f661505,d32d543f196fc61fd98683a3ca5778e9,1,1,1.0
68c48ba56d02204f6227241b55273edf,f6b24980bbfdc9bd9420a481a20f5f64,1,1,1.0
38a4edb49c1c376a9bf78db1e6f031fe,5342b79cb1c6739a2be7dcd621871096,1,1,1.0
1579c33908bf3784b501d8f4014079f3,f2bcc6ad1bb400ff8d1ed1b570f01348,1,1,1.0
1b51dc88a783a437b7ab446fb12b4d23,c35c37f51c0e215f8607485fb1f95509,1,1,1.0
be295af7dc9d951b6d3f091379aec2f0,e8909eabc0b5ef3f6e86cb6a53fc6758,1,1,1.0
5b586399e94f316df6602acbe6d80f70,d665a0bf055735b21aa69ba970379991,1,1,1.0
63c6001690c00154c0caad2704e321e9,659ab261634a07f28cf9863ac3b472f2,1,1,1.0
572a488c4c5af8a6bea8bee5477b021e,701293338dcef8f3757cd77e87df9dbc,1,1,1.0
0808eb9b0f2117c262a635a4f8bde1d2,8066d1ad4d1146079bd23c7350674734,1,1,1.0
199e0c07498edac57c28ac45e7cff3ef,fa3d003e658cd1bc7b391ec1e602c76c,1,1,1.0
931f73eb317aa12c10e3fbb2a7a59650,c3496e2536d8347b97f7afe5d7d211ab,1,1,1.0
508147067e5a8fb40c9e47ba28aab934,b9ca109aba9631a3dcf9c422ee6a16f0,1,1,1.0
333b5385521c387b3b77f75c8887eff3,b3294719433aa4945f6399c5eab2bb1f,1,1,1.0
ac2606825161d003acfbe4f43af273b1,ffaf80e0cefcd053686d154623068063,1,1,1.0
1c6df425e2a3d6aaf1aa56dd5855fa62,9d8f733fc90d46cc6aaf3252cfcb1545,1,1,1.0
6ef8c06e2d3781d146627296130f7cbd,f0e26559ebc99fee583e3cc2c73d2ee7,1,1,1.0
2a8f929287429e825e794f73d916e5e4,886c8a8c924043f8fa45387ddd9a16f7,1,1,1.0
4ec3e8baff65069114a2cb9fc2f9ff9f,fda24ba4c4b35af5ce3f4a752cd8dd38,1,1,1.0
9e6fc65f490950a3f8855487b200069d,ec5cb2f49e18391a52f4cd8bcdf4a5de,1,1,1.0
11009613bcdb201007d97df9090a9b7e,31769e4868006bd8b9f427adb05a27bb,1,1,1.0
592891bfd137d0161b5209a387a4e9cb,80d9444e7cfcfd1288df2888c741cca3,1,1,1.0
923bd12318b8360bc40a6e4887f43fce,d58976e9d65af31ed4c1b1bfbf45ef03,1,1,1.0
24379aebec3f657fed011e713367ba81,5d81012f5f20f3781512403410be3043,1,1,1.0
5008510088b7b108942cab935e55747d,a96c07930248536ba6d1d66f68916d2f,1,1,1.0
62f3c55daad1401d7edd3f838fc49013,c8ebcbb6e3035c1bd92d6b7de2b9a4cb,1,1,1.0
033ba6356def942d520c9bbe24bb1d28,9fd78e7df3488fd8e24ccc627acc38ef,1,1,1.0
82a30c3a0cda2a7c36585ee82de291fc,f67653b0aa459ad0d7d97c2ce305f764,1,1,1.0
1bc973dd0c2d4b8eb3b9c44b42eff102,f6fabad7c6a8cd11bd0619634456e2c7,1,1,1.0
59bce16833989b11ae38fac262b8c65e,9290e3b0f0fe3e660c4de619c1640ac9,1,1,1.0
b3f2ee1073f3fa2354c70910c0cbd983,c336f25b0edf2e872f0210e30b729b07,1,1,1.0
9c9a1d458299e475598c872ba2db5bd6,f63a0f959d85c7a60d96968bd9e47fe2,1,1,1.0
96f516352e2962f2686c7fbaea51da97,9e76f3915edb389c53e9a959ad369793,1,1,1.0
9dc4b05ce1cabbd9c3be75b2420d4d87,b26332fad4f985a3dc81c067023427fd,1,1,1.0
2b63cc1d80098444868b27dab7a303ba,597e8da43c502ff3da034b2f01f2de59,1,1,1.0
5c17cd275f9dc9a507ec06869723e0dc,69a08833720febf10dd53b86e97b054a,1,1,1.0
6a586986112375fd757133d6a052b16a,89a9963906dffee00f5c90c369f5b2a4,1,1,1.0
53dcf03d15f1b83797235d58729448bf,8f21cb999e605b67acec6796a2bc0ac4,1,1,1.0
56583a02df6f603c331a575f4f63ec6b,8311c5c0aed8a6a3a736a9e7acf6e900,1,1,1.0
06affbe7eda072f42eb81be69475384e,54542a226570cfc79a4a2c1930105e1c,1,1,1.0
79616b7c1ba1d285e43d43717705d6f8,b6a65479eda98ce46d2c46ee41dddeb3,1,1,1.0
3b1e4f4bcff27703174c882bd33a099a,e8e2449fa453dd320f605734798bb093,1,1,1.0
d1cd85b1f829aff3f1b0376222b014a6,f4db22627eac951b3227c89fe131433c,1,1,1.0
5fcd614607739af38fa67f34541d9582,9b6a7355c961eb31d9434bc5c018825d,1,1,1.0
518e573d63cb0cfe30f910c25b28305f,c123bffcaf20da08bc5e44e218e17cf5,1,1,1.0
97cf3aefd84c788d3c579abe1915b6e0,e7d3203514e1896867c3aaf771bca72f,1,1,1.0
ad69aad3ccb252fdf5fd37f6782bb816,bce3d9fbc3118cf5c815df937164e337,1,1,1.0
331a90f871396eca3dbbbaafc0f7fb39,c2000c6cfbe7491860ebda77f950e934,1,1,1.0
18902585037a6ccfcc4049a182ba5293,a7faf5fb2738f41ec7c03c2d814ce921,1,1,1.0
7677f9cc63a115549811ab121f34801e,d5a21efb91cd378a523fc1bfae3429a7,1,1,1.0
858fea5ba412150bee741aa3408a6c47,c40b4118cb3c231df85664bfc81a6ac5,1,1,1.0
6b2fe0cfed44def77eeeea328331f2aa,f4e714a69959639d15fcbeb67639f48d,1,1,1.0
a1072a1f058950170d215565fbc6278c,fd19870765bff85d0c1e1f6819f16989,1,1,1.0
37b037bf83ac298b4fd1d8c2e96b7f26,7f84cd18af38cea35e6427fd044e0931,1,1,1.0
65deddddcd63124f257e32576777682b,f37ddc20da6cf3319c3dae26ee59b739,1,1,1.0
1008b3f31c6a196efdfc4c1300b72ffb,6ba32efcb359d12143b1bf24b7592c81,1,1,1.0
a157cc6139f181eeedb78e3973b9665c,b9eff50e3da17e8f2b79bdf150ef5df7,1,1,1.0
c4b6ed010082438b142eb8c1b60557d5,f92cc22112f67a73bd0504d67aad3ef8,1,1,1.0
ac18d7af49d92b9420f967a2d939b1f0,ff5074ba8b01a03882e3935c8c3f5fc9,1,1,1.0
a11a931496001b8371a8b6597ebf26f3,bd8dffda3ac0e0ac840c79e09386c085,1,1,1.0
95d319b707fca3ca22e48d189e5fbb38,dbaf90a340588b6b0d35609707c9e28e,1,1,1.0
e006cec3d04f1fd59a5b3ce3809efe2b,e2fe0b1f9429fdd3215b47c2c115511d,1,1,1.0
294f1ffdd9f4270bafd5feab16f2ac3a,c037aa753c0787f6e28b2d5c5e40d997,1,1,1.0
0aff838d826afd9c11d8d35f114c0505,61205a70bc04dfe2dcca28367704ca40,1,1,1.0
0f924ea7db4dde64b696de7b0fa98bb9,94be6e53f703a58e5d868471c18b4726,1,1,1.0
1ce5bbaad3220652fe0a798895af114c,467dbf2b36b570c4fabc2c2e463068fe,1,1,1.0
4acbe3511cbf22b05c7b79b3458d00fd,504df238632748f07ecb182598840290,1,1,1.0
646f0662e36805efc42c84831512709b,be8b51073ad2413727c89e38b38e5818,1,1,1.0
7361b4cce726b898deb902ee3fe27f28,7e951ae967a7acd00fbb3159346ad0f4,1,1,1.0
97a0c4f33bf1982206bc39b40e040e50,9811341012232acb695c989f1fb0c14e,1,1,1.0
c46ab3da89e5a14bd17c65fa2cad9b76,f2063195fdb9a77cb1fef31f3b6a346b,1,1,1.0
b809eb0b4e9337cc3e17055d71d32eef,d88025e331ae3af0b932640d318184d2,1,1,1.0
7e110abf1ee26d55dab6d1fc136b443c,e7d3203514e1896867c3aaf771bca72f,1,1,1.0
2a8af6349035f556c845d3939d25ef4e,f5e61af59a1d083116d1470d5392c865,1,1,1.0
6bbcae37cb10b3110fcb123680e08eca,cb7d6970d2b2cc89fdeed002017079f4,1,1,1.0
965d702887d6f19ee2447de45bb1eead,e588f1b5d00b4697f453375ba8fedad5,1,1,1.0
5957410ced0fd9bf30b1612ad0e4beaf,90777de7fade57365a27c25acdc168bb,1,1,1.0
7ffa2a1b57b9933dcddfb3684fad51bf,ac30e70f913fcde716dc2ec4c3e7094a,1,1,1.0
265e5337c41b4ea994cd62f8a1ac26df,a14ced328c3151f9d9dec0a419645169,1,1,1.0
694770a8ad05691bdaed8ffff38813e2,f59f8f274e9eea9a4c3251c95a47e1ca,1,1,1.0
3e45b1d69bfaf0b7963cbb9dd00196f7,e975aba16b187d0a9932dba9bbd285f9,1,1,1.0
66ed8fc8280da450ff40c37129f4139e,fdcc768de441d0c0bb9808e62faa4fe3,1,1,1.0
2f3969c0e722e4b3959680a7e89f7221,96e7c164f57fe5210f73c9ab17da3080,1,1,1.0
a7e1126d69a7b1be1f1ed6edc62191ce,e4776cba7ea62aa2e8816e89aa401fbb,1,1,1.0
0a6d75a522ec78c05b429c2e2abddc72,aaa7c1e124b4e0c8b9244ede5725e604,1,1,1.0
028c09f007292c4e3a3b10d296e47987,473c779638bdbefee9d8b81d441b8bda,1,1,1.0
35e8b4c2a64acb75f3bf063d82a8478b,eafe8d761cfa4c5351e1e528cceca207,1,1,1.0
11a6b6369051df6524fde059cc753acb,8ca65fef69bdf0299409e1b52b6229f5,1,1,1.0
3e43dc6f50cbde4da46b2fed0421cc5d,df1f63ae64a8a2cb1453e9149769adf1,1,1,1.0
0bebdeabb5181c812f78c9783442a36e,db305eead40b07047378cdbf9d8ac91a,1,1,1.0
2839fc99ac0504ca0559a1dea804854a,597684fc02296fb0a8980e31965ee6c9,1,1,1.0
1f65b985510dd34cd39d7c91b7663c9d,4a8e4b452bb5cceafa14d6fe1f06d6a9,1,1,1.0
61057bad69ef483f8dfe7d2a29434865,d37ce6202da6b8ad2be84da4529869e6,1,1,1.0
3b54ec3e11e5befee527b120ef8b0f02,e15b7e0a598ec5c1a4e156d656b01d80,1,1,1.0
69e27423d164d49d94d6be3f2d798320,f6d3854ded3e19c18350a434b048fcbb,1,1,1.0
407aae22e9afdd8f5d7071d81c16e705,f75bc8b1aa3841ba66a6cf79255d3486,1,1,1.0
a1d852ba193ab6dead77bdb11fed3403,a78c7b5ff0f49c17ed07ba293ee15f59,1,1,1.0
8751335bacaecf6d5c8f30300adc5890,97808a155820eb5b9594f0a836a589ef,1,1,1.0
e94e6e62ffdd16f148f9496d32d31779,ffc9d8a98ebd09a78c8adb729c3cfa2a,1,1,1.0
02c233db34d21b47050e9db36aeec3ff,adc1efacbeecc9d4519c1e8c67e37407,1,1,1.0
146a2253a3918c412431c4cb9d13b863,e94e6e62ffdd16f148f9496d32d31779,1,1,1.0
a3b3b8d2cc2fa6448e63ebfdafe150d6,c75fb5680989856542a441c1d9e3175c,1,1,1.0
71d7cd1b63e808d874ba4ee63b3e6c15,ac7716a3100088932ba7e11bdc113783,1,1,1.0
1d76262324fb722af0b9f273278139a8,c72bfb680bdbeb137f098ac6ad5338b8,1,1,1.0
c9f0b86ded50f9567c9e6899e4b1e6f0,da6578bb27787220b8d46f5128ef6ea0,1,1,1.0
5e7643b562ec10d77a4de5dfc2a5d18c,ec5237e695df436ab71d90178d10ecdb,1,1,1.0
ac866b5de5d174d371b4bc646bb1dc28,eedc17a4daa37e389a562c66664da3f5,1,1,1.0
86cf5a0ec4232cd20f7a05bf4d33e0e2,d3fc984c5a92922652079a947bcdd508,1,1,1.0
bb00460af4cda6bd1252e99ef3168b56,e0d57fcc716125d70f48d5e7e165a23c,1,1,1.0
d81785b6d65605aeef42c591602ac3f9,ed2b3f325265fe93991e55adab759757,1,1,1.0
a55d6a572f9ed8a230f10665db325eac,cc91e994f48d1b16c6264a3eb44a289c,1,1,1.0
3ec35f267b1d2635a9e7a28752a568ce,f56e9b265ee45f4184eed20e928bc55b,1,1,1.0
13d1712dcb37b065e7eae6de11475668,7358b89fc42f4a8e7b178e52f2300b59,1,1,1.0
6d0f018551148c638fa1e62225dda629,72d7adcf1d70f200fceda19328b4fc60,1,1,1.0
7df5f97f9dc003369b506e93a2902840,af92391646450f998e3682e0d6a837ca,1,1,1.0
2ec53a1b618762c17d71cba7442ad27e,6edeeed37ddd3dee7559f358b023ef9b,1,1,1.0
013dd47ed31ce4de00cb434b2cae5386,962cf08788e53f8b6657b8b346ace140,1,1,1.0
0647d94e80c8033ef27686bdb447e105,b778c913f1aeb04dfcb4d342833c22a8,1,1,1.0
3d0059d7266092b4fca88bc520607c93,6dbf40025c492536db00c2ffff44ffff,1,1,1.0
72258a7fb6515ed042d277dfe4c2cb12,d49f11b7331d59d197d96d0660b51bef,1,1,1.0
547d96d61444758bad5bca8d0e3401bb,c6c17c2de35135b49a28feaa51e8fcc3,1,1,1.0
bebb64a635507dabf47f076252103200,c054a91d51e30816ffa37af660fef903,1,1,1.0
ee8af3c20dbad9ff44860cd78ea8056d,fa2e18397bdf107e0de094c23b96c3b6,1,1,1.0
6404284d8144a1f897b76c42b6dc2c67,e9610db1ce903b47ea5afa0927762873,1,1,1.0
ced10e4c6016086b50d7db995393ee8f,f976af3c4d337f239cd151e8c7c110d0,1,1,1.0
1f085946ebcb56e5ea64b0b902e1cc8b,6c0de7ee66f58a94bb8ac257e5c49119,1,1,1.0
09ce636381b66340d1ff57c1d88b62d9,cfa752ffac3f5e1047eca5e002e81f8d,1,1,1.0
20deda6c299ef7ba54763039eb4f2ff2,6bfe7126e980a78dad3d22f225055fe9,1,1,1.0
2818ca3e861f7bc77e4acfdc1b161a9f,c85df1c6ef6f7bb605e1c49d34f172ee,1,1,1.0
2a92f4fe4b7cab5cff814bd88149cb6d,8b3ee20a0ddfa49f0a3fd762cd623282,1,1,1.0
896ae021b16a75c0400fad89141227b2,ffdcd85e0e81fc93f49bef4d54a4e61f,1,1,1.0
05950dd13be9313da9752082073de48d,8f63f0c16f3c4903073e8b3814feab0d,1,1,1.0
0ecb7751a7060a4fa039126fd7c30323,2d2dff303a27fadc670dd6434d524afa,1,1,1.0
00da34ebf22b87f6c2f53dc069f237df,e82106c32ee88c7e107c6fb5dc8316aa,1,1,1.0
14eb8f180e208b9805e196fccbbcfd13,d6e65f3d6d6f578c3f862652505f3392,1,1,1.0
39dd57f5a7f80ad335912eee5f7f0fb6,fac8b5e914037fc2e2476783585f0769,1,1,1.0
0ecedf16eed5abcb38cde94d495e26f9,f7542427705ce55ee46a88cf280b4f51,1,1,1.0
b5fe7c927c47cca30d51c757008129b8,ba84c8dbb27477d850318f2a1f6e60df,1,1,1.0
68598b654c53799834f0abc847bd4a06,7030164c13386d397107bfdf15f3814f,1,1,1.0
23ad53b2045c91bfef21fe3e5a0fe922,aac9fe3a15cd18dda46f91a7326c2e69,1,1,1.0
29c683bb068ef4f95efb6ab8a4883ae1,c0a562a9534731e021f840f239163b5b,1,1,1.0
afdf6bba7bebb1b304027a7d34c3a529,e281d2bf0c6f13fc3122d397d9f4a3d4,1,1,1.0
60a1e88691ef46c62b52fb2b994d7675,6b4d70f9e0b26fb3497b1c6bc76ccf2f,1,1,1.0
b9719aa7c99391106f1bacba9be12f06,f4b66443571595d4b3f236d0952d95c6,1,1,1.0
196894302e8c3084bd6c3e2619f799e2,5ead1596b959b2fc6ee4b75b863e7591,1,1,1.0
2017df0974589166352f8380c4f277fa,fe80881541b7cb0a0732cf82eed3c82b,1,1,1.0
487b8276b2914d7cc08a7da63a441e5a,815161dd095d48c21f6376a792b5015f,1,1,1.0
5bb42b830bff3dec259d44a9042c16b7,9425e2bb8f05990ccd57f6a4bf0a33f7,1,1,1.0
054a0e55182507d21177a99a2965911b,e4ccba2bd3c63fd05d8db68df49391f5,1,1,1.0
5222835b581ce2711be308100ada6067,9d2c9a97437cf840998fdb33171edfe0,1,1,1.0
192558051845c170249edb8235fe3998,4b8f5fda232c800d07852a9642640652,1,1,1.0
036758198b848af7b0e0211d9323a081,7e796a8eb4eda5643bdd008b8681c78c,1,1,1.0
4e0fb9a4a1c451212529cdaa809227ff,e28828c260fb933fa89ccea00c48841a,1,1,1.0
a39f499be584ce0057dd5c0485123575,ecfe549039ca14574c34d8e5f2e2bce8,1,1,1.0
5008510088b7b108942cab935e55747d,8efb58212e41c40b208733edaf5b05c5,1,1,1.0
156f46f75eb73ea44504e0e7e8957217,e607ede0e63436308660236f5a52da5e,1,1,1.0
2dbefc6ee66227226cc9ca95e7e648e3,613262bab2c6cdc4c02b53fd5b284244,1,1,1.0
03f0eaa85630490d7b8249285009ccd4,1f536df9b5c0b4aa6a19fedefdae3ef2,1,1,1.0
8f40b2a65042866fae2f13df590824f6,aff36bada602c50fb8964855548648d8,1,1,1.0
47b22f6eef47620586ac43f2660bcc82,a017de101a9c4fab4995c1bc81e737ea,1,1,1.0
690c7559d9d62f2464c47042a655bf57,f14430e8b3fb0f4dc20a06d8af3363ad,1,1,1.0
92ec3f8437da666fa8697aa03a148089,f3e620ac4a211c695ff4a03febd1cee2,1,1,1.0
6ae69697335279530fcccf75cfe38726,cc6677bdee3b6e93655465f3bfbd2cfd,1,1,1.0
d36673e16af8cae379eab3fc2719564b,ffafb9f09293653c2486abe52e5e05a4,1,1,1.0
a5ce731d4481dd58d0bb8335e72142e4,f97efb54c489304d41f4f20206027c72,1,1,1.0
0690b2040ff6ad179db480b955894416,536b491679e5f7dcc7added6569dc0e1,1,1,1.0
18f3465c95a1314ad1536112aa513110,749e46453d6ab7071310a6aa11846ac5,1,1,1.0
0981a271500799427cdf345e9121e20b,14563a6aaf36dc1f7c63a9b45415b6b5,1,1,1.0
45f81625f22e21bd01d3f30f4b9d3ba8,577b248d5f425930ca27a980977bbdcf,1,1,1.0
121a8ecc8f0438fe59cd337db4d4ebf5,55c8484f4383a14d568f887180627848,1,1,1.0
2de34b9dbf53d219b5dc4dd91d1137e8,fa3baf5e4ec577462a973b1e7809dd1e,1,1,1.0
3ecd7605ac791ae065e2ab8512934e5e,8530c8225469b717235c2583b209bc7e,1,1,1.0
793172fb8ba5e002827f47f80302fc42,e8b265fc2a3fe3b4eba3ea77dfae2f4d,1,1,1.0
0258cd3b5e7c4b397cc09ea472677e73,9d3a7b70724a406696fde4abc2a9bf67,1,1,1.0
97cf3aefd84c788d3c579abe1915b6e0,af58c69736e0aa643594632082d00870,1,1,1.0
bbae0b42112bb4c40da592e63c3a3b0c,c2bbb0dfb80929da421b783eee17a622,1,1,1.0
0d2517590a7b583dfbe023f5dcde2769,17d79c369adf3b1632fa2b1b9c2bfc7b,1,1,1.0
7e77955246dbdcc33cb611f6a519a336,e0387447b545f71dd9fa69a7faf58e0c,1,1,1.0
49c68b82cb6e29f9eaa0802f7957de83,59cf537d3c03f5fd6b2955e683998853,1,1,1.0
5f8c6f3a4b96dc87a47c35c5bb018c19,989b318b195e85af6c5179fe244bbc50,1,1,1.0
a4f70828df39e7723edbec4ee08891ec,c44f87635ee8363a53bfdd58011f72c8,1,1,1.0
08aaa460d54b5eabcb6e8189140b97ad,5fe221ba973f287e6e225e2aab91fc20,1,1,1.0
474ef1978c42917f93bd84783862bdf0,b7ebfead28685fb0097ae3be22848884,1,1,1.0
0fca3e68acd9b69dcdf9a930de88b772,1c5752d69b5a60e652b57fb87315e7c5,1,1,1.0
06fe5f5b627aa404e13f99f7b9e12956,6597e2146683dfc4c8366077f7f61988,1,1,1.0
2e7b355c1bd347b40e4e52f51ad4ad14,62669ce403a28aeef18e23bcf343f27b,1,1,1.0
27a6ed43c623d0ae63051aa18cff700b,edb53645188ed5f0632456398f018f9b,1,1,1.0
5f883c0ff16ff2e3a775bee3e0fe0712,91b86366ed203a41fe684e7d245cda10,1,1,1.0
997c66196113f35f0ffe00de2951c276,d4720687c47a65b47afddb6086b1d100,1,1,1.0
12cbc780c5224c7a0b11551d1283a5c6,6bffa9e961fdb229eca8dffbd00d5ccd,1,1,1.0
3fc30bf5709327985d411df069da8287,f2c1e1262d4312621609513805a0dd1f,1,1,1.0
87edab6661956d4d2f05e205251cf1a4,b9c71fd30c35c2a66c91e93427716331,1,1,1.0
218cd5dbb896e740c5230a227561bebb,22d5281d79e54f3fe69b327fab808a26,1,1,1.0
b0f001a7e31e78281be05554606c5261,bfb916b45d07729be21abf9ac6e87fb7,1,1,1.0
539cff7d8a9dc1637a8860155543c6cf,98ed2b885060a5b733c9caeb7d37fbf8,1,1,1.0
d4bdc79a55b98ad7185f06652af98eaa,d599a7e610bea611bef41f645fafca0a,1,1,1.0
09d92659b9a64c3db7b4c24f65c53153,97b3cfea19bd87ae4e32acbd5faeeae8,1,1,1.0
152fc02825ebb754ffcb79393de6914f,4b718d5b525e3ae0e042551d852b2620,1,1,1.0
2b8e8062d6c0c32158964cdfd89f7a0a,4c4cb7298a837849426bea982a676ae8,1,1,1.0
5c4ea1d19f5c54967ec857a2f9b1d82f,6a663eef93e1bbb5a16b79f43ac8f49b,1,1,1.0
4ab2cf5330bcc77aff0b70436bf24e27,99bd5e48b4ac82665104c02f457b1fe1,1,1,1.0
03a5b2c623827a7d4e727ac0aa2284d4,a2855d9221a8f1355dc22f859559a19a,1,1,1.0
052ad6288149460cb16d585299139e28,1077150be9a3addfe85f0b44a1497c89,1,1,1.0
34471a8e1a3d5425d255efa7d4b06220,7c2f052b624ffd95256127dd8236903e,1,1,1.0
097c970d4d48da9a92847e353c8f1686,5042843e7dd9fa9d4d8dd7da52f15f14,1,1,1.0
7e110abf1ee26d55dab6d1fc136b443c,af58c69736e0aa643594632082d00870,1,1,1.0
dd94062410a20a56b8361c5215135509,ea6ad96f2d4ea562128886eee252fc3e,1,1,1.0
6dc91982f7a9db03fb1e65fe59d89b1c,a85a25b2bd1193d70d8ff2b1562c8a72,1,1,1.0
08864f72019b5bc76a1377d4b1f89a52,8f0f9b9189ef4d170fac5ff35ca3aceb,1,1,1.0
3a10313a6428bd4c25cb17bf269c52b4,c82a940bf171daec9b52b594db8d9a62,1,1,1.0
c7002a4c1eb4dd7bbf3ddac2fad5b92e,d5ef266ebc1bc57c77cf818667b7c7c5,1,1,1.0
86f85aea78279bbf8b06f8123c1fbe44,ac9414c0e58a953e90704b68745f9105,1,1,1.0
d251697395cddd7880318a127e8821ff,fdd6f14e4ef0c5c24e9b5cd361abb157,1,1,1.0
5128cfed3714b48fe3e07fb068152293,872c12589f34508f4df8c0dbcc0988c0,1,1,1.0
9c79834ab7744d08eb6b0fd707549c09,b7d3b4f8da39c2b27404f53ef5f74be6,1,1,1.0
cd2cc97ebeb86f5791f07c0717c2311f,d81785b6d65605aeef42c591602ac3f9,1,1,1.0
46f40961423812c64201b6ac9dc1f658,ae76d876d1067aa49fa661723d824ed5,1,1,1.0
9a869a72b19df48261a5a068f73eb25f,e6917a0b32367d6fa91cffb4c0faee07,1,1,1.0
be478db94af6a51b173d6719e3b8b828,c9dccb3d7d5cc1f0452ad76e15533554,1,1,1.0
c49b4324d012a12558d662c52db0fdc3,c9078918b2b196cb006c38e256c0ebd7,1,1,1.0
2902d3f5d84730a12c4773d6923132d2,e1d218506e671478f9bec837c1543988,1,1,1.0
606f2f56cd416f82d0a4ba71c7e13b02,69dbe3694c52cd73bcbf1bc7b0d5d3ab,1,1,1.0
90c371b04a9f23fef0d88dc353c74be4,a3476a0a75f611b7d6cfd641b8246b71,1,1,1.0
9bc9a5e16112b7f1c7db80218e72fb69,e345b7d024013746026a4f9492bb1223,1,1,1.0
6d32e53b73e3ad3b190374680d8f8b38,da44823c9902dcfdfc8e99d6369797b6,1,1,1.0
198ab463c8a3a754aa6ae61b38c4c8db,7d5664afeae895f34b87f585edf5a3be,1,1,1.0
02a8100f33055beec4d219c04e7d4318,b3ad26ff72857f2cdc64f4ad6abc5834,1,1,1.0
b43912d010fe62d7f48ee84a48fbd88d,f60f5265d0355776a088b7d97ffa7225,1,1,1.0
42359f0d1ad83cadd2728fb1738c9218,910a614047903f364bf27a1c90d8412d,1,1,1.0
ed86e9dd7c8d0fe11e7fc8e31d96d675,eff73c1541fa0cd1499181dda22db46a,1,1,1.0
a03aab593e073c597b0d88ff2b17fd41,ba9fb0b0be19fd74e74c286d368de9e9,1,1,1.0
7d1896f17c7534a97baf63bc24855d71,c8776c8299d92ce2f4895fabe9bc6c5c,1,1,1.0
b11752db44935c02e110c5ff2babcd54,cfb1f9070e224bfc1f44228f5a08eb4c,1,1,1.0
218dcc9dc815bba457bd8b2fc03c5d96,d4c86cfe80bd956af42f183cf69ac260,1,1,1.0
92649146edafde492ace2d29a1fde6af,af7677b14139402d72356e06e8d6b924,1,1,1.0
4deb6655fc8cae677a82b424859b2576,eac4d155d859e02198421640b89d1661,1,1,1.0
159013c84e736de25857c32b255aa06d,b15eda2d786d63dd4fd8e2ff7b2b6e58,1,1,1.0
13ece232fdf1ca084551f8a7d1fa503b,f75bc8b1aa3841ba66a6cf79255d3486,1,1,1.0
6d3843635bd59c5704e836b3df626c24,e7f839c9b3a98cb32c50eebf9cc1daf5,1,1,1.0
501f58a3186cef799338c598fea3ce1d,d7d6084a07809ee2a00e58005e9469dc,1,1,1.0
0b8a48e12f6f9cb53e43685c79d5af6c,6b0bda174d6efb969f9aa1bac970c5fe,1,1,1.0
788313d21c3507fe890921f6e17aa679,fd48cc38dbe99da8801bb0ab4d537a69,1,1,1.0
7ff16ad2e795bbfc09bd07c19f45712a,d01bbef422a9765499b264c872c403cc,1,1,1.0
4261e564d3e674b5234f01d199701475,fc9288f642532bfeb74f1a54736dcddf,1,1,1.0
6a624079d93205c12f5325b45d796fe5,c9e24d1044102ec9b590df097e3dcdc0,1,1,1.0
82e6c84b6004988f9a7d0d69f057e96e,e936b5a035e2b0505863a9aa31f32280,1,1,1.0
e0f58d4868f03cdb286a83ccb5bb112e,ee22def0cb28095779ec6260f74ef07e,1,1,1.0
050e851d9dc8fee1217f1a61ef82d095,fd2b82cf81dd79b66d1fdf331ae64a99,1,1,1.0
1290fba514887e566603d7bbab49208f,de0344bb141d818d7ff8c0b73eb04d7e,1,1,1.0
65a14de81a0b04d10a45dc96f71780cb,ae8c6a7c717f09a067a47b157854c4f3,1,1,1.0
c98cae11a600a10b70bdc9aaf89f4d24,d6f8dbf1993000f865982297a4407529,1,1,1.0
441a7498e6df67512bf1821ca6504f26,9ed2fe900d1b4d1840a7551b45573476,1,1,1.0
1c91f8d50340522dd6601237ad13afff,ca9522ba7a7c70fc06b2a82471681ce4,1,1,1.0
5bed8eff61ba2d4873c6c72aa623b429,e5226aca1f153cc7e1de202c2a259035,1,1,1.0
35081d48d94ad78947524b80e4d869e2,6f37b095c7a94e5a6356230e2f337dd6,1,1,1.0
0387d9f3e2a143aecdaa33644ab6658c,ae469831156348e5cca94ed8c71719a1,1,1,1.0
1ed9af8c45976c98adac3f4a59ab262b,230061b6b7d06e99964e3d22c92ae0ad,1,1,1.0
908615aac51d5fa23f383006e55fbc4b,fb4eaa9db88c1a09318ffa87435b37db,1,1,1.0
654d7964c6cca4615f13d32504ef54be,c7f92ff58170af8b2f1aaaed398645b2,1,1,1.0
0c10bf136ae164f2b69624482f95f6fd,475e638b2b16d4b407b41ae324fc70bb,1,1,1.0
2b99c2ba00b6b2290e1853833a1d4cf2,38c9d129dd764b8a38c722b18beb3400,1,1,1.0
0065f7795a38381973a373c8b4939679,251b32bc8e6d7b165e8eaa30349680b1,1,1,1.0
6d47c2341b395b7e0294d8692016f6de,d1a460316c3d76c8470f6bd34412b70f,1,1,1.0
73ce91b4d6d80f326d0c1488d2566294,c0637f59de56986fa292c06681ffbbec,1,1,1.0
8180249002c05564494869d92a7cfd9d,dc96d6db4d24102b279b865dca6b5db5,1,1,1.0
86abf43f4071842e9d3622e6f710599c,f923b1574da0d99a5e27e7ad1de64cf9,1,1,1.0
5f7ec44cc59400e228915ad065285fe8,ff8dead90fad99d74213aacf611a2849,1,1,1.0
64aa7e43d35ce01cad8bcaee988593ea,e1cc10593186c139b7467649bf686743,1,1,1.0
d43c9a77c7348ba88fdcac7ee2f600f1,dab0534f26716b89fab0a6ccdb8de10a,1,1,1.0
325d5287a5c220f650095d27f51dbd32,acfb34f2cb629f327753402be932498e,1,1,1.0
0659763dba9821af49728668716e1084,d47e6c5305cc5d8d676aea5d91711095,1,1,1.0
3f1a1465cabd220ace8f6680154ec82d,96a64f3c631402ecb1ed3167c7c212ce,1,1,1.0
57760bbba1b56ea6bbf29939e6c869ce,d87108b48ec7b85b2f78fc1f3c2ea87a,1,1,1.0
78acd50d033f80538ef65fb5c5bb07ce,e9324efb79b7c53e338b64ec60de3924,1,1,1.0
67b05b597a66b5c449025000b9430abb,bad59ed5d157f95cf423c24ab662b85e,1,1,1.0
b1a24cdf73b449d0b8b2b0b5ab183aa6,d78113394d16563b6cc3cb54ecc2db79,1,1,1.0
462b2c6696f784f657d2b03acb9357e1,d3cd4bb57e5aa42febcf471d532ee1d9,1,1,1.0
6bf9ed8d1f308973402be5de3bd85453,bbb9032e147e7f048e926bdd0197b7ce,1,1,1.0
327468307c55c60b0647a51eef329c59,90879b5ecd87add418bcb7e0ecb7ce1d,1,1,1.0
4b3509f1f2830343367b55d02e003b8e,775c64377c5e51988914dd66f4f46b53,1,1,1.0
73fc98fd5bb8a524a59c0ba479b2ed23,9bfccc70b89747794ff175e9eda7cabb,1,1,1.0
58af591de36d092aa6c948be6584f38a,bff4ef831a377c4d6e06be5dd035a8d3,1,1,1.0
6b52a7c2a49502b8b860755e6e020e8f,a708496b0d4cec6f6ce374fd7eae540b,1,1,1.0
c434d58759026b0620ae7f5b73ee7125,fa307fa23fc17ba9f53736fe81795ffd,1,1,1.0
4b37052b91137f41121a29a5e006cf4f,73b9bca266a6abf76547ac5992d2bdf5,1,1,1.0
58ac40e7d2d842b8167206114891669e,9b56f71b7265dab539b7a927726d0869,1,1,1.0
42273d26a8bcc297e6b5c3e18d35949e,b36c5f5659a4b58e58fdf8ff1aa5dfb8,1,1,1.0
271868bfc8c00119ae123bf13704679c,c6d6340a321277e035f1e75f47a0f5bf,1,1,1.0
57ec113f18471789b4c412b02c34368c,f8855cb70f89f8262bcc19fc79695fd4,1,1,1.0
089e0b8881ba4daa4ead7b2332dd16fa,b83f0f5c1db1758573c5ef9dfddf7045,1,1,1.0
80807245cb806af52a60c9d997bc8a0c,98353c61f5e4456ffbc69a29ffaff78a,1,1,1.0
2341f208afff772b029d78c64f1291eb,79e17b14eb9363f8e7b463efa043c894,1,1,1.0
1e6464592f06fc3b7896b2a778fed210,87674a7a03e104c3d506f2a06108e686,1,1,1.0
b8705db62017cb4cdfb82965a2b03175,fcb49d3d59e5a5277721517660f919b7,1,1,1.0
709186ca4808194e038524f227148830,ea6e886dbffd39820cbd7eb76b2af63a,1,1,1.0
201a66e32793d607c47eb8282cd85fe9,429a0e40b8961addf6a4a8c1717d35e6,1,1,1.0
86003410d78a121c8bec4b3a57991f7c,c434d58759026b0620ae7f5b73ee7125,1,1,1.0
8ddda14bd51b164d2f407b72e75ecbca,a2580d4b7f5471bf5e8352446ba6628e,1,1,1.0
78d3e9eb8049ab569d7b3265e0a7c50b,c420ec10595dfc16830afdc6233f8916,1,1,1.0
26ff795fbd492eb47b06f47795134bff,abacce626346090b3362b2eff5f5fb8e,1,1,1.0
a9e7ef3d62f583d305fccfcc632f45df,f4ec1b47a4e08fd853abe5c45f53bb37,1,1,1.0
53dcf03d15f1b83797235d58729448bf,d2aa010940681745d17dd064b4e39808,1,1,1.0
2c45999a395dcc8bf915f81adcce7b9d,fee39f26bcbe8778bade5790471c4cf6,1,1,1.0
47c9fb61463e03afda963dd4cdfb3040,ce76c2a604f6224ef92ce03dd0f1a1c5,1,1,1.0
4edd4485b67febe51eaad746f26c0a74,fca644903b221487643912191848d289,1,1,1.0
6ad5df57aff57c050ce87938d6e295b4,dad9f89f7c208c05e6ba051d344bcd5c,1,1,1.0
8c99c0cb3f5f7fd22ca196e27c7f4619,fb0f4535f3d7f34617ebe8407cdec4d1,1,1,1.0
6681ad9a826614b39ecc67e175aa2575,cff81dae0e5355c0eb407d3be054d2ca,1,1,1.0
7ed95317b0006c3104d204efb64848de,ad2579a6120182ca84a9853f4a6d3ded,1,1,1.0
37f2527bb624e379f72a742154fdb762,83947230de9d7dd167a59ffdc8efc11a,1,1,1.0
5caf8a38bddd0d0b75d6597e98579a2a,c0fafad7dea770b1727c701f25e02ffe,1,1,1.0
6b8a8a9edc32adca4c3fccf9ebcd664d,b4b17c52965b22cf702f8852d93e228d,1,1,1.0
18d324993bb58cc96d296368013d37b5,1f12531b233a9af6610c573370e096d7,1,1,1.0
964c3e09819399f8ed3e589a1c9a95e8,f64aac8b568b587bc2133ba53c8a5cfb,1,1,1.0
44990c8e2d89132b17884a6ffde582e5,4e97bf99d0c7b32c003e37988c768bc2,1,1,1.0
826c82db79dc086400a19839e47099da,c21a03e97ae6aa0c1774a9845a94e440,1,1,1.0
091f7424ba44e6db2873fb68ef2e67b3,f708bf9a3f551fbdf8e3f7fcf4b889e5,1,1,1.0
49342c395ab145b1716b1dc861c090f2,c5363e7bcb401bf6d3b412e21c0068f5,1,1,1.0
40478d5c91f6793a6c880e207804ebd8,afafa66c33b0a2faa7a44479ac846dfa,1,1,1.0
0d81930f2b411ac415c14d60d3346340,6f669b70cf8f200feb01c8c759fdb2f1,1,1,1.0
5160a1a353bf1401b2876b986b61528f,e14b02e4cd8aca2d19d7fac116ea5347,1,1,1.0
6a7ab7b192e77262362c896a19a48a50,c169af26a849e6d6b99ce9cace56a379,1,1,1.0
2ec5e93fe922b65036198423712d6867,cab750b424d81593a98335df56fb5560,1,1,1.0
96767434dc8da40da17994f8011b422c,fdbb6178e0fae91c15cda0b59d437487,1,1,1.0
047fee6d20e56bd3465d2c4b558373cf,fb70db26464e394fbb1183c5d5c36218,1,1,1.0
e34759a74542ebac6726b4d02394fe02,e3fea38d149f20b12c98a35ad47df5e4,1,1,1.0
1c2577794465706dfd32bb06dc7bf704,be4d6674ace594e7000d2673b3b0eadc,1,1,1.0
1b87409ba47ec3caa18d4b8fe303c968,64b3abd7b42bf6100dcf89cdbf8bbed6,1,1,1.0
027f4dabd2ab93d782fd604ade3f9f1b,ef48b3d8335dd8953399ab3c0522d8da,1,1,1.0
af703c30e13bbb9839e8cdd4785758bf,be9b53a0fdc764c7362bb9f8414090f0,1,1,1.0
4c9af2f58b30f360f0284684405a8255,db0e222b5e0283044c629107435f8bf1,1,1,1.0
4c20c0ee3e142218ffbb29ea05d6efa3,e093797de713d89a400499dbacc6532a,1,1,1.0
6d0b0c852f6d5ebac937dc59c36a88f3,fb68daff9a009ca8d050e427e84c231e,1,1,1.0
adee1f41a8a1659b461473d88cb6975e,ee8a82aa67708572e19a41f800984ecc,1,1,1.0
4c4cb7298a837849426bea982a676ae8,62b35fe1a5889cd6b3e90874d1b4a74c,1,1,1.0
6366dc709d3d45f3fb76d56ded95f9ca,7d2a53716c3b4ab11b666372a985773a,1,1,1.0
1afad585650bcfea043426764c8ddbe5,6c930b798ccc39db819e2adfe8791714,1,1,1.0
92236d2168d9f0968798cad253cc5818,df28a378659710f7afb9ab93f642db3d,1,1,1.0
693343dbec3bbc6b1641ee705715a12f,db0e222b5e0283044c629107435f8bf1,1,1,1.0
b75240cef5e5899733713fc4c9f4206c,dfb7a2966ba44addc521d958835bc5bd,1,1,1.0
4487bcce4f8716df99ebe4fca473acc7,78830212f9d3148ed938a4c111a53f38,1,1,1.0
a0aca40e882b86571212d7a22f4363ac,c52789521c1bb0c65919536ed5086b1d,1,1,1.0
2f807c19f9b26287b3a549114e67cd4d,f64c48ee34c37e09665284c5b4b2fe21,1,1,1.0
8bd9bcf1b901d0f6cc3bcecac3cf1410,a1292bfaf8fe22b5da36a44ba9ae9578,1,1,1.0
8e01028f9e35736a083d15e48ed32abf,e773a42bacfb194f0f480d9e52d0f688,1,1,1.0
45813dd6af389e865b4968c44e31ade2,dcd5b4583ea40a6ea31c583e964e7046,1,1,1.0
6223bdc5aab952ee49dea3511f89e7ec,6e834219535a0b6f27ed1e06d86c5221,1,1,1.0
32a86b4104156ff372232e52478e7f86,35a537b3d1e5b3ec614e38cb3726d59c,1,1,1.0
ade59dc63cb1cc32d96e8704c6c7769e,c70365c08f0b403c20a4a794cfd69c0e,1,1,1.0
3b5d6001cdd493da3fabcd800461ee63,dd17a578c9f8bd4f8ac5a1c91f7f7849,1,1,1.0
a5c47a4a67823e231c8c65f4cc327dbd,f97efb54c489304d41f4f20206027c72,1,1,1.0
53ce3943329519e305a15a0a2de2d88c,f69d58eed2c84ede7937a8caf953d786,1,1,1.0
1b691ff991aeb3802c0ac4545055af92,da8aa1e488d3f4b92fd348694ea1d075,1,1,1.0
7358b89fc42f4a8e7b178e52f2300b59,9ec0ee40d1259ee1edb8b88b772ef5fb,1,1,1.0
f97efb54c489304d41f4f20206027c72,faa4c0aa4d5c9f68462157777cee81fe,1,1,1.0
718e75787e76d665818ef5b40f217c75,8ca9a1c6f69824461e8116029f08b43b,1,1,1.0
2e44d903b2cca9353309a88ace880bff,ebee9bb9ffc44a917e2dc7135bc38094,1,1,1.0
3442337a73c2faa75a6aa7ebcaa7a5a8,4995ab8d8bc03be253ed31999ec06190,1,1,1.0
5008510088b7b108942cab935e55747d,9a3526eee723accd014ec683afe5bf20,1,1,1.0
6bf9ed8d1f308973402be5de3bd85453,8cd852749066c2d145e6f14f4e85e98b,1,1,1.0
c9db667c614c73789033408b41813cea,e2e772ea70e91b4dd107cf7e8840b07f,1,1,1.0
56e06272391aead8929ecd6878706019,d3bd02174ce36b3de0d16717771061b8,1,1,1.0
0304835bc6b49f5085fd5dcd300e4007,709358f437f82bfe6908cfb761d1a456,1,1,1.0
07fbf7cd2d1a81e2c4f88c9ff0148815,bfca6e3019cdb33c3159d8c337cd0e4a,1,1,1.0
8a09151eafa8c55d97a45c1b4800fbc1,8b3ee20a0ddfa49f0a3fd762cd623282,1,1,1.0
19dca9c19a60bebe4c0063134ee086f7,2d2dbe464c4901500b3a3ca4efcb3425,1,1,1.0
ca81b113dd524c7ee478cbb33306d0f1,e235442a956c524e6c141141171f5801,1,1,1.0
0b09c28996bf229b8917bca89b5edd4f,6181411328cc49b514bc84fa11502752,1,1,1.0
0ca869e78e72a0b7626fd63364c5edaa,2593f479c73b63716f86ae83fb3c018f,1,1,1.0
7168de2966ec5d0e040be29141e98aa2,b7c57093fe43116125c38a82f58d7105,1,1,1.0
052ecc20fc75531a24365017cccf4b44,c1af67e73acdb33638179ec6cb0fbd3c,1,1,1.0
8d6ad7bcf10f8952e05cc715c8877b72,a8d5a736f4170bac7347f216bf803053,1,1,1.0
63606d6ecee30138790da5be23cac8e4,ae2a13be52ea5fee673fb7f720e856a0,1,1,1.0
0507295d1e325fff6a062f91206d5efb,7f5bd6794737ef7e317f7c297c687ebd,1,1,1.0
2f2621fd222f60f52856bd1e03cba286,3ca7d69a2018e87e4c6a172356af2a72,1,1,1.0
49db234e440ae01d54efb1f97e8c92a3,6bef52e5972563e5aa96dde8c2e13e06,1,1,1.0
6713da729de7d22c5f3fb59d9fb4c78f,dd5055272361b8596f7e1ab093167f92,1,1,1.0
374a0f57bae9d619b5f609f34f1ea113,389fe925fb3a838c1ffeb1da775174ab,1,1,1.0
442b18c9c5a6bc787c899e84145d7816,b23300d8a38e47cd4f2d402c06879337,1,1,1.0
afb873280d37423f946c4596fc7489d9,bfb550a534d1e4081812bc6e3c4229e6,1,1,1.0
9ed6c82884b48a736e708cafc29e99d0,c944da0ad1655df2731f8bb49c606945,1,1,1.0
0cad1c6c08ef74b3ae7818514c158258,f04f1b463f9b677d1014bf7529ebc5a9,1,1,1.0
53fb629421f4abbf193879a5a897a5a4,a7aa43bfb35e39fb77b26123d0effbbb,1,1,1.0
152fc02825ebb754ffcb79393de6914f,c944da0ad1655df2731f8bb49c606945,1,1,1.0
2ed56cc05e70c955b7f85cc3ff8ef931,8d645819382d266f973cb73b9a064bee,1,1,1.0
25aa83940eb1e732623f8f398c08a3ac,559a5f67ea052226bb24ee8da93df761,1,1,1.0
24a5ff1e7df1789ae3476cf0c7fa1362,cf721437ee1130e5bf25d1ab37f01d85,1,1,1.0
3c1b119e825c18b2394bf1dd637efa59,a60896ee4449908b09333a08c2113604,1,1,1.0
7ab43177f9c8132155a5199825505fe9,fcd96ae79a049434cf546b2e7465a060,1,1,1.0
232108769b54310413984f29c3c8011a,ac0a213aef20d66edc12ccfba262c163,1,1,1.0
6ca0aea69fb3cdae75e045e6e0e39b07,ba9303fb9e8e9f0872e18ad33765a795,1,1,1.0
7148611df27dafdcc43298d60254d334,affe4f4b1746347a85182fb0d2b29a30,1,1,1.0
47536cd28cca4c60e0a137015f51eced,e16e521eb5ba6cbe93366114baa7c7c1,1,1,1.0
5abbec458aade1a257d4e7e10a84d351,da58584470e9dbbd0696e354d98308e4,1,1,1.0
9ab7c789eafeac4e56c370df1172c933,a8db13fe94d879cce68b7b852789fc03,1,1,1.0
148a35e3469010c9753897362d1eb8d0,2aa5c1fe35eb1158f7c587814800fb2f,1,1,1.0
519f1f2c72b6d52b161e53716b1ece1d,6519672bdc77197aea7d64fa8daa4dff,1,1,1.0
c65e02fed4b1425c7c113c4b33f5f3b3,e99bdde3fd54f283c2a14091abcef6fe,1,1,1.0
23377791df925b1158ea0e673839b1e3,82a5e0a32808abf9bb604e683dd28b96,1,1,1.0
5ead1596b959b2fc6ee4b75b863e7591,ee81133709716b9c4a5141bd6c2af68f,1,1,1.0
27d2ca358560349626ac4d8ec44524c4,978fb8df97c474040dcf99cf41fa8a05,1,1,1.0
54a0994238ae31ca216762faadd0836d,ebcabf25f7c1fe3f0b1dc696cb94f1e7,1,1,1.0
325655f3c2eeea7fb5537de89dffd0f3,796d1c459382fbc03c2012eb91584ee3,1,1,1.0
12344d72ef24b5ee0bd4315b81cf2fb2,4fdd5b3b54ffe8810effba9c253f275a,1,1,1.0
0d7ec9878ebe4e77c961f11487598826,0fb360a422d2297dcf21d4d7b91028db,1,1,1.0
d75b61fa5df6a529c59ad27bad752091,f43dcfca40be4b546d6620e447515925,1,1,1.0
c81165a659fedbfa8ed0d5c7e0342f40,f2ff01221e7b70e1ec88aab9858b6acc,1,1,1.0
a6303dd3323275ac03b5c38a55a16659,f708bf9a3f551fbdf8e3f7fcf4b889e5,1,1,1.0
385c87610d86a6d2ce2c5ed1b8be5c15,f96fba562401ffaedb60f667b56c60d2,1,1,1.0
3c4ea9fcd7b12e53f7e4bb7ac6353f47,67f866c5dd2498779fd4b97b6b3fb484,1,1,1.0
1afad585650bcfea043426764c8ddbe5,21255a171af88cd4cbb8c02d0308232a,1,1,1.0
5de753d9cbb4c952f125ada51093087a,6c6ea6176c1b5df4d99dfa437f2511ad,1,1,1.0
a28722eef958f9b0f015483e01b412ba,cf284d76da3e8a82e869e5bc424cbe83,1,1,1.0
48a8e685fe2c362db8c8612f48150179,de93854a8cac4d675be78481ebdcae8c,1,1,1.0
2078ab49ca3a7a93558aeb49700a1a1e,571315d706de347005bdc7aae43c8f44,1,1,1.0
b3d12d6b56fce5999e5949387d7a1738,cef52ebf681cedda55ba6ee34e288255,1,1,1.0
80665862ea41735dea786a8042ab1296,a651ae23be31e21922b96bc68e3e8507,1,1,1.0
0413683c053b2edd42a02b0dda010fe1,8ee172edc2158ba15715f463ca98b0b6,1,1,1.0
0b29e4bbcb627f843b2e0b43e4f8aae0,1b822030c65d0755c1d071d3a94b6996,1,1,1.0
2b6b5ebeb77a40136792312b5855a6eb,ae86daa72f710105fb92e3843e356425,1,1,1.0
1cd7859ede65dc6f37a4aa9fcc0b5d75,9cdb35f4f2f70baa06f48f639aed100e,1,1,1.0
3792b591c5fa50a7e1cce6087fd02bec,ab37ef857a91599810a1aad74cd34407,1,1,1.0
095c91ade8bb45b5580606cbed55b04d,36b070a7ce61be43443f1f608fa56201,1,1,1.0
09d92659b9a64c3db7b4c24f65c53153,d313a49fc2b3be04847bbd5eb5056a7b,1,1,1.0
147375750bdc81b55b75dc08daf84c8a,8ddda14bd51b164d2f407b72e75ecbca,1,1,1.0
9046541463206bb0f8dcba0018853adc,97ccf3e2a22c7979dc99e3cad4e0326c,1,1,1.0
d9aaa8544dd466a3623226d67b722880,fabd02c36d6fa70951b94d92d70afb02,1,1,1.0
0823b56b19dfa15f74849b66908837df,d7c26282de6ee7d6b9bf65fdfbd9b263,1,1,1.0
3100ac181f080ff2a7beb61813c0517e,db1b1fac87eb5c686792555f51ae2569,1,1,1.0
7a9d66b2e8708f810d49bfdf24348c63,9b090f064fa2f404b9b96a5e0a81a422,1,1,1.0
2be19a95604735d51ea36cd450573abc,f2f5927dde43e342dc5b5bb8bb5c0f95,1,1,1.0
34aac96d64fc005f6a378efdae534788,9ad4ea7335d8855261df49867b57a722,1,1,1.0
14941c46e18573d273e58109b6caa834,989d0cf1321d9c4490b36b00304f9f5c,1,1,1.0
05c2f0afd235cae744d0cd6c31d8813f,76a571b6971045b4aae9d55136e17de9,1,1,1.0
591e496df79bdb45e1f9080226a57449,64653108333e6e438cc0ab52fb9ae8f4,1,1,1.0
30cd812ff21054f5e7a1383dc70de5d8,70f386d6a18e4223d58eb9e82781cc6b,1,1,1.0
a65744d56287db1bb21542c3e199da64,f80012f7de08f2be7e627cad3cc2dffe,1,1,1.0
4990cf097332c6c25b6679087237f7c0,53555c8804a362632e65877477b17ebc,1,1,1.0
12d60b3f10be6303d4ed41fc27a0e490,7fc3adfc3eebed5f1a9aa571c391f3b8,1,1,1.0
699ed48250faf9f3d41e91f4ede36364,7184ae297323ab27f3e39fb55dcf8d8d,1,1,1.0
38e5d10b2cb0da6ff0642b40ff4b2996,be181ebd218583206a6dfe492bf3c012,1,1,1.0
98245ed8c8d57ba6dcb8e5d86942ab1f,a16b0531f24a37a7c481fecaffd8b00b,1,1,1.0
10098792fe3438509a12a3dbe490dc2b,d3a77926dbb968c8459c2a2cd548327d,1,1,1.0
4b8f5fda232c800d07852a9642640652,a1b667ccfcab85f34445a0905ec39a2e,1,1,1.0
41d3be2d51ef0900a1ad2e4f2f2e8051,ed6492c2221f6d0181d77af178d625d2,1,1,1.0
66140ace16e213f84754b8d551066128,aca8b52301eab5c322089c05bce55e66,1,1,1.0
4db2d0150b7d2ddb34199376a2ee6e17,e338991481507dcf5a1a7eeb72cf256b,1,1,1.0
4d447efc41b13cd3888ace85fa1ad69b,a93ded3225b94e83aba36406dda9dd6f,1,1,1.0
0c5e206ec36cc859ac0b248f2ad72e6e,16427c57a14336e472690a09ce8748fb,1,1,1.0
72b833479dcc234017a945cd51405b36,ca347bd19a9d9caedad0c48674e24f16,1,1,1.0
064b4e180166294e451887ff8b5a74d7,be114997aa2e6f93827c7ee261e550c8,1,1,1.0
34a7a16320425b76238d17b877418323,a4b42d9f42134ec64d43b6acac13c1cd,1,1,1.0
0b35b0c15e108cf218f935d9bb2069a4,1436bf5433bdbe653f97f153c2ea88af,1,1,1.0
28c45e3942eba5d7c82df99b684ac115,945ed8a625d351267099b17f21a83aea,1,1,1.0
99e7b400886c9bc2ada6ca957f7e6fef,ca961b973ecf9de95e3c17421f60a9a4,1,1,1.0
ad93fad8236116a49b08059fb2bd8145,e3ad4e23b9a9ea0760eca68158b6ebc2,1,1,1.0
16fad3f895505b4d04cd5859f01aa23b,8c26a77dccfb9de3ea9e36048b53a09c,1,1,1.0
3fe0f4c04c1d1e668e5b733b7e344520,ed2a8c08257f47ebe412b0bd756f2912,1,1,1.0
90bf31428610d8297cf6e27fe70da525,9a1b0020d3c4e67cbc445d839e6aef43,1,1,1.0
4ee4abbc3054d7f0b3f4acdaf74073e7,deacc61a94726c15f203d73997b74882,1,1,1.0
39156c5681509661e8f8b87724c29ddc,e9a3fd2c1550702cbdcff127fbbb77a6,1,1,1.0
59dfcad0dcdcdee8c414a4900781269a,67cb5df57124d5e5dde3a80e913667df,1,1,1.0
1a3be6bbba56b8b3164059dd43efd7bf,301b591f524dec30b48b8ea3593d3119,1,1,1.0
0457229263e71157bd7cf568a56d5ec3,c66566fe043a2ddfa3d91b5b8a13e77e,1,1,1.0
48a43a82b83f1e3b08e691ffb1d04c58,8e5102c8123b48eb09d2362c18337d4e,1,1,1.0
64208944003497c4736cf507b46268dd,ef58367f6474f46b8188c8635a31d18a,1,1,1.0
82cc038f19c1db3817885aac7fff71e2,f3721d5f2726f98eecd6f6545705ed68,1,1,1.0
302f6c3eea8eb8ee3a365720c5593d3a,e1564be61c08bb1dfaff4254af4e32d2,1,1,1.0
579e881c515b588ed0190ac0a10e6633,8e27a1bfaaf4b930a22952c08ec8bbb6,1,1,1.0
a036c542e541043fe795b76dd857c1ff,d36b724da4955220c092763d397fe528,1,1,1.0
349b1e7b1aa848734cb94886667aead3,9768948d302fd18681943ecaf53e5e83,1,1,1.0
4c2e74b2e9dc74ed0c70eab44e02e11c,f2d9bff8a9f76f6d2e8b7bc3a6736c5c,1,1,1.0
7a167e835e9a0aa46714fdce78a7ecb4,f938e03ae03b25e72c17bf8e30d343e4,1,1,1.0
f4aa6200cc73de4d2eec1ff37a131a18,fd4fbaea0fdd24464c6e1738ce21a5ea,1,1,1.0
adc7533e622049e2314ed25c6df7e95d,c8d183727fc9b4dcac256fbe246d6270,1,1,1.0
9821e9f49df5e8ba2298a6aef45b449f,dd9d55e4b22e4677620a448025caade1,1,1,1.0
352532fd050f1e1f1b9a26373401a367,b6d7303c1d4eb23acf99832ced9e156f,1,1,1.0
e8fe60ec669fc77e1e0f1853b1fbdb4b,f822326a71e929f4d905a15676a5cb48,1,1,1.0
38a8a8a3cc79ff5d25f27782a62ae933,f28020de1ea039bf877765196c80d82b,1,1,1.0
6aed443e875746822eacf2502f52a778,bc112b2d320a73189173fd2d4e6be36c,1,1,1.0
084be429c23e342acf5084ac6156d22e,ce5c267bd53f4e6683c66f7cb5c5c067,1,1,1.0
c4a7383de0a165092b86ba87260441df,db424097d7f1a7bd8ea20afa765f0e05,1,1,1.0
211e24bb1acf05ce6465ac1360e4504b,b68994d00dd7bdcbb044c8a7f05110ce,1,1,1.0
99172dcdec60d7c00f2f6cedcdab4c3e,b65a65447f8a14cef396f6fb89195088,1,1,1.0
1389cf690748d665807dddc8a0c4936d,46ce52f81d681a7597cf5eb4d1a957ec,1,1,1.0
bd1e7855a39adab1461658e3185a3e1a,c229a48608c20646daf2f81656093fb5,1,1,1.0
6a42f881b0cf00358546a50ddef433f4,a0bc4b8c7a1056c815ac7a2ed38186bb,1,1,1.0
1c80895145d13e3aa6536434c752e60d,d0967fd65654c055b64f3c92ae52bde6,1,1,1.0
80c5c43430d230af635aaccdec61ab6a,955fec072fe48033fbfb41c950072b7c,1,1,1.0
0fa4a064989236797d08591a95b05311,fb933c9426bedb13e71038fa146fe6f2,1,1,1.0
34415df9a4e2f05f76e2e35d7752ae90,8335dd62c5eacbf136c1613ddf1b06b3,1,1,1.0
0e9decf7b38058a73ba389cbb2808449,adb6aadaed41fbc09826834e0357ee22,1,1,1.0
0778e245b3a42b38d4cf32b302c17991,ab59bca132e1e8ac2749d632c7904c77,1,1,1.0
1c75b543c8334364d9486bebaf41e29b,37c108ce3abd1d35c9a3ce93f016657c,1,1,1.0
7d94c9f2049fc3e2283a4b29646ad1cb,896ae021b16a75c0400fad89141227b2,1,1,1.0
6d5d58a5892a5ce6f002010853e552fe,c7f9a97e7466fe1c046dacb1874f94f8,1,1,1.0
ace58e75dc28b75c2b91b90b1d80ad29,f140ceec1105002413552d4a1249f3ce,1,1,1.0
19f2ed5aa63588d262cd97364072da95,dc39252a86e73c3cb8891bf7b21c26ce,1,1,1.0
08abf792f548422ecfebe3b2217fa9a3,3c721f9508cd151923d3c7b2c5869743,1,1,1.0
79c91e24f6c0e6a23e00792c4b815055,e19223aa463d1a3049667aa9c086ad5c,1,1,1.0
06b041f2db357e073b00599455935f27,f6ea4931aba94f642f68369458a99527,1,1,1.0
4c0e51abe036b613850d7d6b389e57b4,6935d9d7a84826ccddecdbde0b117a94,1,1,1.0
8b3516a013ba3625ea393182970589aa,de83dd8fba05d9a32e69a2396832c975,1,1,1.0
72ecfbf8c6283b2d1442feed255814a6,c5fc293b0017fa86c30593a6e66f576e,1,1,1.0
394e443b39ff54e40240589056638f54,db4bbb056fbe0295f71a36271c3d7351,1,1,1.0
0d143948c843840b6a1971d7e717bd5a,7f9f86b641fc1acfbc8a26052a6cc8c4,1,1,1.0
456aa9b8ae47963b150bdf28ce6a0926,fdfc8e52821e53dc5fd8f8d03c043c8c,1,1,1.0
9b6a7355c961eb31d9434bc5c018825d,c574ecf69ca7ba500c1b9d4e27fffe1b,1,1,1.0
44fd50949efff9759f3d9f131046fcf3,9e5599e07107ed4f7b6d522492b3a489,1,1,1.0
1e30a6d2c624026cfe01a15a6d05e1cd,5c867d6e747bb99b08f7c361d2d8ec7c,1,1,1.0
407df822bff6d1364294d856c08db879,e3afe4f1c43ac818682f1d6ede6b7776,1,1,1.0
0bb9d44bfac3e4f2118fe7667983fe64,214f7f00e0d787d65a822c8ed3e9c2a7,1,1,1.0
16646e2ab777428b97d443e3eab28062,199e0c07498edac57c28ac45e7cff3ef,1,1,1.0
308eed157c50c58cd2d795eb5f1e096a,cc55e6755d4e535fca6919ff7f126bcf,1,1,1.0
7a8e1b0645e380061ad930228297b7cd,8b1116032c87632fb37d9c8918ae1b82,1,1,1.0
32ba49ee642a4d52b545acbe1c32ca50,39b0912fd210ab22b850b63a4034139d,1,1,1.0
6f208bc8335390df9ac13fc05dea345c,be3eeb2557031c7485ca39f1fe57aba7,1,1,1.0
20929c5feb25fea6f4d43888632a8e4b,232108769b54310413984f29c3c8011a,1,1,1.0
5336f61f924dcb211eb237913264ba03,e5e2698d69db1201c1084f1cdae68239,1,1,1.0
63e8de211c546a3b02ef176429bd8ebd,c632e20fcb1d14b0ce7162f6f5aad738,1,1,1.0
3e6c05d0b785f8f34c515624b2ed2b8f,b4eb54a0c0c41f8d125f43a26546a6ea,1,1,1.0
61205a70bc04dfe2dcca28367704ca40,a4fd91dd92817169a032d202f2c1aa06,1,1,1.0
14563a6aaf36dc1f7c63a9b45415b6b5,3ee9e64ba69b67a038f3c0a28a3c784a,1,1,1.0
9b29bfcfd2f23ebfce73ad908e474d2b,f579f765f88484e7f0873d8fd68682bf,1,1,1.0
1705858121e505b099a4eeffaeec4b0e,61825845f32d651576361ffb0d1531b9,1,1,1.0
4ca02c9c06a4661aa27e4f15655a0134,cc55e6755d4e535fca6919ff7f126bcf,1,1,1.0
46b2fb5b2cde564a0a1824ae6a38bc5c,c39dec30a087a3728c0336bc26965cc7,1,1,1.0
e5a91b2d0fe56e5ae67e4c886335112a,f300b00a19af4d4f7bdf9f4524c4587a,1,1,1.0
0ce5aea106c765c0d7baa950fa29544b,ab4bce9595da4adaeb3a4e541900f4a2,1,1,1.0
0ee8861913b44aad08c9238e0a9f12db,f1d048bdf1ab1d4ce450b4237ffcec41,1,1,1.0
15da27f998ecadc6df4a26c543f712dc,d859b6b59f6531ba41fa93e503b21f94,1,1,1.0
7446cc3ba8fc5a1945175219514be4d6,e906b389ad2bfb4058e80f63e73b3458,1,1,1.0
cc140d69d77e50e3b529dbc42c83d299,ed0194ae2851ca488607134c34708713,1,1,1.0
75015153c3f4b976fa82a0888a5d736c,d7538b573179d0bc4ca666c03cc12d55,1,1,1.0
54440eb692bae2fc807017962d287336,65e5edd61ac7c02048ae3553b67a9475,1,1,1.0
471198d28ccac06a1448f8928c8681e2,7a427cb76d93e30af12b1e7d122dd572,1,1,1.0
30165d476c5030784aa10d6260af2d77,d57271c51334e10dc6878e2e94225807,1,1,1.0
2a7230e23560f09790ff1730db0975d5,4576bce24d1ea0103f02441197bd97c2,1,1,1.0
5536c239ecfb58b8960053c6f855b4cc,d73c3cf4a0922ece1176bd40eb76ac50,1,1,1.0
323333d54ee35f33103ab7cce7408e6b,6a9501d542243cbdd043c91a66795279,1,1,1.0
149d5d9046eda328cfe55e73c74af638,7b5476637788a97b34d40c0aeaa1a98b,1,1,1.0
b83c15aacd2ade90cfadb49b5b9f881f,e381cb43883a47966ddd2bec427bb995,1,1,1.0
19cf4ef9675b3aaebe19267c20ef8128,82b10cac246970ffdf60e1d93a9a9816,1,1,1.0
047da58c84a4e46b1e22557054715b6c,05a355563b28a256026dda6056eae78b,1,1,1.0
12f343abd8c9e1b1b7b061101ef5ffc6,a67fecd4801b668a6f99946a13333c61,1,1,1.0
64b97e6d3c070dd372d6310ff2c632f7,fc54c2c09aee36da48881e5bf37ef795,1,1,1.0
65771ea16b4909fde14e874d56fcd439,b35290b39d5d7004aa3cd32858dc0053,1,1,1.0
211bd54cbf96b19fa216983d51bacdb9,608d40509b92177375eec1c0d3e89cb9,1,1,1.0
db8e8670fc0cb9e2adeba735ae379ea7,e944ed38f39b051c579152e324a0a1f0,1,1,1.0
2141abef0c20ac53c1bbe8e9aa668cb2,92e30f5f39b91d3056988747521a9789,1,1,1.0
7e16dc849b8d954febd4c2ab9a1b1c60,a450fcbdcd8ee5b47be8d61ee234123d,1,1,1.0
13578dacf0e477f514e626433d7aac3f,a2fc44e0bf084ec8a39a5f3391a80d7d,1,1,1.0
38c9d129dd764b8a38c722b18beb3400,5fc7e4fb64cdafd77b732ffe2e9dbf32,1,1,1.0
39d16bf578308ba63a7e52b4e3dccd24,a65b7ba0a1002c23491cc7cd882cf4fe,1,1,1.0
3baa54f04addc14aa4c461a37320db3b,463d3789e69318871004f0aa503a8602,1,1,1.0
1705858121e505b099a4eeffaeec4b0e,c400e8b4b9b09c840845352f51bd9add,1,1,1.0
8524ee11b088629f32d03cddc64added,9749e3b7d02a7194473d5a6784071186,1,1,1.0
68238c59076a730633bd2e71a08bdf95,f0e26559ebc99fee583e3cc2c73d2ee7,1,1,1.0
2338fb7e169aef6dbe9eb9d9c9d410c8,8728c766c84eeda24b3e54fe6e632051,1,1,1.0
51e5603fc75c806835b85d5dfee5ed78,68dc7a89f87830c6261e314dfed6faef,1,1,1.0
a7431325f4f331611b84b986eefea012,f0313b8b584e00edefff64002051ef59,1,1,1.0
70e53f10815ab45ad410390a7dceaff3,bdfa846c910bdc6b8fe24134affbafec,1,1,1.0
c8665c8d8b72f30098ccfe9841c8fe30,ff60aefe219c1960b74d47d0fc553fc1,1,1,1.0
0eab825f57b3aa46d8c63ad696bece66,d2ae52b90d793a5db1282d7cac211d5e,1,1,1.0
d40e8584dac0d6c2416addde5c01c89e,e658ba73bfb0a4c88545c2e1ac3db134,1,1,1.0
2d10c61246b96296fce658ae99521d1d,2de0cdf63748170f29175fb45c24e5be,1,1,1.0
359bd4b13d3d5d19f668486babd62c53,efba941329ad1c804de0de92ebe0d891,1,1,1.0
4b01fdf0e3545aac9ed460c08ea8eb97,c45221bb4573f66bdd4daf43fe2d4b3b,1,1,1.0
9165b4c1c7a7a292574a47e4e1852933,d8dcf12d3642e1ae95c06ac28a086e0b,1,1,1.0
2242ba70e50e7841d29601f5cb95266e,6e591d9acd20df3d180db1b57c621e96,1,1,1.0
724aaf533bdf2491d6bf2079363c0785,90b6271f1e6be2de606940dba3f4f4b8,1,1,1.0
5eb8a18c3f0aadfd60d9194deb33364a,a66c441eed909a1be5447b3490acecfe,1,1,1.0
c9aa900b01a9ff9be1f80cb4f2819874,fbba9f65a09a8d52b71e22f4fafed420,1,1,1.0
bdfc69088acb8fa55f52fb37bdf087a0,ca7e51a36f9ace4d07d6548599785bab,1,1,1.0
0dbe6acfe4256b6babf9463aba634648,4615825a69abba2fd1e57b84581856a3,1,1,1.0
14bca561bdb2901e80bb20800ba4bdc0,f251fa47f92c30e90adad31062a96a86,1,1,1.0
95ae2eb5fe4513a7ff440848a5595f8e,dc8a6cdc8426f5ceede410e0dd67aa22,1,1,1.0
71b873eededd786d027896414aee453e,beeb7358d68ef0a3115fde6746b9a8d4,1,1,1.0
03205e5760c7d0d27d4f8a4d05b31df4,11d2188ce598db142d37bc237bf3f291,1,1,1.0
7db0eba759379d3a68e2922bb970c48c,d18125b8c0fcffd0da676d56fb581bee,1,1,1.0
df18b55cc16528b438bed221135c2dd5,f208c2e0e8c456b2359638526812c1e4,1,1,1.0
05a4ccd655aab0d1303b42b3bf3418ef,beba34900831b3f42f356bcc197409e2,1,1,1.0
a8b0ffcad9db25e5407a2b88ad3d8140,c207b575c7935606edefd74a43419a21,1,1,1.0
db3a92fd262856b239bdbd6222700c13,fd4c3f3341390e4e7c4fbc024444c99e,1,1,1.0
9d1f8629dc5f3107dded59e772dbf9ad,e46c733f67479a6d5447886afb6d5f39,1,1,1.0
e7a512f2a1627cb1b7f9ed998e9c5916,f3feb82c04568172b339d1ece917c6e4,1,1,1.0
81de0b5d3753b115f251fe476f3afc9f,a59dc1bc590098f3c263f2334b8d152f,1,1,1.0
21cdfc6b2c123f648c56fc6080a929fb,5c3381a3f2f32b5085807b0807169501,1,1,1.0
8a427c1bb682f37d161d345818b82264,dc31fc8dbf3d92dd637174df2018cf5c,1,1,1.0
8f01f92134cafd494c6ac7ace2951f4f,a08b0a126ac4d8df5e4ee925e7d5f55e,1,1,1.0
5ec923ab8b42bee304595138015f7a47,e1729dcf4518b4ef2913ca065173d641,1,1,1.0
3ebea3b6f43441f680403f99a2d0bc59,9bc01a9db40726af9fdf87bacc1ff9f4,1,1,1.0
273047f188ca0f38396842d5548be365,7563e474eebee2d05c8bf60c557cc2db,1,1,1.0
256c60dd0c544c43f8519330a48b427f,59e7dae2dab0dd164a6ebaa15913ce85,1,1,1.0
19d676a2bfc6f36a7b7b73b7010cbdb2,606c42ca09ee5949a34f1dd4069e74e1,1,1,1.0
81ed6e1ad4fc1b10fd21e01d5cfeea36,e1f82b741d53982abe524d754a8e1bbe,1,1,1.0
6d018916b5735920ff598291edfa8c89,8e27a1bfaaf4b930a22952c08ec8bbb6,1,1,1.0
6b581771d162e6a0463cc44b333323d3,d1708d7d1e8a5d80f95cc400e6429eb4,1,1,1.0
0743b713491288c714984cedb2daca6e,0f199a41b250c91989536f3a176e85b6,1,1,1.0
922e15ce9c01f0a09b6883fcbf89c17d,e1afc31f60bd65fec039b9e87888b979,1,1,1.0
db8e8670fc0cb9e2adeba735ae379ea7,dbbe734f0a5b18af77a83a92665595c2,1,1,1.0
06b9d6221ccd83819ac6ad3f352854a9,9065112d8c6b59afef09c2fc67c5025e,1,1,1.0
157b9d0c8b2328f814b5ee120d5e5914,fcbcdff7cf8a3d3291f4526436df9227,1,1,1.0
3897924b7801bceca8326098b209832d,bb639133b3e1a03c5f3b221c80a414db,1,1,1.0
19a9b559fa0d9d98efb402a76de5483c,81ecfbc93e65d91e11dffe4b2ad110e5,1,1,1.0
0eac440a6e4dd2e1ebccc673f295e0fd,1322f42ae5165f0fa89f7a1d0f9da61a,1,1,1.0
0e886f63fb3e1d3a7c0a56bbab8724c7,f329e0e1d8897ffa466a836ed216a23b,1,1,1.0
40fbb22e1fb5784f6f780f19b7ff2d92,43407554aed6fc165b5ab1870a068ec4,1,1,1.0
24abf93a73a57ab3fe56df52deb2c6c5,99348d90573af76cd7c8e64fd097e6d3,1,1,1.0
564988508a81dca36512b04a1ce906f9,a2b7cc06bc8ec4c9fda046dc4e344201,1,1,1.0
428a8ca5e5ad2bff54515b8e868d3381,c9d11f3215f225629b72ea8fab4fbb9e,1,1,1.0
be3da9bbea9a6bf0178db88886b71993,e16e521eb5ba6cbe93366114baa7c7c1,1,1,1.0
2f0707e133b36fc9fa76479aa8d728b8,462688d928e54e7304bf33065613bbdb,1,1,1.0
07292d06afd6c45ff8de56079ef4cfdc,40fdb731f416e141a80418867178b510,1,1,1.0
a28f925403b733be252893d297ffcd69,decae38f66f5103a60f351c30f1c80dd,1,1,1.0
4ea07e24e59ceae33aeb18024919b4d8,7a1cc61a37298c3f36d52a699b1e38cf,1,1,1.0
474ef1978c42917f93bd84783862bdf0,9a9d051b76a6d5b30a0d49178efe8183,1,1,1.0
3b77909bfca56bb59872359d7586f8ef,cd7fabbed6374d8d014eed4b87bfa9f5,1,1,1.0
5e67dbfc0b3d1867f536c2961b4692bf,bf088f76969a44c82e7fe6d6efae4665,1,1,1.0
b3522f97987b835cbcdd223d13dcdbfc,d87108b48ec7b85b2f78fc1f3c2ea87a,1,1,1.0
3fcbe63cb72e63b891d14167dfb5f45e,bf908f1c56f37444e43370938184cd69,1,1,1.0
a1e8031f1de34884726a7f690823f1c6,b30be1a65c6d6a9e6b1447e05048a520,1,1,1.0
00e336519abc0012c8711db2132467ac,f556ac7784b4fb2e823017023245595c,1,1,1.0
9d6cb419413210952479e9283d9a86b2,abcf9966ccf5fb7a0afd4956bc8bf62c,1,1,1.0
0fca3e68acd9b69dcdf9a930de88b772,43ba219fe4048d64b0edb145ce11146d,1,1,1.0
077a370284eea3452bb0ff82082da8f8,c9120d0a1718d60b1dbfc11209f26a80,1,1,1.0
4eda116add853323e439c104b7d0824c,a1a41f7e848c5f9ca904fd9ee8f6fb58,1,1,1.0
2ba89e7eff6bfee5d2e755671c26ce3d,63dba92b86bb0f9ae0c8c881d3094b0f,1,1,1.0
6db3c61deb6b9959f4204e302af02215,c926f9749e71e831279c2eb90764b647,1,1,1.0
9374b1da36c7464ff35b853955d3de96,9569233a383eec155f537bc9c0853873,1,1,1.0
26b56c033a85c906839ebb8b8dd0aadc,e36cb996374aa02175eaf55fb0712cc7,1,1,1.0
0efbf71d3bb7f39db251d45828021a8a,eb8ddda056161923245beb3770c3431f,1,1,1.0
0ccb948a381d9527ed8500bf8ac516f9,e5c307e0a23e5c98639294a4cbe73854,1,1,1.0
5e64493c9c3bce3e075b2477083c38b7,758d4a98322aa56911e60a232c6521c9,1,1,1.0
47536cd28cca4c60e0a137015f51eced,783477d3a96f32bb2d8699d56b5a21ac,1,1,1.0
9ca97e91d9d0e7bae9dbe2b2cb731028,a0a42c4599cce684b3537bb863608e9b,1,1,1.0
bea85350a32c0f68d9b5ceb48fd21fea,face788a13897cabb1be5fd1fbb2f468,1,1,1.0
0be176523405976a37488ad6a2b81031,d1b7bc4f0e2414db25f35ac000960107,1,1,1.0
668813f7302213b609a2e6972ca54eb9,8f701e9f930cac0d9df626b8e4d4e91d,1,1,1.0
04ccbcbbef2cab112c2b5e1589bdf9dd,9b61cfcf9bc923fed1c1c8d38fab5a1c,1,1,1.0
c6603d9ddf98baf1c313b9ed2e31b95f,e8ec004df6d22ae031607c67f3d4f8dc,1,1,1.0
75538ef0acc59f1de08beda83fa03afd,8bcc6f887b960af1639451a9d4e71b43,1,1,1.0
ada32fb81ebb80940c51e933e2e45c63,e430f4ffdc0847375e62c0b7055dc63e,1,1,1.0
667358b5a0a6c96b9bbf42bcf4ee228e,7bad2ac7a8edb28ed26c0665f3d86724,1,1,1.0
75ce5b46b7e55b267e26f126683b8d28,db342a4737f95bcf63ea219f3809a9c2,1,1,1.0
484c28ba347d79190e5ec01822ba1392,f300b00a19af4d4f7bdf9f4524c4587a,1,1,1.0
17ba63d7ab0aa24a40802ec2bbd6ab06,d8d3620aaefe28de2acf94b61aa2d5c0,1,1,1.0
1e8b70cce882badaff158c24c2b9eb24,6321bbd80d2615bf1ce7d905265f9681,1,1,1.0
591f835a0f1e740b3d75ad7b0ffdffaa,c01143ba19a137c35b9680de560dadad,1,1,1.0
4e530668288d2f27a921f337c492dcbd,7fbb6d8f1f76288d32ab1a4e74da34c5,1,1,1.0
16787e3448a512645401a06fb360e72f,578d5e6d37a20bbf631183feedfe2dea,1,1,1.0
675b17ac4da7e93fb1728c7b2bd5e1d7,e9b82fe0de63859e8606d95a923f0263,1,1,1.0
7755736c6ba5ff50b147e9ffa22692ef,cffb34d21948c68fd8b169cd62136960,1,1,1.0
5510d1cb4dd50789f97bcb2a57bc8380,8836014b8b92813c371f72c9b5d96549,1,1,1.0
21428dfc6bd6e1c6d28a7f311109e1b4,ba8bc44e8dfd32e967518cf82f4888b5,1,1,1.0
1f8d696868b5ead21364cd06fe8d40f8,896ff9da450ba8fe62d279e7d77a18da,1,1,1.0
0c1a20644f0dc126c3eaff8dbc1bd12c,93e2f0058eaec3d5ec8ac7788e7580ea,1,1,1.0
9a8f298c25659741c58110676ce9a651,ff5f63dc004a0f064fc459dc73e45bd1,1,1,1.0
5ec1a6a0a71a856148e6e64e9a5637df,7fffeaabaebb943851910c8d04210e00,1,1,1.0
854653f952d2f4226c01355a42daa1ea,a79678c360b11a982dfdb55a42778e88,1,1,1.0
58860304f7ac687337b72cd9c546424d,bcfd923b7801435849731bd1c60509a6,1,1,1.0
5c18360806646e0b871bf5b3a536fe85,7750817bc39f117b78361cb7e91215eb,1,1,1.0
29dc4aeff866d6a940c471a3ea4faef0,679ac107bcec8cb9532797304f0b54ed,1,1,1.0
3049f49a33cdd60887e89c07dd4a1e7c,ede1f1d3e3e1ffad65670d87556c74c4,1,1,1.0
15dde4137d6fae5da4310bab2b5a953e,995f8a55b077122a551b170163d02d55,1,1,1.0
11f4e46d548c0f96c60475576a0f6636,36f65f4678e9f39634c967ca1cc74428,1,1,1.0
89eb91f4e3b29c368dc72be27447b9e4,9996cefbeba123f8cc3672e76b8fa2c1,1,1,1.0
1e2373253125b461d50a76a3704604aa,9e855456330c62178e7652ed067e5247,1,1,1.0
51c1ba123030a7e64b7dc0450a64b915,ed3c685828145919f83c3df6209a57e9,1,1,1.0
134b6710b2c9d9f006d75e0bcd4794b0,955fec072fe48033fbfb41c950072b7c,1,1,1.0
7e5ee303107bf4d179a0f8642d212f8d,da6843070a849442f1bd6f16b5458dc3,1,1,1.0
0f9332d672a06633b36446b9eddc3640,11485345fb6725061bf820526057715d,1,1,1.0
0957a63bad23ff7aa7cafb23444dd42a,573ddd3618687eecc338147df179590a,1,1,1.0
2703e9529e5fc34e102971bb838b81e2,55d9dfbb0709232b92bd2781c2d03858,1,1,1.0
88be01ad5852aae1b5d5231e2f415475,d282b6f9c44809c95ae8d67377d42837,1,1,1.0
38598d0fbae20a6cef60618ad21ec232,77426f7a06e493a618f5eec875ee7450,1,1,1.0
4c96fe3f1bd797b86a71953f09b6c72d,7bccb8c041188fa856bf7e70e642998d,1,1,1.0
5a8082f2f02414ee6a84c52a59f07fc8,a35c75fc4b4b7a1898fe8027822ecfd0,1,1,1.0
04a710ba27c70647fb2a4ffc6fe48e43,ee8a9b1d79fd7cf8077ffd6613ce1eb1,1,1,1.0
5674ba4c78cc9a00b85be9af1f954e3b,8e84222ad36cb6ab528b745ae6e18d11,1,1,1.0
b25d1e7fe5bd10c28191ec8b2b6d374b,e481334d0c868076c77de19c4b23cb5b,1,1,1.0
52f363e552b7f70d376e9d365b87fb88,b531620286c6c6fbd1d3e7b58390fec0,1,1,1.0
0e90433a28e2ce9a8121569dbccd49b4,1ed8e966f81f1696c0ac0d7be843db8a,1,1,1.0
58ce1cfb0c76f21cbc8dd0ac12a154eb,e45f2a5243076524f9fa34824a58ad15,1,1,1.0
00b742e2f6d8fa571cd560007081d53b,b5492cdcd2cb70885607dd676780ac77,1,1,1.0
5deda40a292cbac75e994e278dbf4ec4,bc1599d90e7fd20c4c3f6aa981891dc1,1,1,1.0
7f6fc5ee700cebedcb210670280ea0b8,d76f067dc045a619248ea70437aa072d,1,1,1.0
2b12aa72b942b60ca53b0eb533df5cf9,5b1dcac3195ca1e1f72c8820c897ad6d,1,1,1.0
111d3b4c481e8b542a8a5b6fde400a40,ced5b7e4e431e11775c4bcf19443e008,1,1,1.0
b50fc3b48a31f1446d145fb0a5d88ba7,c2854580cbabefc126d139b13cad7d33,1,1,1.0
13d1712dcb37b065e7eae6de11475668,1c94292fd864639bde9f9373156d6c07,1,1,1.0
3a5637533760619eb56a39f880797af2,e5cc1d518d05b032550b7acc3bbc1399,1,1,1.0
0f943ddad69361eafb2a72fadebd86ec,718b743a62d91dae09df994de322fcb3,1,1,1.0
26b56c033a85c906839ebb8b8dd0aadc,6bcd85a35af3d6d244b6494062b825c7,1,1,1.0
0ae906aa815502181b814a40b95068bf,894a22f97a7bc517f8d2c0e19ace239c,1,1,1.0
2b9a8287401c45273d732a57e2119f59,63d008a30add115923da1106e88a11f5,1,1,1.0
1d8f1ca82cf6c04de2391eb61b9ae364,e501f5b443ca67268a4811dbc206e06f,1,1,1.0
0d1771baf76a8a0372257c5d494d3c5b,75e4c2f907bb7809e77f060234c93e53,1,1,1.0
21f21d6d07677946b98a74b3963b5773,b13dc4ed163b263501d5c3cd16512bf7,1,1,1.0
4cbb4b07e2d5a48bfebc0e4958e8e7b6,a6a0c8dce941954d5db099a5f472a1f9,1,1,1.0
4095106fa4df8e377a44cd7dc86593a5,a8b09ecd3d5ef2e377010bf53001130e,1,1,1.0
bd8018ad6e122daa06e9a5abf75b8af2,e3a11fc8ef6c9031128e14bb52d2d7cb,1,1,1.0
117eca580ab43e2f12b571f6d0177c37,aff1a2ccef42609734df1e8ae42feb91,1,1,1.0
3b1b3e09530fc5f1b3d99b638d9175a2,6ad2d388e636f671af18d5937bb146b8,1,1,1.0
0da4c7d00921347054ca0be6b390dec7,8c1d5869f4f4d2e88714017c98c619ff,1,1,1.0
cf8cc1f67b03b2a3b4c1e5973136f12f,dc93a795711b06b177aba91bddb79be8,1,1,1.0
5fd82666f1e64606820d24e3fbb5d160,d7d6084a07809ee2a00e58005e9469dc,1,1,1.0
965ccba9b3edf80a6ea648ef3e722fb0,a7abba8453fad010a6e8ed18a552f781,1,1,1.0
9f10ed5e6157a32cce16e0b22013096b,b3ea92a10fc1b7012b9d0ddcbbda9ce8,1,1,1.0
1e2842a484f2643d3bae78b78c717dc8,dd9aba5cd5863cfc8d889b2958771e65,1,1,1.0
57056d7fcf92fd1154d9926b343f3806,da94d4626845802b678284be8d14cfcd,1,1,1.0
87ded80c193b0b8fb846857f162d4b34,b81405a1fb356507e1a51b8a56a4fcd3,1,1,1.0
760caff27799b863021f2591c828dad7,f8558a80dd5bf6d527e7fd84c4819051,1,1,1.0
720bef87b58a7744196ef8f494ac9617,a330c3cd4e607dd2f8dca4e303325e6f,1,1,1.0
d5f2755878123a8b5090a1ecfc2c8091,dad6ddbfbd48a133cbaedb895e9af210,1,1,1.0
bfa809efc0c3a611d7cc109690fb1adc,d44af08e4d64c9d0293247a42022d45e,1,1,1.0
40c3307a5a55990fbfc912760472b381,95e3c8fd4233b735843cfa9f150ce487,1,1,1.0
a8aa29b1ed8b1e9bc03fdf91cf28261e,ae912dcdd2ca9b98cb0fef04feb2f6d3,1,1,1.0
11c6b90c4d64711958d95f397b435420,6edd17d0a29e2d4057e694afee5eaa3b,1,1,1.0
9c919ff3a7af6da6d8188fc85c9a0e66,af8b2d09c4aa3036566914760882f8b7,1,1,1.0
07ff176c4248372afaaba89ab0d4c25f,5e56701952734f813152333743780891,1,1,1.0
28be3bd4177073ca196b0102d98c362b,7611c1c57e281b24b0e4efb7b4962ac9,1,1,1.0
b17edf8c0f122279a1160720468ebc69,f53d235c627d9f1e4a63f200b124694c,1,1,1.0
29b0b21f7392f0a825de546f28d621bb,3d435b8da024ed08d2e43ecefdf46a9f,1,1,1.0
235090c4bed5547bd98a4dfb54f3a4d0,aecdd0791cbeff822896d4514e14acaf,1,1,1.0
a42f083e350bbe8874943882e5620af2,beb5ff4682d412baf9be100f2fc2eff1,1,1,1.0
441a7498e6df67512bf1821ca6504f26,bf1464c6f9bbf319b190fa3658848abc,1,1,1.0
42f197da141b85da54eea101ad959f3d,87dbe9c62c041832305e9ad226d86ab7,1,1,1.0
664382d7bc5d979304c6553258440029,bb8958a7635632287327d57b990942bd,1,1,1.0
8dacc55b31e557d40d568ef99bbcbbe1,d2ba84114230bd2f5d401ddb302ac4cd,1,1,1.0
5f0691f23c472d93782c13ceaf2421f8,718b743a62d91dae09df994de322fcb3,1,1,1.0
14f0772a08bd37d2037b42a9ff4bdba3,5e26a87b664b54e81793442cc00e99e2,1,1,1.0
a41c1c664fed16013ba77a1b4a874638,a96d5cfa0d3181817e2b946f921ea021,1,1,1.0
19ea244e9173ca0c8ae93d2831008fe7,e82106c32ee88c7e107c6fb5dc8316aa,1,1,1.0
026e135c007282454338db204e44381f,8ca0758a088771517b25de6d7f820cd9,1,1,1.0
36d2bc80af00b317e0c2e2ce2615841c,9506818e07268772ec0e1a53aad6dc31,1,1,1.0
41d7a050f54d46cc6afff79ff1ac4997,62d04de212af0333758cfb1a2d98dad0,1,1,1.0
7ae3bf22d9fabf9817cb4ce68916d101,e5b5b28edeef592fa19f83aa6f04489b,1,1,1.0
06c5859a120871e8c2f4a920d7cf50cc,444d46bc5f2697364d4ea1ec0d4f759a,1,1,1.0
d446b141e1b047be0ea9605fc4e06a5d,dd40cca4776a4c919c238c96f298bba4,1,1,1.0
ccf9bb2d5ab02b4928415360e23e6e8e,f3705cea51b431dfb87a53e0220b78fa,1,1,1.0
22d75e219121547b55f0496759d32929,36b2036434fac1ab64762456ff3e635a,1,1,1.0
1e0ba31a60f3d05caf66a97fa204fbca,be1e1e4e12d559ec403171f1fa64428a,1,1,1.0
123e832e5bc4433b37c02b5e495b9cc2,e7548fd18e38dbb56a7e6ff1b303d0c6,1,1,1.0
3b6577dc371a8aad49d7b124b01d3d92,e90a1b194724309bbaa6228c398d1748,1,1,1.0
117ef2545470f2d94a9caacbe2120347,f55e47d7febeb28f40031382f1c0a0fb,1,1,1.0
43ea9838620c66772a6e0f498307a63f,b500d09f227a12798d03911752d1c7d6,1,1,1.0
984f54c98f761d6af37e70305a09044a,c7296a22b127ff1a9f6c4c0de637e4ac,1,1,1.0
6d5d58a5892a5ce6f002010853e552fe,f077f1785fb4a5beb0425b5e90f233d5,1,1,1.0
62f6dc882378c3c86ab88d18a4a254e6,d3447240c4cab426cda9a36a1962f892,1,1,1.0
3c38645e45e10d29cba2897019948d4e,e8ec187368d8dfbda17f255e0137ea38,1,1,1.0
a4197eaeabe099da551896138a4dafc7,cdfb699679dd517211f57d48946d8d58,1,1,1.0
0d059932f9a38e9a1b3f0cd13246697b,a601294fe5eeb1f05f93b1a11bdd01cd,1,1,1.0
1d47144362c14e94ccdd213e8ec277d5,b2b85bd62ac05066fd3529c22b6672f8,1,1,1.0
caf477463d1b9f59e1c755832c124790,ff0d4869d957ba46496a840133691be6,1,1,1.0
481335cb3112f5a54c9ed7b7f702aea7,62bce3f376fcdcfb6a93f24f15829b23,1,1,1.0
37130c6869ec1d517e07637dff2e90e3,5e8917cb4d238a5de3f14d560a8a0c4b,1,1,1.0
94167fb69e0fff5cbd22cae95133ae88,ad60ba535e4fa2b72c924290d6337913,1,1,1.0
d335baecca5030833f520b089d1f5de0,d94137816541d7919b82c664a8f3937f,1,1,1.0
4368b6d00daadcf1c3830ceee322ef4f,606895478a52866c50804a43c243383f,1,1,1.0
1d2c3c629d6a479c4bad9f355b188b2a,90777de7fade57365a27c25acdc168bb,1,1,1.0
0e3e01275a3d617393b91e4c1029e3dc,146a2253a3918c412431c4cb9d13b863,1,1,1.0
66068e0f740bedc625557cdf3fc30bff,ce43cf7952256dc47c836ce3e8117331,1,1,1.0
132baf0fcff8683f8485ccab403b6d3d,c23d08ad321b067575a59d384c9c1a24,1,1,1.0
f0b8398a3f7ec5426f5cc20d3e36695c,f89a0ec060b6f0d7cf07782993dd5d42,1,1,1.0
6d053f472a670c33c21c012f7c72c4cc,ba3268546f10cb154754bf784a9553e7,1,1,1.0
67b0a8350bf38e5d5be5df23e0d293a7,a6cf899cf6e51cb274fa411f7b31dc63,1,1,1.0
a900be89f5ba5dee7939593f6b98a643,b41aa8ddca9511e49da1d571e7cf52fd,1,1,1.0
d17aaee81356e6783a7df632a79aab57,f923b1574da0d99a5e27e7ad1de64cf9,1,1,1.0
9d0ef7d06f184c4fd91aa7d3ea6b1003,dee03aff0c23652196c2b40a1e3b1fa5,1,1,1.0
a16463c2667c5194f1ed62daab06e79c,fb6534d42a2fbd05aae76186fe8bec4f,1,1,1.0
7afbf983eb484fb14e40092c0139d66f,f5b73a2dfb6011b07b2f4aad915ce171,1,1,1.0
0bf6ae440bbfc6548343fb022d743500,84fb192d3e2a577896b041f08d125457,1,1,1.0
eca8479257eba8c8caddc0617d9d587e,f6ee8291b6a190067c03176e4b5ab465,1,1,1.0
ab02a4af72314247580be211300463cc,d9e7987963242e652ba92754ca50bc96,1,1,1.0
50ab585b05268c9b7aacc57681d18ff1,6df2bd5869a4c38e1fc523345514427d,1,1,1.0
761188065f84481a27d8a8d3da08fc60,e84acaddf31e811887142b13ce102bb5,1,1,1.0
27e181e45fca27217ab5be6a014c6add,665abf32af7598d674235697ead971b9,1,1,1.0
16612919dcfb3e25002574b6b0087d37,2761fee7f378f0a8d7682d8a3fa07ab1,1,1,1.0
513889ac65a4388b242913bdb45533e1,c450e06c02b1e9a248456be29e587118,1,1,1.0
a1cbaab4236d5ac6f71bcfc7fdc87d10,f58d91eb07ca65178e04b1887adc8c17,1,1,1.0
a1f237d95266d1e99d17586335debc13,c7f26f855ece58f0bd64eff6af32e463,1,1,1.0
79f31ce24d54189dea16a41412066f5c,e3afe4f1c43ac818682f1d6ede6b7776,1,1,1.0
3225d4447ac52d32cd299b1bd326d29e,bce514ac2b2759eaf3c4486510ddd4b1,1,1,1.0
923dce48a931f52428d17c59d247d27d,bd142e219e9f3631475b3e4e69a69ff2,1,1,1.0
5385e8118e7fa521f67724798f9994d6,6cd4f9f619a196f16b771eaf368838ec,1,1,1.0
53aefda7ff8c61644d09043810bbf79f,f9d2057b5d0bf24a8dd0215aea188ab0,1,1,1.0
5f6917c4fa8807a3c4c6ddef3ec4b2f4,fb6d23db5ff184581786fbd6ef02bf77,1,1,1.0
09d9a393da8d9500818cf8a2d5acd327,955fec072fe48033fbfb41c950072b7c,1,1,1.0
2d994dc5dfd83c29f82519aa9a0b0ba9,b810d85e6a77a107537de154d8ff5b01,1,1,1.0
35a2b7648173b71e6d64851f211abace,69068f0eac0d07b0eb647fe5dd20e1bc,1,1,1.0
2efdab402b57b0040f1f04c74cf3bef3,7e6977a143b9420c9c2f5d4452f70fbd,1,1,1.0
6a7bb05f9b6860beb4533af2fde2298d,7bf1c59401206e31a78523077f3a1144,1,1,1.0
d984dee7d1584f0e6f2141b680f7dc32,da31b1e727489a49662997c05c745b43,1,1,1.0
66abc694692ecbf8948d678eae91e81f,f01bc9fb4b426fa9abb7c6efb8968951,1,1,1.0
5ff81ef8b934cc7101500c5e6baeed82,a64afb855585c221c098e84459135d22,1,1,1.0
f4d86b3696c4fd8f185f9304bcff3449,ffe6305176b9431a3eda3cf8904d7eb7,1,1,1.0
3bc7c852051d4ffea1e11a834927dbe3,4107e2bcdb42c47591f1c40b67a8826a,1,1,1.0
1d9ec2bb9468c092658db37f486e4549,9266c1162160a9f89df9e70f2597b605,1,1,1.0
146a2253a3918c412431c4cb9d13b863,1f4ebf25894e7c8c46e382a20a90e457,1,1,1.0
1de5850ca9f40f0dd5a13262b56223aa,cf7e1b1ae28b5fc16cc39b4f9b82102f,1,1,1.0
a7932218ab192b7c1dac7e7a847ab21d,ff9c5dff16d7d6bfefc2acf5088d7b90,1,1,1.0
15b765bfa1ba3a205874d1011063535e,ef842dbc1d074b0cb9da91b005abb8e3,1,1,1.0
08981350cd27a14c6e62555cd0997160,b0214eb6208ef4043d6adbf5980397bd,1,1,1.0
0bed2a910405e22f8d00eb45146e955a,961173ac0d5857ae5bf61f00543b8847,1,1,1.0
94fae829df35ec60b14a73caacd58f07,cdd409dd98d0b07373e6612e8adbd14e,1,1,1.0
70fe79f3943224e129dfe2e9176635ba,8899f4c1b151858232ffbecbbb8da8f5,1,1,1.0
2d4dbc1758226792276e8e09d2e39402,4f51b1fb01815cc981a1e33931442013,1,1,1.0
13e863bd7e1af2d541b5839f8833deed,bd1e7855a39adab1461658e3185a3e1a,1,1,1.0
2c53cb714cd777eabc8a3ec12568e3cd,5261ab58714f513f01e23dccad2dbb5f,1,1,1.0
897b1d92f53f6c7762b36b3e808f4d80,d95d145a21fbfd63292105fbca7116db,1,1,1.0
34471a8e1a3d5425d255efa7d4b06220,4dc7a7dd7dd952e7c491d95a7cc3668b,1,1,1.0
88bfdd41dde06aa9750778a2768e17d6,bab333fcf9f297310b4ba3be1e6f6e50,1,1,1.0
2a8e9a7b6d67b448707d0d7ac6110b9f,878995c4c85a533aeb77e28e7bfa0edf,1,1,1.0
3702a031c0facbc9afe8ae0c7b7f52bf,52c325f1f2eed5231c81d62a1279860c,1,1,1.0
4075675c06e08a380daf50d5e0ddba78,5c183710323fed305c617f8840b8338c,1,1,1.0
9295d6a619a0b00cc7e1904d19a1558f,b510bed7aefb81dded78352a294fe46b,1,1,1.0
5042843e7dd9fa9d4d8dd7da52f15f14,99931a2b84e283bf84983b800bac2509,1,1,1.0
8fdbf4be9d2e2c8562b87483baabb13b,ea3e8c190f5c875ba2c4bd077c6459e6,1,1,1.0
c857c97338c7ba7b62ef19a19f0ab62b,dee03aff0c23652196c2b40a1e3b1fa5,1,1,1.0
2e0b805455260cd1f7de32b1b5235337,aa7ec8eed57b57cba3883423af243b5e,1,1,1.0
4d1816adb92709672c1c049f8756f542,9e993c9e1416294dcc04a232e1967375,1,1,1.0
3bee21d3f6de31be0891d0cd591f33df,3e7ac88fcebf632fb01dd58bd3522ea6,1,1,1.0
30a7c7292c38ac22477fcb75306ac4ef,cfd8e25e492965efb735946dba2f2daf,1,1,1.0
666ffb10cccacedbca81902616a4e09b,6fa76b0d56f88c4685b9e12f1d8a4220,1,1,1.0
2bb075c9fc167caf8c561e9a9e13f1e1,b0608ebf65dbde33b45973a50e9f8965,1,1,1.0
cf42a8c1a61f7148c0f031a53c5d17da,e67ea1b0fe506ee2160db2ee7e2c9095,1,1,1.0
0e1d41bfd37919f2c7ffcc9ee5be2ddf,1356ed37fbb918d791b255d9a9daed07,1,1,1.0
ce44949f516f2da1050e29618cee082b,f38b869e299ead370a8f9a0c61ccce96,1,1,1.0
7ca4833e3a4dc726e49e051637a9bd3e,b2d60d7124a2235fa10013b1e1f8e7d0,1,1,1.0
08e5461c0b53fb083f56f9d45a15e12e,88fbad05557cbc2d2f5fee59d6966716,1,1,1.0
828eccc3f8cf1da7d8f83857ec0744bf,be83d747a325c0b259b6717700622e36,1,1,1.0
19d202a744a6d45e8aa95fd9358f5661,ccaa4459105c07d60df11ebba645f166,1,1,1.0
d2849832d839524a7d36a391434ac16e,e8597995dbb64c21b761211b7f2f93e1,1,1,1.0
764ac9e929632c4cc0611fff3d9b2c21,a130e5a33d993cc5ef3fd6fbfb539406,1,1,1.0
5a2e847dd085d36e3ba8916b75e794ed,ff8a98860a86a0f563a92a43b3344414,1,1,1.0
36b2036434fac1ab64762456ff3e635a,8fbefa23ae0c37b2b4ca94dd96abdb78,1,1,1.0
73b9bca266a6abf76547ac5992d2bdf5,96dc025f710c62b2f8eddda55120c04c,1,1,1.0
b86c3ccd584d448b6aa2200f8401991e,d831920740803fe95943cf7c9f243ee6,1,1,1.0
3456860e57578bfba0640b99ada70bba,528b011eb7fab3d59c336cc7248eed3a,1,1,1.0
501a8a414f0ae0164f0da2974541b2b9,53d9311d650a3e6bdba4696a36ac72f8,1,1,1.0
24cf0fe4be1f257c7579376ccbdedb6d,351c545c8cb9413b9d24d1e18c7da574,1,1,1.0
6e15afface3b405ed9f77cee4b5d2e9a,7ba1117f6db163e3bab9c57f8b2f08a4,1,1,1.0
070888cb3b5bc4e8a4a963e0ee3b6a4c,9052157385e24b02bce042e29232ca91,1,1,1.0
11632ca8bfd87b3c6a2acb815ee358b1,4f054c08fec137f4985d1b5d12141764,1,1,1.0
34cfa0a845877b3bf6657c9f098fb421,4ff03022ad97615c6387aa546a541eb4,1,1,1.0
638c740ca54108e59dfd571ab7c0b764,fed8418e3e633e39d474419dc6932698,1,1,1.0
6501e784d557fb5ca06ccb1546e71043,f251fa47f92c30e90adad31062a96a86,1,1,1.0
21d131a493c5fd8f33b58dda6c6ae95c,26575001e4b29d4809de4dba144f3eed,1,1,1.0
8038505867c69488c5dbba1ebf144739,8e5102c8123b48eb09d2362c18337d4e,1,1,1.0
90898e232f1d9f2b15f8f5fd9fa46117,ffff5962728ec6157033ef9805bacc48,1,1,1.0
4ed413aee1c65e98a025d2ee754aa687,9f008417d1115817ec36ac4bdf3619ea,1,1,1.0
31ec7f874ddf3354271c86d59e90b801,69090b02462b0d5c888c9b2c573f2096,1,1,1.0
36942bd30799251795cca03a1b16e004,8af3ab48d408b04c0ea4f59545c45439,1,1,1.0
4e97e027ba98ea94741986df9712c839,f53c89af952b692df1ba10a05fb895a4,1,1,1.0
b6da6ab100de9d85d855bb67aaa2157d,d335baecca5030833f520b089d1f5de0,1,1,1.0
2fdd6e2012a924fc42ee1070baef8514,8934c160f9f016e15f2823b6d54909ea,1,1,1.0
6a971df00dc408ba81c3329141c234dd,881b414b317ce75bddc5d2a8167da37f,1,1,1.0
29c50454ab44ffc215c1689ffc1fe783,bf48f6947e4c7ba816a0c5bd97f7a7af,1,1,1.0
73d3ddee12b0c26c050b9f8ffef6146f,ef39e758b13d83cf66c9624a8fedb728,1,1,1.0
3377cc8994bab907b65292c92f06dcba,9b3b3eaa63df7cc2909934af6d2034ba,1,1,1.0
26723c2369b2d756562aea0d206748ca,f4569f464c592dc09f2fd60d016f1b16,1,1,1.0
2eb076f662e507461c121a6243b690f8,ea05fe42f6f8f29b3ae0500fc0381120,1,1,1.0
286af58dd53e53cac21c7985527712ce,71e2ab4ddf40cf4ad4cc322f1002ca96,1,1,1.0
4fd113823bb24c496078c6f937487fa9,80d9444e7cfcfd1288df2888c741cca3,1,1,1.0
58fc79b9486e2db1401e99c41355bed2,b2c5a0a208a7fec3a2c54e579a639878,1,1,1.0
bbe5655ddedb46efd308eacc84a649e9,d74f94b54581eed0b6675c48bf5fed5b,1,1,1.0
116bf4289adfb3e9ba0852ad26704b04,97a958fecdce1a11c13a7db0f6fb4d54,1,1,1.0
235baa608e478f28346f4f732009e013,e026ef170c6c747799d77de7b6eacc93,1,1,1.0
08cc880dc87b176fa20271ba13fcfabc,bae5c8e9b93a8500aaf38c74efccc6d5,1,1,1.0
2c8466c03923a51fd621169573e7d836,768253d2513bc433767081cedd241a3a,1,1,1.0
a76152dbe2324e3cf2eccf32c2db1ad4,f2b01ffdd71554a905eea4ea1243a32f,1,1,1.0
6d5d58a5892a5ce6f002010853e552fe,aabb72e2f3c205e6e6b286966775e81b,1,1,1.0
1a58ae3b5ece841b4ff7cc13f9de4cb7,e20f982ec35a961d9e018e56e47e7778,1,1,1.0
6cfde434af484ecd9ba516600818805d,6d83f30c80095bf7c08b1cf438f9fb74,1,1,1.0
64450742fb384fc0207432c3f8083ae0,8944ddfaf0d834d65a45fd1997847b28,1,1,1.0
488c70cb74d7e7d375849c12dad44deb,790cc14129e4d076d124aafd2b9f7caa,1,1,1.0
1c40fb89a5bf8bf7a40dc6912d94935b,367804e9c1dfed544cbf1a457f88fe84,1,1,1.0
0b35b0c15e108cf218f935d9bb2069a4,b7a05979123e85de9be590ff37b88b60,1,1,1.0
3a8972f0a43553cd60ec7fb208f2a795,ee14b494d75d6bfdfb18c3456f37ee2f,1,1,1.0
a836949b8cf583b1868d8d7ea4ca1614,dfc556305b7d82f4a53de00d607503a1,1,1,1.0
390ab7d275c35f0bfb2be964ff5ffbe4,5f9460ae8f2c16bb9e57fcb504d93108,1,1,1.0
85fc5c4dd8693b31bd9494308b4080f1,d987d4520f5c13ae250b4bd13f1eee88,1,1,1.0
08dcc3c495afe4738a4562c5a1bb0fbb,267b78924d58c06f82081ded41b81d65,1,1,1.0
589e2344cefc6ad5450325a1bc76da9c,df023209e19ababe47c09e3c89506b3e,1,1,1.0
93544519e54be2943b51d251d93162a9,e610b1bd6ce6a51c34ed60f6964118df,1,1,1.0
094b16a7db3cef4fbf754847600a2692,8fb08dc39120bb8e449977b2a1ff880c,1,1,1.0
2f800f604ce609f0293a9d84e7fc12ed,d03f7e8e22b8a0e58eeb433ff0de1954,1,1,1.0
3fdec2a408b9c56d7305c1d2a1986fb5,9cbd89da8b8f46bf400af96fb5f98189,1,1,1.0
b45808c7d05673483b8a0fa206141cf4,c0e7c66e7a42ec16b175f04db80e6eb1,1,1,1.0
6ac343dfa1f2e45a71fd588c764ff8e5,ac7716a3100088932ba7e11bdc113783,1,1,1.0
2cee6377777e0baa063c1fc576bb1dc6,339f6d44a550afdaf2a4a9a29d091d16,1,1,1.0
6ba4ed1f1e8ec7b4f60ee85996fd5016,ec1e120903c5b82b9d8dd89bb4085347,1,1,1.0
9bfc2bb2948dff6305f14bb8f4e06f61,f18411d7b672c537a95a716f13fc0b17,1,1,1.0
4cab3a4accd065e1fa9a51b42e405676,a77624d942e45fee80179e4359203d0b,1,1,1.0
9b1d4ea0e572459ee5e947abf3ca631d,ca43ef609aebce70fe17decc03912c71,1,1,1.0
aec122eaceeb8c84cc61479881a9e10f,bb880f3b77d2f99e3b5e400bd20a3164,1,1,1.0
a63c88e3bd0344de106461ab8a3c3f03,cf8e62100de6ab82083dc80b8fa8384b,1,1,1.0
504ae60e8a78d3dfae72226af86680ea,ca478522f8d3a3d5dc56e3bd48643f8d,1,1,1.0
5b586399e94f316df6602acbe6d80f70,ac5825d0d9072b54d4dcb8540b1699cb,1,1,1.0
8927f33187d9929c4fda3d4c4a2b4606,e12c464370d2e42bd874634ce9dc8e25,1,1,1.0
0336355ea1caa4b3fc672b70fdf9ef3f,f0b455e0ba8ae5c44f91438d043cb302,1,1,1.0
52ed5a07cfa81a6802763aa0e29e4311,b7ed52180f08c7227df351919f7dba09,1,1,1.0
07c6f2c62ed11b92e5a90fd63f343e59,4254cd9b3e19107a1ba6e8a1e37fde51,1,1,1.0
3d46f3720b481bf721544699010b97fd,758ccbbf8be7c6ef2efb9b4ed671e82a,1,1,1.0
850e8006b4f239916012dfd4f9bdeb0e,fdcf823822a86833a95cbe82fb08dc13,1,1,1.0
284a33cd4d04f42e16b079c5b3c1364d,cb91b5b25e1e383e3b16135d40fef818,1,1,1.0
10c6fd00adf8b4af505532b878f29a23,91238ac9b555af75bab81ecb4a24ccca,1,1,1.0
eec50ea17931235b0743a8779560b971,f1c0232ce687019727128896ebb21f09,1,1,1.0
3cc5bc0ded3482b84dd2527cc229844b,68acf3bb5e9e6929e6de64a0d88b7c25,1,1,1.0
0fd76325d0e27dc1d06b60c5c549aa04,c413f93fca4a6ad084044ebda9d87100,1,1,1.0
5e46241a3cc0414d8ee0be4765689c3b,a6303dd3323275ac03b5c38a55a16659,1,1,1.0
070888cb3b5bc4e8a4a963e0ee3b6a4c,adf9802dd4b7b36107cfeda94d7539de,1,1,1.0
446480ca430fd34b345ae78cb641b30b,7218da49ef6bca3a8d862b83e6112cf5,1,1,1.0
23cd343c7de3187c4d3d5bc96b0e3f06,de83dd8fba05d9a32e69a2396832c975,1,1,1.0
26b0aa1978f09039fab41c4e4ed32299,ce11d0ea91a27ab2f2e4757f690a5e30,1,1,1.0
44f2cb476316d686c9351f8e7bc0c160,d0c3d127d7625fd56ae5527224a6503a,1,1,1.0
f6c4d343f3e95e7577f3a7ebe3883b73,f712a1cceee0fa3f4aa26619c1e3029f,1,1,1.0
5980fdd520297d363b32aa47c0232c5b,eff73c1541fa0cd1499181dda22db46a,1,1,1.0
02a0e3c6bcfdfcbecbc4268ef3797863,c1d9dd36e9b54dc4c39cf5b796012bb8,1,1,1.0
0a2aa3b7c6edb8e0e089229ba19a285b,1abe45c34cdc629326c8093dd4f77e96,1,1,1.0
5e7380d021c7a83647f67b39964712fa,8b9d39691aea5534157f8cbdd46bf404,1,1,1.0
5448fb61e525231e03356fb5769b9820,d9aaa8544dd466a3623226d67b722880,1,1,1.0
7b627f49e4baf01fba4645b2a681a356,836448bb132327df1c5b994379c24064,1,1,1.0
3a490364604f6817e258f127c19eec63,b329ed361b94aa14781944b23063b5b0,1,1,1.0
ca961b973ecf9de95e3c17421f60a9a4,f6ee8291b6a190067c03176e4b5ab465,1,1,1.0
dc31fc8dbf3d92dd637174df2018cf5c,e687324f8eb6b0ccb2e34d8955881f0c,1,1,1.0
66d7c05de70168738de8f6f8b5adce82,bff0087571cd56beb088fbc9f7ae22e4,1,1,1.0
bcd59f96a133c26d1b4d778be7ccc033,f7bcba7f0ebf384ed7e8ad94d7ca8b6e,1,1,1.0
f0bca8c4eac3e23397b131fcf6c70f0b,fa701e4c42fa7f213bb7216c9361721b,1,1,1.0
18d3e55ffb026aa6530bee783728cfd5,c030e0039eb871c68179599013fdb43e,1,1,1.0
0eac440a6e4dd2e1ebccc673f295e0fd,92da8bc27242469f90d1131d66d562b3,1,1,1.0
d8ba077744ee4b11f6445d54fadc7c17,f4dab2a5ba9642222ee504e6d6a409a7,1,1,1.0
a9065f9f5e4e8ba2ec28fd0772e91c5d,d339ed835c9d8fd6b1e3c5cb60850bc5,1,1,1.0
7a311716cb061e6677b00589143f4d5f,fc58e93ad5f2daf2014c8d138813d1d6,1,1,1.0
3aea245d9232e5ed478003b4c7c0befd,7a8c0eea366a2fa7ad23483974224524,1,1,1.0
f362be295de5e69caf19361b902825e9,fcabb1c1914da0aff9378a59942ff133,1,1,1.0
7288bc3bc7d492c25d872ceec73be478,c8df8e325a90104f7d90691fcd915a37,1,1,1.0
8a47d01387dc3f09ea5e467fa852b9da,a112679f7d5389c219d7a51b60f12f18,1,1,1.0
1b86bd501d916b3c67a5dbfe7f49af47,46fc5e2010cad46398d65cee28bd6207,1,1,1.0
1bdd27e01451d50d9d804040fe941000,7c175a8c0377686363be8949c4c7993e,1,1,1.0
070d21d68ef421c6e5ce961fb20e6025,3f525acc955378e1927bc4b07683be66,1,1,1.0
c13a71d8829d7a1331c60adde3f4f39a,db342a4737f95bcf63ea219f3809a9c2,1,1,1.0
3a1702d4226eed2058871760d94c99a2,84fb1a23195812de513cead8d4d8e679,1,1,1.0
900b3773912895699f6bc54cf62bdfc9,92dd0b1dcda9dcd1096d15f87b4fe792,1,1,1.0
51f94550d7bcfad6c7c91700954a597a,76f963ae5c714f31c2904d52c273098f,1,1,1.0
c2dd4254ebcdb38e7e774d9d4290af28,d7d6084a07809ee2a00e58005e9469dc,1,1,1.0
0096c18412349537abc45e350581cbbc,a8296d2daa0c76468d945f281cbe031d,1,1,1.0
daba2e7a00c149161c68cbb18db656a9,ed5a19597135c123f7c58790f3293231,1,1,1.0
01c849814dd6cd478f0ee6343414acb7,43ccb0790ee9a0c81036189eba431455,1,1,1.0
0a5fa7113e2ce10ce82df667b7098932,721753e3cd58abfc617b532d19ee7ea8,1,1,1.0
a1cbaab4236d5ac6f71bcfc7fdc87d10,bb00460af4cda6bd1252e99ef3168b56,1,1,1.0
3f29c19532c5b77b04513b4cb14e7364,d5418082502b96161acaf77d122762a4,1,1,1.0
7158f4fa0f85c3da884e3092008066eb,7de55da799876f3835e69fe484c6153d,1,1,1.0
5ef0c0879faa6351326edfb00a3ee8ed,a74ecacd024fd7996f07f4dde56248e3,1,1,1.0
ef7c34bf0d4dddef8838454208706360,f0f25e4076f56c818856f368f7928ae7,1,1,1.0
0a6483c85a088be9fc6c9d3a64539e1d,7194aedf92f96de4f609595adc4c6441,1,1,1.0
ec750259d6f61faad9361c3f0bcc074f,fee61e0580d8e989c9e0dbf0f7ffca23,1,1,1.0
c95f90d982a990f7db59285b6d97fb2a,ec3c96625c23e152219f0cf0915f0fff,1,1,1.0
458124a6c6c5deb7428523d51a60dd59,6aeb14662eeb6302659fb549abeccce0,1,1,1.0
a763728fd6d00fbeab1cf0b76e5a904c,d7777e57eeb396debfd5a74a8cbb4c1a,1,1,1.0
75095b17a04a12410cdf890291bbcfc3,f04262ae7b441d112b817c6ff5dd6b60,1,1,1.0
752fc5cc8aa8402ab155ab39828beaf6,e74047a9c3d3695325da90d83efc6e69,1,1,1.0
34de78d15366663da947a58b7e9aa88b,7e063d87578c3438c8c086b4d5c93df2,1,1,1.0
9c6eb6c6b60a688367b18a97ab4255c1,adc21493fcb5364ab47ee52661307611,1,1,1.0
0895fe4cf72747ab76d855ad89c93dff,58d711f2c39c1043d41d4594e0b5eaf5,1,1,1.0
3af7b30bbd25d774eace86c0861cd80e,afbe9434938af234d7169a2afd77dfdb,1,1,1.0
39156c5681509661e8f8b87724c29ddc,c5e04d2fe00cdad3c541268baa284553,1,1,1.0
3574ddc59020916b72650753adab59d8,e734105b773f439f8ec12bb29d0d2942,1,1,1.0
c0cb6f62619187c624de6516c1e3c100,cb3ff5e129b14923b2dfef9acd718bb1,1,1,1.0
45b9b6b42cc8af1c16590ffc6d65b2ce,86003410d78a121c8bec4b3a57991f7c,1,1,1.0
a55224aa1cafc8d10ab7af526a4cf0dc,d5a21efb91cd378a523fc1bfae3429a7,1,1,1.0
6837506190b8405bee4bda447ec4b545,92da8bc27242469f90d1131d66d562b3,1,1,1.0
6a829e3145ec016315d9a314137db69c,aa3646682f29b1c9c488e210680586a0,1,1,1.0
979243d8d465d002397d1e5febd19a31,ccb89ab59ba8eec8518110077868630a,1,1,1.0
22f99be95869f65b00be5ee594b8b53c,3b4eceaf171a7e14ccb8ea389f3d0a3b,1,1,1.0
5d986ad97455b613b456d4a4f5293958,9aa61c2b9ef42b2fb25755acdf647dcc,1,1,1.0
8c6fc6b7daf812da3200f0e81004c2e2,d7777e57eeb396debfd5a74a8cbb4c1a,1,1,1.0
87e23f836bf7853cf7056d6b33ce09f4,f22357f14706393296415fd7e5f95b47,1,1,1.0
9c5434b646107b8323610cf9baab9e3d,cb4c9c8546741b62c47dae1e1e8638fc,1,1,1.0
0d062c3c954a9f461c2be3e19cb99ae2,e1eb483ba2db6d6845f4b546e32c646c,1,1,1.0
9ff0bccccc58e1dc0c24b3b4600afadc,f7542427705ce55ee46a88cf280b4f51,1,1,1.0
271ec2410ab588a07c8aed43957935af,9e9e2a8949bc17bbcdeb154d907f411e,1,1,1.0
1d5f0643cf2568434743cb9ff674feb3,3205570e65d79d6387ed7c49f178f3e1,1,1,1.0
52d8a619dff23c2985434b25e9862ff8,ca9522ba7a7c70fc06b2a82471681ce4,1,1,1.0
2647f46ede7b96049fb3405f1f5ae263,27a5574e71717459cfc3c91ed65c3a84,1,1,1.0
caf275848cfa258e061236550f1e4fc0,e317f87ef6a591202eb17fff79e3cdb4,1,1,1.0
01bc72407ac3ab328e54938f599d2231,4b25f866232ce890939c85623bfa9605,1,1,1.0
3797f12de2bde994a8051ee48eda4818,9622a5e690173e69309e964cdec06605,1,1,1.0
6a1878cd0396230b45a84e2fe8c2492b,9fa091c9a55e4a6dcb8d2c009bade5c5,1,1,1.0
5f36b55048cb51c5b249d619ac843d30,c6210e4c6ec38bcfa958c65160af7262,1,1,1.0
d11b90709cded87584f177163d51bb02,f8d8ebd46a0dc18752873a5bc0451340,1,1,1.0
41ab9a0c4c8076e994dafce98ddd0754,4ff376209add6152358ad7ae10a6f6c1,1,1,1.0
08a5e43a460ed2d16c7ca07bf3ebd815,6a1250106d0de8395377553e4dd2b5fc,1,1,1.0
0413683c053b2edd42a02b0dda010fe1,c89b42500fc74b028d6f5ccdfb3d5358,1,1,1.0
ae6286642850378ad9886ee4fd70b437,e9f5816cf9359d57e4168fc5408d92f7,1,1,1.0
1d3d1e52bb9e6223454758a01af2511e,ce2281ae0cb85fad394e9fe1695336a4,1,1,1.0
12d20cdd868f3abd1c95a1c75056577d,7a670b6b2b72139db36206362bbf5140,1,1,1.0
1760576731f518edcc21e95674f94273,2b99c2ba00b6b2290e1853833a1d4cf2,1,1,1.0
22be6b0c4ec4b916766bdacf188dcdad,329acecfbb84c6d62800e8ff775fffb2,1,1,1.0
57b9cb9f0c8a4092d734565f9b5f7b51,7bb289562c6224e0d4d34f513d0aae89,1,1,1.0
8e7b6c489f1fe794c0ca58c80868a24b,bff4ef831a377c4d6e06be5dd035a8d3,1,1,1.0
01f1af590b3fa6e09ee79551635926b4,04ec84709be36aae922647468a0be8f7,1,1,1.0
2009f2cba3df41ca586354132db9921f,4205911ef6fb74c06c9eed690b79e89f,1,1,1.0
46f3f8441baaaa9923a253b6dd0df2e4,fad2e77bba064ef0e420aae76fb3eea1,1,1,1.0
1013194e8e0710a463933a1b01e9dbc3,74084969d4b912b9bd10439ebb79ce6b,1,1,1.0
835728b2249d0f5b034fded608209dbb,e273e73259bf36eb8301a79b0a76b0cd,1,1,1.0
3a3e10ae1563dd46b0b43899094da4d5,405f3ae3f5a9f64c6fb1ed20707e5c18,1,1,1.0
088d39d3b4e2242bcc593956f4578957,d8207d7cb28c86f2ccad85df4ed42dc6,1,1,1.0
0c80f2949b45bcdb80672da174443609,0e81b6a7e11ce0ddc1d020d358f5edc6,1,1,1.0
0db7363a1c1cb618bac7b05d8276f7bb,1d47144362c14e94ccdd213e8ec277d5,1,1,1.0
6c5195565f43dcead0acc62453792c78,c4912bc35e8078d9238b56975dfdf104,1,1,1.0
a4dd8302919cd67ce0180f2b1f630384,f84a99a71347da8c4956f56a987211ba,1,1,1.0
0d8245b7c1a190320663e7e1160b20fa,e03a7561447875f95f91004d29083c81,1,1,1.0
092232fb3902fb912c80531bc1460f75,53964e2bab5434850bf7c850f67556d9,1,1,1.0
4b27ed5216cc91caca981846106ecd6c,8df3fb4c4f9b676bd01137dc707ae131,1,1,1.0
993ee523f5ef786892a3d1166ba05238,9b1d4ea0e572459ee5e947abf3ca631d,1,1,1.0
28f28f97c803a1c8518b66a272660ffc,f300b00a19af4d4f7bdf9f4524c4587a,1,1,1.0
047b974b874ad791f0e3e56a13419e93,794c9f5fee2afaf613551d8177ede557,1,1,1.0
23d6e26d990fa79562b6668fbb496495,a568272296f24447991f33f62d7a7f0e,1,1,1.0
43f121a6763a0d307455e42f64592634,6f7dc012e1b99d3f08d73de3b7958c8c,1,1,1.0
961efa774ea7c0d0a4514295647e78d5,c808481ae340639f3deb6ab4fb5016b7,1,1,1.0
d0cf12aeba44703a0662d2c9438a48d9,edc9873039c3986b086a6fa6953bcf27,1,1,1.0
c7143a9592032729e880d38d25c39125,ef3925178975e16f70808ac3b5cf62c6,1,1,1.0
b6fe0f2162f40e22de11172e474ead60,c4555c8838fd8c5584ed2d818124f16a,1,1,1.0
2a5d7239582d86770da8d61f93b02f6b,db208c8a70d6d9b5b68c6db7a60fe453,1,1,1.0
45461b3e087473c799ce5bf53c50f929,b0f001a7e31e78281be05554606c5261,1,1,1.0
b8c3779109a269806c0f1503490eb566,bf43e3266f3f1487de5ff2a8213aef8f,1,1,1.0
668c2b10912e695e0a4fb637688171e6,e948e2ea40babf8a45031e4c1e5c1504,1,1,1.0
d6d12dbb84c3a9f8b90ddd05b4063a41,ff3e14860e32acc535aea6a5402d531c,1,1,1.0
bb4d6391163b87081a7db373e6336ec4,c849085aa9f5d4af92baaa56a112d686,1,1,1.0
db305eead40b07047378cdbf9d8ac91a,ff954519e2c82aa365ccf6f30fb0c259,1,1,1.0
39e9cbba464b86fe7b4bf8d6dfa4b259,7a46c5d10e6ee23ec37fe81eeb79b6a9,1,1,1.0
4ffc1a8259e81bc30151f421fca472d2,7ca19647e1200895475475186a3e072e,1,1,1.0
c7817d401d76ec1a83fa3ebe49a53864,d63ed544a506d0b45f36cb55cd01307e,1,1,1.0
ab277572eca2c0ad1ce0fd8dc368bbe6,bb5d56c164166308850d401b9e789654,1,1,1.0
c64bf23368dfc81a437e94fe04806159,e4d9db04896aeb872181dd1564f67617,1,1,1.0
36b680ba516567bbbddcd935cbdeabc9,f37ddc20da6cf3319c3dae26ee59b739,1,1,1.0
0a517ab03d31999ff210da9e85ae2de2,46b2b6698ce167edda3918abe810466d,1,1,1.0
06f6ca742a26f906cac6f9f1ee7656d4,987c0da67e68ec3a785ba1d8c608841b,1,1,1.0
33ac20d8ed48765315f7147ea5c1f0e3,9bc01a9db40726af9fdf87bacc1ff9f4,1,1,1.0
5eafe3b2149915ca7376a3e1a637f5eb,c67ee1e99c77e8a02425ba1168643799,1,1,1.0
33dafb1a0bbad1c9d8421a5609dc942b,84d9bb307602635c41895319bf40c8c9,1,1,1.0
d1825c7a0aeb7fdcd2978c9998e721cd,f05fa2c1130ab3c89ea4323d3bf98495,1,1,1.0
8cd686a71587a582a710f028ea2ea506,eb4fa3b10263ca35a6fb16d975d10708,1,1,1.0
0b0bf652a00ac3369f72ed445286c666,9f4ee603c89ea86cd05d92bb2494ebc5,1,1,1.0
a2ccecfe739bd1ecef99dbaf1e3b4422,e2f3764345a82793064c2d540db5e2b9,1,1,1.0
28fd13ff21ae041e65609843d3ab61f3,d1fc7c21dd26886b28e4973eb89d91b8,1,1,1.0
a1f124350296eacfe1cb2e23bbc07b40,c288374c344d81884df0cf6e7095290a,1,1,1.0
377b1fa711a628cfb829644338ab9747,e12b2766d51e1846d88013445bef907f,1,1,1.0
1e6464592f06fc3b7896b2a778fed210,308eed157c50c58cd2d795eb5f1e096a,1,1,1.0
6d018916b5735920ff598291edfa8c89,f75d969ab1bb9e98db3e1a8329953b26,1,1,1.0
54eaf1acb5223654459bcc99ad1702f7,fd4fbaea0fdd24464c6e1738ce21a5ea,1,1,1.0
6937b01fee2c290a613cf1725835c02c,8aa01aca756c6533618555d7195513fe,1,1,1.0
012714eb883337fd2631c13d2daf4466,569c152d1e17fca38dc2884295641ced,1,1,1.0
2efb4f2a616dc4258041f7f6930cb108,79c91e24f6c0e6a23e00792c4b815055,1,1,1.0
1e2842a484f2643d3bae78b78c717dc8,5928064347952cf183a6d7ebc709f5b5,1,1,1.0
87dbe9c62c041832305e9ad226d86ab7,886fa36372fc4428557e3352f37ffc55,1,1,1.0
212fb8fd04191789cf67caf8c78e2d1b,96b1c916f245f2462efcde3fce04bc3e,1,1,1.0
297e280f30dfc1ac59db63ab7d98b87f,b0bc64aafc95e8aed70fd7788bd45193,1,1,1.0
00765d375af0e700f61c57db00a8ee63,c12e214793373ab15f1d96e59586f77d,1,1,1.0
59b13cb9b8e91ccce9e1195132b91909,faf66aeac72468e336a368c270f607ad,1,1,1.0
32d3160dbca190de70058531e3ccb11a,d779489889027d588524e77125599746,1,1,1.0
2e0b805455260cd1f7de32b1b5235337,a7c8a84341382b33914490420a0394df,1,1,1.0
4643aaae2508945f203c64241de705e8,870ae8be0413853f9fd9249043f82ba6,1,1,1.0
776a54ce06e59ac4d20f47de28867955,8a380989acfc7a95c26c4d8ed8f13b52,1,1,1.0
3c1b119e825c18b2394bf1dd637efa59,6ae0d88f4031ea3619b08202456268c9,1,1,1.0
1014864fdce7428f39493d675751d52b,e559839364c5291151976b2c69daa5fd,1,1,1.0
e8a7165667b5a473e0b04dae68d6b88d,f9d76db40c0995bce032f17b72900630,1,1,1.0
78b5508c34d8f0974822819043d61ee9,88eb1fc98520112f13cfca9158c210cd,1,1,1.0
4bfb2458768dbee0e7e1e04164a58abe,c4c1e77ef5eef4f7c9e4e6ca06395f13,1,1,1.0
04373f7c105c306e9bdae55e5c70163c,22eb525ae51d50702a0529b1aab62316,1,1,1.0
8b2b8cea5423ece6984632540c423aaf,ff460daf2964c4cccf8602d6f8dc2fe6,1,1,1.0
71701a9e3db5893dcf98f25e8b67ecbb,73d6e559cc424b8cc61fb7a4966260ff,1,1,1.0
2b883561eef84b78755217c2d06ef360,3c074185e3b7522767c519164ed0e143,1,1,1.0
0c38fe229fa8230ce5a686e75d2f01d1,6a326f2cc3adfd1a93e2e033530c653a,1,1,1.0
0c3a1c1585e96999bdaf83732d1fe234,c434d58759026b0620ae7f5b73ee7125,1,1,1.0
12d60b3f10be6303d4ed41fc27a0e490,5733364acefd6b132d4617348374034c,1,1,1.0
8fd349bd693826a5fd911ba913456f73,fe6ceb39e4c3d9cff52e95de1eb671ad,1,1,1.0
67349e4dcbc0e74649a90978a9ed0265,720f1b28ca26eef5aea3d1c8c40e8a3c,1,1,1.0
29a98259a3ae6fe23357a5b9fa7f0001,df88eaf48c56edbc3f2d821ed1582c8c,1,1,1.0
0a0d046bd78c9dc76c8dcfe5535b2ef1,a35ac27a1a672396d8cf0053bc1e8f69,1,1,1.0
11dbfe44e786e8b50df65bb358f352aa,eed3d9c8e42c6b95338e0a8b675640e6,1,1,1.0
76d6d5c43b1fc7066b46e93c1288ee2c,e4206d9f87b6c72fb4e1922e20e29917,1,1,1.0
4698faf9686def850ec3800eb6b56a02,bba7b9cfd1c937323f3ce6324dd9ee24,1,1,1.0
2ad53a13954ae9d3d8e30a7e3ba1de18,b1ed4409bd541d71f2895307dc4d8898,1,1,1.0
1fd4f857b3f68f5622ebde22e2b328a6,23e95b1fb0e5e57d28ca850e7aab9ebe,1,1,1.0
0808eb9b0f2117c262a635a4f8bde1d2,fd7db41342c8a939b94a2e924993f84b,1,1,1.0
681b2f05b5c64ff9d8b327eafdb4bbfb,abf273536b93c0f425602dc5fa7357c5,1,1,1.0
63c6001690c00154c0caad2704e321e9,e9ea974c698b57da5b96f665da9d7b1c,1,1,1.0
0a1f1271b54c7ae0e7b882602702b3f8,0f6179cfaa3f3675e6082c160a42345c,1,1,1.0
199518f9eacfe6b6297851b562c87d4f,73254f2121f9a121ae8a5a32458bd7c2,1,1,1.0
43b843bd189abfd2fee8c8cdd796e798,5d76431474e7ebd62b4a24c6d232ba5a,1,1,1.0
a2596fa6758abf05b1c525cec976602f,fd14abbc4b4129dc61a98311f174d71b,1,1,1.0
76ec912d3ea4422082700aa37c73fe75,9a3b9a6f337af1cc3038d62fba0b7ce5,1,1,1.0
7f5bd6794737ef7e317f7c297c687ebd,d1dae3a5d39b1261850728549a01667a,1,1,1.0
7ee99f5c522d01621617d63bda047019,b43912d010fe62d7f48ee84a48fbd88d,1,1,1.0
19f2ed5aa63588d262cd97364072da95,6501c2cf879d54bbfaefd4a16d16ade8,1,1,1.0
4d85336a73fdb043292adfffbeb80486,b778c913f1aeb04dfcb4d342833c22a8,1,1,1.0
8eba6b75c1dac1ba56acc74376428267,b1e1a9cf00551e30847a2d04f1c1f5cd,1,1,1.0
217c1866bfdb122c1f068b1bbeeedb41,95723cf0140c6b2ae1b90adbea7c3bb4,1,1,1.0
35edcc3677135912a62091c6fc98a12d,de68c5ffa4810878cbdbfc6a5c8ad4bd,1,1,1.0
2b396aaaa02866a6942f7d6e1c3bf654,b58003534fdfad54e2a809da3b5560a7,1,1,1.0
85bd411830631363551c5a0777a9023f,f6311bf66d80ef8e7bb9f95f3bf79a56,1,1,1.0
cdace5c063cdf439d9a0aff912594cb8,f5cdbeaf2f8a5b1411cfb92121e3b078,1,1,1.0
17dcaba39e80eb77da026dc03b3b2428,7f400c7204b3881600bf1ae221e1e878,1,1,1.0
2d5a624ec4d4d1d540d85339c18dcd73,3cc893cf5b4d65901081b898cc87d4b0,1,1,1.0
1aecc1804f168ed275ad536517843133,8a45b5f361bc5fa571afc8e171f1fdb0,1,1,1.0
3dd5414bc73454eb11a19605fe54dbbf,e4ebbe9492aca3a7741ce0758f7e4ed6,1,1,1.0
a3b3b8d2cc2fa6448e63ebfdafe150d6,f8dab72a57dab60c54c463745c5782dc,1,1,1.0
18cbad7210fa7d514bfef1c017b220cf,8451622a9dff8054cdf50cd32dbee05c,1,1,1.0
024c132534a98479e42a33027e3ad2e2,994f35cccd7d6b7f580cafe87e5d08cf,1,1,1.0
20315d2fd2943f5ee5fd4b4cac993a7b,bae6687e2e07f749eda874adba621bd4,1,1,1.0
2b8e0c4dba500a8e998f5dbcb8dc6210,3cd77f358fcbe4116c33ac9875f27705,1,1,1.0
72b3b6d49f1a7b6efa2927fa6f056642,d23948c2ec86af10321df57714173a88,1,1,1.0
ad37ff09f7266e754a55d616c5613634,ad3994c13dba28dd32d6278496d0928b,1,1,1.0
065edb166e3365849965039772838b87,55b6b7748226fd730c7ac5dacdcc4c17,1,1,1.0
5b15fc4c03e0cbf91ec544e8ef531614,b14dd6df9a4322eb6558d4309b0f79f9,1,1,1.0
072a81b5a11139d7781a0024a03a2cb4,f5b49c7fb49aa5d02b4841b63fe7d529,1,1,1.0
29fe179165945d637a964a545d74bd4c,af691f35fbff7e41386cd98b6b935b13,1,1,1.0
855dcbef8c9dc5082b0319734d01d3a0,ebb2fb4cc1c833966769d0e2c04cf334,1,1,1.0
80b5c70d20058c553d662a56cbff22e5,c332980c78958a4328aa453e4f7dd73f,1,1,1.0
8746d64253b840c27f56ccc4d7eaca2b,9d3a7b70724a406696fde4abc2a9bf67,1,1,1.0
933d09bc2bcad9d9d322dd7df9f3c908,9f95e13416e4747c181706e2d17cdd1e,1,1,1.0
09617a6b42ff3438e15e0623d4b99d31,397f33f299dc46f1961bc7d2262a96cd,1,1,1.0
17fda1ef72d812ff002ff37324a0000b,c2f09498058a8035f734260b1b252b16,1,1,1.0
a9d11922783fc20e62740e6126b47c26,d025b382cfce1fc292cb79e35a66bb5c,1,1,1.0
5c117c579cb98a9c6c50e1301a349f3a,f0b455e0ba8ae5c44f91438d043cb302,1,1,1.0
edf6f64d9bb54ba61b4c3a008416501e,fdd6853a1946f2790de4c3c9b492e2eb,1,1,1.0
14941c46e18573d273e58109b6caa834,db0e222b5e0283044c629107435f8bf1,1,1,1.0
01927626c24c5826ceb6ca6b2797fd60,53109fba069dae102c517a6ba9aad9a6,1,1,1.0
d7e6ed173565d28a4d73128980ff298b,db42d4def623c5f48579124a0e969e9c,1,1,1.0
b50d00b47e3aeaf4ebad0b840921bc3a,bbc2d070e8a61d9d6238ad4512026528,1,1,1.0
700740bf9157a830e0728f14d64282bf,a9af0d7191aec50e0ed4eedcc7e70071,1,1,1.0
d01a79fa5a2fbab32c60144c605dcdc5,d43c9a77c7348ba88fdcac7ee2f600f1,1,1,1.0
9423e765e1167f4c09a153f01ff569b0,eb1f4848156c397ff6d7da148a5af228,1,1,1.0
93e406558312ad56e582041b1f06deae,a724576ad7a63c339210b9e6d6d5c0e5,1,1,1.0
70bb8d40cce49a25b570533ee5ac3d28,fb1325a63c041f5d451cee4bdb0e6aae,1,1,1.0
4809ad05ee38cba6a7d06d6df9fc4b42,bb713b58da78bee9279883ed814ad2e2,1,1,1.0
158e7d08f964a26cb0abe466213c7c67,480529f64761f0f46b65206566a6ed55,1,1,1.0
4124240c9ffeddd7074ba3535e6fcdaf,c76ec4b6c3ef80913c4744442973a501,1,1,1.0
4fcda4b8283896e2987969a0aee17759,81e6c8d7f059ae3fa33366cc4dee1256,1,1,1.0
b2d60d7124a2235fa10013b1e1f8e7d0,c03079f776dd7601196f3cfefc4f2da3,1,1,1.0
81f15c3d31946bb70742cd4407307439,bacb93ae220562bbec5b93899bf028d3,1,1,1.0
73407e0f8a211899dab47838a5f723e1,bde9562ee4cf5399c87a158af191d6ac,1,1,1.0
22b04aabcbf2a01fd2c923338c560559,84e6344dba04579fafbfedb7e49957ec,1,1,1.0
1b35f8e75c3d1bd3572895aec5b79ae7,9f95e13416e4747c181706e2d17cdd1e,1,1,1.0
2ab37b5e0ba3bbe1919121ba60cfd900,9996775e57ceff540bd403d97f9b2e26,1,1,1.0
71d25baac4c904dce622317c461139ae,7d3af805295c05f0b9379b88a779e6c1,1,1,1.0
0a517ab03d31999ff210da9e85ae2de2,12f343abd8c9e1b1b7b061101ef5ffc6,1,1,1.0
6041143fd50e4235e799bef24061ae8e,9b02db6dcad15dad9ecf70c0f0ba0373,1,1,1.0
023b5ad5d79bf390d6c743833dd41732,449f2fa5eabd1ed61c7a8fd3cf1c555f,1,1,1.0
29439d07bd0e5426abb4071d27af5cf9,c818ec5c41404938a0bec244f3f81cbf,1,1,1.0
13321e8e323907f0754dc3c417fa9469,82573fb1c360eeda8a3e8d1ddc2d794e,1,1,1.0
2e82afc308c001606c64ab1f206b61e6,abb248e062ac0172f20687bc019bed89,1,1,1.0
51a602494678aa0c9d6e2302e85b1384,938fd79be4d911896e2b28511dc0524a,1,1,1.0
5f38fc28c0140eb079218c6dd457ad70,b835ec4b838b56d426e56a78802165e9,1,1,1.0
4559f926bbedad3e79b1bce8ace698c7,83d0c398734ab60891d351269aca2aa0,1,1,1.0
006c10bfead12ac8d90486fb4ce4e603,a6803342249d71fd2b56f1d97cec475a,1,1,1.0
7bc209195f4356a7a1bea27a2a80265e,873d98d2e001445b2f97b8a33d8b1bbe,1,1,1.0
40dcf0ca504c92ee3e0e59ee94fb9423,649abf93e5d7e2c1695579caf7fc372f,1,1,1.0
680f0cd9dc55b9cbf4ab63649fafef44,c672f1b40baa68d1f025887a4800a7ac,1,1,1.0
07c6f2c62ed11b92e5a90fd63f343e59,c143cec5225978d71e218834a2c37920,1,1,1.0
9e4b9c100c3b0bd37d6604be7c0e9758,d1dc4ed1bd1e9aac58b5ba9b8914449b,1,1,1.0
7fd80b608302798a0fb7f7c59fe32b58,cf7fc0d217ee5b7273e604a6c34fe163,1,1,1.0
08c2616685d7a4f877807d97fbd3ebe0,fb5c3647a694b8bbb8891cf08df7587c,1,1,1.0
7d3af805295c05f0b9379b88a779e6c1,af0e8073c41a35f102f00bc95792d93a,1,1,1.0
dd60baecd9ddaaef68f6a7871bd05b0f,f0bca8c4eac3e23397b131fcf6c70f0b,1,1,1.0
77ae8593ddc144fec682767757867975,d39601cf1486970b35aa481a78c726bc,1,1,1.0
5e7def8a4af54e8312620aa5b8c78921,a267191e13807d158926cae6307fa9df,1,1,1.0
c660e7ba7fd1e40024cdaa211a4ecbb1,e9921ff47a215f865bd152ce47637d65,1,1,1.0
0ec84961e69f1e31b1e0086fb1f3e88c,e67ea1b0fe506ee2160db2ee7e2c9095,1,1,1.0
77a50587ce3df97e7633f6f336298544,ac20c1e1931e2997f61273ed9bdc337b,1,1,1.0
81b6c19bee3e72e8cdec6bfa0cc6b4ac,eea29992cb52b0661b3d32bbaf76b8f0,1,1,1.0
3da4b5990fbe91360d7ce38858cf7061,e8bab922a31c89ae82750f3bfcd83f0c,1,1,1.0
1be4b3e9d2811e17fbced81bbd1dbb50,1edbc38ed40cb9cdd110a942942b152c,1,1,1.0
31dfbc935e91c88c9670960adc969234,4458faa1e4fbc76c9042d5ded0b53244,1,1,1.0
9f52aa42e2fd7bc958a8268f0c5945d0,a44d8c451b62aee20189cf53906c9b40,1,1,1.0
65cffbc089e4ef996702bdef7aa3bb13,918defbde32da786dc3e8a2fc90d6a2f,1,1,1.0
61d8d78be66c92e75a0ab33f95363e1e,dd54dc717fbbcc67d92a15d8b2350249,1,1,1.0
0a9d365af1a48bc62a840243cdfcb4e6,13c5865b7b534dbe5983384eb555ed1c,1,1,1.0
39c7f8c4e4552af113351a650816296c,78b36e7ac8153ad0dd6ce8318aa4409c,1,1,1.0
0c303bd1eccb3d9bcda642c900a8e336,c7143a9592032729e880d38d25c39125,1,1,1.0
9852bb26d3046fdff9d75e996aed1c44,b7feb92ce1b082979267f0b72b72ad8d,1,1,1.0
6d9171c0d4d8c153cab5158e39b0ac1b,e50df7c0df2572adfd85379630438712,1,1,1.0
5f00d0a7f1275796fa78f1759fbe9b21,748e84169ace592af7a9bd3d01b47b4c,1,1,1.0
5097a5312c8b157bb7be58ae360ef43c,a2de395141e65ad3d059a19c67c497bd,1,1,1.0
3ad691994b16f9929a65f1a0b083a12d,5f94af52aef02c968a2e0f01f430864e,1,1,1.0
1488efa4d927b9e978a7f3aae358dfbf,c7af797e1afa5cb811aae636e3b92e09,1,1,1.0
08c04a8a50999450b2f003c9dd6fc6b6,f31d6cf7991c0c03080a98640cb37fb1,1,1,1.0
1f4ebf25894e7c8c46e382a20a90e457,a16656b34f59e202ef32dfc53b947847,1,1,1.0
54a0994238ae31ca216762faadd0836d,68954feaafe4dd638f3bd3e2afa174ec,1,1,1.0
841139ef881163411bfa4288167f9ecf,98913af5f5f0060d8cf2f25f5bc8d767,1,1,1.0
6b21e189551050368fc9b93602f749e2,ea9b6e80b1f0c7dffa5f4c3dbd681db7,1,1,1.0
0976eca0a2b72de509446cf0f0396de9,39e415a986e7e6fe1d19d29947cc27bd,1,1,1.0
33659970091922188dcdb8cdcf47ffe7,f70229d801bae97a123d6330122228ee,1,1,1.0
7afbf983eb484fb14e40092c0139d66f,abbf98c4b6e413fe48405159b17f9a51,1,1,1.0
33673a61e46e272ad8a18994222831fb,64e0e07e8247ac1e1ac8dc1dab62aef6,1,1,1.0
1c94292fd864639bde9f9373156d6c07,3d5af65316fc29ef1244b3e8fc395e0a,1,1,1.0
58fd28a41d59f318551460450b91fd21,bae5c8e9b93a8500aaf38c74efccc6d5,1,1,1.0
9a24d8a8387c665544e78bcee4359c34,cfa3df25cb4b5a4cb8014b1b8c3edc2d,1,1,1.0
0ad5b33e65fd26983d6c0dc889a5ed3a,b4bcefcfe986c3aa133bff1b10802334,1,1,1.0
8b8028d453a01986b48c4271cc341475,cc3e3512bd101778a2eb0f9911df0916,1,1,1.0
7482d469ea208e64cbc4e8c0491afe54,7d594464749f8b59d5e259954d705b2b,1,1,1.0
1554ab45e7c8ff7191ddccdfcd2c8d20,1d836478690eafcf2a72f010445388f6,1,1,1.0
89f5cc69eed40bff0b1fe35ad25d81ac,daf7e28057dc9aa44ec1bf51bfbae307,1,1,1.0
3d9792f2eb1cac3a0e4c59b80198b555,42129a3aa44a6075ec29b758d483b8a0,1,1,1.0
690f1daf39d150896d05b876490b6fc5,d7ac1e2ab73bda5c3ed4ef3fb5ce27e5,1,1,1.0
23febc782c96a86789d1019d7035afb6,9cee985fec14f8cc2368f17ac2abea8f,1,1,1.0
03303f6d6aef045d45a0522e613d7112,8562cb7be6bb8698157e2d6522247f47,1,1,1.0
101732d08cdaa0fe2b7712b4b03311b3,ae1f78817927f05f48923d9c8a174696,1,1,1.0
4e1bc1fa9472084ca250e09489cae710,d2e5627ca85062ed9d37b97e40a3aaa3,1,1,1.0
34cca44d6ee9db7c5c16f8a4a095b640,4df2fb3faf5f1af030298a009f92b56a,1,1,1.0
201a66e32793d607c47eb8282cd85fe9,9f0d0fb71d7bc7118f796cd153025e35,1,1,1.0
6c930b798ccc39db819e2adfe8791714,ac20c1e1931e2997f61273ed9bdc337b,1,1,1.0
1057f54639afe5be6643510edd1b9b84,90777de7fade57365a27c25acdc168bb,1,1,1.0
d09287e3336e8a2497bb3a39d38513cf,f6ed0bef0317e479c3cfbf243f9b1940,1,1,1.0
6a0f1df8b6e7073a864df1d15d55ea8e,c570e42e1916530394564f6df7392db0,1,1,1.0
875d7af9d517f8072e6c9c5c5148439e,c7f8d7b1fffc946d7069574f74c39f4e,1,1,1.0
7d0e399eab77b5142609cf7821711c4e,ebedac088806fe85e8083426d9e952e3,1,1,1.0
c6c14d6b02b35ffe185803db2ed6c370,d87cf110269f58faa16ef95b748b702c,1,1,1.0
83c7278a2af7e5f3338b1c1aaae608ab,c9c780c755a4849fcf98a03a5e112516,1,1,1.0
3a65f474095c204f29f063b60d5b1ced,6ef1adee8cd8b8eca80b0ad822e8dd74,1,1,1.0
bbb958a40966230acc157e1b4684cf51,d3bf1bc92a7797c8de91897bb0e0b3a4,1,1,1.0
826303f32007dc49ba0fbf597caf80ec,996b6f9fe3bd438180bd37ff78758d29,1,1,1.0
16db8fa758d97f144fd44ac06f49f072,3c14b7ac3a3898d1d8f9e61a72014d4b,1,1,1.0
04bfca470bca6cb201479f0d7a57c7f9,b6ad6d0ceec51b14ddaaec22ea6e6e97,1,1,1.0
f0d0d7b878ad788b1e7636a9896e5d41,fe66cdddc79a564c2ced2d5ea0f62e7b,1,1,1.0
4bdbedb4f04d2ac7e400c78e0fd6672a,db71c8f1c8eb1a83a349cbb2b4aaf676,1,1,1.0
2a77526eb759d36db444e412962eaa99,44818fa3dcd6d8a6942103f91706dbc1,1,1,1.0
2dfafba03464ada6371a57ef1e94cc4b,a05a38ddd0ae67fbf4c382b68c9b1674,1,1,1.0
31ec946efae9958c231ebfce447a1169,e2d8dff7c014ff45d4aa5d3d5ec9746e,1,1,1.0
38dff03b64c3e9adbb2d4c610838cf5c,3cd73d6b67aa9d944d55978280201ac5,1,1,1.0
2c613e1daa937ba2dda45140c410f48f,ce5f6e03dd62498a5d15321c2a89bfc6,1,1,1.0
6ed3f81cb9b42ed4575577a07d647651,a692e89154bf411e9abcc1061e615a50,1,1,1.0
96205f597195e44b719881e1a1f62c07,b33ab8755cd35552942225232a9a8849,1,1,1.0
51cbfa44126505de7a55fb99ba49648b,67b96b3e28695a4bd615b5e95367ec99,1,1,1.0
7daf73d9a9dc80f4778b681ec5632fb8,8f2288a2c2586a4cf5edff60f8655405,1,1,1.0
22b04aabcbf2a01fd2c923338c560559,95cd3307a9284d501115da7611ee8133,1,1,1.0
471d491452eabd128b8fe5b12b913f9f,8ed5f159139eb38172d25a57e129e87f,1,1,1.0
1b86bd501d916b3c67a5dbfe7f49af47,8b2b8cea5423ece6984632540c423aaf,1,1,1.0
208a127c790f3aa6b6ae229acfae97da,5c4ea1d19f5c54967ec857a2f9b1d82f,1,1,1.0
54498eff75bbcbdfcf2bcd61096f8c04,e315941825a7b002e471c690046827a5,1,1,1.0
104fa0c0090d3bc37b3b6131b690e9ab,9d6b6fe30f2c4bb2506c315c391d8a0b,1,1,1.0
41a3c345425d98fc3c153e5036837abe,b67873b49b356ea01c7af68b6f41b088,1,1,1.0
693c7d670fcf4c4955c0545cf740458a,7c0de761e99b323856764deba006b75f,1,1,1.0
a9ce972d16bad2eb50d2df0eab411e46,da257c6b246dcb35d5af11ce76d232d1,1,1,1.0
6c1e77450766afe18d4a99135d322d89,8c2e1b595fa98d5f22cb089e0e70d9cc,1,1,1.0
65e43f0a771df20fd154bd6071356b2d,ce752ea42508dd1974815c4407da5463,1,1,1.0
ea878b525d175476e7cf516a08e355c2,fd0b0f2d8971b0fa0f0a69ae49aaffe2,1,1,1.0
0ffe9210039b13d22cb30fe5fbd501a8,79f31ce24d54189dea16a41412066f5c,1,1,1.0
9374b1da36c7464ff35b853955d3de96,f15368fc82146080a85b803b47e6a131,1,1,1.0
45692f6db48dbb92b614ad5e8f75b1e7,d2ae52b90d793a5db1282d7cac211d5e,1,1,1.0
874763a0d1b43530139393ddf82c4a0f,fc8fdb59b2733fc11ea6011d9b85396c,1,1,1.0
1a3b8f1d0782ebedbcf220a96cbc1655,fd4043cd087bfe91024341ffa897a900,1,1,1.0
65c5f23716bc4c3e8055efc369692f7e,90cef6cbbc423b65e6f933b48893e739,1,1,1.0
3897924b7801bceca8326098b209832d,95d319b707fca3ca22e48d189e5fbb38,1,1,1.0
86d275d37ab130693fc6a970fa1accbf,b917a5cee4345a2e1e3c03bd55cb2f8a,1,1,1.0
6520039639a8ddebc2a60a017d9c01fc,d1825c7a0aeb7fdcd2978c9998e721cd,1,1,1.0
d87108b48ec7b85b2f78fc1f3c2ea87a,eafdbb94b69d97623fc6979358679f37,1,1,1.0
45273552ffb9a5ef736f5a9e7202353d,61057bad69ef483f8dfe7d2a29434865,1,1,1.0
22bb5f27e6defb0d50a0cf5162891129,debefd4bde750f78013ed0a6217bf165,1,1,1.0
1f6e3a4d6b7d81972bd5086cbd4e1d7d,c6c14d6b02b35ffe185803db2ed6c370,1,1,1.0
d11fd20c68a7d716b6e2df9bccda5b8e,fd33f75cc59712d6fde968ddfb105e6b,1,1,1.0
3b254c123d56374c540c7b3b811078f5,ff36fa1d315d885d3c5171ea09996142,1,1,1.0
2d10c61246b96296fce658ae99521d1d,cf7fc0d217ee5b7273e604a6c34fe163,1,1,1.0
650f7ae068374c90be1549e3b258b886,fb933c9426bedb13e71038fa146fe6f2,1,1,1.0
01c19b1261325781dcf2f82c9892f80e,28851a7f91fd1087baaaa471dfe40d4e,1,1,1.0
88869fe986ecdda78efa3a676a6503a9,a31841afa2eb3a0400c4531b816b4486,1,1,1.0
529bc24944de147ccce42b57d0cc7ea8,79f025a102b894e01f5ec27f3a301092,1,1,1.0
a4fa4a8bd22ffcc2651264212eac9f39,bc5fbc9860ad6ea016f6a52502f27c82,1,1,1.0
30165d476c5030784aa10d6260af2d77,d503466cd48374ecba920e404cfc26f9,1,1,1.0
bb9b4553d42e28d6b5d59fd8b2540207,e11134b32374c3e1ecbb1d0c5fb0a1af,1,1,1.0
64aa2986144af55eb30336cf4df8025b,6e15afface3b405ed9f77cee4b5d2e9a,1,1,1.0
0331ceffb5757c1ca368a6c4ed73ae3a,8abf287fd0381307da2c53e8c117d6bb,1,1,1.0
6cc97df6f83c4d09d9c75bc9cf2afd50,a651ae23be31e21922b96bc68e3e8507,1,1,1.0
3cdadaf84a996b3f07ccfcf9796f1dfd,ea1c9b1a4cc63f26f5a165203a4ebd4f,1,1,1.0
2e5ae400191e32155a0ffac69b1814dd,5ea3241872d1e34589da0c0f8046f196,1,1,1.0
5733364acefd6b132d4617348374034c,8bb9052ccae07ec6a7153f577f447486,1,1,1.0
1131d0d5f1d88abc31671dc4d50371df,cd6173be20a8569b0c08caa941074ee0,1,1,1.0
9868122edd5d8fdfcdde577da085edf2,989607fc4fdff3504fdfbd8420afb050,1,1,1.0
99e2f46c9fe0bba48bd131ddac456549,b62ee3acbf56921a216065b4ba6172b4,1,1,1.0
232446d0f746e3bd076d1072135e941f,c5476f1b15d8f1fd5216a1ac27facf3b,1,1,1.0
408f8fa1bcd2f7f9c759d891c622f58d,ee6312c016af11da9407303acf40ef5b,1,1,1.0
580c099f915e21cb689d394438b087af,c04c4eafaa090108cab0d3523bc19c75,1,1,1.0
0a9d365af1a48bc62a840243cdfcb4e6,4919dda3f4b213104acc3d25b84c44ed,1,1,1.0
0bc6002351839a82bf3c501e1ea807df,3ad691994b16f9929a65f1a0b083a12d,1,1,1.0
4ca02c9c06a4661aa27e4f15655a0134,9cf26dc1b20927c3c7f8a7de74e40aed,1,1,1.0
ae7b593ab4ddb6c87cf2759dc6333737,daefb889f38f3b8b82e2b467a6a024e8,1,1,1.0
abff52be240676ac60d0b841d69b2067,eb34f70d5218c736c8eb38156014cb81,1,1,1.0
277490f0d435b602fe4475d4b89e9181,d73a0a99c82cf71eebd0766a8ea51ee0,1,1,1.0
7ddf6d4ff21a5df486ed1d108109a94b,9a3b9a6f337af1cc3038d62fba0b7ce5,1,1,1.0
633cc48640ca207ffa02e98523568283,b691de7f4a7a9e6a5779f602ebe6f595,1,1,1.0
7bd99d7b533ef664e60b69eed6356d5b,a9b61ba333b469e49f16885f14ac6b40,1,1,1.0
c1a91d288cfd407b330d51a237ccdfa7,fe80881541b7cb0a0732cf82eed3c82b,1,1,1.0
1386747b1a0cd6593725eb05cc4574e3,92d5129cad72cd021758c036d13662fb,1,1,1.0
1ddb550da11e89eca9c4e1a9a7cb9154,a39d1d1c60d50d29917037ad922ec1aa,1,1,1.0
d4dd6a5b333c266f122262dd564076d1,ea19764ed7be72f98e33b4ae829273d5,1,1,1.0
36c2380dab8d55dcd256c2d5be0f1861,a616efa5c39f96dd2ac56f99b4b3b14d,1,1,1.0
61b3fe8adc2e598633411fb531e0c6f6,d041320ae7f525e9184cb0ae811cd9cf,1,1,1.0
2d91ab6dab5e1239badf61d49e97dba1,bdfcfb95b8d3e5792240bbd5108a7096,1,1,1.0
9eba60d6202c93f02ec0694deb8a25ad,c79a078562e39b70a04991294dbfbd96,1,1,1.0
e3636ed2c618b2eecdf1970d8c87bc67,fed51c3432d9ca128dc6a81c892a1168,1,1,1.0
882e7c72d7d3477dab6e3b561a50b426,fdd6f14e4ef0c5c24e9b5cd361abb157,1,1,1.0
8be0e3177b16cb9aaeb93b7724f6760b,e06f1a5cb691053f132de2a8e807f7c0,1,1,1.0
372e0fc66eacb8698e4f9997d366d961,d714959800e10629872c11353cbb1913,1,1,1.0
208b00125153b84a8a079da0461aa025,fa91f87f2925e5b688c016eb481a6816,1,1,1.0
21a4f6ed42f5a4ad4e3bb512cb0ffc10,5b8c80a20366ff668e44bf7571988b72,1,1,1.0
627d075513dade14e0fca3b59dae6614,90903e514222249170252e90f6b358fa,1,1,1.0
389a0588bc54a48e50f6f5825c5da8b0,4dfa664ad35b6339d354f3b932466299,1,1,1.0
718b743a62d91dae09df994de322fcb3,955fec072fe48033fbfb41c950072b7c,1,1,1.0
74fd82c3c361fc09f69b2e38c5937bff,75ffa152d6cc2ce2cac5397f2d8a133b,1,1,1.0
2948c3e888f4d365e119132da9f95c27,8447fb0ee2ab6850b3816682b498e25d,1,1,1.0
55e0e853d6dfa404a0d8b1f4d817e94b,adc01bff75c8f595b059d6939bc30c6f,1,1,1.0
27c45e0dd1230d84a9120d0e70c730fa,b721daf5fe188f016736168c57405c7a,1,1,1.0
86003410d78a121c8bec4b3a57991f7c,f5af12033765b06b3df8faf68cae86bf,1,1,1.0
aa31d3c17fe24c531e562d9fe2fe711e,b76bbd64aba8aa230a759f7de37bed5c,1,1,1.0
6e13d840dffe7d6f5eb7d31b66a78c04,ca9562eb7729466f4c31182bb6da239e,1,1,1.0
424aca6872c5bab80780a8dec03b7516,abca17a50929e00d09e56810f3f09274,1,1,1.0
987c0da67e68ec3a785ba1d8c608841b,ad93fad8236116a49b08059fb2bd8145,1,1,1.0
c107527184a9e9f426fc5a3e89cfb7e1,cec2b8b5f111e412032e6aceaf41c046,1,1,1.0
32f1810f19fdb055c7f9beeadfd4d2a9,c620bb6fa0152207cc1258d7360e16aa,1,1,1.0
d90031bbdcf662086f01f8bba0ffa51f,edf9c3ab4bd551f0d17fdd288841c8b8,1,1,1.0
9a6cf088dc9a259ef2b7736c229a12f4,c21a03e97ae6aa0c1774a9845a94e440,1,1,1.0
638f94a5b338750865b41d709135d045,d2d549c84bb91ddac8484347e9ba87e4,1,1,1.0
46b2b6698ce167edda3918abe810466d,7f9e8bc7f56a1129270582130b878ef4,1,1,1.0
08757efd409ffae44fa531f49b144b2c,1e77ca4b55d1249c3c4f45b4e41b7767,1,1,1.0
f0313b8b584e00edefff64002051ef59,f300b00a19af4d4f7bdf9f4524c4587a,1,1,1.0
1bdd27e01451d50d9d804040fe941000,c3e8a95fac7536ab9d62ff15f861b8ad,1,1,1.0
46809bb2e99c0390bb0c047148e96cdc,6ab04072486b8399fb333b44a707ffc8,1,1,1.0
701ea1ff7120fa56b1e4ef945dd5cf19,ab1a269cdea95bb422e304ea27616e67,1,1,1.0
6b88a221ce37fa2bb4f67acf27e56716,ae7d2a671e555c475ecfc497398ee52b,1,1,1.0
1d27d784106148afe2e99264f6a198eb,8b8545eb716cbef0248f0546f3335c1c,1,1,1.0
203176d5efdb94633c04cad04377447f,26cad9c9ba313f4f4883570a88f5460c,1,1,1.0
ecf034665697bb068f20143aa3fd4e8e,f2063195fdb9a77cb1fef31f3b6a346b,1,1,1.0
1f97200bf757bf93f1ca744a90b1df1b,b3af6f6fdefc4676ee8fcba320a583aa,1,1,1.0
54c4d82847d7703efd49194c7a307604,fd4b6a09e6cd02912a6b8a8ce7366a9d,1,1,1.0
05c5a0912e201b4702af1f2c46a1c695,a43e1d72f4da3ef9644e0bfccd72638a,1,1,1.0
b278f2e3eef26f3667e7aa7daa235ade,c2381f1b95054dc25eb7e2da7c50fa52,1,1,1.0
51123f60f2dbe85dbe20ed0eac8de0f8,fd3a13c97274ff36f612acbb8e7a899d,1,1,1.0
4656b3fa1f47c6d0a513e9eedfaaeeec,e01719d1077d8e338be6d5b91b24947d,1,1,1.0
089e0b8881ba4daa4ead7b2332dd16fa,101d2a28e8392e031e603a758777f4f2,1,1,1.0
a8e911d5eaf0892701f189303c0e0559,cde34cd7f42e6f444abb7f686da365ac,1,1,1.0
2c11aebdf37a1a0aafb0715c3ec81954,a20cffe0c98b9e50d4e8d58ef32cf9fb,1,1,1.0
2078ab49ca3a7a93558aeb49700a1a1e,36eef06c29ffa3d3b6a1182d0b9ecce6,1,1,1.0
7139d062a8bf1437539fa7bb236efc97,d8a968bb7064b44f3d61d6eff4832764,1,1,1.0
d7c03aec3cda815b999d85b585fdf3e5,e58794f824727826e01ac2e0290a7a2c,1,1,1.0
c1ed39f68b83b774bdbad90b46178ea5,dc5a505acfdefc4a9e60ed4dc754a72d,1,1,1.0
18492e62ff399a6263616b7b9181dd45,80b5c70d20058c553d662a56cbff22e5,1,1,1.0
4f7166ab9a95fa503e670f682487466d,c73261ef32dda71890971fd5fee56b49,1,1,1.0
2d8a123a57292aae47580aac65f55d4f,e94e6e62ffdd16f148f9496d32d31779,1,1,1.0
698b9fba35afa2346c8e579695ca2151,9e80855aee7a17e3e214da66f7d1c08f,1,1,1.0
f60f5265d0355776a088b7d97ffa7225,fde7734e6d16bc042442d8517beeb835,1,1,1.0
64b97e6d3c070dd372d6310ff2c632f7,d1b6bbb5ce2d0d1b5e5aed73482ede19,1,1,1.0
146057bc81d21cc0aa170797de177ed8,b760002a61b395c5b9ef77e7a424c037,1,1,1.0
6a7bb05f9b6860beb4533af2fde2298d,94837a8c3cb6e4f464af8394c3c5483c,1,1,1.0
12d8a9a629f690057612d933db48b895,abd6c5448e23c80f973f26d266d444dc,1,1,1.0
07c6f2c62ed11b92e5a90fd63f343e59,8d2fa65d968da66afc05f2e28250c9dc,1,1,1.0
12f343abd8c9e1b1b7b061101ef5ffc6,9290e3b0f0fe3e660c4de619c1640ac9,1,1,1.0
147e394a7aceda98ebf302df17040503,2617bd3af5a5543ad392dc1c1fa7aca9,1,1,1.0
c6eea19761f540a5f0f6ed5a9a4a9893,c96007405437e30085baca604fdb4d87,1,1,1.0
806b0845600ffa2d9291fe036eb4caf3,f976af3c4d337f239cd151e8c7c110d0,1,1,1.0
9fd4eb329cf497c6b7bd17421d205201,e50ccdded0b256507ad0cb4b9e0fd8ec,1,1,1.0
6a7af8654e89e6156f9bb6d49daff205,fe19a08291d3d1fb9debf8ee44ec129e,1,1,1.0
6bdff8d6893d72659f69be8d5d3e5d8c,db0898e62cb42db700932d47b1d7a0d7,1,1,1.0
2d9bc9b88f3e84a2f60c0e095b3ca088,81e481d14580da9f6a46a942be25a6ff,1,1,1.0
c4200f291eb0d916c376b5f75d0597b3,fe6ceb39e4c3d9cff52e95de1eb671ad,1,1,1.0
2a9af07882fab0b54952a87a696dcbad,e5b5b28edeef592fa19f83aa6f04489b,1,1,1.0
579e881c515b588ed0190ac0a10e6633,fcfbf5e1af0aca3119296ab84a4096a9,1,1,1.0
89731c9b67b2d5b33c6c7d37f3140c90,fe8282f689a7aa3d630b7a37a439de01,1,1,1.0
5b97eb89e71d8e7cbe9b3023a4d69f97,808f04062b0c72079e6139953793d3b7,1,1,1.0
47b41b6b40d477ecae62afa16f4359d7,99a70034f8511a21a5ff098a508562db,1,1,1.0
b4368f8820b5f84c93980820f629ac9d,f377461b37160ea383bbb3535714ba31,1,1,1.0
58bfe871a8bb3f05ff776d4cf08ce50e,e7d711e774569547b95d05ec9e391c4d,1,1,1.0
0aabb3a7946ba3ddfae9b7be90dae1a7,c669fe530e468dabf1746a71e42a9789,1,1,1.0
31769e4868006bd8b9f427adb05a27bb,db71c8f1c8eb1a83a349cbb2b4aaf676,1,1,1.0
771a8fdddcb6ddb1a9384bd7c51f8681,f1a5884487b55d0f9fe6cdca5f7b9d80,1,1,1.0
0e12743d5d1ee6fcd0f59db6ed07a1e1,970bfe197225f8054e683079d1a771da,1,1,1.0
77bd7829971086faea89789d03b62381,e9d13b01d3a4ec22270d59cd94a971fb,1,1,1.0
543256e5dd0efe8fdb61cfe4f59dabe8,5eb8cc30e45a67bdb05240e7e735967d,1,1,1.0
2d75d5e9a133e5fb9b5196eff27bdc71,a1b667ccfcab85f34445a0905ec39a2e,1,1,1.0
d42e2e8f9b7e951cbbd3d8639716f407,da31a1d899e1176fa4476f6cc1a0542f,1,1,1.0
47a352064d390999021cb7fc8128a6c3,928abb7e0e74f50a0b0136df20196cd1,1,1,1.0
852f3bf903feef0c6136630363c64646,94f3234a77f2f5b239ab74865a193724,1,1,1.0
eb34f70d5218c736c8eb38156014cb81,f5cdbeaf2f8a5b1411cfb92121e3b078,1,1,1.0
47ed909ad8168055b4cff7733f7ce616,d3bf1bc92a7797c8de91897bb0e0b3a4,1,1,1.0
b2b77fb8cda1a91493aee2fdbbf3a4d6,b2bf03dcaf210222688c05da933599b2,1,1,1.0
011785063c56f2c239064f603bf02a05,0fc75386564a02fc4c0f37f0fb901aa6,1,1,1.0
1f76b2116007307fb127ce70e489e0be,dfe404bc538d4172a3c0291fca2e74ee,1,1,1.0
2e201bc75649e94412bc30a19f84132f,72c0cafb09a8df96f0f84bb6eb7525c2,1,1,1.0
92e0b708c21b0c3cfb1a3ea8fd807529,d2f78118eb8ff203a4e4783249ce7e60,1,1,1.0
2a7230e23560f09790ff1730db0975d5,aba272612590a6a6813d975c3a90595e,1,1,1.0
2255e8b829acf40cae2c637bc5a4abd8,705309358fcdd0b809c6ea089bdd70c5,1,1,1.0
2f1f3c9d24aea7c42ac59609fde464ef,bd8dffda3ac0e0ac840c79e09386c085,1,1,1.0
000ed48ceeb6f4bf8ad021a10a3c7b43,b92e237018cbf3af73cc434dd3bda7e7,1,1,1.0
40c3307a5a55990fbfc912760472b381,b5d04a0fa2f9d350422fc65e2aa79d1f,1,1,1.0
e345f64f7ac1f647ddda5d0adc85e745,f8313e57a02f91b0db89bc1c96e366c9,1,1,1.0
043e390fa0564f9b0b09d8220010413c,e207a79167b7b813b367e5904bde8dc4,1,1,1.0
c1929a1ce6c3f1c5fb48c6fb8b5210cd,cfdbdca65a7f710f26d832b562afe30a,1,1,1.0
a2b7cc06bc8ec4c9fda046dc4e344201,c857c97338c7ba7b62ef19a19f0ab62b,1,1,1.0
4aac93e085cac4bac1f8a3080ca6db94,f5810f067e52b2c6e4f472138f3ca3d8,1,1,1.0
44a90aebe64383d8d551ddd72bac9274,a0988feb55f4bf6cd3643c2a0d8d3899,1,1,1.0
3f2e9cee99e5489a2a881029d3b1975f,ed4e506d123392094f41f8eb2a9cd5dc,1,1,1.0
42f240a54bdc815fbf1478d97fe12f24,f5dc702f5cb2bbcf543ecc755729a99c,1,1,1.0
256cba0de7ee638954ea43ddc709a49b,31769e4868006bd8b9f427adb05a27bb,1,1,1.0
ae3b3b982c1ec166edf6883547f6567a,d0d416547ab8413475de3b35cfe92bee,1,1,1.0
0a2aa3b7c6edb8e0e089229ba19a285b,b34605642384ea6e2724601a2495a6e4,1,1,1.0
37c5cbc68741d25ca4684812ec24649f,f5ca7a990f90ae27d3a3b8e7564fd7f8,1,1,1.0
11f1da7f54ca7505e5d1b255774ac6d6,c33c0930c2f14c0ddee4d85252e6da1a,1,1,1.0
4c00eebb1e1bbcfaafdb99184505c3e8,83e811b31fe3effd03a4ef8fe588469d,1,1,1.0
01dfe4b4e19154abdebe71e50f52f88d,a3c6251f883470e35b3b0b8338e14446,1,1,1.0
b8ae1d28b2a49a7913eab4b73ac4c00b,ba2270f491bc25458b77587430dcd3c9,1,1,1.0
884f9871ea0e874a25cf0a8d32e4d2d8,a0f97d8ed64d4e33d7b0f29c4118f244,1,1,1.0
133c1a11944c3c8f0174c08c4f0d24db,b814fa64605cc425160403d78fb75f4c,1,1,1.0
5c24d39d21e33208728bc83e7e09ab77,ffbe02226141ca45932dddadda83f9bd,1,1,1.0
0b52c0db190fe9e3558ddcfa4407ea90,bc0b94083a8c34bf7d8e3451197564a4,1,1,1.0
d9e1b12be9642c910bfff38ee736b010,e48c34104caa1c6ad2fbcaddabe30092,1,1,1.0
2a6f5b4fbc6608e1cbfe8b7b4c113ba5,de244e8b1a13939a7b33c3c6e4216ead,1,1,1.0
1fc82729e465372e65390083c1ff22fe,8d4d3f218fc6a54644a4c03a56e52f0e,1,1,1.0
d1b7bc4f0e2414db25f35ac000960107,f19249a53598cea069499da4690c7a94,1,1,1.0
6210dedb542a2b9b7b15eee10ef1ac14,8e1fbcbc0feced831b73179797984793,1,1,1.0
328027d573d3b5c58a2f13f21bf8bc92,e172b745f906d16a3ab5ee68b06df0ae,1,1,1.0
aaf2735264f8c3c8663e37137a9913a8,f1097c9562bd8f87de1e69c30b3b08eb,1,1,1.0
052ad6288149460cb16d585299139e28,9376735196d597e46dbd48e03dae1a78,1,1,1.0
2c0631ddaf23557e020baa30eac4a15b,fad38f61bf94f5c7e3509e5fc4c7eb6d,1,1,1.0
3ed6263b3fdb5ddbb4bd8c42fd817a4d,a78c6edd8ba14885a70e81135fa5fa2d,1,1,1.0
06ca006fe6294b6a9c602c4b12607e6f,8a6340d72a903d7bab9afd46c7fbbbe8,1,1,1.0
1f97200bf757bf93f1ca744a90b1df1b,8ca65fef69bdf0299409e1b52b6229f5,1,1,1.0
5f02f639e68958841d127dbca28c4894,d6aa8d4d3cfc3b6e0e5eca602c9bbbc4,1,1,1.0
454660f8ac7dfb584f85ee10e3a2000d,f81d21d920dcc2483b1043a064f3a9bd,1,1,1.0
51a3c390fa17c66123f1b700816b111e,58fd28a41d59f318551460450b91fd21,1,1,1.0
537702fb1e07268eaabb73d88a90e2fd,ac0931d24718f56537af55f3e2d3ab8c,1,1,1.0
942f806a996896381e52bea4fffc89fd,9e668a6c6727025c4edd53e57683d07a,1,1,1.0
1096832553de16636aad419a4b376258,158f9d93c09713c984d20a517415ffe6,1,1,1.0
9edff4c2e973f86cb82c45cc33485a75,a6037690d0e7234cd7d735ab9f3c23b9,1,1,1.0
0bed2a910405e22f8d00eb45146e955a,96fd69e8b0df76a9a807b01dc82bef5b,1,1,1.0
100813d2b9d49dde35437f621898f50a,f7c9766df2ab3e4ea4eb3e85a92cad95,1,1,1.0
a99c12c9acbf52835750a225858bc4c3,ed9d66f82415c89522b3b3205055d718,1,1,1.0
3218ea7198e029f774a5cafef353f41a,63206b6879a3bba6161254b60d6dc82e,1,1,1.0
6f669b70cf8f200feb01c8c759fdb2f1,a4ac3300d35270a6f46218702e1a36ba,1,1,1.0
2de0cdf63748170f29175fb45c24e5be,7081f7059c75b27b956c0bf5d9d17dbf,1,1,1.0
ad0c97eada5443a9f48ee0d982c821ec,b68cd14e4e397256a8f2b217525aafc5,1,1,1.0
8c34ccb096a609feeb7e362837549dcf,ee6312c016af11da9407303acf40ef5b,1,1,1.0
8c35a2255d7ea0aa80bb9e4bf5556806,fb70db26464e394fbb1183c5d5c36218,1,1,1.0
3c45cdc3826cfd437199cd7a5c2bf24b,59505fb0da3eb998196a0f5e46907557,1,1,1.0
05fef3a82802270f3bfb10eaa50b29c1,6e5c0e412f8b74a1c29aa945757dfc46,1,1,1.0
30f332e3c2918624115cf18e5ca3bc3e,ae81bba2e4844fba7a51395a0d0d06ac,1,1,1.0
7188cc3b360062622e43e67f4baf8132,bc869c8488100535ff7f1b4d92de29ee,1,1,1.0
0fce02538969e210a9e1b27b515ccaad,4aabb23e9cb86e4831214f60e00a2852,1,1,1.0
14f37b6cc9a26fd61bcee22ae610337a,5b53a63514dcd1cfed131a137fb67fdd,1,1,1.0
6267d5c4c84591fa44e9c56c4e31af20,8a33488e0530186a75324d5f86c4bd98,1,1,1.0
80b5c70d20058c553d662a56cbff22e5,dc9c904e32d80642b359205d9aedaff9,1,1,1.0
c6cd77e7cc9f3a033ade232e8a9ba983,f9d76db40c0995bce032f17b72900630,1,1,1.0
d2931dde96daf36474fb9258d8db337a,dcf5a61895c0542bb8c7e8e74f4d61ec,1,1,1.0
8497ad78252fa25bcc31ac04c981af42,a77624d942e45fee80179e4359203d0b,1,1,1.0
3add5c1d871344f08b66ef66e1e0f392,788e55742fbad849cae0efbd73b37150,1,1,1.0
904d27a97e6551227ff4cd1be288226c,b515b4864f64817fe4c75b08b532f92a,1,1,1.0
241569f85e7130fad233b7d7bb0b777a,4656b3fa1f47c6d0a513e9eedfaaeeec,1,1,1.0
d58fa57b6e51b474e39ceb7f5f1e91fc,f29e3450543a53a40c9c5f9d23d3c929,1,1,1.0
02943af04041ca7713d7ef096d5d7a8a,da4f9f9ac73ecec9f3a1ee1c0de6d6d9,1,1,1.0
5b2bd431d04a7e547aa07ffedf4b738a,c32695a26bbb6100f0f43bdf83f313a7,1,1,1.0
a1fac7857c6b883929b8de54fb33ae7a,c65e02fed4b1425c7c113c4b33f5f3b3,1,1,1.0
20a8698f41f83c2bcc9c20b6a2deaaee,c235dd1b3424dab67144d8317428cdf9,1,1,1.0
3184bb19ff14f1ba91c4cd36029cd238,6c363f78f25e6c633bf84fa3a1ee651c,1,1,1.0
1a944e970ccde4e9ed94431c8c53784f,df0656c09678129487d1639d764acc1c,1,1,1.0
04ccbcbbef2cab112c2b5e1589bdf9dd,05950dd13be9313da9752082073de48d,1,1,1.0
6d018916b5735920ff598291edfa8c89,fcfbf5e1af0aca3119296ab84a4096a9,1,1,1.0
c420ec10595dfc16830afdc6233f8916,e7e71f4e4180338d304ccaafc862e16d,1,1,1.0
cbb624db9e91cf3b7c20d324662e5269,d613b4541b51b6636438593fc03235e5,1,1,1.0
915e75e4cb2d49ca4f2f11df06c57b06,a6814b089b40cb11e2b350497c9da253,1,1,1.0
9113bbc10bbcdc498c65fcc1b81350a1,b917a5cee4345a2e1e3c03bd55cb2f8a,1,1,1.0
a1cbaab4236d5ac6f71bcfc7fdc87d10,e4923ae2c32e70e3c5a6e73a9fb872f2,1,1,1.0
5e8cd17a51d1f75b4cd351db22bc5a56,c4ed62bd43944a5c5cc7f9e62a9f76ba,1,1,1.0
43069068a21981fedb72d1985fc81616,61405ade03a89e7298a508f27f7be4a7,1,1,1.0
607c353644b6dbd5a5324975ae4dea76,c6e5667e989cd6d3d1e8f2ab84127978,1,1,1.0
35d9b34d8895b5f4f7d9ad3ba5e7e8d0,d3bf48abdd573e74110b3e79d7b07ed1,1,1,1.0
5bc6f1b73ea9ec457b828bb72239de30,83cc20f499bd28eb1a6a942d168ae275,1,1,1.0
7f5fd837ad25b075bd3b583481e11df6,b0f3a98136fb0e22d808f855bd430970,1,1,1.0
40ea0f23c5d1b5d63b04ec5d0f930250,cc26b180f3d459a146ec58f522a14d94,1,1,1.0
37e60990b1cc7457fbd2595e85e76da0,e9c961ba34a2a7f0515cfd3040c0a583,1,1,1.0
762585138bec65479d2c00b421116744,f962acaaf9b23a9b3948e34431f842c1,1,1,1.0
54e1e57f3519010cd5d60a2ccb694607,b6505459b444282c05faae099f7a8ccd,1,1,1.0
38e7ae247e1c3d004648d989c3159719,a5a66842f57f78fb350c764782c05216,1,1,1.0
c19fd67bbf01e561cd063f5cfa5f5ebc,e76bcd285f8ef4f3ad98938cb7d266b4,1,1,1.0
6bd4f06d5599d085d7a367cf49626155,e6d5de7faa32aae4746d4900a9ceb236,1,1,1.0
46fc5e2010cad46398d65cee28bd6207,8570811b213ea1b6d3d1acaedd6b387d,1,1,1.0
4458faa1e4fbc76c9042d5ded0b53244,678fa8f93a460cfb715fafec427bacf8,1,1,1.0
b536a0996ded58521eb555ee14e57413,e42391366b9c515a5c820d9c143ed429,1,1,1.0
758ccbbf8be7c6ef2efb9b4ed671e82a,95a32ff32e5dc4fa64c8db2079bc4c24,1,1,1.0
306604a290dba7c17d47b4fe32db82c2,d66695d41b0b903374e3a0d5af875bad,1,1,1.0
06b041f2db357e073b00599455935f27,943aa7acc4333d37d79989c6d9d74a0a,1,1,1.0
bbea9ab1715788f320f07df795a7a05e,d6f8dbf1993000f865982297a4407529,1,1,1.0
1fcd939eb433bfd16c41e103a1f970f3,31fac402b273df2354484c1a8c9145ea,1,1,1.0
12d8a9a629f690057612d933db48b895,8631dc0d778a550f06636525e6170b5c,1,1,1.0
232c4dd029ef4bd4de1a95aacdf59550,e1a14b59b2ec16c1658a8326a113b1f5,1,1,1.0
6bfe4618e750145c9acc9987f9ba161c,8373e82f64fcf52a4b3fee90eb36af43,1,1,1.0
35150e1ba134ac622dcf1aaf3f072396,cb204efbe3ba3f77edacc4d5259752ba,1,1,1.0
14cf7b9dfb9a5edb2095dce25379772a,b94a3a62951ea50358ba1f0a6ed8f280,1,1,1.0
077a370284eea3452bb0ff82082da8f8,c84c181b8a6b3bd195f64cb1b0e40c34,1,1,1.0
24b2c88eccca3ddc45bcb83011e0ad45,8e1fbcbc0feced831b73179797984793,1,1,1.0
2a9c9f508e13aa83b70b744554866bae,be99c4ce8cb688806f3db429a02193e7,1,1,1.0
67031f3c7bc5f28dd7b6344294b4ffec,cb6224938ef72376e7f5183777032fea,1,1,1.0
a881a409a6410d97b34c81929ef8294f,b6460359ea9ee67d438f054e254cf0cc,1,1,1.0
b73a0f3ab81c23e2c6f14f27375ed040,f4ad832929592f3a3e2412d6bdcb2d0d,1,1,1.0
0f2320d174a3a7e536636316acfd72ee,f3bfb60ca5b2f042743d6bfa40d14841,1,1,1.0
38a8a8a3cc79ff5d25f27782a62ae933,58bfe871a8bb3f05ff776d4cf08ce50e,1,1,1.0
33bfe62dbb012d0593ab2d29db456b5f,e9695c601dc6d29ddffd2dd3ca54720c,1,1,1.0
a14720d62153eabc4a7cbbd84afbcda9,fefc267869d19d84e64c7ba061565ac2,1,1,1.0
1a3b8f1d0782ebedbcf220a96cbc1655,76b9c3220b53be5e5b15d6a6b1d452b4,1,1,1.0
56ebae6a617d81baac2e108387429255,b1b8abbd682ba19285f7385b65e43976,1,1,1.0
8d4a3abcb7e9d853da6aa394849ab602,ea2da7e0fb364b67989d4b8b214821dc,1,1,1.0
0e71681ebdc97df774d7451ce1b4bef9,9e79c9a87b14a3315487d564583b575d,1,1,1.0
0ffa25f95f44a01acfd9fa22da91cecd,5dcdf5b683c8e5a4ac898858e0a823cc,1,1,1.0
0e454c18808b556a4e47fbcad21b4384,a320802b7da5d1492c86bd42eb6b188e,1,1,1.0
3d6da4b2af2bad3025b6f32d44c15ad3,5e8fcce8e57e95ac2100751527c9a485,1,1,1.0
1ea1e0acd2233a58407899ed25e9cc8b,f2041c35a4a40792bc5bea109b816922,1,1,1.0
1530bef7997278ae912d241906332564,52073a48dbde224bc02e3392ccd262c4,1,1,1.0
0c3a1c1585e96999bdaf83732d1fe234,6d018916b5735920ff598291edfa8c89,1,1,1.0
3e2ebb072268f02e950737b50723d19d,aae296875a5380b09f3785a729183ff2,1,1,1.0
2cf5b573431ad87a5a02b287e6611b81,7f9f0dc276be3cf7e9063e43f605c3c5,1,1,1.0
1ab218793c3b7f9d13fd70501faabd2f,8c89391790076834500661cc1e5d6860,1,1,1.0
5e4d57b5217587ccb9234555c17e303f,bced841287e3c8ae37e0382a6fd2cb64,1,1,1.0
07d9274cd46ab1e4d6f47b8507e81b74,e9070d590d0def571e12b7ab2563e380,1,1,1.0
472004fd1600444e5d906904864b230d,6f7dc012e1b99d3f08d73de3b7958c8c,1,1,1.0
35edcc3677135912a62091c6fc98a12d,fbaa308077169325fe1bcd0b05094984,1,1,1.0
9972088719a7da3e31c66731a94e6f50,b7d3cbfb14a4edf028b735d0b44bc923,1,1,1.0
010a0365ab237a5e2fed9d945121b627,54e24a5f3eb1d6aeee71ed7b4a654803,1,1,1.0
3a524315e7efeeb4fe2404c3a694b270,f81b8f53cb470ec7176b5a56fcf40606,1,1,1.0
8a222fcabf725d9bb7af3a3b12693a74,8e62c9c6686792f463cf4f48cae9eebc,1,1,1.0
aa7fd117350d1c36b9614a12fec95d42,ee053c87e7fb771f1326ad7f8592c28e,1,1,1.0
4b37052b91137f41121a29a5e006cf4f,f2bcc6ad1bb400ff8d1ed1b570f01348,1,1,1.0
3b8daebddbbccf67c9e1380c8dc33703,571b56c7c9a85b39baef2250fae008b0,1,1,1.0
12bd1373aa600241e69b615b6f98b7b3,a08f35241f0b957ede86a93182fe83bc,1,1,1.0
204d69d0bd4871eef08a4bfe6831a518,894a2fac1dcb705a1e4097b8a9131e90,1,1,1.0
0634b07cb9863a3e061e5bae9f0f1f13,c9d1dccce8169944dc355f645606f824,1,1,1.0
83418c2218f970f9c17d5dca6f775f60,cef2042a8aa3e8cda7738e11a0d19399,1,1,1.0
047da58c84a4e46b1e22557054715b6c,5754d6a1f589e89e78c157698dcc7466,1,1,1.0
1b79a5d60ecce51435ee59276d820340,a3622d74e3fb06adffb4f8aed8a53175,1,1,1.0
2977f36d8781690eb7c9fc7852afb423,93ff1fe457e3f7401765b02a1d2b7758,1,1,1.0
40a0dbd020711f857b4231af1a289fd2,f04534e01ef384f6f11113da312438a8,1,1,1.0
345eeeb838c3cb47f2938c7014c31e4e,a11f9210c12f1fe74078881adf37bb65,1,1,1.0
628c234d67acf8b53909eb2071bac63d,79accc11fd182dbc39eceac8800cc168,1,1,1.0
e02d989e7d4bb438b89148beff7f1af8,e7974277eea2ff1acbecda64bcf45b39,1,1,1.0
43fbe66c966427b0afaf3fa7ceb367b2,e55ff332cb2752e2bf1be25cc725c801,1,1,1.0
59444f6f085c003842225067881d5e03,8b2b8cea5423ece6984632540c423aaf,1,1,1.0
9785e169d9bae3ff57ed05d36a5ad11d,adab55f053f73aa95c41b67a9513cf8e,1,1,1.0
26ffa3cfe15b987b017872a163c38118,e0a435b6106cae0bc42a2cef0565b622,1,1,1.0
91238ac9b555af75bab81ecb4a24ccca,bafee9075bdc48c8b2ebd5c980ce938f,1,1,1.0
5e11d92b083de2a67448f44eb9b92e65,8a8fc46830cff51b8f5374e74dd21e7b,1,1,1.0
96399e780d9da0f4accc86965132847a,a3953789c744ce9504d219e355203f89,1,1,1.0
5077d8599684bbd54d36d9735724c944,71e3779e4ed716505c58323df01a2dda,1,1,1.0
241569f85e7130fad233b7d7bb0b777a,2bc0f9b563cf9b6f7b8e01c45e6ff530,1,1,1.0
98f83daa27b55e50bf2a62507694a014,bc43e3773740adc617291411b7bcbd9d,1,1,1.0
8e590b80243c5491146a525d04eb40d9,f50a2672e48fa156eb26a144aa6aecf8,1,1,1.0
86003410d78a121c8bec4b3a57991f7c,b3d12d6b56fce5999e5949387d7a1738,1,1,1.0
6bf9ed8d1f308973402be5de3bd85453,e87cdd2fb9f1d3ff3438a9d02e454793,1,1,1.0
39e415a986e7e6fe1d19d29947cc27bd,fc99edf80f878dcc87ff154a08cef437,1,1,1.0
742178300a25ff7f0ad77aa683a576d5,ce8c93e92352b55f7e08766bc19cc96e,1,1,1.0
1f2cbf67251c23083af82eb26f9ae46e,4330a0ccfb4285690a46b1e9fe2a0994,1,1,1.0
4c0a53b49cc891849b128ee275237e5e,b8e77ce378d650d894a34affc8812540,1,1,1.0
6f52c792cd9cbb1d063ce3241964ad18,e52279bbd9247afb8025aed07c6d57b8,1,1,1.0
77cb7e6834fcba5aedaa7c92d17504e2,98656098821004280b916203db00398b,1,1,1.0
6410fc47b07ce0eba57124655246f19c,7c9d7311d6c8b82d2f5f4e9e91d7d932,1,1,1.0
0c10bf136ae164f2b69624482f95f6fd,3b4887c2c4c9336c5f97047b478451e1,1,1,1.0
973fe649ac96d8a5764ace509f146b0f,ed65f711b1a15f017f5b5bb939ba1763,1,1,1.0
5218893e6cb3795322e7bc6af4457978,f20e809a3d0105b99814c37f88dc0e60,1,1,1.0
71d7cd1b63e808d874ba4ee63b3e6c15,e9a1247491846908f72b85b854b37a15,1,1,1.0
837b720668354ad30a5da42792f4c0a7,f3df2c0b7cf3814b81b37ff6273f76cd,1,1,1.0
11d50f6650125d144e24ce5b8faa9c0d,2b1ea6e2d2bb34d706e882cbbe4f05b2,1,1,1.0
46ae1d535796f9407468dc3de56463c3,b7004bff57fdb5efde2a19e2eb0a1d2f,1,1,1.0
b91f1111cb2923aa4d2145afcff9ba29,d634d5ad2d731d135041ef40e077f91e,1,1,1.0
2f807c19f9b26287b3a549114e67cd4d,3949a019223422cf30a6be3fc82f7982,1,1,1.0
078d20b1cb7985e4ccbdaa047698c3c6,9b853ca1bfe9bc4d80443f0c3d5e2969,1,1,1.0
212a19fadd6806a18339f205cebfde8d,a1edee13974273a7dac3535faf658a9f,1,1,1.0
4b4ea88a5cd986f88910d2de8725f2cb,8c3ff6ad9360189ef57d625d044d7c19,1,1,1.0
4d3cd98800102cadf3a108f741bdab4a,c706dde13140a9d55058db1522177460,1,1,1.0
06f6ca742a26f906cac6f9f1ee7656d4,94167fb69e0fff5cbd22cae95133ae88,1,1,1.0
25398a3f6cea6ff9e64c4728fe0a8b24,5b4aa71818edd3af90c3118ff11eaf6f,1,1,1.0
74084969d4b912b9bd10439ebb79ce6b,c80e8eba85e03db9cf73f0ed349d18bd,1,1,1.0
2a92f4fe4b7cab5cff814bd88149cb6d,f1ffb22dc326bc441d4227e481e19518,1,1,1.0
36580bf41e01fe07a72d6e9b4a8d4dfc,58860304f7ac687337b72cd9c546424d,1,1,1.0
438d7ae1cd80a1e00072251dbe3d8208,f190bd9c1d71792c70d05451bbce9335,1,1,1.0
44b3b848f35da10d083c1bb176fc65ef,abb248e062ac0172f20687bc019bed89,1,1,1.0
104fa0c0090d3bc37b3b6131b690e9ab,b0615195fe397dab0ed21b38114c8951,1,1,1.0
26a02d604112e271e4b6625c7a637ea0,318fc171bc819147404d83733e140d7b,1,1,1.0
97f33c3c715c866be7eade4186a891bd,eed3d9c8e42c6b95338e0a8b675640e6,1,1,1.0
6908fd1288fc9fa89f20bb4895bec91c,95bffd677fc4431de9a2d295768c13f9,1,1,1.0
92cacd5d8e7a748b2a50db01988535b8,cc821d6cb5873fbcaf145b39e890d867,1,1,1.0
108a7d8996b4298ae1a7f5b0653e613f,f31772ef81333578d84facc791fddba9,1,1,1.0
7cd8acb216cacfd68c42c9835ceda0ad,9eb5dbe2b5f217e8a10c5b7e14b90346,1,1,1.0
551f97f309e80f9b2c330d7b90e500fa,c7e486fcea13d8bd9e8a19d840a0fc51,1,1,1.0
0e454c18808b556a4e47fbcad21b4384,4db680286d0e7630aef788793004a817,1,1,1.0
a5314ac290a8b141491e987ae37aa7cc,d5033f43697620e234c3f34f3ab66872,1,1,1.0
57b9cb9f0c8a4092d734565f9b5f7b51,e1cc10593186c139b7467649bf686743,1,1,1.0
992acdbb71f204e17d280a9591c97716,cde21887e86a254eab4799aec212b7b7,1,1,1.0
84c3b9f27b3658e76701ebf57851605a,c4dc77f931ac855b96d35a783ba4b8ae,1,1,1.0
b1c8ede634a112dfc7b44f08524561f2,bd14890cfa8a47934394dedbc1a5f81c,1,1,1.0
27c45e0dd1230d84a9120d0e70c730fa,6ef89dc65a3b7430d5a4eda86191efb3,1,1,1.0
9060a674260c428a420775c3cfe36149,c8cf6cb6b838dc7a33ed199b825e8616,1,1,1.0
0ff3cddcf62afdff48dddaf22aaf0fee,ebf088cc2ce28c6055f2cd5e2b9bb9ea,1,1,1.0
187054c1f1bc3f61d559f9e62c9e3ac3,fe66cdddc79a564c2ced2d5ea0f62e7b,1,1,1.0
4ce3d417ad5d2484e8908d1c425895bd,f16b2f47454dd5dd97852868119e465c,1,1,1.0
edb53645188ed5f0632456398f018f9b,ef473761105b90c05402d43c9bf26def,1,1,1.0
204cba313368c5a47c2fc7856eb8a499,eda2ca88eda95ea85369d0a4a197f7c8,1,1,1.0
8f710a282ee4fff06ee62707d7f18ea3,e94315e85e8cd829a025c96474438549,1,1,1.0
3883f79ec3d786755e150cb2f9af9f5c,61fe2788dabfd25dcb423cdf82eabf7c,1,1,1.0
c3984f4e489785965fc2397f9fed8dd3,e23e3462f136f31e3c70327ebbb1bfef,1,1,1.0
8360a5c47afc3de8a5f3c52e8d693845,e45f2a5243076524f9fa34824a58ad15,1,1,1.0
85e315c0f8586e7c418345f113072d67,cbaed4b35cd01ca40c5aded2079726aa,1,1,1.0
2a6e8e739d1617176508f585698a64f8,c3ade0c36bc82cf245e778d549b924f6,1,1,1.0
2e9c493f84d35ee17a9183a670d88224,f96fba562401ffaedb60f667b56c60d2,1,1,1.0
7160de3316c05aae138d7fcf5bb12520,9646f9a3dfd2aa3e1cd8f0d1162e0164,1,1,1.0
4576bce24d1ea0103f02441197bd97c2,b2b85bd62ac05066fd3529c22b6672f8,1,1,1.0
5aabf2f00c4169c998bd00b0c1eff66f,f5dc277198269046768e02dda2f5e4a7,1,1,1.0
475aad01a755a9ef191ba1e9081ad0db,dfcbceb915805aad5e4f6fe5911ce661,1,1,1.0
8aaf36b618a4473f308a71f685a12c97,c330406902ae56bdcaf46f6ebfce8249,1,1,1.0
0e0c8baf068d1c8c634f2a2aba06c1b7,5b54e8dac0a9b3f1fa37f4f9edaa1ff7,1,1,1.0
6150c48a9373c851e1de0db93da09bd6,e24412dbb37fcabe11101f614ceed41a,1,1,1.0
87a9e1b0c91f8e66fdfe708a5a40942a,8f7c83c18daa73abc6d1f398552e547a,1,1,1.0
2760a10fdfe3a77a374bc8823f9cf21b,563216a35332cb920e1fe83ba6a7dfba,1,1,1.0
2c74de174de65887717532ccb94bb5eb,31dfbc935e91c88c9670960adc969234,1,1,1.0
12d932c6fba8d8afac3c06e8e6d494c9,826fe81cab42b7dafaa39d81a7551bc5,1,1,1.0
1ce6662e2bd2879094fb4118f6b2d578,7cd931d3566a9c43e15d5e6ce9ff5759,1,1,1.0
1abe58d4683e430c4265a3032d5d647e,c1ce726cce4f19c4aef436e4b78d319d,1,1,1.0
1704162a4eda737168c9057559ec75a7,4d3c398c8210527acc688b0ed3aa4c53,1,1,1.0
7dd4e8dc5ce5ee85eb05634a38402b6c,ef377d6dfc9ebad1f91cce05f8202cd7,1,1,1.0
9be9d6e41cd2cc9833c427f13ac6bdda,a9634ba777001268fd432bfdf0f21a10,1,1,1.0
82f5376e1df26ee3905a38a3f2421824,be20a1d41362c9963d0336191aa160fd,1,1,1.0
aa3716e0b036304a02aac08dca43ddf2,d2ee49341d6dd6b0629439c63a84a4a8,1,1,1.0
ad7fb6adbaca43d8f095d703d5a2f686,f32cdbbeca0aba5358bddc018dd12b09,1,1,1.0
22cc26ccf404f3ebe60d6457f14179a5,9052157385e24b02bce042e29232ca91,1,1,1.0
4bf09edbc9088f7b1767c07a710736d2,9d64ff550414d35764c482f4af05fa97,1,1,1.0
bdfe47b4aabb5f74902e1c197e18c549,feabf8e40d1e2502099e33c9319f4b7d,1,1,1.0
0ca869e78e72a0b7626fd63364c5edaa,e98bc5f28299b3d7371b1fa002b1383d,1,1,1.0
c828fe6a294e7fc4aff1453ff182e70c,f81d5807ae25727024c758aa19ea5c4f,1,1,1.0
7fe7f4e2d57d156e3f5e291676efd9ff,ff7cedf1c43f85a024344bd55944cf57,1,1,1.0
577c584d4e793648664d7b39a561d6fd,e1d025282d785c52497d1ba31d47cb82,1,1,1.0
816ba6fb69eb46244f8c5730ceda4573,88c93470cf3ee55b03dc05b4869fc9f1,1,1,1.0
7b70964e890173f39c36f37362387d13,b39adb9e36b90d48aca89f2dc0d6d9b5,1,1,1.0
3f575e5c851e1ffe04a36b263cdda4c5,4f8602e886ab87a176e8f0a2c2e06069,1,1,1.0
23185cfa67fd0ae69594ed8f9abbb4c7,fb0f4535f3d7f34617ebe8407cdec4d1,1,1,1.0
324d6b624ac5bf4d854871935c172b2c,578a719055f199cc37fc781c943a51dd,1,1,1.0
71c6f0f77ffa3b6232629c3ecd056061,fa0d8301b39cab67c292571ab3256975,1,1,1.0
6c44bdab57e479c823b916ee8ded98ad,c42b61350054a2824e36efd963b690a3,1,1,1.0
5ac168e8bb77e7e8ece45cb166d5a42c,8a6340d72a903d7bab9afd46c7fbbbe8,1,1,1.0
99dba9c4b6a6a5eff71f9d7bcf405fc1,a3817cda4092a23de8f8b1cabcfb43f3,1,1,1.0
7c73ec4cbbe0c4f97be397e3e27bc4b2,cbfdc22c0c1294be63e5a4d62eb96193,1,1,1.0
41d7a050f54d46cc6afff79ff1ac4997,443228b6482c48a974f57cce036b5f58,1,1,1.0
0f520a55a204a95018cd59a31e7d000a,4e3d77b3291e18789ecc9a4bfbc7569c,1,1,1.0
02022a08ed3a2e736777b7b71389c62c,71e3779e4ed716505c58323df01a2dda,1,1,1.0
1090fe4c57ea2a018b442a61d09b3e95,175fb6b5133abe30730dd6108d122b80,1,1,1.0
4af447cbcb836009ce836d9d775d306c,e945b7126442e3e257f644df5ea97abf,1,1,1.0
7ffa2a1b57b9933dcddfb3684fad51bf,d8900bc06c6eb99a617d768e5bbe6d39,1,1,1.0
64a037959373b05d00bc8b5f9d7515b7,6b75c62f41f50b0c278ab548066a100e,1,1,1.0
682fabd9b6e611941bab89018e79182e,8574eedf87be69a8f50ad3feb222599a,1,1,1.0
84f338b13c27803e2334e16235c2b8af,a2a2a8104d4d9182211a58c86c7d83b5,1,1,1.0
23f614484b8fc679ba0a6b1535620da0,b7089d62580787ff265431ca5efbc924,1,1,1.0
a58bfc5e8a333137df4ee8951f01a17f,d56262b31368c008ea34519b2e198f9e,1,1,1.0
54cda4f6faa16b619c230cddfd5da778,fee9d48a7d5e9122af7ebb105513a8fd,1,1,1.0
3bf72c18957ac81417c56fd32e10ae5c,9d8c757bf7a397242ccde89a19f75ac1,1,1,1.0
6ed628057a5c2de01ff0ae9d58899352,8e0276972086a72d845ee0fe5123b9b3,1,1,1.0
989f190ff791de092cea2eab70bdd2af,a320802b7da5d1492c86bd42eb6b188e,1,1,1.0
cab50507a5bdc9517531cd42a782e9d6,edc9873039c3986b086a6fa6953bcf27,1,1,1.0
0a9e39dc75ece72d341303c35f37062a,d75853773ed8f059ea0bec90ee874b64,1,1,1.0
f72c62e3003b21da59e71cc5d92fa7ac,fd9f98ca9be23ad4f0cc5d11fc1d3132,1,1,1.0
38212384f91f2a880a3f2f8686d73ae3,c29d9bec0bfc16f539cdec270615f31c,1,1,1.0
3d384508dcdfe0542bd9458a84038ff2,d32d8a0621603cf5cd9764b715c94d4a,1,1,1.0
09d4fed6320030973607491be508c075,87ded80c193b0b8fb846857f162d4b34,1,1,1.0
b98f07c1577a24dc45f9d2d01eeff3d3,c1a91d288cfd407b330d51a237ccdfa7,1,1,1.0
c563cc0d1514b8f7fa9b4a40f158fca0,fbaa308077169325fe1bcd0b05094984,1,1,1.0
c7bf5ccd0c2c42356759ca900d9e009d,feb8c6afadc3c588d2b20b62968171c6,1,1,1.0
19ea244e9173ca0c8ae93d2831008fe7,37c5cbc68741d25ca4684812ec24649f,1,1,1.0
371cdb0d74b1ddd5fd83e97a29f4c4f7,5f00de40d47d4d43bf38f0b34f7e694b,1,1,1.0
3a27aeed5e91687035a9f1c174ab7e81,a42b40d38a7f36ac266f23c79453c549,1,1,1.0
b1bc8a8dd78dc041e0561fc49ed2b591,c1dc1162de49817a25314db3030276f5,1,1,1.0
1356ed37fbb918d791b255d9a9daed07,83c4b558e510a487da67673e4a13ad0b,1,1,1.0
4b293b0eba86e10fcecd40a7aac6608b,c420ec10595dfc16830afdc6233f8916,1,1,1.0
8e84222ad36cb6ab528b745ae6e18d11,f2063195fdb9a77cb1fef31f3b6a346b,1,1,1.0
4c84f1454d40c499ff60c335f36c670a,aadf83824486feb65633560b646dd7de,1,1,1.0
990bdb18726e889e74b7bb975c831c83,b7089d62580787ff265431ca5efbc924,1,1,1.0
0623f038035c3a191a8c19d01965611e,8f5b9dd8e6bff17502e06b7d31e4ff68,1,1,1.0
71e280dabe3303a8d137284d61acac27,d9fa48508fd9b6eb33106c7f57281d4a,1,1,1.0
0336355ea1caa4b3fc672b70fdf9ef3f,a47055fd3ff2680586a61fee204e8de2,1,1,1.0
989128b65605aec0f2838cbde3a44057,b18a527caaabad7c26509d9e12070c19,1,1,1.0
0d2c84317aab68bddaeb5191fef5abc0,e53ee665af11f91bd6cb468279984cbe,1,1,1.0
6cea7344eaa5c7532f8b12282b4b2735,dca9c7a7a48f810e182317ebd1ec916c,1,1,1.0
977d3147c11a70ed54f38d0cfa0eddf2,fc8cb75d5ba47f5693af966b8e5cdf36,1,1,1.0
5182d4876f1f0691e76d09e87ba9d28a,a85a25b2bd1193d70d8ff2b1562c8a72,1,1,1.0
50b3e4affed7bf744d49b2d5946f4f24,81050b2b79121c8c187dfb112f322ea2,1,1,1.0
11c551198de8f2598a490db02304cdbe,7b850baeeae653a201ad36ba35fb62d0,1,1,1.0
c336f25b0edf2e872f0210e30b729b07,d3d7ef5288ec60b1abfd7e93fe7cdc0b,1,1,1.0
75bfbc48d9317a171e31db58dd70d5c6,c1867eddd348156db74c8f64be7f860c,1,1,1.0
b08151a30ac8321a74af864d51aa27cb,b4b26faae91bc1b8f9458d29bc3c200c,1,1,1.0
08a5e43a460ed2d16c7ca07bf3ebd815,f236672cde392cc6ae3c0700fef8ada5,1,1,1.0
2f32f5ddea6f1e9440116370bb93b772,be4d6674ace594e7000d2673b3b0eadc,1,1,1.0
2f2621fd222f60f52856bd1e03cba286,39770fc7837a83d777b1ebda2874405e,1,1,1.0
850c2630c733f79420a04b5c946c6b52,b32a1ddd6ef3383bad879d458443e4f0,1,1,1.0
22cc26ccf404f3ebe60d6457f14179a5,adf9802dd4b7b36107cfeda94d7539de,1,1,1.0
7983fe58c2fbc0c8ef3ebd2afc39a7cd,80df9ba2947139c1a4086f2438579f70,1,1,1.0
50cbf8f029f86149fef3d5688e4abd4b,5cee614881d2b4cccc3378dcc933578d,1,1,1.0
3474afad3a0e7ed51985c504e936258d,a0e9ac540437f1d948a7ef959d44b20d,1,1,1.0
4b418589208293d23182046793d7b9c0,f724ca9c02bd1befd3b12acce13f45fa,1,1,1.0
5131a2eb849e0d5a5c12a4ca3944d4f2,b9c898145cb368ed02e3c302eb42ab7d,1,1,1.0
a9f41152930e660a8b459a0c88c64aed,cab44ea1de857698ea3e9b97b3ffff01,1,1,1.0
08f3da525f57453c7cae7edac1f0d342,331dc230afcd2ee9910c68f1790a0582,1,1,1.0
56a1bf72414c3241bc94fd3f9b43e235,eb34f70d5218c736c8eb38156014cb81,1,1,1.0
1577353509c2ce4509d6e0440973c2c4,d9aaa8544dd466a3623226d67b722880,1,1,1.0
20929c5feb25fea6f4d43888632a8e4b,b5db6bae09e9f171ca16a43c5722b8ed,1,1,1.0
aec9d2bee598a5e8f88b3e9a8b29bc86,db7139dd202dfc6da9e4b05902c713a4,1,1,1.0
3bde82b4ad6c7f8eb68eb036e0258e85,e3297f28e4e7500951b5ef1c4b35c5ce,1,1,1.0
1a85d10e646676972624f9b6673b1753,6e8f22264f42c5c1993803e739260ecf,1,1,1.0
2d8ec4d0128f372a22551ae5d10479d9,6ce600e7df782410b29d2d7c4ff77865,1,1,1.0
3e544080d5c6dddc9c12925be95c1164,d6dfecf0d36b4f41d87bec2c1d538856,1,1,1.0
a36b01718f4558db0fb8ed5dde8607e0,cb4c9c8546741b62c47dae1e1e8638fc,1,1,1.0
7014b6141883847be921f098927b239f,df29f47875551e7560d400281cc8bc85,1,1,1.0
ce8c93e92352b55f7e08766bc19cc96e,ec33754027e330ffcd8330bc62925dbe,1,1,1.0
841163588d4103f539c4a4a30474eff5,a9585b76d1dc3d478b6277d7f1bf5013,1,1,1.0
fadca717fa2b686cf8ec1b620dc2bacc,ff3c7cdd41bc2a0f7b667df7951e9e93,1,1,1.0
0be14b0c84ef1e97ae279ad1418e933b,fd2b82cf81dd79b66d1fdf331ae64a99,1,1,1.0
4c45dc3aca9b7bf66d69eaa560bbcc52,73d44418367f9efcd7069592789bd0f5,1,1,1.0
27b3bf351163c685a799c2bc22fc6ab0,ea9412f324bd34513bad100b6b6e8297,1,1,1.0
7ec5700664d6d858f20c0d108062de10,f035a89568db3ca2e3900f59a5efe62f,1,1,1.0
8e4e52c1121ceac09bb47f0cd51b4447,bec46d4f7dbf57b38055df36befed4e2,1,1,1.0
28d622f4150cf011175e8d469b74ab63,43294442ac7ceaf7baaa4e0a7c63647b,1,1,1.0
1b87409ba47ec3caa18d4b8fe303c968,b45808c7d05673483b8a0fa206141cf4,1,1,1.0
7f5bd6794737ef7e317f7c297c687ebd,b2f91567cea910545e72f203ff7f326c,1,1,1.0
2051da8c86950104ad66748a1024abb8,a4f49fedb5cc74d4d81724e84fd9ac03,1,1,1.0
0b6e816bf951b83bb07f8c97adb3c1ae,7c5138727ee96ab4508a7efdcd5c4ada,1,1,1.0
088bb403a7bf757c144df6b2b3bdd816,0a9e39dc75ece72d341303c35f37062a,1,1,1.0
1463a7565f8996c9b3bac10c3c674a8c,b349427e0a6cb4c17e82775686d0c464,1,1,1.0
285f6cab28390aa73d09933379466406,83a0ebd6bbd70127a0f79dd01c41052a,1,1,1.0
248669a947931e373ece1b933e8f519e,f56e9b265ee45f4184eed20e928bc55b,1,1,1.0
28fd13ff21ae041e65609843d3ab61f3,38dff03b64c3e9adbb2d4c610838cf5c,1,1,1.0
01029081d0cfc339576f71ab45713d10,6f6e1078dff9301f8f946b5eace8253f,1,1,1.0
3ced91b13d1d682c8b18a4a063b8060d,6629514c79eec8eab37b50223c771c7e,1,1,1.0
7a8e1b0645e380061ad930228297b7cd,fbad078fcfca26a3127967e603b94bfe,1,1,1.0
8d7d3dd45045323731351fabd2a1498d,e83d9fdb50ed6fdc507b9e5c51560fb8,1,1,1.0
040771bb467e731e2f7946b575c319be,38d09f8349a7f12fb75f41311b775cef,1,1,1.0
b47ab9a33340be8e600a66b36022eb36,ff9c5dff16d7d6bfefc2acf5088d7b90,1,1,1.0
0c9370f31e3bf20c068a9d9ada3ea903,7b3d5e9819f245927a29ccfae22ed449,1,1,1.0
d18125b8c0fcffd0da676d56fb581bee,ebbcd2a9e626bb63de5ae9bb3357d2b1,1,1,1.0
077c3df601847549b013bfa66198fd22,75015153c3f4b976fa82a0888a5d736c,1,1,1.0
1d8acbbabb9111c1a5298eedb4f9567a,b609e84c9c83295bb241da5a704bccd8,1,1,1.0
16427c57a14336e472690a09ce8748fb,5e11d92b083de2a67448f44eb9b92e65,1,1,1.0
0707757dcd8c22ace18aec1fe28f97dd,fb457a4b0139f480078e54089484b29d,1,1,1.0
63e8fedccd20496b627fed7b76f35648,e6b73803937de4962f3668d7dbe6b0b3,1,1,1.0
681709d38d95f3c3a5ee385703f89a0b,f163051a709c21d669ab7c6db86a8770,1,1,1.0
1356ed37fbb918d791b255d9a9daed07,af4d3cd0b29b208c971ff6ad78b41b79,1,1,1.0
245893d21e95542564c17f06bf854972,89325436d09d60572f85ec97270ed9a8,1,1,1.0
162ef1b14a57c9f532a3211e15e15103,548c323e148acd16a038a4c436ac3278,1,1,1.0
6d44ca47f1c510df4438031a57fe30ea,c9f234d14729af446be2fbb4cadfc2fc,1,1,1.0
74a34832eab03f8152e1e22bbbd78164,fbe3711cdd63b602f599182c306ce6a6,1,1,1.0
14436a8cae27ae2b55ad8714aeb33e49,64aa2986144af55eb30336cf4df8025b,1,1,1.0
314d498639a7a7e9b8f135a0e9d138c0,c6d6340a321277e035f1e75f47a0f5bf,1,1,1.0
31d9f06aeb3e5695e7f7f809e22ad73b,eb5301eb7c5e2cb69a7baa5909173f1c,1,1,1.0
30e4588900a8ceade11dbe60525d107e,6428c26f2ad4ac537095a9480de6322b,1,1,1.0
7dac7097370c4cf1b3f4d49108f20a87,e55846d50289cb2abc2364ca27b98b9c,1,1,1.0
46f85d17380660c2b457a30d81b7fd32,9fa091c9a55e4a6dcb8d2c009bade5c5,1,1,1.0
4db1ef0722c0e2c670108b4e6fb3c3dc,aed997dc0ad462598f1b93bfd133a803,1,1,1.0
563216a35332cb920e1fe83ba6a7dfba,a708de3930cf6fd0714768fdf59f4323,1,1,1.0
5448fb61e525231e03356fb5769b9820,73b9bca266a6abf76547ac5992d2bdf5,1,1,1.0
00b9746bf8ac2964942d8b969f015196,f77c39e3290fba21f96ee1d92824a987,1,1,1.0
7a3e8038f94725db6da2a8c6b171f880,f3b85f2d8df92eee0703bb8adf1a7dcb,1,1,1.0
6a67b4dd044dc7fb603621c5ade95338,e6ab5bc829c34bd01e24a33404aecf38,1,1,1.0
19af2c88e8c0ea187366bb5d82789df6,508700b6c732078a8cf3d09730c81336,1,1,1.0
628de0a99848d1183cf4bf262aebce70,b473037c9a5238bb73f2392b19f203ba,1,1,1.0
47a89e50eb2682031d3b9962afaeba4c,52b088042a61c6a03ba2027a6dd929cc,1,1,1.0
027873e82cba22c40763c9e44a536a38,80cf70676e5509da899a6a56057eac55,1,1,1.0
66858579ff59b434fdd5fc78302514a8,a332b2f91037ef2205e2fe0c7d9a88e9,1,1,1.0
0076a71311bb2386a353f5ba87d2aa29,4c415fb7f61fd0cd63dfafdd6bc9396f,1,1,1.0
768adebf0bad7cc2a27de839f9d8d8d2,d6fdf70f71d5b82ae601638a446bd228,1,1,1.0
76f01a48426ac77fc25f5892410c0916,ba350a4c26a696f7f0ddcf2321c43a93,1,1,1.0
65f05304c0ace4435ca500d8e26cd23e,fd371eb81854829e8eb8f13e522c0f0c,1,1,1.0
3d54e4ff73894ca933fce16491b6af27,92825da6382fc675e5be0b14da34e627,1,1,1.0
8603ccc4afbcfab372c4b04d061502f7,de434c463cc3a59a934db9be65acf3c5,1,1,1.0
465213418e5f34776c10da6c25583be5,75a2614e11d3d149c144388d6c58e3c5,1,1,1.0
11f54c0c47f45afcbaad7c215ac1fefc,349b1e7b1aa848734cb94886667aead3,1,1,1.0
557f068f9566c12d2f4f715709373ff2,c1c7ef7365d31a66657e22323a289392,1,1,1.0
03f0eaa85630490d7b8249285009ccd4,8a47d01387dc3f09ea5e467fa852b9da,1,1,1.0
3306db32ba8788609cc76d0d73075656,fe7b84f9e65da4d5243143d28509c3a8,1,1,1.0
0e62dec3ea25f74db65111c58b17591a,31293649410caf78cd0a64bfc3ff3d78,1,1,1.0
047b974b874ad791f0e3e56a13419e93,8fdf286f70c128cee33b6efcbc5346ae,1,1,1.0
5484a1006f5484e669c209696bebd72e,56c70c2138a78b7d67061a16a1995567,1,1,1.0
8a97a930c86c83b79d033300afc68fac,d88f5d844261ba522471376bd5c505e3,1,1,1.0
c5f4a17332cac9eea14c1147093298dc,d992447e02093cff2f784f9602d1f72c,1,1,1.0
61fe2788dabfd25dcb423cdf82eabf7c,d17092d3f5a13376e9c95fa77289fa8f,1,1,1.0
1edbc38ed40cb9cdd110a942942b152c,8fc1b266e54db64c474e6c7909e58dc0,1,1,1.0
7ee99f5c522d01621617d63bda047019,b3dbfe5e816d601197376c507a4fff14,1,1,1.0
61c67ca191fb209bf1313682f850123f,ca0005ae6aa017ad083bc46cd0ab452b,1,1,1.0
15b37c98751a70255537c02f031d1c8d,e45f7706f5e37da923c14f3a4bff40c6,1,1,1.0
1c14bba6eb73bb1c0ac11e2871ba1cef,22be6b0c4ec4b916766bdacf188dcdad,1,1,1.0
4b326cc8e41dce8453e87a6f4781683f,d18a98cd9d5756d646ad1e5662c97aaa,1,1,1.0
26212dbef2793994deae6798686c6c74,a725f9b4c552a95b981d51435ec1cd43,1,1,1.0
aa5d1892e01f044ece40066386d02c14,d74f94b54581eed0b6675c48bf5fed5b,1,1,1.0
75e4c2f907bb7809e77f060234c93e53,e0e0944c312d5945504874411a6a5f3f,1,1,1.0
6837506190b8405bee4bda447ec4b545,fecd3f14e9003422054930ab386be8a9,1,1,1.0
ad85f34e57e670a213885286b6a6a93f,ba322200f2d0f605554c40d77dee09dd,1,1,1.0
7f73558f62320b7fcb3b8b36a5bb9bc1,d63781770530155244a211f6ad07bd34,1,1,1.0
399b2910844dab3d844e3d3625e6c2c3,941febf6c28462204f83d80e47f079ac,1,1,1.0
413ce1f9ef6d348584397f99571faccc,48c2919b486c10c9cdd3cf7593de3356,1,1,1.0
0b65eda4e79ea89a005c082b5ffa392a,5a02a917ca3283cb2728734107dc4ee1,1,1,1.0
38dc6bac2ab46dd484d3548b84d91956,c9c95b3008a12b91d3597b86d704f5d7,1,1,1.0
32ba49ee642a4d52b545acbe1c32ca50,5caf8a38bddd0d0b75d6597e98579a2a,1,1,1.0
1fc4b1301c31a5843f2a0b3600c4f208,f97efb54c489304d41f4f20206027c72,1,1,1.0
287b357d3f439f7a81acb81307e52d46,2cf5b573431ad87a5a02b287e6611b81,1,1,1.0
b4758feb40f5497529fd5b4264c4b256,b8b4ce7c4a0d8dc4b9de375ca40c3657,1,1,1.0
15da5b7c1c5f680197132096ff0ca4ee,786c7b9dfd6dff5c802b170d3859c33b,1,1,1.0
7b5476637788a97b34d40c0aeaa1a98b,e603eedffffb8727efe1100bb564594b,1,1,1.0
6341d3fbce8289e47b4e1261026dfbd1,6fe69613d4ae0c2ac095630159500bd2,1,1,1.0
67d0c6bd30387f7d14aadae0d0beee4a,c849085aa9f5d4af92baaa56a112d686,1,1,1.0
0d7e4240a925c32ecec1ae02ec6afd4d,aa682fe324897a3a7e73bf2591ffc4ba,1,1,1.0
2b49dc8a86aeda422b28771b77432d1e,e2f3d2f1536b4b6917e6acfa7d50dd1d,1,1,1.0
45b98d22391bfd262db44b1c4085f76f,9ba6f0967ff9aede8d95fba7c2ac54ef,1,1,1.0
39156c5681509661e8f8b87724c29ddc,628c234d67acf8b53909eb2071bac63d,1,1,1.0
8cec3ca20d5d56eeb3587b4411cfbe0e,cb2f7536c5a771fe4855342a6a488298,1,1,1.0
74cb21ed97707645fbb69231f30a55ba,90055272cfcd6e5513388ee9d98e8da8,1,1,1.0
112960428d6d9b1b4a5fc26c1d87ebe7,ea2da7e0fb364b67989d4b8b214821dc,1,1,1.0
29dad0eb8559052a518ad4062c17eaee,9d76aaca6dc4b936615ca296c7287a68,1,1,1.0
6d35c6b2d82893a68275a4a40c7bb4ea,9d76aaca6dc4b936615ca296c7287a68,1,1,1.0
22767c6709304dff7c3810b370a46392,9d776cc4281d18b0934823fe051cf93b,1,1,1.0
0ebafc630782e0a970a68e9fa8d74995,69a08833720febf10dd53b86e97b054a,1,1,1.0
12d20cdd868f3abd1c95a1c75056577d,285e92182b75afe3123897ecaf02f253,1,1,1.0
9fd78e7df3488fd8e24ccc627acc38ef,b43912d010fe62d7f48ee84a48fbd88d,1,1,1.0
b4d6e1b900d99b52e901860bc1f44e35,fdf7b49f4bedd8101fbc65d180c1fa48,1,1,1.0
413217b7e5821c7a83eb60dc03a09045,b4a1ba54e32a9a5e5face32a2680a246,1,1,1.0
14c83411956a1c3ea720e5309b5e161c,e3fea38d149f20b12c98a35ad47df5e4,1,1,1.0
065cdd031a7020e43fd91cd421549f5e,881a0a4ed61e14e4c9c138f2a1517620,1,1,1.0
457f4bcf13d375648bffd8d4d0a6559d,df3ef9aa2e4ef25b89f994dc65c0954c,1,1,1.0
2d492d6891a7147e2d2bd5af668190d7,3ef6f3712c0d045d9546a3cbcb7d65d3,1,1,1.0
05ca8458d5b3e8ca4098650e24802536,646eafef9bed5f141e7045a91eea9f28,1,1,1.0
cac09ddcf7c52f058e671a4501d01913,e73b3490f2efb49a82af5341c7261e68,1,1,1.0
09b8764214c6d69d7b1bccf9148f335a,18f606b7f084a2dc9cc7578b1c1a0d25,1,1,1.0
baa50cf818db1f162213ee500abfa17a,ed65f711b1a15f017f5b5bb939ba1763,1,1,1.0
a69a4609fa836e9b699d1be232d5e327,e82106c32ee88c7e107c6fb5dc8316aa,1,1,1.0
66350a169302276ecc95167365b44a54,aea223346a5f80ca5f8c6f5a1a4e5e78,1,1,1.0
846601fa8d96ad187eba1cda69816c85,e634ac680766d7eb343a20755e56fdfb,1,1,1.0
5ae6c7d1dc6aa72f1bf84b17ef93bb4e,f3721d5f2726f98eecd6f6545705ed68,1,1,1.0
1d39fffe45f1e98365e6bf6a2bf16dcc,7cd0ec44d3c020fa2f62379fd2b9e1ee,1,1,1.0
5a2f563b9306c695e8f4c06ae6355a4b,d00e958d2e4f52203dcfb1d1a0e16400,1,1,1.0
c1064cacd1347c63effc6657998eac58,c5c01882ea07c96a3647823205ae7187,1,1,1.0
513a4ee43b161e9e565bf1831cc705f0,e1c812ea8c2d90c900a83f16cb2999b4,1,1,1.0
5dd6aac1a7d7b9d52d3ddae570301a0e,ce1ec44632999e8b0a3c638c822ac2e2,1,1,1.0
0ae906aa815502181b814a40b95068bf,2017df0974589166352f8380c4f277fa,1,1,1.0
e9c5be5403f95688feb8be84acb25a67,fe4494238d5e3ff013b1d1d238e1dd98,1,1,1.0
0dbb5af00b870407d4129d36bacb64db,3c75c0fea450b752516714cb6c8a73e6,1,1,1.0
03f36811ed7689b1b01f4ebb1dd4f145,a28722eef958f9b0f015483e01b412ba,1,1,1.0
352532fd050f1e1f1b9a26373401a367,be478db94af6a51b173d6719e3b8b828,1,1,1.0
149d5d9046eda328cfe55e73c74af638,edb53645188ed5f0632456398f018f9b,1,1,1.0
61b1e7f9316e833654768a4c8cba3625,f910d9ee385410dd7ddee012b67b7b8e,1,1,1.0
cecd5e9d39fddb69384c1c31bdfac666,e2c0903ead42744212e5dbf0a80a526d,1,1,1.0
34aca7c363ce095f7be0b09d7924f21b,823e768b373b1acb9edf618e67bb0145,1,1,1.0
1ca847a7ae5278f0a785fbaf9ed50cfd,4dbdde6e1e0a6931a1872f33d61b541d,1,1,1.0
201ec4a0f262452dc44970d371ce94e0,88d428f489b7fc4cc8341de4ca80f584,1,1,1.0
4fb2e7406e0e99946ce171d6d7350e1f,af4f362d3cae91d1a5471d4fd50dd966,1,1,1.0
22843e20c0f3db36fd1128f134b707f0,628d8a3c4610611e98c8ed5a7bc3908a,1,1,1.0
0946f9ca02e66f519a1cfd229d9d2d71,12a277ab08c6560c0662d7bf05240788,1,1,1.0
737ad1c6c1a1cafd5947127918f7b745,f230d1849c8edb84787aaf2e01aa965a,1,1,1.0
ce229e58a52e45965d61d03ec8ce37dc,dca189b14967f95ca5bce343f5cb1323,1,1,1.0
9a19ee8421ad4c4beef402736ea29375,e3c96e23e1655ad37818b0948e698de2,1,1,1.0
10ec21ca9dda867eb24ecc979180d09a,35b34e59aa2f70737f40f2bdf80077fc,1,1,1.0
83ef1f252706449abbfaaaac01e61028,f487c4f7f236b97fc5dd2213ee7bbf48,1,1,1.0
b39d408a17516566a07a77bfc6cea4d4,da15d63ab4ec03312f36e0f1fa767ca6,1,1,1.0
30f69ba98fe982ccf69f32845a94fc7f,d433955af3c49f3b58cac87cc0255ae9,1,1,1.0
1dfbe9b49e39fd37c822347870ad76c9,c640422ed7d18ac6c4eb52ca8cf0f0c1,1,1,1.0
59bb10015afb7afabc67252dbbf21985,68cf21f6668d9e6d29d22e6e61ddb349,1,1,1.0
642b76584913981f1f35fcc6aaf9c634,bd4d5745fe11100678f10960866162c6,1,1,1.0
16598a26ab52b99a6790cee0542f7d3b,b349427e0a6cb4c17e82775686d0c464,1,1,1.0
f8e04b8dd5f546354db21a27ee448abd,fd132d578a03c6ce15c48149a9ccea0f,1,1,1.0
0d5ab1fc17d8e60b3ee1e8bad41aeaf6,2e668c7866b1637ff7669046a2107269,1,1,1.0
aec5d5e49b0816f47f2c8afff624ac54,f484bc3a7e26658d421563bd1c4b6a14,1,1,1.0
281033dff0cc98802f91e11f0a6e80ae,5de559765ccded9d4edfa299f460dbee,1,1,1.0
75895bb7a9969719015969d1fb7fbc78,b1dad659db292df1541fe347e43d9c79,1,1,1.0
8e580bcfc25f825e7a9b7f66ae7d4a01,adccd0ce3ecb15c3159b7615d7106800,1,1,1.0
18cee462713aba96605f7918cd72cc58,3c89a307d126ce8d0b1556f569a2f873,1,1,1.0
33a189c27c13eb6f9609976cf628bd9a,51355830b30df6fabc4fbc1dde209dbb,1,1,1.0
0962210779eb78f82bd46b065a4a9b94,0a2660145e9abe788832df0b06b2b381,1,1,1.0
568eaa9cb9e6f86c86437263c0d5ed4a,746947cbedc5e4170cd349af0204149c,1,1,1.0
3c721f9508cd151923d3c7b2c5869743,d86e3adc64f2b3144b2b069869a000d6,1,1,1.0
18492e62ff399a6263616b7b9181dd45,ad60ba535e4fa2b72c924290d6337913,1,1,1.0
156dc19fc075ed27519aae5378f84dec,cfc7eef674ef02c6f9d3ff2c7e1e8567,1,1,1.0
2df13a29cbc4da6a6ec8b0d0a63d8104,e014d8299dbdb7f7329be5e5fa637d15,1,1,1.0
385c87610d86a6d2ce2c5ed1b8be5c15,9ad4dda4f07ffe69cea5cb32bcd1d650,1,1,1.0
515dae4626f9c7b5e4c56ef3b4e868a2,b43912d010fe62d7f48ee84a48fbd88d,1,1,1.0
46c1ea568cc4972a097e0d05c2b140c6,d61d945d2030bb9dc210972100f8df96,1,1,1.0
638f94a5b338750865b41d709135d045,9cd8cab8da2c15b7ef379643caad4a01,1,1,1.0
c7ebaf88b0022b8aa6893bf62abaf74f,dca189b14967f95ca5bce343f5cb1323,1,1,1.0
60582bbe2188ff969bf71485ee29f9ad,a692e89154bf411e9abcc1061e615a50,1,1,1.0
43ac3bde45cd19678dbe76abb3a50dbf,cb07cb72673bdb344430ad1aba32d649,1,1,1.0
b08151a30ac8321a74af864d51aa27cb,f30e5372c141d9c050759c8638a81b7a,1,1,1.0
01ece9ffbb6a00db5549188bc410e878,156f46f75eb73ea44504e0e7e8957217,1,1,1.0
4738cadda5b3d09fdbfc89adde1094da,ee5284dd358132f738f01d92721a9350,1,1,1.0
27681ebc3bf88ae0bfbb1809c3b3f9c0,ccac60f32a34ddb32ec83b247c3a68c6,1,1,1.0
0522386da62578998632b218ef15b958,eb4fa3b10263ca35a6fb16d975d10708,1,1,1.0
34336d34daf6f0fc2e2a594e817d773e,f5f102cb85dc09567c0df443494dd525,1,1,1.0
f6679de1eaaa725bfb50939bccc7a2e8,fbc6a43c55d022b0705eea269e3e940d,1,1,1.0
6271a931d9d3071a8777ca5be52771a4,941e0446f268fa65036924d643522f17,1,1,1.0
73d6e559cc424b8cc61fb7a4966260ff,7e29fb107fb24c22fe3e4b4d5544495b,1,1,1.0
8f730d34613744f02c599cc33314c2f2,d251697395cddd7880318a127e8821ff,1,1,1.0
2db9428c0db436ef77b83f60655dceae,c1064cacd1347c63effc6657998eac58,1,1,1.0
3343e1766d661f269bd23a2d05d10a47,c6986fd84f75816d2db83be5bdd44bdd,1,1,1.0
4d2ecc0f7c087c8691cc36996964d417,a602194c7e625f01b748a2aa7adf7047,1,1,1.0
83d3368393e1ba417a2360e90b25906c,c04d78d81609c82ce63d5bc6043c22d8,1,1,1.0
af5c42fb895556a17adafcee7fb7ebe1,ea7bbb7c63d8f6c9077df71d99eb5015,1,1,1.0
f366a3124d2ad33fb13d2dee2bca9c73,fe969bc8faf45d5a27cb7f3dd3bd5922,1,1,1.0
50010028eb2c37dcd1e73ec2e35e9657,7bcec0a536d8bc7b820ce1174ca64683,1,1,1.0
483293828ba25e350c560f5d91507b7c,65f05304c0ace4435ca500d8e26cd23e,1,1,1.0
6a1878cd0396230b45a84e2fe8c2492b,ed42af950f2aaf3044bca36c95b10247,1,1,1.0
0e2493618c951c85d5c80e05d0c92009,fa2ddd4702364eed4dd1911ffc18e0cf,1,1,1.0
4656bcd39388089cf4b76ebbf8e05df9,bc7ff4e1a010b6fb79625a1f54b4ed4f,1,1,1.0
073a0317f213dc51964b6f8d3344c592,b49a7ef4e45b253277dc08e8b08e47b1,1,1,1.0
c336f25b0edf2e872f0210e30b729b07,d411743e96155ccf5ca3eb7efeec9ecc,1,1,1.0
5a794d8426fff5c898fada607ca62c1d,683cda1913456fb0cca302892b37a052,1,1,1.0
443228b6482c48a974f57cce036b5f58,d43d8070c7681ecb6d6915c00bd16e77,1,1,1.0
1801a172ccbf9172fa375bb6f0c9765e,f0df1b5072b713a0140e2713e9b0b5e4,1,1,1.0
761a6992de97503a8b986c93d57cc53c,d3bf1bc92a7797c8de91897bb0e0b3a4,1,1,1.0
230b7f6050862e4d39911debaa3088ef,73554a324f228b8dcce5a677f300f7a0,1,1,1.0
25044c137c37fe75371f41318164d2e3,7f3a72e8f988c6e735ba118d54f47458,1,1,1.0
69dbe3694c52cd73bcbf1bc7b0d5d3ab,9d6b6fe30f2c4bb2506c315c391d8a0b,1,1,1.0
0b2cd89a7b3c4a299f3634228f41cd2a,641bc928aacfb29e6eea8b415090965b,1,1,1.0
5206a6a64eeb54d092be68b3427f3d92,e5e9da3a61436d34efc3250a52495330,1,1,1.0
07124ebbabe334f7b0cb2e7ec78bf00f,5d98bb990ac8d6b805217a32d0e2de24,1,1,1.0
57a594afa17213a35e2a12bfd70c0b1d,956fd64080e46e8539eb82d1ed700b92,1,1,1.0
97105788859fa6c28dc251030970e14a,c7e765b6bedfd58f045cd1ca76800264,1,1,1.0
0cc75480ab6e10c2903b80436cdeb03c,d2d29ce9d7fc1b0e7415d1f35fd019b3,1,1,1.0
064dcb374e89bee36c14d918152940f2,183b6a83ba94aa13e76b09f2df8ed4de,1,1,1.0
939be622dadb186622cf34a05b469424,ee7b3e0d0693ec5f9f39edd9630a9e87,1,1,1.0
6565bec16e94ea6cf4486738d50c99a0,6bdfe930d9eef8346b551c53e41778b9,1,1,1.0
0b8cdfff31c16993664702e011f530ce,dd54dc717fbbcc67d92a15d8b2350249,1,1,1.0
71692b73230707ce0f95d8a6091c22b4,dfae4f86093ca47b98a483eaedb23667,1,1,1.0
b991b8aea12757e4417125a5eaea50c8,c16efae1edf832f8b73fd534a9b3a73c,1,1,1.0
1a5c71d38387ef391b3e820217a94134,9d71b8ede6b4a9bb3cf2f8db6d1791bc,1,1,1.0
033ba6356def942d520c9bbe24bb1d28,4458faa1e4fbc76c9042d5ded0b53244,1,1,1.0
0eab825f57b3aa46d8c63ad696bece66,ebefb707a0e21d073dfc5b0a1c90f4b8,1,1,1.0
084fda7ed25e2b249c425263a2197bc0,90e8cc3cdfc3a3b82dc8e29f71a11795,1,1,1.0
95ae2eb5fe4513a7ff440848a5595f8e,e14f209ed913d2ecadf37a9d49d35967,1,1,1.0
af07308b275d755c9edb36a90c618231,b632522ffdc2b9df6e718ed1f9193949,1,1,1.0
01ba3180d3c6e7a6e269c5a542985423,43eb0e993502bd4cbd3400a492a5444d,1,1,1.0
571b56c7c9a85b39baef2250fae008b0,9e34a80e7b253af2ba1e258996dc3be3,1,1,1.0
842179805374fa47ba9be8dc1e8363db,fb14459f7393f821170896328c3ea8e7,1,1,1.0
34bb455fd095fdf1a9964fed915c596e,4a293653a956120ef8a3ebbe945c0aa2,1,1,1.0
4b4e6199c7c6bb267b2f53dbc2f2606a,50b82eb0295bb83fb354bb684d530caf,1,1,1.0
571315d706de347005bdc7aae43c8f44,eaf18a91608237a64add515fce868243,1,1,1.0
66edbef33b6b2e190f70e849383498af,96f2e8c94cb9f68cdb24e9f2c7afbd4d,1,1,1.0
5206a6a64eeb54d092be68b3427f3d92,b69b6115798a2e61e52386ad74cf9371,1,1,1.0
2534f31b7589603de7baa645e2afe123,4f1455bdf967d9144c8f55c7b99bbdff,1,1,1.0
100bcfbf3d5a9723b51ea6b5b421e3d5,302f6c3eea8eb8ee3a365720c5593d3a,1,1,1.0
18492e62ff399a6263616b7b9181dd45,938f430a30c511a883c71999f6d01dcc,1,1,1.0
69af5b34eefd62df6f605f2effc5524a,982c96a47b0a4f79d61a4a9fa5295766,1,1,1.0
ab9da61528658c0bb842c6f3701074d5,bf3c5f89e3d26527ba21d05244ec9d86,1,1,1.0
b8d8f54f62d9cad0b9f07987d6e3c04f,f50f0b4b20ffc750f14579e235e24700,1,1,1.0
10b6d571eedd3e1bbf10521ee704dcd4,4105645a2e9d4e2452957b11df3a2a04,1,1,1.0
896ae021b16a75c0400fad89141227b2,9bad4b41b80bb43afad57032f839451e,1,1,1.0
282dc25c4d1c3ef50a85b9d2f1b23570,989d0cf1321d9c4490b36b00304f9f5c,1,1,1.0
5bdaa4b24e612053513384e8dd5fa752,e863397ca773c34a6c8d75017b5557ec,1,1,1.0
5ab9507e934f43e77e18f3b19673649f,e1e34b3fc5879f1fe7c47538ddb346b7,1,1,1.0
c63b5a8f651e04cc4b875d704ce9f0c0,e19a91277c833261a709ca05240a09ff,1,1,1.0
4d0b0542893ca521b0c8a5455d83cf0c,e94315e85e8cd829a025c96474438549,1,1,1.0
753265dd2f0f047425dade4a44d3b916,d47107318c1a09b62dcc0d84a0bcf5da,1,1,1.0
11fb960ff16af342059c00631c55fae1,3d7f8688d8a626e202baa1c149d4c2ca,1,1,1.0
69499c6c06650faebdc40c6c52baf5d9,7a4e77ecd194e8434a2ea3e1fa061bbe,1,1,1.0
6e76634fa3513f8ae8ac50b397571590,d7d49052cdf33e61ca4eb8753f810b62,1,1,1.0
23f36cda3ca02d84ca2007d39d66d104,335dca3381c46af9cefb53cf603dde07,1,1,1.0
09130bee15c653e839ae2086afcd536d,33bfe62dbb012d0593ab2d29db456b5f,1,1,1.0
0b35b0c15e108cf218f935d9bb2069a4,d3bd02174ce36b3de0d16717771061b8,1,1,1.0
9bc01a9db40726af9fdf87bacc1ff9f4,c8a01fb0f131793706dfc2388e6456cb,1,1,1.0
75370859ee53dec16c7b5650c0bb26a3,da58584470e9dbbd0696e354d98308e4,1,1,1.0
0d01df34edc7a4c5d41d64546bf3b88a,e4f070f3f5040d33b674942b4b42ef03,1,1,1.0
5f00d0a7f1275796fa78f1759fbe9b21,937ab0db6740980b6126beab34ff802f,1,1,1.0
235e55a898e37bf6757bb2c4252043bf,7808f07dd79a510af99b851f44e9c578,1,1,1.0
3a6cf3e8604476215f93fc0507517d50,89b4bdf3c35096d8da5e0c3ee606e96d,1,1,1.0
29530dc2fd5289e262b16f56ee3c9869,85c57268150ebfe427de7685cb34a418,1,1,1.0
b675073a8299843365081d2ba84239ae,ed3d6c253db48606ba5d7db9738583c8,1,1,1.0
7def89b198975f1022ab61610be8914a,941aea93899e1ce73d06e2ce13ac5f84,1,1,1.0
24ef20f64a513f7b0b0767fccb5a0ada,28441d18136bcfeb0fca3cf21c286081,1,1,1.0
7218da49ef6bca3a8d862b83e6112cf5,f1aef84cc9848a0f2618b6cee49c8628,1,1,1.0
05a993b922d6998fb0106c37dbf5f472,367804e9c1dfed544cbf1a457f88fe84,1,1,1.0
0eab82e58c1b71bfb9f2c7dd966e8cff,dadc1f595b611ccbb8a6894bd2203be2,1,1,1.0
27076f2cd1c48142f5a78a375c3ea648,ded27622921b68897221d5620b773b4f,1,1,1.0
9b9f4f4f7f821de059a96aa761b1b642,f55e47d7febeb28f40031382f1c0a0fb,1,1,1.0
0515541e3c23abc097a163f6a363304b,cc4adf86e974ab9714a4646e2c77719d,1,1,1.0
4f8602e886ab87a176e8f0a2c2e06069,dfae4f86093ca47b98a483eaedb23667,1,1,1.0
6e1ed5dfd98249d9b1a4a00736ee2d77,a3622d74e3fb06adffb4f8aed8a53175,1,1,1.0
01e8feee57ec1b6447fdd4fbea8093cb,37e0dcb4beceea1be05ba7765623f6e8,1,1,1.0
4179c54b8298fc74c7c82118169342fb,caeb1308506f1e45d3cb60c8836223b6,1,1,1.0
61405ade03a89e7298a508f27f7be4a7,96d3ddbed83f05a259892c6d31c82b04,1,1,1.0
28339c3ad912ffe9bf8f0822b586cbc1,2a22b1a4b8c2269edf28440be3513884,1,1,1.0
5e270c1fc46967d19e3216e6192a71b2,fa5a0ca5704974491058939c625caf2d,1,1,1.0
903db28e56c4f89d0909f6e8ff7c6050,eff4bfe61fd7528ff872ea9e2f430b94,1,1,1.0
5a59c21b5c231910b7ad65a00887585e,b9b4f87b1dda942a40985da54ddf40cc,1,1,1.0
23eb4dead10ccf85749603687fe9e044,ae171525746b8e60fb722fa9d1ca3f4d,1,1,1.0
a0a42c4599cce684b3537bb863608e9b,ca78fff00da17f797d47a08069bf9f64,1,1,1.0
02f1bf7b0a3e8e4f916c2584908314e7,2057c4a178808ef5a87a40c6adf2d89c,1,1,1.0
473df93bb42ae1f0f0aa38846aa3a929,b82c451731cadb4d5e275ff087ad4845,1,1,1.0
92790ab52c8eee3d0706cedd248f2293,ccb89ab59ba8eec8518110077868630a,1,1,1.0
2ada850dbe866246a92524d882e166d5,416f8cebc9e3455b81aed90642f926ad,1,1,1.0
914109f0341b3d9ef93293a76c1fb5c2,e2e1d2b0324aa367dfed25c3f8ea0181,1,1,1.0
4b27ed5216cc91caca981846106ecd6c,ccd9fc8fd74bc87817d864a5dfc1bf1d,1,1,1.0
2efb4f2a616dc4258041f7f6930cb108,ccdf8d95f15845e3b5353a45a3223310,1,1,1.0
7f527e372d84825249a0b2719959f1a4,cf46f9bdd6f58fe079eaa193bcfde069,1,1,1.0
0b01c8348cafe94c5773566c4a55de79,3f31efa7602fbf2dd7f73fae0b1e1de3,1,1,1.0
7430c8599914c7eabc07887a6edc1c6a,e39096b0a0bca1eac3defc8e9c006bc6,1,1,1.0
9d64ff550414d35764c482f4af05fa97,b23300d8a38e47cd4f2d402c06879337,1,1,1.0
378e91b66e2b6772c44b18b507013bda,f911728544b289f40fd54eb9ea883c17,1,1,1.0
22c06071db2334723b044af55873ee8b,73d3e8ba63077e245477762334c49f69,1,1,1.0
601939a99fb9b09770238774701505aa,9bedaa421783554848ab968c22aa6dfe,1,1,1.0
683aa0a880c1e5b4fe2aa8ca8b6eafd2,edf55e0391148600e839275491f147e5,1,1,1.0
117eca580ab43e2f12b571f6d0177c37,41f6e1b035458d4e908ad2afdb7006cd,1,1,1.0
58920cd5aa8f69847b28e7442950b490,8d8abfd0d01a9c667c0820bb8c9185a8,1,1,1.0
53a060ac09d8a2133c6787822e77e878,b0624ccec0f906043fed265889e219c6,1,1,1.0
0e886f63fb3e1d3a7c0a56bbab8724c7,319056cad681ba36a9239cfa38197476,1,1,1.0
f978e2ab493a24c277e20268587b5667,fad2e77bba064ef0e420aae76fb3eea1,1,1,1.0
3bedaf584bf745369453ac59a1d74471,fd3a13c97274ff36f612acbb8e7a899d,1,1,1.0
96608443191b8d6ed17cb64b5a654130,fe620e8f77c9a99d0f38a1809f785674,1,1,1.0
11a8eddbf65116648831aa5a01944c0d,d64124211a931f7437678cc41827433a,1,1,1.0
611110d26326c28456ebe437516be00e,e86c8c3deb1931319cacce610efc4514,1,1,1.0
427f7005ef94773154b340a84b7d7b28,5acc3d4ea12ad284f183aeaa5b451ca1,1,1,1.0
21cdfc6b2c123f648c56fc6080a929fb,24f12460aad399ba18f4ed2c2fbab65d,1,1,1.0
682481aebd97c85d06685e97baae8dbd,7dbbdc93804b04b7ca7f210269ae253f,1,1,1.0
0bc6002351839a82bf3c501e1ea807df,dba4ad448aa28c20665f6e71ec2a54e0,1,1,1.0
8bd394096fe3c0b6536a35812de0f403,d032916d94b1b93cd871fe9e460bf5dd,1,1,1.0
886231f9e0d45b30b9e47c89a79c96a9,887dd8e4d0dbf831071853d2b8ff5085,1,1,1.0
c89b42500fc74b028d6f5ccdfb3d5358,d05658f0f527a8dfcaaa935a160a5094,1,1,1.0
0661e01d452f82266d0d2ad2ab668575,642743aa0d9d33f81bf931f8fd0fc5da,1,1,1.0
cc91e994f48d1b16c6264a3eb44a289c,e8a7165667b5a473e0b04dae68d6b88d,1,1,1.0
1fa79d6381da23d912745ebed94c8c8c,4a05472a1d855148086a3b3fc98c3331,1,1,1.0
5795e538c1a8e59459690ec5b94e02a8,e9620047052f3edb9a429db5b04df663,1,1,1.0
4254cd9b3e19107a1ba6e8a1e37fde51,b3522f97987b835cbcdd223d13dcdbfc,1,1,1.0
30266c20fb8cbf8c5c1b90c76e9c97ba,4de3fcaf5977408cc3a1bc3e24a16a48,1,1,1.0
68e2089947c998d87d7fdfd5a05139c8,8d384d9d49defe554f47b8186a206803,1,1,1.0
75015153c3f4b976fa82a0888a5d736c,b778721e39088e17ff825a3f74946398,1,1,1.0
55488f8b90d7ef22a2ef74042a94685a,90a8e532133d8d1bb8a49c3ea08aaff6,1,1,1.0
1232eef6ba76894ccd8e537f4a1232ea,462bb3bbbb472504944511257137ebc8,1,1,1.0
17f23261be013c223ae00f9e781738ad,e10193dae6c90d2807b69286e1207208,1,1,1.0
0e886f63fb3e1d3a7c0a56bbab8724c7,a112679f7d5389c219d7a51b60f12f18,1,1,1.0
58bfa8233987cdb7b475f1ac752a7457,cf8a1d0bac2b301015b7fe124fb8869c,1,1,1.0
2086099057e5976dfba3aad20713eac0,cee506c9d151dd5cf62c8f49be451f79,1,1,1.0
9bd5b3ebc783033a18f5ca69ec2727c3,fc39ab48d908b061e6ea3b4305b449ba,1,1,1.0
d92038d76dfe78418e9256a0a078c779,f9ddad97b1a41864dbf8b1dc6bcc028f,1,1,1.0
14cd2a6afa543e633f7ef344caafbc9c,37b037bf83ac298b4fd1d8c2e96b7f26,1,1,1.0
505a52dc3538dbb611c1ed24e122fe39,711f2abc1f74c977b64fb9320ff5bc64,1,1,1.0
4e4033522a311e3660bb42addf44398b,4edc8b814260113b58134ee968726c5a,1,1,1.0
1f13a9716fb2039f8df0a0dfd8bac2f8,82746368fb04a9a9cc401ff05daac352,1,1,1.0
2e13c90cdd0e5094fc95150ec182b653,afdf6bba7bebb1b304027a7d34c3a529,1,1,1.0
94bc9e8dc873485f4b5bf6c9dc43244e,c0b7acc5eca6fff3c2b366f5a62493e4,1,1,1.0
5153f64d5869cba5f29fee9d9c59da5b,bd37ac6e186acf56280b2fc1437bb981,1,1,1.0
10b6d571eedd3e1bbf10521ee704dcd4,dd404d81b12247da9794cf3fb53d36ba,1,1,1.0
254715d2d4fcd2f53617fa21ef13a78c,58b0b4757ff906f793b80dfeaa1d757f,1,1,1.0
91a3e33161ed95452fcd6fbd08472c69,ef66a7ecc4470c581d1380081e1182eb,1,1,1.0
5818716896e61882c80b6044380c0795,5aabf2f00c4169c998bd00b0c1eff66f,1,1,1.0
29cb4ca9a844232c64824880be302e63,50010028eb2c37dcd1e73ec2e35e9657,1,1,1.0
ae8abb9981b8449c12f0d4fbb907f07b,afb873280d37423f946c4596fc7489d9,1,1,1.0
133de684f8775f46c3cc3972be77bb73,2323ee19bc3910dcf3b901dde33754de,1,1,1.0
ca35862a040737de9c3ecd4ce1066915,fe685949aae1ed273aa2e3d7cb0679e1,1,1,1.0
a1ff94cf446464cb8e9f3b5b60309eeb,c0ba4d398c1d01060e39dddd27c92388,1,1,1.0
88c56828a05311d7ac1acfb9ed53330e,bd2ccc4622de58e02bba5a271aec30a3,1,1,1.0
0645628d52f5d19300ea0a33accdf4f4,61d0ba79e1031b0d52da6e1cf82b9f5b,1,1,1.0
150dd0f368e2d3bfe8eef9cbe050e475,cd694ea528e48cabceeded7137cca7b2,1,1,1.0
8c8fccc50566baaed602e3775d9d5665,d069adce83b62df420ac19008ffc57a7,1,1,1.0
26ffa3cfe15b987b017872a163c38118,31b051671d995456a35b106e22c19ba0,1,1,1.0
86cf5a0ec4232cd20f7a05bf4d33e0e2,c70365c08f0b403c20a4a794cfd69c0e,1,1,1.0
c3d7d8bced9013dbfb195f885a435538,ce51a7ea213b184867d70e82ec869fc9,1,1,1.0
ba7a1b9e31b148e55b016a0c1ffc60b8,d9f4657291c35c601cbb4b026b9e89cb,1,1,1.0
c94a4fd71d10049438367c2a3f6b695a,db29ffc97121074b3434b6c2b8f5bb10,1,1,1.0
3a3b3079c481f75342ad194a36272e89,715f90d43334e54a29bb233e7687f65c,1,1,1.0
3fe9c4f303300029e31d5f92d8228075,dba41c3fd8f8d02f2586216bb9637595,1,1,1.0
34babc28e63a02e3909092453a8b75e6,401fabffd89807919df5e20ae723b249,1,1,1.0
0d322d78465c69d36cc9bc14ac869900,900b3773912895699f6bc54cf62bdfc9,1,1,1.0
a0488912f3470a18b4c5c5dea18730df,f0a874e42a1c98936d03cccfca6dbf2c,1,1,1.0
583fb3ee33cf172db8eedc575ad88d0a,9c919ff3a7af6da6d8188fc85c9a0e66,1,1,1.0
077a370284eea3452bb0ff82082da8f8,3702a031c0facbc9afe8ae0c7b7f52bf,1,1,1.0
424aa60d4261d5f42316c3c8e761b454,a4fa4a8bd22ffcc2651264212eac9f39,1,1,1.0
9ad4dda4f07ffe69cea5cb32bcd1d650,f8843ee8151578cf0f7f2679ea859023,1,1,1.0
7ed0ea20347f67fe61d1c99fdf8556ae,cf7fc0d217ee5b7273e604a6c34fe163,1,1,1.0
9dd10d285fcd99dcd56a053b94730014,afdf6bba7bebb1b304027a7d34c3a529,1,1,1.0
2651a8c53300ca8a4eb04de1ae64ea93,65037427c770e4cfac3181e3ab9cf5ff,1,1,1.0
4330a0ccfb4285690a46b1e9fe2a0994,f48786e8f17bab5cef0c96e0ef818d39,1,1,1.0
85c57268150ebfe427de7685cb34a418,c229a48608c20646daf2f81656093fb5,1,1,1.0
854a44ab9b7ec8fb28c539c51ae16725,e2339b9187e90ab591f7b72af7dfba7f,1,1,1.0
4d11e5cba5b16d8c82107100b84f2692,cbaed4b35cd01ca40c5aded2079726aa,1,1,1.0
ddbc58ddef228089df3b22d83cb69564,e9460d74f131e328cfe6d3ccd5c80600,1,1,1.0
229dbc2fc517bbcda07fe730d216de04,5992a50227b3fba205b0dc1dab14bafb,1,1,1.0
0aebe2cc596b8045b2b1c72cc64fbae9,22fca38d04dfbc312a3f14bd5b033124,1,1,1.0
3bf05893515aa9ee5cf9874f045ca0f8,c9b99fb03f3fde9b406e4cbef56421de,1,1,1.0
be31e36b5ea4c13c355fea4fb10c2d3b,edeacde884816ac5fb6b44e34d3d6bb4,1,1,1.0
6ed628057a5c2de01ff0ae9d58899352,d7a701d76d6d35d6d2a1069972c202fa,1,1,1.0
1a92c813c2da6316af4ffc3b47feb31a,39dd57f5a7f80ad335912eee5f7f0fb6,1,1,1.0
b329ed361b94aa14781944b23063b5b0,c5a2e92bbe86665e7d28cff81737e94f,1,1,1.0
77a2c31f94896641ae4b995993fc2859,a7f21962ee442ec52c91735038a19d7b,1,1,1.0
17dcaba39e80eb77da026dc03b3b2428,9997c7b595acef85ab62bd4edfbbf1b9,1,1,1.0
070fc3a698468d2f25d4fc6d2b76dbaf,0d4060cd9fecd2c2dab97a161facffe0,1,1,1.0
572a488c4c5af8a6bea8bee5477b021e,69be6fb514150278c7f1cba56c328fb1,1,1,1.0
2d8898fb1310c4e23f64fc23d6760794,9c200afaf3a89243b54a6ee41d303a99,1,1,1.0
96849dcfacea8dbb9bde85ef21dc06ce,ec2121e4614c17cbad97cc243a299d17,1,1,1.0
714abd2014c63ef790590ab1e170798a,a43e1d72f4da3ef9644e0bfccd72638a,1,1,1.0
745a69575e2fedb1e6529761517b1848,afdf6bba7bebb1b304027a7d34c3a529,1,1,1.0
dbbdf30a9af9996ef9667badfb0c4aa1,e49dc4d7ea24eeec6acfeeb3a078e46c,1,1,1.0
7927a4735bdf77ccba27cd077c93603a,ffc7d48d48327cf57757436b3f4706b0,1,1,1.0
6c1dfdd76e89876fa9ea40e2dc2f7879,d132520e4b555a0f8851914fc3809fb8,1,1,1.0
c89323b04ca6093d3370c0896725e114,f64fecaabad93ae626f6dff9c13ecb86,1,1,1.0
5fff78c7fb562b662df596c504b843c1,e28f390e557bb15c8fa9f7cc4bb5b5bd,1,1,1.0
13c73fb9bc5772eebe0220f64d70550e,3bddde2431ac39f5c20ac3e69722afbb,1,1,1.0
958ac7760e5484df1496ba5833ab6117,cc3e3512bd101778a2eb0f9911df0916,1,1,1.0
3588484a539617d91500764822230fb6,a3f155488ea10fd99f93c447faab72c5,1,1,1.0
42187574c3dbef60799c8b585bc3d340,d2ae52b90d793a5db1282d7cac211d5e,1,1,1.0
aaa7c1e124b4e0c8b9244ede5725e604,ca43ef609aebce70fe17decc03912c71,1,1,1.0
be137b4379f0f1c99e46d7c5ec7a4cdb,c0d4249b0ed7f26dfe085cb501cfe42e,1,1,1.0
8fdf286f70c128cee33b6efcbc5346ae,b917a5cee4345a2e1e3c03bd55cb2f8a,1,1,1.0
21c9ca31959d08bb5455023f84951387,8ee1e34425fc54b1f87318160b378c3b,1,1,1.0
56e674dd2fe123d7ddd38e34b53163ac,e0bff7f12e80edb92eb445eea812d9d6,1,1,1.0
81655752c19d0f7fd70828ed04963622,83eb047458c1950e6622f517dd7a4ace,1,1,1.0
62b35fe1a5889cd6b3e90874d1b4a74c,e0569618ad75b79f0567f4228f7dfd53,1,1,1.0
09b574d99c2a1693f03cf6f049bb4979,c5877771ec620bea58cd167a3ddc1adc,1,1,1.0
66f271f1fcea9468fbaa6aaf5f78bb73,fd6eb716d0311b7a80e1256a0cf1804d,1,1,1.0
a20e19f70cf92ad5bf8e1339d5ae9316,f5777a52ffe0bd4889e875c9d5164924,1,1,1.0
97d61292cc16e9d8ca260597a89bd70a,be9b53a0fdc764c7362bb9f8414090f0,1,1,1.0
805f4b6e9ce80113e9e5cfbefa9577e3,a4f7b546acc92f8e5e965504663631e4,1,1,1.0
012510db7f0db8481f8a3708400c8db9,187054c1f1bc3f61d559f9e62c9e3ac3,1,1,1.0
39dd57f5a7f80ad335912eee5f7f0fb6,6ff00585ae91138291404c98355b620b,1,1,1.0
0d539aded20d17f5f93a3fa8e01dcc4c,90b3f19a7060f7e29ab16675b106230d,1,1,1.0
aca8826c7aa9457ef6cb24e3183b1af2,acce12c65412d17f3767b859db9f0b79,1,1,1.0
65f813f6217ac8589a850c6125ae3e3f,7e6d5d468dee1bdb289c8b85f7e839c0,1,1,1.0
cad384bdef73691346b5e3ebfd1815bf,d76054856da7df9a8b71a9f4ac9ddcbe,1,1,1.0
681ee02113c8b572d0318265d7e8f92b,a440ac198e3e7e955a1e99fa738b81d1,1,1,1.0
254715d2d4fcd2f53617fa21ef13a78c,d3285f44137360acb86b886cf4624218,1,1,1.0
0933b4e8c35afe40e5d434a897cfed9d,11e34afed2f0357f6c4d5220228cd167,1,1,1.0
76065efefed5933122d76cfc88e49cdc,87cb6f9be6c56d669ec568ee36d1d4cc,1,1,1.0
2a11aff1149cd4eb6f3999a463681338,6a6361be1587ba109cfb5e6d98cbb423,1,1,1.0
92ebe191297a15dbd82c79561d5e1bdc,aedd0e969af3fb535f93983a178a69cf,1,1,1.0
4228698496d1d0ab56a9da4ed5658ead,89e8ba4f8c29e30e006f92530ec33caa,1,1,1.0
44bb109ed74da8a1651f3e8886eb56e5,ede1f1d3e3e1ffad65670d87556c74c4,1,1,1.0
19bd193c8dd83aa9909132f0df55aa48,577e68c396255b3246726f152b6a1555,1,1,1.0
4bdd7b3cc717a2795b90f2529cfe6f43,8b785457f8ad52f2448fbb4933797d2c,1,1,1.0
07292d06afd6c45ff8de56079ef4cfdc,417bad2a750c8f7149b42cf699adc0d4,1,1,1.0
28e2041c0f17e12da80a0146305c9259,8e5a8d9363eb6296154b65750c8702ca,1,1,1.0
73a113b50df6270fdbb9526234129915,d8ced4cd1ff2795a11925d0abd30e4c6,1,1,1.0
041896d54e67bbb4bd79d31bdce23a76,57c27c0f19165cea8452537e5873bdcf,1,1,1.0
6dff7831f68f155b476cbbc2123125c8,a947135df31fd3e30f495fd3bf397f52,1,1,1.0
577b248d5f425930ca27a980977bbdcf,fcb69b41524cb045cc6962a343bce5dd,1,1,1.0
8e22f5266528ca059d8cbeebee73fc52,ef90d313ee8e90d73a26e97f615f7e9d,1,1,1.0
5142b631250df02f4aadfc5d4c4b8569,77cd94f2618513f51ba0714c37ee335b,1,1,1.0
27a09991ce74f723742165ebf54c609d,c808481ae340639f3deb6ab4fb5016b7,1,1,1.0
dea2be93aff1f97cf26583b4928107b8,fd0b0f2d8971b0fa0f0a69ae49aaffe2,1,1,1.0
6be3eeecf800142c9e99fc04dcdcd2ff,dbfdebeb8620b019958e9ba80aa730c0,1,1,1.0
aa0af8553c171bf1dde4f082986e79c7,aea40de76143f4303f9df454e32e3ec1,1,1,1.0
02ce197e2c160b57561b0880cc8d9446,de244e8b1a13939a7b33c3c6e4216ead,1,1,1.0
5dee030b062b0fc8411180016c9eaadb,e3fea38d149f20b12c98a35ad47df5e4,1,1,1.0
9747d33cb9ad0285e668028d76ce7873,c5769306aa1a28d590dc144eca2a9206,1,1,1.0
4cda12819dc2b2df02ab1cdc1a0aaf0d,b47ab9a33340be8e600a66b36022eb36,1,1,1.0
9396c86fa18b6d70c0b3da2bc40bf8e1,ffb2ae2aa0951d0885d7cd9a218b0c46,1,1,1.0
211874260152edc67405ac57428cc89d,2d917a257df793930f9ee3ca7fe0fa01,1,1,1.0
439c2008fd12459f1259b8d0d733e083,803ef4dfb95c9440f4e7809eefb90f5a,1,1,1.0
0950a89e2269d0042c403550ac89a787,19ea244e9173ca0c8ae93d2831008fe7,1,1,1.0
89f846c93247a05aab54645bfe54a85e,f9b752c739b24875babd3d3207928767,1,1,1.0
0ecb7751a7060a4fa039126fd7c30323,99348d90573af76cd7c8e64fd097e6d3,1,1,1.0
52d2c4f7210ef28659735c979e991e2e,961efa774ea7c0d0a4514295647e78d5,1,1,1.0
2c49253c33437164d786eaacb7ace8af,58fa2424e2ddf35e24d45cbda2075317,1,1,1.0
0ced6426928486b4520f01ac93f4dfbe,5c8b41ba21631ca0432de4a10a56fcf1,1,1,1.0
268f67dec46731d0b3aec4305742423d,f0daa3250956b58742e72b3aa7003d33,1,1,1.0
9646af42a69659e9c6171512d63a0dc7,99ab358c4094d5837f2575583acd7ffe,1,1,1.0
2ad3e1dcf3218182586c332001db767e,5a3f5fbbab137680e842172402d2f291,1,1,1.0
15fafda46b8cabcafd80cd37a664181e,40b6c3ee38eb6409178eacffd8b99021,1,1,1.0
b0615195fe397dab0ed21b38114c8951,cef52ebf681cedda55ba6ee34e288255,1,1,1.0
43eb0e993502bd4cbd3400a492a5444d,d2b156874cac6a875ac522c1a338dae6,1,1,1.0
889fc057c77157659bdef1206d47d08c,b6da6ab100de9d85d855bb67aaa2157d,1,1,1.0
7042babc504c3f7bdc6e77ad44094c6d,94f14dd9f48daed11d3f8225afdea368,1,1,1.0
8447fb0ee2ab6850b3816682b498e25d,c740e4e1f1ea155587555c6ae3d89c76,1,1,1.0
76dd0c4744aacba27bc9e82984f9da5b,da994e8a54387cefc714c2331ee51a4a,1,1,1.0
30f332e3c2918624115cf18e5ca3bc3e,f00a9391c1d606dbbcc0dabe9adfdb9f,1,1,1.0
852668b9509110584019ebbd4d6b3e70,8813cd4bc7b8fa5dcd778bf3e35ad322,1,1,1.0
40594794ab94ef383504b759584bcb0a,8430dde1b71b7ed69c6fb3936e77157b,1,1,1.0
98278b047cb28052979c255068136405,a6871717bea370207a49a2cfb70607ad,1,1,1.0
6f669b70cf8f200feb01c8c759fdb2f1,934d5b3c394e8ecf4c1124e1b0af7e82,1,1,1.0
7995500ad11496d8d7686bf3381d3f86,cf59543e03e899957e7e6dc6c6e62619,1,1,1.0
2611f4b0d21a94052388195d93ddbfff,aa7ec8eed57b57cba3883423af243b5e,1,1,1.0
83e811b31fe3effd03a4ef8fe588469d,c33680dce5ea39d46d1f5c3f6c30a120,1,1,1.0
1a15478ddcc303eacae38ca53659ef2f,45666a9f8b96ed88d682466a8eb1f882,1,1,1.0
45167dabf29a055f7c1208a69dc95586,eb2d6e9e98ee7ae464092870e47e84bc,1,1,1.0
06affbe7eda072f42eb81be69475384e,c44f87635ee8363a53bfdd58011f72c8,1,1,1.0
5c7bf79c18e9b98a2f1fa6598d23a635,72fbc5c7218f1a65f3dd199e859766c6,1,1,1.0
095c91ade8bb45b5580606cbed55b04d,e17408e3713638b24626610417449cb7,1,1,1.0
2e8c309e3c6b45f7aa179c7db44a1986,dda1f06d101ac0fbede13f9bc6c96e61,1,1,1.0
004493e0b0a37317d25665d340c0677d,95ca2c58fa0c3425b47e477d1c7bb829,1,1,1.0
d3bd02174ce36b3de0d16717771061b8,e0569618ad75b79f0567f4228f7dfd53,1,1,1.0
9298fccf4e18c9a1cdf6c81de201198c,f64aac8b568b587bc2133ba53c8a5cfb,1,1,1.0
b88d17575498e50b2bd8228844c35309,cdb1d0f4e90e381f943374c053a64a63,1,1,1.0
39d26db6530f0ad21b671a973cb6e03f,f0f5df081d2ef2d076f5832bfbff79d6,1,1,1.0
2833606277939d24ef033ba7a4051906,97b8ceed37878640ed723315f621694e,1,1,1.0
05c400a7bfd72c61f0eff35fd338baa4,989d0cf1321d9c4490b36b00304f9f5c,1,1,1.0
7a4acd039faaf48834f7af50f57b2d75,c4152734eaadb5071714ca60a076b036,1,1,1.0
03c6dad4cdb636699af6b02c6484dec3,6ba4ed1f1e8ec7b4f60ee85996fd5016,1,1,1.0
1f54f304e60b0d852e6cb92d5a727408,55f9cc0d647cdf920b02786fd25437db,1,1,1.0
0b0bf652a00ac3369f72ed445286c666,d0ca0850700932098a90d5f7c87ededb,1,1,1.0
9c9c09ee9270bcacbcf4adec6aa1452c,d13ace1b3aba82af5400af05168ffa43,1,1,1.0
5a7491f11851f54e535df1d0ba43ba03,c9aa900b01a9ff9be1f80cb4f2819874,1,1,1.0
33d32e24685b7eb8a64f475c476af5e8,49e3dd51659577fd2fff8f09779586af,1,1,1.0
004b9b1634b7becda8eec4e96bced882,16808fb1400180e8b29e8e119e3ae318,1,1,1.0
cee506c9d151dd5cf62c8f49be451f79,d1bc91f70ded61a38888cd8255d1ecaa,1,1,1.0
3655eeed8edb6b61ad8522a4a0e60391,4b43346ed7ff395b2b0aa81c79ee72f3,1,1,1.0
0b8a48e12f6f9cb53e43685c79d5af6c,9c4b003ec162e400d0401ea3acc28395,1,1,1.0
006a8c1784d622ebe06bab57e72ee045,3cd73d6b67aa9d944d55978280201ac5,1,1,1.0
54a53b7164e4857a418b631b1ae94764,c3be65df681dead45a50a25124550c60,1,1,1.0
3184bb19ff14f1ba91c4cd36029cd238,e2dd4a4347a9ae213823c109ecd075b6,1,1,1.0
0c60bacc1a7a82067397bff2c02aee50,f8e965c33a56600fdc7fd54f0226f89d,1,1,1.0
2a7e9cd3811dc14840daf1ea5c7279e4,81f242fdcd1e2af71fe09b14aedac9e3,1,1,1.0
31d9f06aeb3e5695e7f7f809e22ad73b,ebeac8c343bd16ab31b99273d5a649ba,1,1,1.0
24561d5dff99c04231cdc4103b8e03d6,f82cb85be599c614a9665bb050d03dbb,1,1,1.0
351720d06536d374631362d8ed8835d8,7fe7f4e2d57d156e3f5e291676efd9ff,1,1,1.0
c29d9bec0bfc16f539cdec270615f31c,e1594732784d8aee7b4f689387ddaadb,1,1,1.0
067c8117bd9b4f406301921f6bcfb04e,f0871fbd96f357457ef005037dc0de96,1,1,1.0
8b8cb3fc3f7ae14192f65dff259381ee,cb20c38b0f4e21f80689d1c1aed466ac,1,1,1.0
89db8efa4b0ed567946d2bacb24c5cf4,bee34d1f763796df23e3d2d33793f143,1,1,1.0
adc12cd3362ed0181341a3042a53befc,b1d66b7707c3fb51d53d161c0658cf88,1,1,1.0
0c10bf136ae164f2b69624482f95f6fd,f3a387107a8f22296ab65aac43f372fe,1,1,1.0
04494699b5b9e8c7b9ada78bc5af429e,9128b404325e64a95b31473e17cccfde,1,1,1.0
188e8f08287e3c78f08db012795abe53,8631dc0d778a550f06636525e6170b5c,1,1,1.0
558df3ec109ed75cbbde14f3e7620d1e,e123fe2abd55f12e7a6995c4c9a1eae0,1,1,1.0
15519876b62cfc50b46f347b895284ea,b10723950eded5863a72724f1c96bfad,1,1,1.0
0520a11c7af8a73b703f1d2e722c7c8a,e5aa04843f2158edb8106833cb835f6f,1,1,1.0
64236f75547fa285c81d0fd448464ae8,dc3986d8bd2609353c09c9c629809ec0,1,1,1.0
63af55307fe5360d1005f03999b261e7,9de380b98eab26d0b6241492835809db,1,1,1.0
75f602b2ea0410471acb7762aa119865,ede36f460a23399b0ea210c1be846469,1,1,1.0
5f7960decfccb628cea4c3f2c4c7c370,e2cedf73b720c0d8e02063c3c9e32cec,1,1,1.0
cce3432f546c60893bd2ad7a2001148a,eca4ebbc1af6f6bfd046197c30560edc,1,1,1.0
57d18bc844672c5fbe879446bc1bb0c9,f484741ee1c9d74f29926046ff2635a4,1,1,1.0
b523bbcb047483480ac0ac7ea454efb4,b7d7b6cdeefc2fe237759cfedd2bdb5a,1,1,1.0
a041d8d6e9d59f65f9c042ef630c2193,f6de77c584d2e34e34dd92fb5ccdce42,1,1,1.0
2b1c17f524720a484f86dcb7d454edef,5f439c10be261b762af976221efcdbd1,1,1,1.0
215f259930550e6cf391072c5dd72cc2,a60896ee4449908b09333a08c2113604,1,1,1.0
2de0cdf63748170f29175fb45c24e5be,33fe3258191eb8d23fcbd966967dffa0,1,1,1.0
7c8969c14be384aaf4b5d7dde49586d2,ac5e46d1db5f0fa318760ab53ed8147d,1,1,1.0
4bdd6c2e39de4e9ce960ea90eea5ced2,a65744d56287db1bb21542c3e199da64,1,1,1.0
6495c356940c4916d758fbf139fe01bc,8f4daadbfba1cdf126d0aff2e9e6a42d,1,1,1.0
66f545356c968f0aea66107cd8c2da7f,a5ce731d4481dd58d0bb8335e72142e4,1,1,1.0
5b74d241fd9d33618a011bafe4bda914,eb782df20628d67514f5cb60737a7317,1,1,1.0
2c613e1daa937ba2dda45140c410f48f,62fe3c4ffefb1c3462cb546598df78f8,1,1,1.0
846faea83a00b2cf670d94cf9df84e70,e1095e7068a10b429a780484faace57a,1,1,1.0
6664c325d22c0254b031ad0340d05c98,b5cc879f8bbf1de1a7ca34e4f3052c2d,1,1,1.0
43ef5e7ad5bc8a0e4d8e166b74f34311,d10c8bcb70ed8f8b0adebd5feb385167,1,1,1.0
3a2835415d2044aacd694c63bf31e5e8,da7aed2e8fe57799e72ab172e4956aaf,1,1,1.0
3810fe053ea528465ac26e6b9027d3b5,fbaa308077169325fe1bcd0b05094984,1,1,1.0
5b637c1ad2db159d4355c5a87fcb7037,eae7ab2fc38ab94abc121aebb9185059,1,1,1.0
b9873a15933c3393da2738f39e42430f,d268084c48a453e8a5daa566ceb9c5ac,1,1,1.0
910d2e9313f82eed22f701192a75f4fe,ebefb707a0e21d073dfc5b0a1c90f4b8,1,1,1.0
e2d7f534cc0ecd215219ee87abf8c401,ee8af3c20dbad9ff44860cd78ea8056d,1,1,1.0
66edbef33b6b2e190f70e849383498af,aa7fd117350d1c36b9614a12fec95d42,1,1,1.0
ea9a21280b28a0963af5d9b58e6df422,ec50dee730590325a5d4e83574cfb67a,1,1,1.0
7cd07164e3693dd38f4cd09fc3872682,f5016f52227bede6734fdb32eed47df9,1,1,1.0
2c05a841a597accea422384774e2e1dc,d8d59c48747107e1fe5f9738a1e3cbe7,1,1,1.0
10c6c8cb0586f9809642b6c8435f1cdc,a426efac328ac4dd7e1b94fdf72e0d33,1,1,1.0
169a07ccf594d9e1ef046a387c02b017,f86370dc13be4e8958cb036b628afbcc,1,1,1.0
9d92c9e7325cbadab39042d4a60c7d9d,fc06bc49c99d65a0828a32b606dcd059,1,1,1.0
51703e2a478cb9ae227d55d2b4f823e4,65b5d23882e2bae83a96fec6a722bef2,1,1,1.0
14bb46fd695776fae3ba087fc3fdf747,2b65f0a312702ec70ef4b8def9aba881,1,1,1.0
4d0bd25308e9d7d0a301223f3d814f85,c434d58759026b0620ae7f5b73ee7125,1,1,1.0
ec462378011c63f79ec53a2365d8e71b,f1fec367875f7aba0cc0264f7834a125,1,1,1.0
b50d00b47e3aeaf4ebad0b840921bc3a,df18b55cc16528b438bed221135c2dd5,1,1,1.0
1e6f0994c009e61f06c1ee96f53f09c9,aca1aef6f605cadc149aaccefd3764b5,1,1,1.0
07f4d82acd0d57d83ddeabecb75a7358,27c45e0dd1230d84a9120d0e70c730fa,1,1,1.0
7081f7059c75b27b956c0bf5d9d17dbf,f7b223e244004385231a6e4db45a06a9,1,1,1.0
bf334eb0f64130d3385bbb4f0a8b605b,e855df677dcf0d237ed583793afd7988,1,1,1.0
ceacc242acd679abeeaa2353b76b99de,fca35a08a91d4a9254cc99889fc3d9c5,1,1,1.0
46f85d17380660c2b457a30d81b7fd32,cb4524748ffab8550887a6616f2d3987,1,1,1.0
11b9fa71acc25f3289034019031d2c8e,1d2e1d611b6f49dda7adc03a1a061d9c,1,1,1.0
168c90019770751ff7b9961c6322359d,9db8efc345bb3ff630987b7832217621,1,1,1.0
6d8e47a5e97b99f938dacf7b0849fae4,d5144ba3b5b50abd45f36861e26386c7,1,1,1.0
615d4fe06218d253ab6491129fbcd1c7,76b101afb403899789408bdc8c2ca8c5,1,1,1.0
a14097347c4af120bca0ec1c6c7d5577,f0e05d7d6a629ce2768fc7d923ee70b2,1,1,1.0
0c36894e9ca2d9547bba676fdc0ecde0,d2f1ad53e53b29a9906a40230b04177d,1,1,1.0
204cba313368c5a47c2fc7856eb8a499,6bc8adc69b9e5eecd65133b9824e3f96,1,1,1.0
a23108f756b3895fb5e3b45df2148ddb,b31a94a325327a6510959097a43bd82e,1,1,1.0
71d7cd1b63e808d874ba4ee63b3e6c15,c4a7383de0a165092b86ba87260441df,1,1,1.0
33fe3258191eb8d23fcbd966967dffa0,c0488ece146b98c1fc2a0a11d49ec7ad,1,1,1.0
14650aba2993d5db931ecd1ff160714a,19c476e5937deb6adc3240137af8f786,1,1,1.0
420c4554d7c1260a97fd104f863a616d,80c9360aabd15ede059a81021be4ee54,1,1,1.0
1e728b530adb1a64bd4e2a3f728e65e5,3f33e7e7a4f7ee0ccf8fe97631476ee1,1,1,1.0
7f2a3dc84179df69e42a45f5a9a7d6b1,9b91415af0046040b56ef137c2153afb,1,1,1.0
69dbe3694c52cd73bcbf1bc7b0d5d3ab,b0615195fe397dab0ed21b38114c8951,1,1,1.0
2ad9d7ea5f6b4315a58c9f2fb19b5621,f22a63258658c4def04d2fce3bbd68ff,1,1,1.0
49342c395ab145b1716b1dc861c090f2,c53edeb2e2a484e91379c8bec3b5a2a3,1,1,1.0
43d4072317c6d385b49969a308e7d562,5a1a6144e1b36d1233f3d83504ec130c,1,1,1.0
63d321f7ef64c3ba08f4e9b581a12aff,8bb00f6a4b2bf731dc04d1af4cfccf1e,1,1,1.0
1ceb9c968e15e145690dafb05086da94,ff11d3fea0c002ef421b75fbfb7b81b6,1,1,1.0
6dc86e0006805cef06e23866562f1ff1,f55e47d7febeb28f40031382f1c0a0fb,1,1,1.0
abf6d955a4d49c5816aa0ec96d17a2d6,edc9873039c3986b086a6fa6953bcf27,1,1,1.0
0dc1fdfbb056ae8f79c53bfe3f2bb173,3878891365ec843f9e85f0b4326b5158,1,1,1.0
1cd7859ede65dc6f37a4aa9fcc0b5d75,4a686645041b9b707c2670d4ba1d1128,1,1,1.0
84e9e78c7a4d3df5b38c9bc54cc523e1,892f1a836d79ccc8b37ba514e0f215a3,1,1,1.0
4b92d79a2c7ff2692db35ae984ceff1f,bff0087571cd56beb088fbc9f7ae22e4,1,1,1.0
e484e25cbc2f6b1d6fdd1c22128805ae,ebd383b2bba7c0ee97a636f11c3ed146,1,1,1.0
49e3e9dc817816bd15d0039ec2cdc6a2,4cb8ab984211f361682cebe848952356,1,1,1.0
38d09f8349a7f12fb75f41311b775cef,926f9c9e0109058c3c2a7d14b7409c2f,1,1,1.0
185dee501a0c28b9c799ff72a3e527c7,b536eee7736f03097b7ade6203f1cf9b,1,1,1.0
1a6a081b4672e22ac8a9c93f0583a87c,71d25baac4c904dce622317c461139ae,1,1,1.0
917aaf420bc9836da7af3ea67743c3b2,d0d416547ab8413475de3b35cfe92bee,1,1,1.0
9b114e7b5728a746f4625c09de2b8bc5,e927c84f4df4da16a912d38be0b63da4,1,1,1.0
aaaad2db83691c610e6b327d361be375,e1b383ff6929672be549b1196972fc0d,1,1,1.0
3bbc2cf672d1657ccd9d89c10b5a9feb,c2038b4d8b01ceb6b509e4fc35c543bd,1,1,1.0
2a48860e7a8aa50f094a56b5debe3d6f,c7770d8b16c2c8d608209bd7df488678,1,1,1.0
54542a226570cfc79a4a2c1930105e1c,83e811b31fe3effd03a4ef8fe588469d,1,1,1.0
4ea84245bb51d89f7ea345cf74de259f,bfe888248ff4f760ad25728a3c1a14cb,1,1,1.0
